selection_index	primary_class_id	primary_class	class_ids	classes	source_kind	source_partition	source_image	dataset_image	calibration_hardlink	label_path	box_count	short_side_640	tilt_deg	size_quartile	angle_bin
0	0	blue	0	blue	ccpd2019	ccpd_base	D:\Yolo_LPR_RK3568_FPGA_Project\1_PC_Training\datasets\CCPD2019\ccpd_base\00382183908046-87_91-392&501_491&548-484&539_392&557_394&517_486&499-0_0_9_32_32_31_9-95-26.jpg	D:\Yolo_LPR_RK3568_FPGA_Project\1_PC_Training\datasets\yolo_obb_640\images\train\ccpd2019_ccpd_base_00382183908046-87_91-392&501_491&548-484&539_392&557_394&517_486&499-0_0_9_32_32_31_9-95-26.jpg	D:\Yolo_LPR_RK3568_FPGA_Project\2_Model_Conversion_PC_Simulation\yolov8_obb\model\obb_quant_dataset_800\quant_0000.jpg	D:\Yolo_LPR_RK3568_FPGA_Project\1_PC_Training\datasets\yolo_obb_640\labels\train\ccpd2019_ccpd_base_00382183908046-87_91-392&501_491&548-484&539_392&557_394&517_486&499-0_0_9_32_32_31_9-95-26.txt	1	22.096054	11.070712	1	5-15
1	0	blue	0	blue	ccpd2019	ccpd_base	D:\Yolo_LPR_RK3568_FPGA_Project\1_PC_Training\datasets\CCPD2019\ccpd_base\00555555555555-92_85-306&395_436&448-426&447_309&433_314&390_431&404-0_10_32_33_30_27_26-101-12.jpg	D:\Yolo_LPR_RK3568_FPGA_Project\1_PC_Training\datasets\yolo_obb_640\images\train\ccpd2019_ccpd_base_00555555555555-92_85-306&395_436&448-426&447_309&433_314&390_431&404-0_10_32_33_30_27_26-101-12.jpg	D:\Yolo_LPR_RK3568_FPGA_Project\2_Model_Conversion_PC_Simulation\yolov8_obb\model\obb_quant_dataset_800\quant_0001.jpg	D:\Yolo_LPR_RK3568_FPGA_Project\1_PC_Training\datasets\yolo_obb_640\labels\train\ccpd2019_ccpd_base_00555555555555-92_85-306&395_436&448-426&447_309&433_314&390_431&404-0_10_32_33_30_27_26-101-12.txt	1	23.883986	6.823482	1	5-15
2	0	blue	0	blue	ccpd2019	ccpd_base	D:\Yolo_LPR_RK3568_FPGA_Project\1_PC_Training\datasets\CCPD2019\ccpd_base\00568965517241-92_79-469&436_607&486-601&489_473&480_474&439_602&448-0_0_26_27_7_29_25-126-7.jpg	D:\Yolo_LPR_RK3568_FPGA_Project\1_PC_Training\datasets\yolo_obb_640\images\train\ccpd2019_ccpd_base_00568965517241-92_79-469&436_607&486-601&489_473&480_474&439_602&448-0_0_26_27_7_29_25-126-7.jpg	D:\Yolo_LPR_RK3568_FPGA_Project\2_Model_Conversion_PC_Simulation\yolov8_obb\model\obb_quant_dataset_800\quant_0002.jpg	D:\Yolo_LPR_RK3568_FPGA_Project\1_PC_Training\datasets\yolo_obb_640\labels\train\ccpd2019_ccpd_base_00568965517241-92_79-469&436_607&486-601&489_473&480_474&439_602&448-0_0_26_27_7_29_25-126-7.txt	1	22.627528	4.022181	1	0-5
3	0	blue	0	blue	ccpd2019	ccpd_base	D:\Yolo_LPR_RK3568_FPGA_Project\1_PC_Training\datasets\CCPD2019\ccpd_base\00597701149426-90_92-265&522_401&573-400&570_273&573_273&530_400&527-0_0_13_26_30_33_31-118-47.jpg	D:\Yolo_LPR_RK3568_FPGA_Project\1_PC_Training\datasets\yolo_obb_640\images\train\ccpd2019_ccpd_base_00597701149426-90_92-265&522_401&573-400&570_273&573_273&530_400&527-0_0_13_26_30_33_31-118-47.jpg	D:\Yolo_LPR_RK3568_FPGA_Project\2_Model_Conversion_PC_Simulation\yolov8_obb\model\obb_quant_dataset_800\quant_0003.jpg	D:\Yolo_LPR_RK3568_FPGA_Project\1_PC_Training\datasets\yolo_obb_640\labels\train\ccpd2019_ccpd_base_00597701149426-90_92-265&522_401&573-400&570_273&573_273&530_400&527-0_0_13_26_30_33_31-118-47.txt	1	23.724160	1.353606	1	0-5
4	0	blue	0	blue	ccpd2019	ccpd_base	D:\Yolo_LPR_RK3568_FPGA_Project\1_PC_Training\datasets\CCPD2019\ccpd_base\00621048850574-90_90-303&419_450&470-451&466_305&466_306&417_452&417-0_0_12_22_26_26_32-172-11.jpg	D:\Yolo_LPR_RK3568_FPGA_Project\1_PC_Training\datasets\yolo_obb_640\images\train\ccpd2019_ccpd_base_00621048850574-90_90-303&419_450&470-451&466_305&466_306&417_452&417-0_0_12_22_26_26_32-172-11.jpg	D:\Yolo_LPR_RK3568_FPGA_Project\2_Model_Conversion_PC_Simulation\yolov8_obb\model\obb_quant_dataset_800\quant_0004.jpg	D:\Yolo_LPR_RK3568_FPGA_Project\1_PC_Training\datasets\yolo_obb_640\labels\train\ccpd2019_ccpd_base_00621048850574-90_90-303&419_450&470-451&466_305&466_306&417_452&417-0_0_12_22_26_26_32-172-11.txt	1	27.039870	0.000000	1	0-5
5	0	blue	0	blue	ccpd2019	ccpd_base	D:\Yolo_LPR_RK3568_FPGA_Project\1_PC_Training\datasets\CCPD2019\ccpd_base\00784482758621-85_94-330&450_465&523-465&502_347&516_342&469_460&455-0_0_8_5_30_31_26-107-14.jpg	D:\Yolo_LPR_RK3568_FPGA_Project\1_PC_Training\datasets\yolo_obb_640\images\train\ccpd2019_ccpd_base_00784482758621-85_94-330&450_465&523-465&502_347&516_342&469_460&455-0_0_8_5_30_31_26-107-14.jpg	D:\Yolo_LPR_RK3568_FPGA_Project\2_Model_Conversion_PC_Simulation\yolov8_obb\model\obb_quant_dataset_800\quant_0005.jpg	D:\Yolo_LPR_RK3568_FPGA_Project\1_PC_Training\datasets\yolo_obb_640\labels\train\ccpd2019_ccpd_base_00784482758621-85_94-330&450_465&523-465&502_347&516_342&469_460&455-0_0_8_5_30_31_26-107-14.txt	1	26.077821	6.766189	1	5-15
6	0	blue	0	blue	ccpd2019	ccpd_base	D:\Yolo_LPR_RK3568_FPGA_Project\1_PC_Training\datasets\CCPD2019\ccpd_base\0102969348659-90_86-232&513_431&571-436&580_234&583_233&515_435&512-0_0_31_30_0_31_31-108-19.jpg	D:\Yolo_LPR_RK3568_FPGA_Project\1_PC_Training\datasets\yolo_obb_640\images\train\ccpd2019_ccpd_base_0102969348659-90_86-232&513_431&571-436&580_234&583_233&515_435&512-0_0_31_30_0_31_31-108-19.jpg	D:\Yolo_LPR_RK3568_FPGA_Project\2_Model_Conversion_PC_Simulation\yolov8_obb\model\obb_quant_dataset_800\quant_0006.jpg	D:\Yolo_LPR_RK3568_FPGA_Project\1_PC_Training\datasets\yolo_obb_640\labels\train\ccpd2019_ccpd_base_0102969348659-90_86-232&513_431&571-436&580_234&583_233&515_435&512-0_0_31_30_0_31_31-108-19.txt	1	37.520857	0.851124	2	0-5
7	0	blue	0	blue	ccpd2019	ccpd_base	D:\Yolo_LPR_RK3568_FPGA_Project\1_PC_Training\datasets\CCPD2019\ccpd_base\0150862068966-87_87-251&370_480&439-483&430_250&448_244&374_477&356-0_0_10_23_33_24_33-138-23.jpg	D:\Yolo_LPR_RK3568_FPGA_Project\1_PC_Training\datasets\yolo_obb_640\images\train\ccpd2019_ccpd_base_0150862068966-87_87-251&370_480&439-483&430_250&448_244&374_477&356-0_0_10_23_33_24_33-138-23.jpg	D:\Yolo_LPR_RK3568_FPGA_Project\2_Model_Conversion_PC_Simulation\yolov8_obb\model\obb_quant_dataset_800\quant_0007.jpg	D:\Yolo_LPR_RK3568_FPGA_Project\1_PC_Training\datasets\yolo_obb_640\labels\train\ccpd2019_ccpd_base_0150862068966-87_87-251&370_480&439-483&430_250&448_244&374_477&356-0_0_10_23_33_24_33-138-23.txt	1	40.961493	4.417442	2	0-5
8	0	blue	0	blue	ccpd2019	ccpd_base	D:\Yolo_LPR_RK3568_FPGA_Project\1_PC_Training\datasets\CCPD2019\ccpd_base\0193163314176-93_93-282&532_529&618-521&632_269&603_278&516_530&545-0_0_30_20_30_31_33-105-43.jpg	D:\Yolo_LPR_RK3568_FPGA_Project\1_PC_Training\datasets\yolo_obb_640\images\train\ccpd2019_ccpd_base_0193163314176-93_93-282&532_529&618-521&632_269&603_278&516_530&545-0_0_30_20_30_31_33-105-43.jpg	D:\Yolo_LPR_RK3568_FPGA_Project\2_Model_Conversion_PC_Simulation\yolov8_obb\model\obb_quant_dataset_800\quant_0008.jpg	D:\Yolo_LPR_RK3568_FPGA_Project\1_PC_Training\datasets\yolo_obb_640\labels\train\ccpd2019_ccpd_base_0193163314176-93_93-282&532_529&618-521&632_269&603_278&516_530&545-0_0_30_20_30_31_33-105-43.txt	1	48.256154	6.564684	2	5-15
9	0	blue	0	blue	ccpd2019	ccpd_base	D:\Yolo_LPR_RK3568_FPGA_Project\1_PC_Training\datasets\CCPD2019\ccpd_base\0202777777778-90_90-233&459_504&548-503&549_228&552_231&458_506&455-1_0_30_24_21_26_33-177-12.jpg	D:\Yolo_LPR_RK3568_FPGA_Project\1_PC_Training\datasets\yolo_obb_640\images\train\ccpd2019_ccpd_base_0202777777778-90_90-233&459_504&548-503&549_228&552_231&458_506&455-1_0_30_24_21_26_33-177-12.jpg	D:\Yolo_LPR_RK3568_FPGA_Project\2_Model_Conversion_PC_Simulation\yolov8_obb\model\obb_quant_dataset_800\quant_0009.jpg	D:\Yolo_LPR_RK3568_FPGA_Project\1_PC_Training\datasets\yolo_obb_640\labels\train\ccpd2019_ccpd_base_0202777777778-90_90-233&459_504&548-503&549_228&552_231&458_506&455-1_0_30_24_21_26_33-177-12.txt	1	51.888157	0.625211	3	0-5
10	0	blue	0	blue	ccpd2019	ccpd_base	D:\Yolo_LPR_RK3568_FPGA_Project\1_PC_Training\datasets\CCPD2019\ccpd_base\0205196360153-95_81-375&400_603&498-603&494_383&470_374&396_594&420-0_0_26_2_31_24_27-127-65.jpg	D:\Yolo_LPR_RK3568_FPGA_Project\1_PC_Training\datasets\yolo_obb_640\images\train\ccpd2019_ccpd_base_0205196360153-95_81-375&400_603&498-603&494_383&470_374&396_594&420-0_0_26_2_31_24_27-127-65.jpg	D:\Yolo_LPR_RK3568_FPGA_Project\2_Model_Conversion_PC_Simulation\yolov8_obb\model\obb_quant_dataset_800\quant_0010.jpg	D:\Yolo_LPR_RK3568_FPGA_Project\1_PC_Training\datasets\yolo_obb_640\labels\train\ccpd2019_ccpd_base_0205196360153-95_81-375&400_603&498-603&494_383&470_374&396_594&420-0_0_26_2_31_24_27-127-65.txt	1	41.128369	6.225923	2	5-15
11	0	blue	0	blue	ccpd2019	ccpd_base	D:\Yolo_LPR_RK3568_FPGA_Project\1_PC_Training\datasets\CCPD2019\ccpd_base\0209051724138-98_75-67&461_288&573-276&570_75&534_72&454_273&490-0_0_5_7_31_27_32-81-55.jpg	D:\Yolo_LPR_RK3568_FPGA_Project\1_PC_Training\datasets\yolo_obb_640\images\train\ccpd2019_ccpd_base_0209051724138-98_75-67&461_288&573-276&570_75&534_72&454_273&490-0_0_5_7_31_27_32-81-55.jpg	D:\Yolo_LPR_RK3568_FPGA_Project\2_Model_Conversion_PC_Simulation\yolov8_obb\model\obb_quant_dataset_800\quant_0011.jpg	D:\Yolo_LPR_RK3568_FPGA_Project\1_PC_Training\datasets\yolo_obb_640\labels\train\ccpd2019_ccpd_base_0209051724138-98_75-67&461_288&573-276&570_75&534_72&454_273&490-0_0_5_7_31_27_32-81-55.txt	1	44.168614	10.154420	2	5-15
12	0	blue	0	blue	ccpd2019	ccpd_base	D:\Yolo_LPR_RK3568_FPGA_Project\1_PC_Training\datasets\CCPD2019\ccpd_base\0224137931034-106_66-320&474_518&595-533&613_327&537_306&453_512&529-0_0_18_10_31_32_25-54-8.jpg	D:\Yolo_LPR_RK3568_FPGA_Project\1_PC_Training\datasets\yolo_obb_640\images\train\ccpd2019_ccpd_base_0224137931034-106_66-320&474_518&595-533&613_327&537_306&453_512&529-0_0_18_10_31_32_25-54-8.jpg	D:\Yolo_LPR_RK3568_FPGA_Project\2_Model_Conversion_PC_Simulation\yolov8_obb\model\obb_quant_dataset_800\quant_0012.jpg	D:\Yolo_LPR_RK3568_FPGA_Project\1_PC_Training\datasets\yolo_obb_640\labels\train\ccpd2019_ccpd_base_0224137931034-106_66-320&474_518&595-533&613_327&537_306&453_512&529-0_0_18_10_31_32_25-54-8.txt	1	47.771315	20.250572	2	15-30
13	0	blue	0	blue	ccpd2019	ccpd_base	D:\Yolo_LPR_RK3568_FPGA_Project\1_PC_Training\datasets\CCPD2019\ccpd_base\0239583333333-117_59-202&457_363&625-363&623_206&524_205&438_362&537-0_0_32_24_26_32_24-102-25.jpg	D:\Yolo_LPR_RK3568_FPGA_Project\1_PC_Training\datasets\yolo_obb_640\images\train\ccpd2019_ccpd_base_0239583333333-117_59-202&457_363&625-363&623_206&524_205&438_362&537-0_0_32_24_26_32_24-102-25.jpg	D:\Yolo_LPR_RK3568_FPGA_Project\2_Model_Conversion_PC_Simulation\yolov8_obb\model\obb_quant_dataset_800\quant_0013.jpg	D:\Yolo_LPR_RK3568_FPGA_Project\1_PC_Training\datasets\yolo_obb_640\labels\train\ccpd2019_ccpd_base_0239583333333-117_59-202&457_363&625-363&623_206&524_205&438_362&537-0_0_32_24_26_32_24-102-25.txt	1	47.451528	32.234434	2	30-90
14	0	blue	0	blue	ccpd2019	ccpd_base	D:\Yolo_LPR_RK3568_FPGA_Project\1_PC_Training\datasets\CCPD2019\ccpd_base\0240948275862-115_66-308&517_495&676-475&682_303&578_321&502_493&606-0_12_8_22_30_26_32-107-13.jpg	D:\Yolo_LPR_RK3568_FPGA_Project\1_PC_Training\datasets\yolo_obb_640\images\train\ccpd2019_ccpd_base_0240948275862-115_66-308&517_495&676-475&682_303&578_321&502_493&606-0_12_8_22_30_26_32-107-13.jpg	D:\Yolo_LPR_RK3568_FPGA_Project\2_Model_Conversion_PC_Simulation\yolov8_obb\model\obb_quant_dataset_800\quant_0014.jpg	D:\Yolo_LPR_RK3568_FPGA_Project\1_PC_Training\datasets\yolo_obb_640\labels\train\ccpd2019_ccpd_base_0240948275862-115_66-308&517_495&676-475&682_303&578_321&502_493&606-0_12_8_22_30_26_32-107-13.txt	1	43.090882	31.159244	2	30-90
15	0	blue	0	blue	ccpd2019	ccpd_base	D:\Yolo_LPR_RK3568_FPGA_Project\1_PC_Training\datasets\CCPD2019\ccpd_base\0251975574712-104_71-242&442_467&577-462&587_232&511_225&424_455&500-0_0_10_25_0_24_25-113-34.jpg	D:\Yolo_LPR_RK3568_FPGA_Project\1_PC_Training\datasets\yolo_obb_640\images\train\ccpd2019_ccpd_base_0251975574712-104_71-242&442_467&577-462&587_232&511_225&424_455&500-0_0_10_25_0_24_25-113-34.jpg	D:\Yolo_LPR_RK3568_FPGA_Project\2_Model_Conversion_PC_Simulation\yolov8_obb\model\obb_quant_dataset_800\quant_0015.jpg	D:\Yolo_LPR_RK3568_FPGA_Project\1_PC_Training\datasets\yolo_obb_640\labels\train\ccpd2019_ccpd_base_0251975574712-104_71-242&442_467&577-462&587_232&511_225&424_455&500-0_0_10_25_0_24_25-113-34.txt	1	48.155113	18.285259	2	15-30
16	0	blue	0	blue	ccpd2019	ccpd_base	D:\Yolo_LPR_RK3568_FPGA_Project\1_PC_Training\datasets\CCPD2019\ccpd_base\0258620689655-90_87-205&540_489&646-489&638_213&640_211&545_487&543-0_0_9_27_11_26_32-105-177.jpg	D:\Yolo_LPR_RK3568_FPGA_Project\1_PC_Training\datasets\yolo_obb_640\images\train\ccpd2019_ccpd_base_0258620689655-90_87-205&540_489&646-489&638_213&640_211&545_487&543-0_0_9_27_11_26_32-105-177.jpg	D:\Yolo_LPR_RK3568_FPGA_Project\2_Model_Conversion_PC_Simulation\yolov8_obb\model\obb_quant_dataset_800\quant_0016.jpg	D:\Yolo_LPR_RK3568_FPGA_Project\1_PC_Training\datasets\yolo_obb_640\labels\train\ccpd2019_ccpd_base_0258620689655-90_87-205&540_489&646-489&638_213&640_211&545_487&543-0_0_9_27_11_26_32-105-177.txt	1	52.425048	0.415146	3	0-5
17	0	blue	0	blue	ccpd2019	ccpd_base	D:\Yolo_LPR_RK3568_FPGA_Project\1_PC_Training\datasets\CCPD2019\ccpd_base\0263673371648-89_90-161&496_467&587-461&585_178&588_161&501_444&498-0_0_14_33_26_33_26-172-12.jpg	D:\Yolo_LPR_RK3568_FPGA_Project\1_PC_Training\datasets\yolo_obb_640\images\train\ccpd2019_ccpd_base_0263673371648-89_90-161&496_467&587-461&585_178&588_161&501_444&498-0_0_14_33_26_33_26-172-12.jpg	D:\Yolo_LPR_RK3568_FPGA_Project\2_Model_Conversion_PC_Simulation\yolov8_obb\model\obb_quant_dataset_800\quant_0017.jpg	D:\Yolo_LPR_RK3568_FPGA_Project\1_PC_Training\datasets\yolo_obb_640\labels\train\ccpd2019_ccpd_base_0263673371648-89_90-161&496_467&587-461&585_178&588_161&501_444&498-0_0_14_33_26_33_26-172-12.txt	1	48.907777	0.607539	2	0-5
18	0	blue	0	blue	ccpd2019	ccpd_base	D:\Yolo_LPR_RK3568_FPGA_Project\1_PC_Training\datasets\CCPD2019\ccpd_base\0274461206897-90_90-174&412_466&503-465&496_186&505_190&413_469&404-0_0_15_8_30_26_28-111-43.jpg	D:\Yolo_LPR_RK3568_FPGA_Project\1_PC_Training\datasets\yolo_obb_640\images\train\ccpd2019_ccpd_base_0274461206897-90_90-174&412_466&503-465&496_186&505_190&413_469&404-0_0_15_8_30_26_28-111-43.jpg	D:\Yolo_LPR_RK3568_FPGA_Project\2_Model_Conversion_PC_Simulation\yolov8_obb\model\obb_quant_dataset_800\quant_0018.jpg	D:\Yolo_LPR_RK3568_FPGA_Project\1_PC_Training\datasets\yolo_obb_640\labels\train\ccpd2019_ccpd_base_0274461206897-90_90-174&412_466&503-465&496_186&505_190&413_469&404-0_0_15_8_30_26_28-111-43.txt	1	50.806361	1.847701	3	0-5
19	0	blue	0	blue	ccpd2019	ccpd_base	D:\Yolo_LPR_RK3568_FPGA_Project\1_PC_Training\datasets\CCPD2019\ccpd_base\0296695402298-97_71-289&388_543&528-565&536_293&500_262&383_534&419-0_0_10_19_25_30_24-136-67.jpg	D:\Yolo_LPR_RK3568_FPGA_Project\1_PC_Training\datasets\yolo_obb_640\images\train\ccpd2019_ccpd_base_0296695402298-97_71-289&388_543&528-565&536_293&500_262&383_534&419-0_0_10_19_25_30_24-136-67.jpg	D:\Yolo_LPR_RK3568_FPGA_Project\2_Model_Conversion_PC_Simulation\yolov8_obb\model\obb_quant_dataset_800\quant_0019.jpg	D:\Yolo_LPR_RK3568_FPGA_Project\1_PC_Training\datasets\yolo_obb_640\labels\train\ccpd2019_ccpd_base_0296695402298-97_71-289&388_543&528-565&536_293&500_262&383_534&419-0_0_10_19_25_30_24-136-67.txt	1	66.779037	7.539565	3	5-15
20	0	blue	0	blue	ccpd2019	ccpd_base	D:\Yolo_LPR_RK3568_FPGA_Project\1_PC_Training\datasets\CCPD2019\ccpd_base\0311961206897-107_71-254&445_456&583-455&592_255&515_251&432_451&509-0_0_28_28_29_2_32-121-31.jpg	D:\Yolo_LPR_RK3568_FPGA_Project\1_PC_Training\datasets\yolo_obb_640\images\train\ccpd2019_ccpd_base_0311961206897-107_71-254&445_456&583-455&592_255&515_251&432_451&509-0_0_28_28_29_2_32-121-31.jpg	D:\Yolo_LPR_RK3568_FPGA_Project\2_Model_Conversion_PC_Simulation\yolov8_obb\model\obb_quant_dataset_800\quant_0020.jpg	D:\Yolo_LPR_RK3568_FPGA_Project\1_PC_Training\datasets\yolo_obb_640\labels\train\ccpd2019_ccpd_base_0311961206897-107_71-254&445_456&583-455&592_255&515_251&432_451&509-0_0_28_28_29_2_32-121-31.txt	1	45.846417	21.056600	2	15-30
21	0	blue	0	blue	ccpd2019	ccpd_base	D:\Yolo_LPR_RK3568_FPGA_Project\1_PC_Training\datasets\CCPD2019\ccpd_base\0389846743295-121_57-282&413_492&621-488&632_285&495_290&396_493&533-0_0_30_29_7_31_29-41-23.jpg	D:\Yolo_LPR_RK3568_FPGA_Project\1_PC_Training\datasets\yolo_obb_640\images\train\ccpd2019_ccpd_base_0389846743295-121_57-282&413_492&621-488&632_285&495_290&396_493&533-0_0_30_29_7_31_29-41-23.jpg	D:\Yolo_LPR_RK3568_FPGA_Project\2_Model_Conversion_PC_Simulation\yolov8_obb\model\obb_quant_dataset_800\quant_0021.jpg	D:\Yolo_LPR_RK3568_FPGA_Project\1_PC_Training\datasets\yolo_obb_640\labels\train\ccpd2019_ccpd_base_0389846743295-121_57-282&413_492&621-488&632_285&495_290&396_493&533-0_0_30_29_7_31_29-41-23.txt	1	54.690409	34.014574	3	30-90
22	0	blue	0	blue	ccpd2019	ccpd_base	D:\Yolo_LPR_RK3568_FPGA_Project\1_PC_Training\datasets\CCPD2019\ccpd_base\0415229885057-87_94-106&496_423&629-430&600_128&635_143&517_445&482-0_0_3_26_29_26_11-57-56.jpg	D:\Yolo_LPR_RK3568_FPGA_Project\1_PC_Training\datasets\yolo_obb_640\images\train\ccpd2019_ccpd_base_0415229885057-87_94-106&496_423&629-430&600_128&635_143&517_445&482-0_0_3_26_29_26_11-57-56.jpg	D:\Yolo_LPR_RK3568_FPGA_Project\2_Model_Conversion_PC_Simulation\yolov8_obb\model\obb_quant_dataset_800\quant_0022.jpg	D:\Yolo_LPR_RK3568_FPGA_Project\1_PC_Training\datasets\yolo_obb_640\labels\train\ccpd2019_ccpd_base_0415229885057-87_94-106&496_423&629-430&600_128&635_143&517_445&482-0_0_3_26_29_26_11-57-56.txt	1	65.627244	6.610866	3	5-15
23	0	blue	0	blue	ccpd2019	ccpd_base	D:\Yolo_LPR_RK3568_FPGA_Project\1_PC_Training\datasets\CCPD2019\ccpd_base\041570881226-110_71-98&394_330&571-328&588_91&482_90&388_327&494-0_0_20_26_21_30_25-95-38.jpg	D:\Yolo_LPR_RK3568_FPGA_Project\1_PC_Training\datasets\yolo_obb_640\images\train\ccpd2019_ccpd_base_041570881226-110_71-98&394_330&571-328&588_91&482_90&388_327&494-0_0_20_26_21_30_25-95-38.jpg	D:\Yolo_LPR_RK3568_FPGA_Project\2_Model_Conversion_PC_Simulation\yolov8_obb\model\obb_quant_dataset_800\quant_0023.jpg	D:\Yolo_LPR_RK3568_FPGA_Project\1_PC_Training\datasets\yolo_obb_640\labels\train\ccpd2019_ccpd_base_041570881226-110_71-98&394_330&571-328&588_91&482_90&388_327&494-0_0_20_26_21_30_25-95-38.txt	1	51.864695	24.097073	3	15-30
24	0	blue	0	blue	ccpd2019	ccpd_base	D:\Yolo_LPR_RK3568_FPGA_Project\1_PC_Training\datasets\CCPD2019\ccpd_base\0428256704981-103_72-90&288_399&454-406&453_115&384_99&285_390&354-0_7_23_27_24_30_10-75-52.jpg	D:\Yolo_LPR_RK3568_FPGA_Project\1_PC_Training\datasets\yolo_obb_640\images\train\ccpd2019_ccpd_base_0428256704981-103_72-90&288_399&454-406&453_115&384_99&285_390&354-0_7_23_27_24_30_10-75-52.jpg	D:\Yolo_LPR_RK3568_FPGA_Project\2_Model_Conversion_PC_Simulation\yolov8_obb\model\obb_quant_dataset_800\quant_0024.jpg	D:\Yolo_LPR_RK3568_FPGA_Project\1_PC_Training\datasets\yolo_obb_640\labels\train\ccpd2019_ccpd_base_0428256704981-103_72-90&288_399&454-406&453_115&384_99&285_390&354-0_7_23_27_24_30_10-75-52.txt	1	55.328895	13.339290	3	5-15
25	0	blue	0	blue	ccpd2019	ccpd_base	D:\Yolo_LPR_RK3568_FPGA_Project\1_PC_Training\datasets\CCPD2019\ccpd_base\0444444444445-106_77-266&451_536&613-522&628_263&539_273&446_532&535-0_0_16_25_24_33_33-156-50.jpg	D:\Yolo_LPR_RK3568_FPGA_Project\1_PC_Training\datasets\yolo_obb_640\images\train\ccpd2019_ccpd_base_0444444444445-106_77-266&451_536&613-522&628_263&539_273&446_532&535-0_0_16_25_24_33_33-156-50.jpg	D:\Yolo_LPR_RK3568_FPGA_Project\2_Model_Conversion_PC_Simulation\yolov8_obb\model\obb_quant_dataset_800\quant_0025.jpg	D:\Yolo_LPR_RK3568_FPGA_Project\1_PC_Training\datasets\yolo_obb_640\labels\train\ccpd2019_ccpd_base_0444444444445-106_77-266&451_536&613-522&628_263&539_273&446_532&535-0_0_16_25_24_33_33-156-50.txt	1	51.605860	18.964204	3	15-30
26	0	blue	0	blue	ccpd2019	ccpd_base	D:\Yolo_LPR_RK3568_FPGA_Project\1_PC_Training\datasets\CCPD2019\ccpd_base\0529238505747-107_76-204&290_496&474-504&485_206&397_196&293_494&381-0_0_2_30_28_24_2-144-109.jpg	D:\Yolo_LPR_RK3568_FPGA_Project\1_PC_Training\datasets\yolo_obb_640\images\train\ccpd2019_ccpd_base_0529238505747-107_76-204&290_496&474-504&485_206&397_196&293_494&381-0_0_2_30_28_24_2-144-109.jpg	D:\Yolo_LPR_RK3568_FPGA_Project\2_Model_Conversion_PC_Simulation\yolov8_obb\model\obb_quant_dataset_800\quant_0026.jpg	D:\Yolo_LPR_RK3568_FPGA_Project\1_PC_Training\datasets\yolo_obb_640\labels\train\ccpd2019_ccpd_base_0529238505747-107_76-204&290_496&474-504&485_206&397_196&293_494&381-0_0_2_30_28_24_2-144-109.txt	1	57.643846	16.451958	3	15-30
27	0	blue	0	blue	ccpd2019	ccpd_blur	D:\Yolo_LPR_RK3568_FPGA_Project\1_PC_Training\datasets\CCPD2019\ccpd_blur\0050-12_12-509&546_592&597-592&597_509&579_509&546_592&564-10_0_23_27_28_33_30-66-3.jpg	D:\Yolo_LPR_RK3568_FPGA_Project\1_PC_Training\datasets\yolo_obb_640\images\train\ccpd2019_ccpd_blur_0050-12_12-509&546_592&597-592&597_509&579_509&546_592&564-10_0_23_27_28_33_30-66-3.jpg	D:\Yolo_LPR_RK3568_FPGA_Project\2_Model_Conversion_PC_Simulation\yolov8_obb\model\obb_quant_dataset_800\quant_0027.jpg	D:\Yolo_LPR_RK3568_FPGA_Project\1_PC_Training\datasets\yolo_obb_640\labels\train\ccpd2019_ccpd_blur_0050-12_12-509&546_592&597-592&597_509&579_509&546_592&564-10_0_23_27_28_33_30-66-3.txt	1	18.206720	12.235904	1	5-15
28	0	blue	0	blue	ccpd2019	ccpd_blur	D:\Yolo_LPR_RK3568_FPGA_Project\1_PC_Training\datasets\CCPD2019\ccpd_blur\0053-0_2-321&511_429&552-429&552_323&552_321&511_427&511-0_0_0_7_33_29_33-90-2.jpg	D:\Yolo_LPR_RK3568_FPGA_Project\1_PC_Training\datasets\yolo_obb_640\images\train\ccpd2019_ccpd_blur_0053-0_2-321&511_429&552-429&552_323&552_321&511_427&511-0_0_0_7_33_29_33-90-2.jpg	D:\Yolo_LPR_RK3568_FPGA_Project\2_Model_Conversion_PC_Simulation\yolov8_obb\model\obb_quant_dataset_800\quant_0028.jpg	D:\Yolo_LPR_RK3568_FPGA_Project\1_PC_Training\datasets\yolo_obb_640\labels\train\ccpd2019_ccpd_blur_0053-0_2-321&511_429&552-429&552_323&552_321&511_427&511-0_0_0_7_33_29_33-90-2.txt	1	22.647682	0.000000	1	0-5
29	0	blue	0	blue	ccpd2019	ccpd_blur	D:\Yolo_LPR_RK3568_FPGA_Project\1_PC_Training\datasets\CCPD2019\ccpd_blur\0064-2_0-207&308_327&353-327&348_208&353_207&313_326&308-0_0_33_26_20_26_24-48-5.jpg	D:\Yolo_LPR_RK3568_FPGA_Project\1_PC_Training\datasets\yolo_obb_640\images\train\ccpd2019_ccpd_blur_0064-2_0-207&308_327&353-327&348_208&353_207&313_326&308-0_0_33_26_20_26_24-48-5.jpg	D:\Yolo_LPR_RK3568_FPGA_Project\2_Model_Conversion_PC_Simulation\yolov8_obb\model\obb_quant_dataset_800\quant_0029.jpg	D:\Yolo_LPR_RK3568_FPGA_Project\1_PC_Training\datasets\yolo_obb_640\labels\train\ccpd2019_ccpd_blur_0064-2_0-207&308_327&353-327&348_208&353_207&313_326&308-0_0_33_26_20_26_24-48-5.txt	1	22.075377	2.406333	1	0-5
30	0	blue	0	blue	ccpd2019	ccpd_blur	D:\Yolo_LPR_RK3568_FPGA_Project\1_PC_Training\datasets\CCPD2019\ccpd_blur\0075-6_10-261&529_377&583-377&583_264&571_261&529_374&541-0_0_0_27_27_30_0-101-2.jpg	D:\Yolo_LPR_RK3568_FPGA_Project\1_PC_Training\datasets\yolo_obb_640\images\train\ccpd2019_ccpd_blur_0075-6_10-261&529_377&583-377&583_264&571_261&529_374&541-0_0_0_27_27_30_0-101-2.jpg	D:\Yolo_LPR_RK3568_FPGA_Project\2_Model_Conversion_PC_Simulation\yolov8_obb\model\obb_quant_dataset_800\quant_0030.jpg	D:\Yolo_LPR_RK3568_FPGA_Project\1_PC_Training\datasets\yolo_obb_640\labels\train\ccpd2019_ccpd_blur_0075-6_10-261&529_377&583-377&583_264&571_261&529_374&541-0_0_0_27_27_30_0-101-2.txt	1	23.231527	6.061906	1	5-15
31	0	blue	0	blue	ccpd2019	ccpd_blur	D:\Yolo_LPR_RK3568_FPGA_Project\1_PC_Training\datasets\CCPD2019\ccpd_blur\0079-0_1-253&484_388&533-386&533_253&532_255&484_388&485-0_0_23_26_24_26_12-28-1.jpg	D:\Yolo_LPR_RK3568_FPGA_Project\1_PC_Training\datasets\yolo_obb_640\images\train\ccpd2019_ccpd_blur_0079-0_1-253&484_388&533-386&533_253&532_255&484_388&485-0_0_23_26_24_26_12-28-1.jpg	D:\Yolo_LPR_RK3568_FPGA_Project\2_Model_Conversion_PC_Simulation\yolov8_obb\model\obb_quant_dataset_800\quant_0031.jpg	D:\Yolo_LPR_RK3568_FPGA_Project\1_PC_Training\datasets\yolo_obb_640\labels\train\ccpd2019_ccpd_blur_0079-0_1-253&484_388&533-386&533_253&532_255&484_388&485-0_0_23_26_24_26_12-28-1.txt	1	26.506182	0.430753	1	0-5
32	0	blue	0	blue	ccpd2019	ccpd_blur	D:\Yolo_LPR_RK3568_FPGA_Project\1_PC_Training\datasets\CCPD2019\ccpd_blur\0084-18_19-232&463_321&542-320&512_232&542_233&493_321&463-0_0_24_28_4_24_31-85-5.jpg	D:\Yolo_LPR_RK3568_FPGA_Project\1_PC_Training\datasets\yolo_obb_640\images\train\ccpd2019_ccpd_blur_0084-18_19-232&463_321&542-320&512_232&542_233&493_321&463-0_0_24_28_4_24_31-85-5.jpg	D:\Yolo_LPR_RK3568_FPGA_Project\2_Model_Conversion_PC_Simulation\yolov8_obb\model\obb_quant_dataset_800\quant_0032.jpg	D:\Yolo_LPR_RK3568_FPGA_Project\1_PC_Training\datasets\yolo_obb_640\labels\train\ccpd2019_ccpd_blur_0084-18_19-232&463_321&542-320&512_232&542_233&493_321&463-0_0_24_28_4_24_31-85-5.txt	1	27.039870	18.824695	1	15-30
33	0	blue	0	blue	ccpd2019	ccpd_blur	D:\Yolo_LPR_RK3568_FPGA_Project\1_PC_Training\datasets\CCPD2019\ccpd_blur\0088-5_1-491&314_626&369-626&357_496&369_491&326_621&314-0_0_14_29_33_33_28-64-5.jpg	D:\Yolo_LPR_RK3568_FPGA_Project\1_PC_Training\datasets\yolo_obb_640\images\train\ccpd2019_ccpd_blur_0088-5_1-491&314_626&369-626&357_496&369_491&326_621&314-0_0_14_29_33_33_28-64-5.jpg	D:\Yolo_LPR_RK3568_FPGA_Project\2_Model_Conversion_PC_Simulation\yolov8_obb\model\obb_quant_dataset_800\quant_0033.jpg	D:\Yolo_LPR_RK3568_FPGA_Project\1_PC_Training\datasets\yolo_obb_640\labels\train\ccpd2019_ccpd_blur_0088-5_1-491&314_626&369-626&357_496&369_491&326_621&314-0_0_14_29_33_33_28-64-5.txt	1	23.883986	5.273464	1	5-15
34	0	blue	0	blue	ccpd2019	ccpd_blur	D:\Yolo_LPR_RK3568_FPGA_Project\1_PC_Training\datasets\CCPD2019\ccpd_blur\0092-22_6-334&319_432&398-432&363_346&398_334&354_420&319-0_0_10_28_30_31_21-78-5.jpg	D:\Yolo_LPR_RK3568_FPGA_Project\1_PC_Training\datasets\yolo_obb_640\images\train\ccpd2019_ccpd_blur_0092-22_6-334&319_432&398-432&363_346&398_334&354_420&319-0_0_10_28_30_31_21-78-5.jpg	D:\Yolo_LPR_RK3568_FPGA_Project\2_Model_Conversion_PC_Simulation\yolov8_obb\model\obb_quant_dataset_800\quant_0034.jpg	D:\Yolo_LPR_RK3568_FPGA_Project\1_PC_Training\datasets\yolo_obb_640\labels\train\ccpd2019_ccpd_blur_0092-22_6-334&319_432&398-432&363_346&398_334&354_420&319-0_0_10_28_30_31_21-78-5.txt	1	25.162506	22.144980	1	15-30
35	0	blue	0	blue	ccpd2019	ccpd_blur	D:\Yolo_LPR_RK3568_FPGA_Project\1_PC_Training\datasets\CCPD2019\ccpd_blur\0098-5_5-188&474_314&539-314&539_188&527_188&474_314&486-0_0_21_31_24_33_0-169-3.jpg	D:\Yolo_LPR_RK3568_FPGA_Project\1_PC_Training\datasets\yolo_obb_640\images\train\ccpd2019_ccpd_blur_0098-5_5-188&474_314&539-314&539_188&527_188&474_314&486-0_0_21_31_24_33_0-169-3.jpg	D:\Yolo_LPR_RK3568_FPGA_Project\2_Model_Conversion_PC_Simulation\yolov8_obb\model\obb_quant_dataset_800\quant_0035.jpg	D:\Yolo_LPR_RK3568_FPGA_Project\1_PC_Training\datasets\yolo_obb_640\labels\train\ccpd2019_ccpd_blur_0098-5_5-188&474_314&539-314&539_188&527_188&474_314&486-0_0_21_31_24_33_0-169-3.txt	1	29.240960	5.440422	2	5-15
36	0	blue	0	blue	ccpd2019	ccpd_blur	D:\Yolo_LPR_RK3568_FPGA_Project\1_PC_Training\datasets\CCPD2019\ccpd_blur\0109-6_4-330&584_463&653-463&637_332&653_330&600_461&584-0_0_28_30_26_27_29-60-6.jpg	D:\Yolo_LPR_RK3568_FPGA_Project\1_PC_Training\datasets\yolo_obb_640\images\train\ccpd2019_ccpd_blur_0109-6_4-330&584_463&653-463&637_332&653_330&600_461&584-0_0_28_30_26_27_29-60-6.jpg	D:\Yolo_LPR_RK3568_FPGA_Project\2_Model_Conversion_PC_Simulation\yolov8_obb\model\obb_quant_dataset_800\quant_0036.jpg	D:\Yolo_LPR_RK3568_FPGA_Project\1_PC_Training\datasets\yolo_obb_640\labels\train\ccpd2019_ccpd_blur_0109-6_4-330&584_463&653-463&637_332&653_330&600_461&584-0_0_28_30_26_27_29-60-6.txt	1	29.262416	6.963396	2	5-15
37	0	blue	0	blue	ccpd2019	ccpd_blur	D:\Yolo_LPR_RK3568_FPGA_Project\1_PC_Training\datasets\CCPD2019\ccpd_blur\0143-20_3-373&506_498&602-498&565_399&602_373&543_472&506-0_0_31_31_25_15_30-144-6.jpg	D:\Yolo_LPR_RK3568_FPGA_Project\1_PC_Training\datasets\yolo_obb_640\images\train\ccpd2019_ccpd_blur_0143-20_3-373&506_498&602-498&565_399&602_373&543_472&506-0_0_31_31_25_15_30-144-6.jpg	D:\Yolo_LPR_RK3568_FPGA_Project\2_Model_Conversion_PC_Simulation\yolov8_obb\model\obb_quant_dataset_800\quant_0037.jpg	D:\Yolo_LPR_RK3568_FPGA_Project\1_PC_Training\datasets\yolo_obb_640\labels\train\ccpd2019_ccpd_blur_0143-20_3-373&506_498&602-498&565_399&602_373&543_472&506-0_0_31_31_25_15_30-144-6.txt	1	35.572246	20.492859	2	15-30
38	0	blue	0	blue	ccpd2019	ccpd_blur	D:\Yolo_LPR_RK3568_FPGA_Project\1_PC_Training\datasets\CCPD2019\ccpd_blur\0178-0_18-236&505_440&578-440&578_258&575_236&505_418&508-0_0_33_2_27_26_26-137-4.jpg	D:\Yolo_LPR_RK3568_FPGA_Project\1_PC_Training\datasets\yolo_obb_640\images\train\ccpd2019_ccpd_blur_0178-0_18-236&505_440&578-440&578_258&575_236&505_418&508-0_0_33_2_27_26_26-137-4.jpg	D:\Yolo_LPR_RK3568_FPGA_Project\2_Model_Conversion_PC_Simulation\yolov8_obb\model\obb_quant_dataset_800\quant_0038.jpg	D:\Yolo_LPR_RK3568_FPGA_Project\1_PC_Training\datasets\yolo_obb_640\labels\train\ccpd2019_ccpd_blur_0178-0_18-236&505_440&578-440&578_258&575_236&505_418&508-0_0_33_2_27_26_26-137-4.txt	1	40.483209	0.944274	2	0-5
39	0	blue	0	blue	ccpd2019	ccpd_blur	D:\Yolo_LPR_RK3568_FPGA_Project\1_PC_Training\datasets\CCPD2019\ccpd_blur\0188-20_27-294&528_419&654-410&610_294&654_303&572_419&528-0_0_6_2_26_29_25-144-7.jpg	D:\Yolo_LPR_RK3568_FPGA_Project\1_PC_Training\datasets\yolo_obb_640\images\train\ccpd2019_ccpd_blur_0188-20_27-294&528_419&654-410&610_294&654_303&572_419&528-0_0_6_2_26_29_25-144-7.jpg	D:\Yolo_LPR_RK3568_FPGA_Project\2_Model_Conversion_PC_Simulation\yolov8_obb\model\obb_quant_dataset_800\quant_0039.jpg	D:\Yolo_LPR_RK3568_FPGA_Project\1_PC_Training\datasets\yolo_obb_640\labels\train\ccpd2019_ccpd_blur_0188-20_27-294&528_419&654-410&610_294&654_303&572_419&528-0_0_6_2_26_29_25-144-7.txt	1	45.513281	20.772251	2	15-30
40	0	blue	0	blue	ccpd2019	ccpd_blur	D:\Yolo_LPR_RK3568_FPGA_Project\1_PC_Training\datasets\CCPD2019\ccpd_blur\0197-7_8-257&504_417&607-415&587_257&607_259&524_417&504-0_0_16_31_25_31_19-33-2.jpg	D:\Yolo_LPR_RK3568_FPGA_Project\1_PC_Training\datasets\yolo_obb_640\images\train\ccpd2019_ccpd_blur_0197-7_8-257&504_417&607-415&587_257&607_259&524_417&504-0_0_16_31_25_31_19-33-2.jpg	D:\Yolo_LPR_RK3568_FPGA_Project\2_Model_Conversion_PC_Simulation\yolov8_obb\model\obb_quant_dataset_800\quant_0040.jpg	D:\Yolo_LPR_RK3568_FPGA_Project\1_PC_Training\datasets\yolo_obb_640\labels\train\ccpd2019_ccpd_blur_0197-7_8-257&504_417&607-415&587_257&607_259&524_417&504-0_0_16_31_25_31_19-33-2.txt	1	45.805935	7.214501	2	5-15
41	0	blue	0	blue	ccpd2019	ccpd_blur	D:\Yolo_LPR_RK3568_FPGA_Project\1_PC_Training\datasets\CCPD2019\ccpd_blur\0228-30_18-362&419_500&557-486&557_362&484_376&419_500&492-0_0_24_30_26_22_31-51-4.jpg	D:\Yolo_LPR_RK3568_FPGA_Project\1_PC_Training\datasets\yolo_obb_640\images\train\ccpd2019_ccpd_blur_0228-30_18-362&419_500&557-486&557_362&484_376&419_500&492-0_0_24_30_26_22_31-51-4.jpg	D:\Yolo_LPR_RK3568_FPGA_Project\2_Model_Conversion_PC_Simulation\yolov8_obb\model\obb_quant_dataset_800\quant_0041.jpg	D:\Yolo_LPR_RK3568_FPGA_Project\1_PC_Training\datasets\yolo_obb_640\labels\train\ccpd2019_ccpd_blur_0228-30_18-362&419_500&557-486&557_362&484_376&419_500&492-0_0_24_30_26_22_31-51-4.txt	1	36.684130	30.485752	2	30-90
42	0	blue	0	blue	ccpd2019	ccpd_blur	D:\Yolo_LPR_RK3568_FPGA_Project\1_PC_Training\datasets\CCPD2019\ccpd_blur\0282-1_16-200&494_459&585-459&585_222&577_200&494_437&502-0_0_23_28_26_33_33-13-1.jpg	D:\Yolo_LPR_RK3568_FPGA_Project\1_PC_Training\datasets\yolo_obb_640\images\train\ccpd2019_ccpd_blur_0282-1_16-200&494_459&585-459&585_222&577_200&494_437&502-0_0_23_28_26_33_33-13-1.jpg	D:\Yolo_LPR_RK3568_FPGA_Project\2_Model_Conversion_PC_Simulation\yolov8_obb\model\obb_quant_dataset_800\quant_0042.jpg	D:\Yolo_LPR_RK3568_FPGA_Project\1_PC_Training\datasets\yolo_obb_640\labels\train\ccpd2019_ccpd_blur_0282-1_16-200&494_459&585-459&585_222&577_200&494_437&502-0_0_23_28_26_33_33-13-1.txt	1	47.374039	1.933144	2	0-5
43	0	blue	0	blue	ccpd2019	ccpd_blur	D:\Yolo_LPR_RK3568_FPGA_Project\1_PC_Training\datasets\CCPD2019\ccpd_blur\0282-3_5-203&461_439&561-436&548_203&561_206&474_439&461-0_0_26_31_14_32_25-135-5.jpg	D:\Yolo_LPR_RK3568_FPGA_Project\1_PC_Training\datasets\yolo_obb_640\images\train\ccpd2019_ccpd_blur_0282-3_5-203&461_439&561-436&548_203&561_206&474_439&461-0_0_26_31_14_32_25-135-5.jpg	D:\Yolo_LPR_RK3568_FPGA_Project\2_Model_Conversion_PC_Simulation\yolov8_obb\model\obb_quant_dataset_800\quant_0043.jpg	D:\Yolo_LPR_RK3568_FPGA_Project\1_PC_Training\datasets\yolo_obb_640\labels\train\ccpd2019_ccpd_blur_0282-3_5-203&461_439&561-436&548_203&561_206&474_439&461-0_0_26_31_14_32_25-135-5.txt	1	48.028520	3.193470	2	0-5
44	0	blue	0	blue	ccpd2019	ccpd_blur	D:\Yolo_LPR_RK3568_FPGA_Project\1_PC_Training\datasets\CCPD2019\ccpd_blur\0358-16_14-242&458_450&602-448&602_242&542_244&458_450&518-0_0_21_16_25_29_29-78-5.jpg	D:\Yolo_LPR_RK3568_FPGA_Project\1_PC_Training\datasets\yolo_obb_640\images\train\ccpd2019_ccpd_blur_0358-16_14-242&458_450&602-448&602_242&542_244&458_450&518-0_0_21_16_25_29_29-78-5.jpg	D:\Yolo_LPR_RK3568_FPGA_Project\2_Model_Conversion_PC_Simulation\yolov8_obb\model\obb_quant_dataset_800\quant_0044.jpg	D:\Yolo_LPR_RK3568_FPGA_Project\1_PC_Training\datasets\yolo_obb_640\labels\train\ccpd2019_ccpd_blur_0358-16_14-242&458_450&602-448&602_242&542_244&458_450&518-0_0_21_16_25_29_29-78-5.txt	1	46.357457	16.239104	2	15-30
45	0	blue	0	blue	ccpd2019	ccpd_blur	D:\Yolo_LPR_RK3568_FPGA_Project\1_PC_Training\datasets\CCPD2019\ccpd_blur\0391-2_10-195&443_477&559-477&559_209&547_195&443_463&455-0_0_21_21_24_24_29-31-6.jpg	D:\Yolo_LPR_RK3568_FPGA_Project\1_PC_Training\datasets\yolo_obb_640\images\train\ccpd2019_ccpd_blur_0391-2_10-195&443_477&559-477&559_209&547_195&443_463&455-0_0_21_21_24_24_29-31-6.jpg	D:\Yolo_LPR_RK3568_FPGA_Project\2_Model_Conversion_PC_Simulation\yolov8_obb\model\obb_quant_dataset_800\quant_0045.jpg	D:\Yolo_LPR_RK3568_FPGA_Project\1_PC_Training\datasets\yolo_obb_640\labels\train\ccpd2019_ccpd_blur_0391-2_10-195&443_477&559-477&559_209&547_195&443_463&455-0_0_21_21_24_24_29-31-6.txt	1	57.896790	2.563560	3	0-5
46	0	blue	0	blue	ccpd2019	ccpd_blur	D:\Yolo_LPR_RK3568_FPGA_Project\1_PC_Training\datasets\CCPD2019\ccpd_blur\0484-2_7-233&448_535&582-524&570_233&582_244&460_535&448-0_0_24_27_28_17_29-151-5.jpg	D:\Yolo_LPR_RK3568_FPGA_Project\1_PC_Training\datasets\yolo_obb_640\images\train\ccpd2019_ccpd_blur_0484-2_7-233&448_535&582-524&570_233&582_244&460_535&448-0_0_24_27_28_17_29-151-5.jpg	D:\Yolo_LPR_RK3568_FPGA_Project\2_Model_Conversion_PC_Simulation\yolov8_obb\model\obb_quant_dataset_800\quant_0046.jpg	D:\Yolo_LPR_RK3568_FPGA_Project\1_PC_Training\datasets\yolo_obb_640\labels\train\ccpd2019_ccpd_blur_0484-2_7-233&448_535&582-524&570_233&582_244&460_535&448-0_0_24_27_28_17_29-151-5.txt	1	67.583136	2.361412	3	0-5
47	0	blue	0	blue	ccpd2019	ccpd_blur	D:\Yolo_LPR_RK3568_FPGA_Project\1_PC_Training\datasets\CCPD2019\ccpd_blur\0486-21_22-232&449_447&638-447&638_233&552_232&449_446&535-0_0_1_30_11_24_25-15-3.jpg	D:\Yolo_LPR_RK3568_FPGA_Project\1_PC_Training\datasets\yolo_obb_640\images\train\ccpd2019_ccpd_blur_0486-21_22-232&449_447&638-447&638_233&552_232&449_446&535-0_0_1_30_11_24_25-15-3.jpg	D:\Yolo_LPR_RK3568_FPGA_Project\2_Model_Conversion_PC_Simulation\yolov8_obb\model\obb_quant_dataset_800\quant_0047.jpg	D:\Yolo_LPR_RK3568_FPGA_Project\1_PC_Training\datasets\yolo_obb_640\labels\train\ccpd2019_ccpd_blur_0486-21_22-232&449_447&638-447&638_233&552_232&449_446&535-0_0_1_30_11_24_25-15-3.txt	1	56.830199	21.893706	3	15-30
48	0	blue	0	blue	ccpd2019	ccpd_blur	D:\Yolo_LPR_RK3568_FPGA_Project\1_PC_Training\datasets\CCPD2019\ccpd_blur\0514-11_16-223&442_504&595-504&595_231&537_223&442_496&500-0_0_27_32_26_5_29-79-4.jpg	D:\Yolo_LPR_RK3568_FPGA_Project\1_PC_Training\datasets\yolo_obb_640\images\train\ccpd2019_ccpd_blur_0514-11_16-223&442_504&595-504&595_231&537_223&442_496&500-0_0_27_32_26_5_29-79-4.jpg	D:\Yolo_LPR_RK3568_FPGA_Project\2_Model_Conversion_PC_Simulation\yolov8_obb\model\obb_quant_dataset_800\quant_0048.jpg	D:\Yolo_LPR_RK3568_FPGA_Project\1_PC_Training\datasets\yolo_obb_640\labels\train\ccpd2019_ccpd_blur_0514-11_16-223&442_504&595-504&595_231&537_223&442_496&500-0_0_27_32_26_5_29-79-4.txt	1	52.599591	11.994379	3	5-15
49	0	blue	0	blue	ccpd2019	ccpd_blur	D:\Yolo_LPR_RK3568_FPGA_Project\1_PC_Training\datasets\CCPD2019\ccpd_blur\0521-18_32-212&527_468&697-468&697_236&620_212&527_444&604-0_0_27_15_32_24_27-114-5.jpg	D:\Yolo_LPR_RK3568_FPGA_Project\1_PC_Training\datasets\yolo_obb_640\images\train\ccpd2019_ccpd_blur_0521-18_32-212&527_468&697-468&697_236&620_212&527_444&604-0_0_27_15_32_24_27-114-5.jpg	D:\Yolo_LPR_RK3568_FPGA_Project\2_Model_Conversion_PC_Simulation\yolov8_obb\model\obb_quant_dataset_800\quant_0049.jpg	D:\Yolo_LPR_RK3568_FPGA_Project\1_PC_Training\datasets\yolo_obb_640\labels\train\ccpd2019_ccpd_blur_0521-18_32-212&527_468&697-468&697_236&620_212&527_444&604-0_0_27_15_32_24_27-114-5.txt	1	52.991083	18.360964	3	15-30
50	0	blue	0	blue	ccpd2019	ccpd_blur	D:\Yolo_LPR_RK3568_FPGA_Project\1_PC_Training\datasets\CCPD2019\ccpd_blur\0604-6_8-174&429_478&595-472&563_174&595_180&461_478&429-0_0_4_17_26_32_30-54-1.jpg	D:\Yolo_LPR_RK3568_FPGA_Project\1_PC_Training\datasets\yolo_obb_640\images\train\ccpd2019_ccpd_blur_0604-6_8-174&429_478&595-472&563_174&595_180&461_478&429-0_0_4_17_26_32_30-54-1.jpg	D:\Yolo_LPR_RK3568_FPGA_Project\2_Model_Conversion_PC_Simulation\yolov8_obb\model\obb_quant_dataset_800\quant_0050.jpg	D:\Yolo_LPR_RK3568_FPGA_Project\1_PC_Training\datasets\yolo_obb_640\labels\train\ccpd2019_ccpd_blur_0604-6_8-174&429_478&595-472&563_174&595_180&461_478&429-0_0_4_17_26_32_30-54-1.txt	1	74.004949	6.129034	3	5-15
51	0	blue	0	blue	ccpd2019	ccpd_blur	D:\Yolo_LPR_RK3568_FPGA_Project\1_PC_Training\datasets\CCPD2019\ccpd_blur\0845-27_37-148&382_425&637-425&637_172&508_148&382_401&511-0_12_11_13_32_32_30-25-7.jpg	D:\Yolo_LPR_RK3568_FPGA_Project\1_PC_Training\datasets\yolo_obb_640\images\train\ccpd2019_ccpd_blur_0845-27_37-148&382_425&637-425&637_172&508_148&382_401&511-0_12_11_13_32_32_30-25-7.jpg	D:\Yolo_LPR_RK3568_FPGA_Project\2_Model_Conversion_PC_Simulation\yolov8_obb\model\obb_quant_dataset_800\quant_0051.jpg	D:\Yolo_LPR_RK3568_FPGA_Project\1_PC_Training\datasets\yolo_obb_640\labels\train\ccpd2019_ccpd_blur_0845-27_37-148&382_425&637-425&637_172&508_148&382_401&511-0_12_11_13_32_32_30-25-7.txt	1	70.767260	27.016204	3	15-30
52	0	blue	0	blue	ccpd2019	ccpd_blur	D:\Yolo_LPR_RK3568_FPGA_Project\1_PC_Training\datasets\CCPD2019\ccpd_blur\0923-3_8-156&386_564&575-548&553_156&575_172&408_564&386-0_0_30_25_13_27_24-20-2.jpg	D:\Yolo_LPR_RK3568_FPGA_Project\1_PC_Training\datasets\yolo_obb_640\images\train\ccpd2019_ccpd_blur_0923-3_8-156&386_564&575-548&553_156&575_172&408_564&386-0_0_30_25_13_27_24-20-2.jpg	D:\Yolo_LPR_RK3568_FPGA_Project\2_Model_Conversion_PC_Simulation\yolov8_obb\model\obb_quant_dataset_800\quant_0052.jpg	D:\Yolo_LPR_RK3568_FPGA_Project\1_PC_Training\datasets\yolo_obb_640\labels\train\ccpd2019_ccpd_blur_0923-3_8-156&386_564&575-548&553_156&575_172&408_564&386-0_0_30_25_13_27_24-20-2.txt	1	92.559505	3.212294	3	0-5
53	0	blue	0	blue	ccpd2019	ccpd_challenge	D:\Yolo_LPR_RK3568_FPGA_Project\1_PC_Training\datasets\CCPD2019\ccpd_challenge\0048-1_1-295&500_398&539-396&539_295&537_297&500_398&502-0_0_15_24_33_33_30-33-15.jpg	D:\Yolo_LPR_RK3568_FPGA_Project\1_PC_Training\datasets\yolo_obb_640\images\train\ccpd2019_ccpd_challenge_0048-1_1-295&500_398&539-396&539_295&537_297&500_398&502-0_0_15_24_33_33_30-33-15.jpg	D:\Yolo_LPR_RK3568_FPGA_Project\2_Model_Conversion_PC_Simulation\yolov8_obb\model\obb_quant_dataset_800\quant_0053.jpg	D:\Yolo_LPR_RK3568_FPGA_Project\1_PC_Training\datasets\yolo_obb_640\labels\train\ccpd2019_ccpd_challenge_0048-1_1-295&500_398&539-396&539_295&537_297&500_398&502-0_0_15_24_33_33_30-33-15.txt	1	20.443246	1.134987	1	0-5
54	0	blue	0	blue	ccpd2019	ccpd_challenge	D:\Yolo_LPR_RK3568_FPGA_Project\1_PC_Training\datasets\CCPD2019\ccpd_challenge\0049-4_9-286&508_387&549-384&541_286&549_289&516_387&508-1_0_30_12_27_31_33-141-3.jpg	D:\Yolo_LPR_RK3568_FPGA_Project\1_PC_Training\datasets\yolo_obb_640\images\train\ccpd2019_ccpd_challenge_0049-4_9-286&508_387&549-384&541_286&549_289&516_387&508-1_0_30_12_27_31_33-141-3.jpg	D:\Yolo_LPR_RK3568_FPGA_Project\2_Model_Conversion_PC_Simulation\yolov8_obb\model\obb_quant_dataset_800\quant_0054.jpg	D:\Yolo_LPR_RK3568_FPGA_Project\1_PC_Training\datasets\yolo_obb_640\labels\train\ccpd2019_ccpd_challenge_0049-4_9-286&508_387&549-384&541_286&549_289&516_387&508-1_0_30_12_27_31_33-141-3.txt	1	18.281813	4.667164	1	0-5
55	0	blue	0	blue	ccpd2019	ccpd_challenge	D:\Yolo_LPR_RK3568_FPGA_Project\1_PC_Training\datasets\CCPD2019\ccpd_challenge\0070-15_9-362&378_451&444-447&444_362&421_366&378_451&401-10_0_28_6_32_23_32-120-21.jpg	D:\Yolo_LPR_RK3568_FPGA_Project\1_PC_Training\datasets\yolo_obb_640\images\train\ccpd2019_ccpd_challenge_0070-15_9-362&378_451&444-447&444_362&421_366&378_451&401-10_0_28_6_32_23_32-120-21.jpg	D:\Yolo_LPR_RK3568_FPGA_Project\2_Model_Conversion_PC_Simulation\yolov8_obb\model\obb_quant_dataset_800\quant_0055.jpg	D:\Yolo_LPR_RK3568_FPGA_Project\1_PC_Training\datasets\yolo_obb_640\labels\train\ccpd2019_ccpd_challenge_0070-15_9-362&378_451&444-447&444_362&421_366&378_451&401-10_0_28_6_32_23_32-120-21.txt	1	23.826565	15.141231	1	15-30
56	0	blue	0	blue	ccpd2019	ccpd_challenge	D:\Yolo_LPR_RK3568_FPGA_Project\1_PC_Training\datasets\CCPD2019\ccpd_challenge\0079-5_0-397&421_525&473-525&462_400&473_397&432_522&421-1_0_15_13_29_25_27-88-40.jpg	D:\Yolo_LPR_RK3568_FPGA_Project\1_PC_Training\datasets\yolo_obb_640\images\train\ccpd2019_ccpd_challenge_0079-5_0-397&421_525&473-525&462_400&473_397&432_522&421-1_0_15_13_29_25_27-88-40.jpg	D:\Yolo_LPR_RK3568_FPGA_Project\2_Model_Conversion_PC_Simulation\yolov8_obb\model\obb_quant_dataset_800\quant_0056.jpg	D:\Yolo_LPR_RK3568_FPGA_Project\1_PC_Training\datasets\yolo_obb_640\labels\train\ccpd2019_ccpd_challenge_0079-5_0-397&421_525&473-525&462_400&473_397&432_522&421-1_0_15_13_29_25_27-88-40.txt	1	22.681284	5.029204	1	5-15
57	0	blue	0	blue	ccpd2019	ccpd_challenge	D:\Yolo_LPR_RK3568_FPGA_Project\1_PC_Training\datasets\CCPD2019\ccpd_challenge\0088-13_0-261&580_376&644-367&644_261&619_270&580_376&605-0_7_28_3_25_29_24-175-20.jpg	D:\Yolo_LPR_RK3568_FPGA_Project\1_PC_Training\datasets\yolo_obb_640\images\train\ccpd2019_ccpd_challenge_0088-13_0-261&580_376&644-367&644_261&619_270&580_376&605-0_7_28_3_25_29_24-175-20.jpg	D:\Yolo_LPR_RK3568_FPGA_Project\2_Model_Conversion_PC_Simulation\yolov8_obb\model\obb_quant_dataset_800\quant_0057.jpg	D:\Yolo_LPR_RK3568_FPGA_Project\1_PC_Training\datasets\yolo_obb_640\labels\train\ccpd2019_ccpd_challenge_0088-13_0-261&580_376&644-367&644_261&619_270&580_376&605-0_7_28_3_25_29_24-175-20.txt	1	22.082324	13.270827	1	5-15
58	0	blue	0	blue	ccpd2019	ccpd_challenge	D:\Yolo_LPR_RK3568_FPGA_Project\1_PC_Training\datasets\CCPD2019\ccpd_challenge\0108-15_5-329&505_457&576-442&576_329&544_344&505_457&537-0_0_24_24_33_14_31-142-20.jpg	D:\Yolo_LPR_RK3568_FPGA_Project\1_PC_Training\datasets\yolo_obb_640\images\train\ccpd2019_ccpd_challenge_0108-15_5-329&505_457&576-442&576_329&544_344&505_457&537-0_0_24_24_33_14_31-142-20.jpg	D:\Yolo_LPR_RK3568_FPGA_Project\2_Model_Conversion_PC_Simulation\yolov8_obb\model\obb_quant_dataset_800\quant_0058.jpg	D:\Yolo_LPR_RK3568_FPGA_Project\1_PC_Training\datasets\yolo_obb_640\labels\train\ccpd2019_ccpd_challenge_0108-15_5-329&505_457&576-442&576_329&544_344&505_457&537-0_0_24_24_33_14_31-142-20.txt	1	23.054022	15.811205	1	15-30
59	0	blue	0	blue	ccpd2019	ccpd_challenge	D:\Yolo_LPR_RK3568_FPGA_Project\1_PC_Training\datasets\CCPD2019\ccpd_challenge\0128-4_4-371&366_526&435-526&435_371&424_371&366_526&377-0_0_0_30_7_32_26-71-37.jpg	D:\Yolo_LPR_RK3568_FPGA_Project\1_PC_Training\datasets\yolo_obb_640\images\train\ccpd2019_ccpd_challenge_0128-4_4-371&366_526&435-526&435_371&424_371&366_526&377-0_0_0_30_7_32_26-71-37.jpg	D:\Yolo_LPR_RK3568_FPGA_Project\2_Model_Conversion_PC_Simulation\yolov8_obb\model\obb_quant_dataset_800\quant_0059.jpg	D:\Yolo_LPR_RK3568_FPGA_Project\1_PC_Training\datasets\yolo_obb_640\labels\train\ccpd2019_ccpd_challenge_0128-4_4-371&366_526&435-526&435_371&424_371&366_526&377-0_0_0_30_7_32_26-71-37.txt	1	32.000000	4.059445	2	0-5
60	0	blue	0	blue	ccpd2019	ccpd_challenge	D:\Yolo_LPR_RK3568_FPGA_Project\1_PC_Training\datasets\CCPD2019\ccpd_challenge\0145-32_29-280&476_374&605-371&605_280&548_283&476_374&533-0_9_7_4_29_26_24-65-26.jpg	D:\Yolo_LPR_RK3568_FPGA_Project\1_PC_Training\datasets\yolo_obb_640\images\train\ccpd2019_ccpd_challenge_0145-32_29-280&476_374&605-371&605_280&548_283&476_374&533-0_9_7_4_29_26_24-65-26.jpg	D:\Yolo_LPR_RK3568_FPGA_Project\2_Model_Conversion_PC_Simulation\yolov8_obb\model\obb_quant_dataset_800\quant_0060.jpg	D:\Yolo_LPR_RK3568_FPGA_Project\1_PC_Training\datasets\yolo_obb_640\labels\train\ccpd2019_ccpd_challenge_0145-32_29-280&476_374&605-371&605_280&548_283&476_374&533-0_9_7_4_29_26_24-65-26.txt	1	39.758617	32.061957	2	30-90
61	0	blue	0	blue	ccpd2019	ccpd_challenge	D:\Yolo_LPR_RK3568_FPGA_Project\1_PC_Training\datasets\CCPD2019\ccpd_challenge\0152-7_1-262&358_417&440-417&420_269&440_262&378_410&358-0_0_19_28_32_27_32-74-20.jpg	D:\Yolo_LPR_RK3568_FPGA_Project\1_PC_Training\datasets\yolo_obb_640\images\train\ccpd2019_ccpd_challenge_0152-7_1-262&358_417&440-417&420_269&440_262&378_410&358-0_0_19_28_32_27_32-74-20.jpg	D:\Yolo_LPR_RK3568_FPGA_Project\2_Model_Conversion_PC_Simulation\yolov8_obb\model\obb_quant_dataset_800\quant_0061.jpg	D:\Yolo_LPR_RK3568_FPGA_Project\1_PC_Training\datasets\yolo_obb_640\labels\train\ccpd2019_ccpd_challenge_0152-7_1-262&358_417&440-417&420_269&440_262&378_410&358-0_0_19_28_32_27_32-74-20.txt	1	34.424041	7.695868	2	5-15
62	0	blue	0	blue	ccpd2019	ccpd_challenge	D:\Yolo_LPR_RK3568_FPGA_Project\1_PC_Training\datasets\CCPD2019\ccpd_challenge\0185-5_3-275&362_464&444-464&425_277&444_275&381_462&362-0_0_2_21_29_28_33-111-7.jpg	D:\Yolo_LPR_RK3568_FPGA_Project\1_PC_Training\datasets\yolo_obb_640\images\train\ccpd2019_ccpd_challenge_0185-5_3-275&362_464&444-464&425_277&444_275&381_462&362-0_0_2_21_29_28_33-111-7.jpg	D:\Yolo_LPR_RK3568_FPGA_Project\2_Model_Conversion_PC_Simulation\yolov8_obb\model\obb_quant_dataset_800\quant_0062.jpg	D:\Yolo_LPR_RK3568_FPGA_Project\1_PC_Training\datasets\yolo_obb_640\labels\train\ccpd2019_ccpd_challenge_0185-5_3-275&362_464&444-464&425_277&444_275&381_462&362-0_0_2_21_29_28_33-111-7.txt	1	34.775901	5.801460	2	5-15
63	0	blue	0	blue	ccpd2019	ccpd_challenge	D:\Yolo_LPR_RK3568_FPGA_Project\1_PC_Training\datasets\CCPD2019\ccpd_challenge\0217-46_37-348&401_448&583-434&583_348&493_362&401_448&491-0_0_6_26_24_25_2-42-57.jpg	D:\Yolo_LPR_RK3568_FPGA_Project\1_PC_Training\datasets\yolo_obb_640\images\train\ccpd2019_ccpd_challenge_0217-46_37-348&401_448&583-434&583_348&493_362&401_448&491-0_0_6_26_24_25_2-42-57.jpg	D:\Yolo_LPR_RK3568_FPGA_Project\2_Model_Conversion_PC_Simulation\yolov8_obb\model\obb_quant_dataset_800\quant_0063.jpg	D:\Yolo_LPR_RK3568_FPGA_Project\1_PC_Training\datasets\yolo_obb_640\labels\train\ccpd2019_ccpd_challenge_0217-46_37-348&401_448&583-434&583_348&493_362&401_448&491-0_0_6_26_24_25_2-42-57.txt	1	51.342719	46.301743	3	30-90
64	0	blue	0	blue	ccpd2019	ccpd_challenge	D:\Yolo_LPR_RK3568_FPGA_Project\1_PC_Training\datasets\CCPD2019\ccpd_challenge\0222-0_4-220&470_455&549-450&547_220&549_225&472_455&470-0_0_20_27_30_24_0-160-2.jpg	D:\Yolo_LPR_RK3568_FPGA_Project\1_PC_Training\datasets\yolo_obb_640\images\train\ccpd2019_ccpd_challenge_0222-0_4-220&470_455&549-450&547_220&549_225&472_455&470-0_0_20_27_30_24_0-160-2.jpg	D:\Yolo_LPR_RK3568_FPGA_Project\2_Model_Conversion_PC_Simulation\yolov8_obb\model\obb_quant_dataset_800\quant_0064.jpg	D:\Yolo_LPR_RK3568_FPGA_Project\1_PC_Training\datasets\yolo_obb_640\labels\train\ccpd2019_ccpd_challenge_0222-0_4-220&470_455&549-450&547_220&549_225&472_455&470-0_0_20_27_30_24_0-160-2.txt	1	42.572020	0.498461	2	0-5
65	0	blue	0	blue	ccpd2019	ccpd_challenge	D:\Yolo_LPR_RK3568_FPGA_Project\1_PC_Training\datasets\CCPD2019\ccpd_challenge\0223-42_48-262&474_372&644-372&644_271&553_262&474_363&565-0_0_13_5_33_29_27-57-65.jpg	D:\Yolo_LPR_RK3568_FPGA_Project\1_PC_Training\datasets\yolo_obb_640\images\train\ccpd2019_ccpd_challenge_0223-42_48-262&474_372&644-372&644_271&553_262&474_363&565-0_0_13_5_33_29_27-57-65.jpg	D:\Yolo_LPR_RK3568_FPGA_Project\2_Model_Conversion_PC_Simulation\yolov8_obb\model\obb_quant_dataset_800\quant_0065.jpg	D:\Yolo_LPR_RK3568_FPGA_Project\1_PC_Training\datasets\yolo_obb_640\labels\train\ccpd2019_ccpd_challenge_0223-42_48-262&474_372&644-372&644_271&553_262&474_363&565-0_0_13_5_33_29_27-57-65.txt	1	43.867856	42.018393	2	30-90
66	0	blue	0	blue	ccpd2019	ccpd_challenge	D:\Yolo_LPR_RK3568_FPGA_Project\1_PC_Training\datasets\CCPD2019\ccpd_challenge\0270-2_0-233&461_459&561-459&553_237&561_233&469_455&461-0_0_23_20_32_28_32-46-5.jpg	D:\Yolo_LPR_RK3568_FPGA_Project\1_PC_Training\datasets\yolo_obb_640\images\train\ccpd2019_ccpd_challenge_0270-2_0-233&461_459&561-459&553_237&561_233&469_455&461-0_0_23_20_32_28_32-46-5.jpg	D:\Yolo_LPR_RK3568_FPGA_Project\2_Model_Conversion_PC_Simulation\yolov8_obb\model\obb_quant_dataset_800\quant_0066.jpg	D:\Yolo_LPR_RK3568_FPGA_Project\1_PC_Training\datasets\yolo_obb_640\labels\train\ccpd2019_ccpd_challenge_0270-2_0-233&461_459&561-459&553_237&561_233&469_455&461-0_0_23_20_32_28_32-46-5.txt	1	50.806361	2.063956	3	0-5
67	0	blue	0	blue	ccpd2019	ccpd_challenge	D:\Yolo_LPR_RK3568_FPGA_Project\1_PC_Training\datasets\CCPD2019\ccpd_challenge\0273-16_7-362&465_530&601-530&555_376&601_362&511_516&465-0_0_4_25_1_32_31-41-14.jpg	D:\Yolo_LPR_RK3568_FPGA_Project\1_PC_Training\datasets\yolo_obb_640\images\train\ccpd2019_ccpd_challenge_0273-16_7-362&465_530&601-530&555_376&601_362&511_516&465-0_0_4_25_1_32_31-41-14.jpg	D:\Yolo_LPR_RK3568_FPGA_Project\2_Model_Conversion_PC_Simulation\yolov8_obb\model\obb_quant_dataset_800\quant_0067.jpg	D:\Yolo_LPR_RK3568_FPGA_Project\1_PC_Training\datasets\yolo_obb_640\labels\train\ccpd2019_ccpd_challenge_0273-16_7-362&465_530&601-530&555_376&601_362&511_516&465-0_0_4_25_1_32_31-41-14.txt	1	50.252190	16.630877	3	15-30
68	0	blue	0	blue	ccpd2019	ccpd_challenge	D:\Yolo_LPR_RK3568_FPGA_Project\1_PC_Training\datasets\CCPD2019\ccpd_challenge\0286-29_6-250&437_413&584-382&584_250&509_281&437_413&512-0_12_19_31_33_32_33-129-31.jpg	D:\Yolo_LPR_RK3568_FPGA_Project\1_PC_Training\datasets\yolo_obb_640\images\train\ccpd2019_ccpd_challenge_0286-29_6-250&437_413&584-382&584_250&509_281&437_413&512-0_12_19_31_33_32_33-129-31.jpg	D:\Yolo_LPR_RK3568_FPGA_Project\2_Model_Conversion_PC_Simulation\yolov8_obb\model\obb_quant_dataset_800\quant_0068.jpg	D:\Yolo_LPR_RK3568_FPGA_Project\1_PC_Training\datasets\yolo_obb_640\labels\train\ccpd2019_ccpd_challenge_0286-29_6-250&437_413&584-382&584_250&509_281&437_413&512-0_12_19_31_33_32_33-129-31.txt	1	43.249616	29.604296	2	15-30
69	0	blue	0	blue	ccpd2019	ccpd_challenge	D:\Yolo_LPR_RK3568_FPGA_Project\1_PC_Training\datasets\CCPD2019\ccpd_challenge\0295-24_38-382&494_551&640-531&573_382&640_402&561_551&494-1_2_26_26_27_19_27-38-33.jpg	D:\Yolo_LPR_RK3568_FPGA_Project\1_PC_Training\datasets\yolo_obb_640\images\train\ccpd2019_ccpd_challenge_0295-24_38-382&494_551&640-531&573_382&640_402&561_551&494-1_2_26_26_27_19_27-38-33.jpg	D:\Yolo_LPR_RK3568_FPGA_Project\2_Model_Conversion_PC_Simulation\yolov8_obb\model\obb_quant_dataset_800\quant_0069.jpg	D:\Yolo_LPR_RK3568_FPGA_Project\1_PC_Training\datasets\yolo_obb_640\labels\train\ccpd2019_ccpd_challenge_0295-24_38-382&494_551&640-531&573_382&640_402&561_551&494-1_2_26_26_27_19_27-38-33.txt	1	44.960932	24.211838	2	15-30
70	0	blue	0	blue	ccpd2019	ccpd_challenge	D:\Yolo_LPR_RK3568_FPGA_Project\1_PC_Training\datasets\CCPD2019\ccpd_challenge\0366-30_10-111&378_285&554-285&471_144&554_111&461_252&378-0_0_17_30_32_25_12-110-46.jpg	D:\Yolo_LPR_RK3568_FPGA_Project\1_PC_Training\datasets\yolo_obb_640\images\train\ccpd2019_ccpd_challenge_0366-30_10-111&378_285&554-285&471_144&554_111&461_252&378-0_0_17_30_32_25_12-110-46.jpg	D:\Yolo_LPR_RK3568_FPGA_Project\2_Model_Conversion_PC_Simulation\yolov8_obb\model\obb_quant_dataset_800\quant_0070.jpg	D:\Yolo_LPR_RK3568_FPGA_Project\1_PC_Training\datasets\yolo_obb_640\labels\train\ccpd2019_ccpd_challenge_0366-30_10-111&378_285&554-285&471_144&554_111&461_252&378-0_0_17_30_32_25_12-110-46.txt	1	54.444564	30.483439	3	30-90
71	0	blue	0	blue	ccpd2019	ccpd_challenge	D:\Yolo_LPR_RK3568_FPGA_Project\1_PC_Training\datasets\CCPD2019\ccpd_challenge\0403-12_31-285&299_533&435-502&388_285&435_316&346_533&299-0_0_4_19_24_25_30-48-9.jpg	D:\Yolo_LPR_RK3568_FPGA_Project\1_PC_Training\datasets\yolo_obb_640\images\train\ccpd2019_ccpd_challenge_0403-12_31-285&299_533&435-502&388_285&435_316&346_533&299-0_0_4_19_24_25_30-48-9.jpg	D:\Yolo_LPR_RK3568_FPGA_Project\2_Model_Conversion_PC_Simulation\yolov8_obb\model\obb_quant_dataset_800\quant_0071.jpg	D:\Yolo_LPR_RK3568_FPGA_Project\1_PC_Training\datasets\yolo_obb_640\labels\train\ccpd2019_ccpd_challenge_0403-12_31-285&299_533&435-502&388_285&435_316&346_533&299-0_0_4_19_24_25_30-48-9.txt	1	51.996865	12.220844	3	5-15
72	0	blue	0	blue	ccpd2019	ccpd_challenge	D:\Yolo_LPR_RK3568_FPGA_Project\1_PC_Training\datasets\CCPD2019\ccpd_challenge\0517-19_7-248&447_478&635-478&561_274&635_248&521_452&447-10_0_25_8_29_21_27-99-57.jpg	D:\Yolo_LPR_RK3568_FPGA_Project\1_PC_Training\datasets\yolo_obb_640\images\train\ccpd2019_ccpd_challenge_0517-19_7-248&447_478&635-478&561_274&635_248&521_452&447-10_0_25_8_29_21_27-99-57.jpg	D:\Yolo_LPR_RK3568_FPGA_Project\2_Model_Conversion_PC_Simulation\yolov8_obb\model\obb_quant_dataset_800\quant_0072.jpg	D:\Yolo_LPR_RK3568_FPGA_Project\1_PC_Training\datasets\yolo_obb_640\labels\train\ccpd2019_ccpd_challenge_0517-19_7-248&447_478&635-478&561_274&635_248&521_452&447-10_0_25_8_29_21_27-99-57.txt	1	64.511705	19.937919	3	15-30
73	0	blue	0	blue	ccpd2019	ccpd_challenge	D:\Yolo_LPR_RK3568_FPGA_Project\1_PC_Training\datasets\CCPD2019\ccpd_challenge\0712-10_17-213&407_549&584-549&584_226&523_213&407_536&468-10_5_4_32_30_25_3-44-5.jpg	D:\Yolo_LPR_RK3568_FPGA_Project\1_PC_Training\datasets\yolo_obb_640\images\train\ccpd2019_ccpd_challenge_0712-10_17-213&407_549&584-549&584_226&523_213&407_536&468-10_5_4_32_30_25_3-44-5.jpg	D:\Yolo_LPR_RK3568_FPGA_Project\2_Model_Conversion_PC_Simulation\yolov8_obb\model\obb_quant_dataset_800\quant_0073.jpg	D:\Yolo_LPR_RK3568_FPGA_Project\1_PC_Training\datasets\yolo_obb_640\labels\train\ccpd2019_ccpd_challenge_0712-10_17-213&407_549&584-549&584_226&523_213&407_536&468-10_5_4_32_30_25_3-44-5.txt	1	64.400668	10.694569	3	5-15
74	0	blue	0	blue	ccpd2019	ccpd_challenge	D:\Yolo_LPR_RK3568_FPGA_Project\1_PC_Training\datasets\CCPD2019\ccpd_challenge\0836-2_3-178&416_582&589-579&573_178&589_181&432_582&416-0_0_21_0_27_27_29-26-5.jpg	D:\Yolo_LPR_RK3568_FPGA_Project\1_PC_Training\datasets\yolo_obb_640\images\train\ccpd2019_ccpd_challenge_0836-2_3-178&416_582&589-579&573_178&589_181&432_582&416-0_0_21_0_27_27_29-26-5.jpg	D:\Yolo_LPR_RK3568_FPGA_Project\2_Model_Conversion_PC_Simulation\yolov8_obb\model\obb_quant_dataset_800\quant_0074.jpg	D:\Yolo_LPR_RK3568_FPGA_Project\1_PC_Training\datasets\yolo_obb_640\labels\train\ccpd2019_ccpd_challenge_0836-2_3-178&416_582&589-579&573_178&589_181&432_582&416-0_0_21_0_27_27_29-26-5.txt	1	86.636607	2.284884	3	0-5
75	0	blue	0	blue	ccpd2019	ccpd_db	D:\Yolo_LPR_RK3568_FPGA_Project\1_PC_Training\datasets\CCPD2019\ccpd_db\0084-5_6-325&402_443&462-443&462_326&451_325&402_442&413-0_0_24_24_30_18_25-30-10.jpg	D:\Yolo_LPR_RK3568_FPGA_Project\1_PC_Training\datasets\yolo_obb_640\images\train\ccpd2019_ccpd_db_0084-5_6-325&402_443&462-443&462_326&451_325&402_442&413-0_0_24_24_30_18_25-30-10.jpg	D:\Yolo_LPR_RK3568_FPGA_Project\2_Model_Conversion_PC_Simulation\yolov8_obb\model\obb_quant_dataset_800\quant_0075.jpg	D:\Yolo_LPR_RK3568_FPGA_Project\1_PC_Training\datasets\yolo_obb_640\labels\train\ccpd2019_ccpd_db_0084-5_6-325&402_443&462-443&462_326&451_325&402_442&413-0_0_24_24_30_18_25-30-10.txt	1	27.039870	5.371131	1	5-15
76	0	blue	0	blue	ccpd2019	ccpd_db	D:\Yolo_LPR_RK3568_FPGA_Project\1_PC_Training\datasets\CCPD2019\ccpd_db\0087-2_1-369&508_509&560-509&555_372&560_369&513_506&508-13_0_11_32_33_27_16-27-14.jpg	D:\Yolo_LPR_RK3568_FPGA_Project\1_PC_Training\datasets\yolo_obb_640\images\train\ccpd2019_ccpd_db_0087-2_1-369&508_509&560-509&555_372&560_369&513_506&508-13_0_11_32_33_27_16-27-14.jpg	D:\Yolo_LPR_RK3568_FPGA_Project\2_Model_Conversion_PC_Simulation\yolov8_obb\model\obb_quant_dataset_800\quant_0076.jpg	D:\Yolo_LPR_RK3568_FPGA_Project\1_PC_Training\datasets\yolo_obb_640\labels\train\ccpd2019_ccpd_db_0087-2_1-369&508_509&560-509&555_372&560_369&513_506&508-13_0_11_32_33_27_16-27-14.txt	1	25.983634	2.089990	1	0-5
77	0	blue	0	blue	ccpd2019	ccpd_db	D:\Yolo_LPR_RK3568_FPGA_Project\1_PC_Training\datasets\CCPD2019\ccpd_db\0104-4_5-412&403_555&464-555&464_413&452_412&403_554&415-0_0_20_30_8_32_33-30-25.jpg	D:\Yolo_LPR_RK3568_FPGA_Project\1_PC_Training\datasets\yolo_obb_640\images\train\ccpd2019_ccpd_db_0104-4_5-412&403_555&464-555&464_413&452_412&403_554&415-0_0_20_30_8_32_33-30-25.jpg	D:\Yolo_LPR_RK3568_FPGA_Project\2_Model_Conversion_PC_Simulation\yolov8_obb\model\obb_quant_dataset_800\quant_0077.jpg	D:\Yolo_LPR_RK3568_FPGA_Project\1_PC_Training\datasets\yolo_obb_640\labels\train\ccpd2019_ccpd_db_0104-4_5-412&403_555&464-555&464_413&452_412&403_554&415-0_0_20_30_8_32_33-30-25.txt	1	27.039870	4.830506	1	0-5
78	0	blue	0	blue	ccpd2019	ccpd_db	D:\Yolo_LPR_RK3568_FPGA_Project\1_PC_Training\datasets\CCPD2019\ccpd_db\0109-7_4-355&368_491&435-491&417_358&435_355&386_488&368-0_0_17_17_27_27_25-199-9.jpg	D:\Yolo_LPR_RK3568_FPGA_Project\1_PC_Training\datasets\yolo_obb_640\images\train\ccpd2019_ccpd_db_0109-7_4-355&368_491&435-491&417_358&435_355&386_488&368-0_0_17_17_27_27_25-199-9.jpg	D:\Yolo_LPR_RK3568_FPGA_Project\2_Model_Conversion_PC_Simulation\yolov8_obb\model\obb_quant_dataset_800\quant_0078.jpg	D:\Yolo_LPR_RK3568_FPGA_Project\1_PC_Training\datasets\yolo_obb_640\labels\train\ccpd2019_ccpd_db_0109-7_4-355&368_491&435-491&417_358&435_355&386_488&368-0_0_17_17_27_27_25-199-9.txt	1	27.084845	7.707867	1	5-15
79	0	blue	0	blue	ccpd2019	ccpd_db	D:\Yolo_LPR_RK3568_FPGA_Project\1_PC_Training\datasets\CCPD2019\ccpd_db\0142-2_8-146&507_318&576-318&568_158&576_146&515_306&507-0_0_33_25_33_13_26-13-16.jpg	D:\Yolo_LPR_RK3568_FPGA_Project\1_PC_Training\datasets\yolo_obb_640\images\train\ccpd2019_ccpd_db_0142-2_8-146&507_318&576-318&568_158&576_146&515_306&507-0_0_33_25_33_13_26-13-16.jpg	D:\Yolo_LPR_RK3568_FPGA_Project\2_Model_Conversion_PC_Simulation\yolov8_obb\model\obb_quant_dataset_800\quant_0079.jpg	D:\Yolo_LPR_RK3568_FPGA_Project\1_PC_Training\datasets\yolo_obb_640\labels\train\ccpd2019_ccpd_db_0142-2_8-146&507_318&576-318&568_158&576_146&515_306&507-0_0_33_25_33_13_26-13-16.txt	1	34.300025	2.862581	2	0-5
80	0	blue	0	blue	ccpd2019	ccpd_db	D:\Yolo_LPR_RK3568_FPGA_Project\1_PC_Training\datasets\CCPD2019\ccpd_db\0231-5_12-285&490_471&594-460&578_285&594_296&506_471&490-0_0_15_23_33_32_25-28-2.jpg	D:\Yolo_LPR_RK3568_FPGA_Project\1_PC_Training\datasets\yolo_obb_640\images\train\ccpd2019_ccpd_db_0231-5_12-285&490_471&594-460&578_285&594_296&506_471&490-0_0_15_23_33_32_25-28-2.jpg	D:\Yolo_LPR_RK3568_FPGA_Project\2_Model_Conversion_PC_Simulation\yolov8_obb\model\obb_quant_dataset_800\quant_0080.jpg	D:\Yolo_LPR_RK3568_FPGA_Project\1_PC_Training\datasets\yolo_obb_640\labels\train\ccpd2019_ccpd_db_0231-5_12-285&490_471&594-460&578_285&594_296&506_471&490-0_0_15_23_33_32_25-28-2.txt	1	48.929531	5.223899	2	5-15
81	0	blue	0	blue	ccpd2019	ccpd_db	D:\Yolo_LPR_RK3568_FPGA_Project\1_PC_Training\datasets\CCPD2019\ccpd_db\0251-7_9-220&485_411&595-408&570_220&595_223&510_411&485-0_0_10_30_30_26_13-27-3.jpg	D:\Yolo_LPR_RK3568_FPGA_Project\1_PC_Training\datasets\yolo_obb_640\images\train\ccpd2019_ccpd_db_0251-7_9-220&485_411&595-408&570_220&595_223&510_411&485-0_0_10_30_30_26_13-27-3.jpg	D:\Yolo_LPR_RK3568_FPGA_Project\2_Model_Conversion_PC_Simulation\yolov8_obb\model\obb_quant_dataset_800\quant_0081.jpg	D:\Yolo_LPR_RK3568_FPGA_Project\1_PC_Training\datasets\yolo_obb_640\labels\train\ccpd2019_ccpd_db_0251-7_9-220&485_411&595-408&570_220&595_223&510_411&485-0_0_10_30_30_26_13-27-3.txt	1	46.925830	7.574779	2	5-15
82	0	blue	0	blue	ccpd2019	ccpd_db	D:\Yolo_LPR_RK3568_FPGA_Project\1_PC_Training\datasets\CCPD2019\ccpd_db\0265-32_13-350&383_501&530-479&530_350&447_372&383_501&466-0_0_0_26_8_30_32-19-29.jpg	D:\Yolo_LPR_RK3568_FPGA_Project\1_PC_Training\datasets\yolo_obb_640\images\train\ccpd2019_ccpd_db_0265-32_13-350&383_501&530-479&530_350&447_372&383_501&466-0_0_0_26_8_30_32-19-29.jpg	D:\Yolo_LPR_RK3568_FPGA_Project\2_Model_Conversion_PC_Simulation\yolov8_obb\model\obb_quant_dataset_800\quant_0082.jpg	D:\Yolo_LPR_RK3568_FPGA_Project\1_PC_Training\datasets\yolo_obb_640\labels\train\ccpd2019_ccpd_db_0265-32_13-350&383_501&530-479&530_350&447_372&383_501&466-0_0_0_26_8_30_32-19-29.txt	1	37.338599	32.757721	2	30-90
83	0	blue	0	blue	ccpd2019	ccpd_db	D:\Yolo_LPR_RK3568_FPGA_Project\1_PC_Training\datasets\CCPD2019\ccpd_db\0304-23_24-252&493_424&641-423&567_252&641_253&567_424&493-0_0_6_32_24_24_7-18-25.jpg	D:\Yolo_LPR_RK3568_FPGA_Project\1_PC_Training\datasets\yolo_obb_640\images\train\ccpd2019_ccpd_db_0304-23_24-252&493_424&641-423&567_252&641_253&567_424&493-0_0_6_32_24_24_7-18-25.jpg	D:\Yolo_LPR_RK3568_FPGA_Project\2_Model_Conversion_PC_Simulation\yolov8_obb\model\obb_quant_dataset_800\quant_0083.jpg	D:\Yolo_LPR_RK3568_FPGA_Project\1_PC_Training\datasets\yolo_obb_640\labels\train\ccpd2019_ccpd_db_0304-23_24-252&493_424&641-423&567_252&641_253&567_424&493-0_0_6_32_24_24_7-18-25.txt	1	40.831248	23.400444	2	15-30
84	0	blue	0	blue	ccpd2019	ccpd_db	D:\Yolo_LPR_RK3568_FPGA_Project\1_PC_Training\datasets\CCPD2019\ccpd_db\0348-0_1-234&410_525&510-523&507_234&510_236&413_525&410-0_0_14_9_26_27_33-29-54.jpg	D:\Yolo_LPR_RK3568_FPGA_Project\1_PC_Training\datasets\yolo_obb_640\images\train\ccpd2019_ccpd_db_0348-0_1-234&410_525&510-523&507_234&510_236&413_525&410-0_0_14_9_26_27_33-29-54.jpg	D:\Yolo_LPR_RK3568_FPGA_Project\2_Model_Conversion_PC_Simulation\yolov8_obb\model\obb_quant_dataset_800\quant_0084.jpg	D:\Yolo_LPR_RK3568_FPGA_Project\1_PC_Training\datasets\yolo_obb_640\labels\train\ccpd2019_ccpd_db_0348-0_1-234&410_525&510-523&507_234&510_236&413_525&410-0_0_14_9_26_27_33-29-54.txt	1	53.528816	0.594697	3	0-5
85	0	blue	0	blue	ccpd2019	ccpd_db	D:\Yolo_LPR_RK3568_FPGA_Project\1_PC_Training\datasets\CCPD2019\ccpd_db\0363-2_9-211&430_531&525-531&525_222&514_211&430_520&441-0_0_6_25_5_25_32-20-1.jpg	D:\Yolo_LPR_RK3568_FPGA_Project\1_PC_Training\datasets\yolo_obb_640\images\train\ccpd2019_ccpd_db_0363-2_9-211&430_531&525-531&525_222&514_211&430_520&441-0_0_6_25_5_25_32-20-1.jpg	D:\Yolo_LPR_RK3568_FPGA_Project\2_Model_Conversion_PC_Simulation\yolov8_obb\model\obb_quant_dataset_800\quant_0085.jpg	D:\Yolo_LPR_RK3568_FPGA_Project\1_PC_Training\datasets\yolo_obb_640\labels\train\ccpd2019_ccpd_db_0363-2_9-211&430_531&525-531&525_222&514_211&430_520&441-0_0_6_25_5_25_32-20-1.txt	1	46.739968	2.038845	2	0-5
86	0	blue	0	blue	ccpd2019	ccpd_db	D:\Yolo_LPR_RK3568_FPGA_Project\1_PC_Training\datasets\CCPD2019\ccpd_db\0414-31_19-147&258_329&448-329&349_167&448_147&357_309&258-0_0_29_27_24_15_31-22-89.jpg	D:\Yolo_LPR_RK3568_FPGA_Project\1_PC_Training\datasets\yolo_obb_640\images\train\ccpd2019_ccpd_db_0414-31_19-147&258_329&448-329&349_167&448_147&357_309&258-0_0_29_27_24_15_31-22-89.jpg	D:\Yolo_LPR_RK3568_FPGA_Project\2_Model_Conversion_PC_Simulation\yolov8_obb\model\obb_quant_dataset_800\quant_0086.jpg	D:\Yolo_LPR_RK3568_FPGA_Project\1_PC_Training\datasets\yolo_obb_640\labels\train\ccpd2019_ccpd_db_0414-31_19-147&258_329&448-329&349_167&448_147&357_309&258-0_0_29_27_24_15_31-22-89.txt	1	51.404939	31.429617	3	30-90
87	0	blue	0	blue	ccpd2019	ccpd_db	D:\Yolo_LPR_RK3568_FPGA_Project\1_PC_Training\datasets\CCPD2019\ccpd_db\0421-25_41-236&450_436&626-408&545_236&626_264&531_436&450-0_0_4_30_27_24_2-18-66.jpg	D:\Yolo_LPR_RK3568_FPGA_Project\1_PC_Training\datasets\yolo_obb_640\images\train\ccpd2019_ccpd_db_0421-25_41-236&450_436&626-408&545_236&626_264&531_436&450-0_0_4_30_27_24_2-18-66.jpg	D:\Yolo_LPR_RK3568_FPGA_Project\2_Model_Conversion_PC_Simulation\yolov8_obb\model\obb_quant_dataset_800\quant_0087.jpg	D:\Yolo_LPR_RK3568_FPGA_Project\1_PC_Training\datasets\yolo_obb_640\labels\train\ccpd2019_ccpd_db_0421-25_41-236&450_436&626-408&545_236&626_264&531_436&450-0_0_4_30_27_24_2-18-66.txt	1	54.642651	25.217284	3	15-30
88	0	blue	0	blue	ccpd2019	ccpd_db	D:\Yolo_LPR_RK3568_FPGA_Project\1_PC_Training\datasets\CCPD2019\ccpd_db\0427-33_36-245&372_411&587-406&479_245&587_250&480_411&372-0_0_29_28_21_30_30-37-47.jpg	D:\Yolo_LPR_RK3568_FPGA_Project\1_PC_Training\datasets\yolo_obb_640\images\train\ccpd2019_ccpd_db_0427-33_36-245&372_411&587-406&479_245&587_250&480_411&372-0_0_29_28_21_30_30-37-47.jpg	D:\Yolo_LPR_RK3568_FPGA_Project\2_Model_Conversion_PC_Simulation\yolov8_obb\model\obb_quant_dataset_800\quant_0088.jpg	D:\Yolo_LPR_RK3568_FPGA_Project\1_PC_Training\datasets\yolo_obb_640\labels\train\ccpd2019_ccpd_db_0427-33_36-245&372_411&587-406&479_245&587_250&480_411&372-0_0_29_28_21_30_30-37-47.txt	1	59.098651	33.853889	3	30-90
89	0	blue	0	blue	ccpd2019	ccpd_db	D:\Yolo_LPR_RK3568_FPGA_Project\1_PC_Training\datasets\CCPD2019\ccpd_db\0468-6_22-222&450_523&580-523&580_251&550_222&450_494&480-0_0_5_24_26_26_8-28-17.jpg	D:\Yolo_LPR_RK3568_FPGA_Project\1_PC_Training\datasets\yolo_obb_640\images\train\ccpd2019_ccpd_db_0468-6_22-222&450_523&580-523&580_251&550_222&450_494&480-0_0_5_24_26_26_8-28-17.jpg	D:\Yolo_LPR_RK3568_FPGA_Project\2_Model_Conversion_PC_Simulation\yolov8_obb\model\obb_quant_dataset_800\quant_0089.jpg	D:\Yolo_LPR_RK3568_FPGA_Project\1_PC_Training\datasets\yolo_obb_640\labels\train\ccpd2019_ccpd_db_0468-6_22-222&450_523&580-523&580_251&550_222&450_494&480-0_0_5_24_26_26_8-28-17.txt	1	57.445673	6.293928	3	5-15
90	0	blue	0	blue	ccpd2019	ccpd_db	D:\Yolo_LPR_RK3568_FPGA_Project\1_PC_Training\datasets\CCPD2019\ccpd_db\0537-31_9-141&491_369&688-339&688_141&569_171&491_369&610-0_0_28_32_24_29_28-19-101.jpg	D:\Yolo_LPR_RK3568_FPGA_Project\1_PC_Training\datasets\yolo_obb_640\images\train\ccpd2019_ccpd_db_0537-31_9-141&491_369&688-339&688_141&569_171&491_369&610-0_0_28_32_24_29_28-19-101.jpg	D:\Yolo_LPR_RK3568_FPGA_Project\2_Model_Conversion_PC_Simulation\yolov8_obb\model\obb_quant_dataset_800\quant_0090.jpg	D:\Yolo_LPR_RK3568_FPGA_Project\1_PC_Training\datasets\yolo_obb_640\labels\train\ccpd2019_ccpd_db_0537-31_9-141&491_369&688-339&688_141&569_171&491_369&610-0_0_28_32_24_29_28-19-101.txt	1	46.107589	31.006241	2	30-90
91	0	blue	0	blue	ccpd2019	ccpd_db	D:\Yolo_LPR_RK3568_FPGA_Project\1_PC_Training\datasets\CCPD2019\ccpd_db\0554-18_51-256&467_553&623-553&623_303&540_256&467_506&550-0_0_15_2_26_25_26-42-103.jpg	D:\Yolo_LPR_RK3568_FPGA_Project\1_PC_Training\datasets\yolo_obb_640\images\train\ccpd2019_ccpd_db_0554-18_51-256&467_553&623-553&623_303&540_256&467_506&550-0_0_15_2_26_25_26-42-103.jpg	D:\Yolo_LPR_RK3568_FPGA_Project\2_Model_Conversion_PC_Simulation\yolov8_obb\model\obb_quant_dataset_800\quant_0091.jpg	D:\Yolo_LPR_RK3568_FPGA_Project\1_PC_Training\datasets\yolo_obb_640\labels\train\ccpd2019_ccpd_db_0554-18_51-256&467_553&623-553&623_303&540_256&467_506&550-0_0_15_2_26_25_26-42-103.txt	1	47.901418	18.366194	2	15-30
92	0	blue	0	blue	ccpd2019	ccpd_db	D:\Yolo_LPR_RK3568_FPGA_Project\1_PC_Training\datasets\CCPD2019\ccpd_db\0845-20_51-202&531_535&743-535&743_267&641_202&531_470&633-0_0_16_15_27_29_33-43-45.jpg	D:\Yolo_LPR_RK3568_FPGA_Project\1_PC_Training\datasets\yolo_obb_640\images\train\ccpd2019_ccpd_db_0845-20_51-202&531_535&743-535&743_267&641_202&531_470&633-0_0_16_15_27_29_33-43-45.jpg	D:\Yolo_LPR_RK3568_FPGA_Project\2_Model_Conversion_PC_Simulation\yolov8_obb\model\obb_quant_dataset_800\quant_0092.jpg	D:\Yolo_LPR_RK3568_FPGA_Project\1_PC_Training\datasets\yolo_obb_640\labels\train\ccpd2019_ccpd_db_0845-20_51-202&531_535&743-535&743_267&641_202&531_470&633-0_0_16_15_27_29_33-43-45.txt	1	70.492940	20.836628	3	15-30
93	0	blue	0	blue	ccpd2019	ccpd_db	D:\Yolo_LPR_RK3568_FPGA_Project\1_PC_Training\datasets\CCPD2019\ccpd_db\0845-2_40-24&512_633&628-633&628_97&604_24&512_560&536-0_0_6_16_24_24_25-40-29.jpg	D:\Yolo_LPR_RK3568_FPGA_Project\1_PC_Training\datasets\yolo_obb_640\images\train\ccpd2019_ccpd_db_0845-2_40-24&512_633&628-633&628_97&604_24&512_560&536-0_0_6_16_24_24_25-40-29.jpg	D:\Yolo_LPR_RK3568_FPGA_Project\2_Model_Conversion_PC_Simulation\yolov8_obb\model\obb_quant_dataset_800\quant_0093.jpg	D:\Yolo_LPR_RK3568_FPGA_Project\1_PC_Training\datasets\yolo_obb_640\labels\train\ccpd2019_ccpd_db_0845-2_40-24&512_633&628-633&628_97&604_24&512_560&536-0_0_6_16_24_24_25-40-29.txt	1	64.796325	2.563811	3	0-5
94	0	blue	0	blue	ccpd2019	ccpd_db	D:\Yolo_LPR_RK3568_FPGA_Project\1_PC_Training\datasets\CCPD2019\ccpd_db\1119-8_25-169&445_608&658-559&603_169&658_218&500_608&445-0_0_22_28_29_30_10-22-8.jpg	D:\Yolo_LPR_RK3568_FPGA_Project\1_PC_Training\datasets\yolo_obb_640\images\train\ccpd2019_ccpd_db_1119-8_25-169&445_608&658-559&603_169&658_218&500_608&445-0_0_22_28_29_30_10-22-8.jpg	D:\Yolo_LPR_RK3568_FPGA_Project\2_Model_Conversion_PC_Simulation\yolov8_obb\model\obb_quant_dataset_800\quant_0094.jpg	D:\Yolo_LPR_RK3568_FPGA_Project\1_PC_Training\datasets\yolo_obb_640\labels\train\ccpd2019_ccpd_db_1119-8_25-169&445_608&658-559&603_169&658_218&500_608&445-0_0_22_28_29_30_10-22-8.txt	1	91.268245	8.027100	3	5-15
95	0	blue	0	blue	ccpd2019	ccpd_fn	D:\Yolo_LPR_RK3568_FPGA_Project\1_PC_Training\datasets\CCPD2019\ccpd_fn\0056-3_4-349&507_458&550-453&550_349&543_354&507_458&514-0_0_33_25_27_11_33-154-34.jpg	D:\Yolo_LPR_RK3568_FPGA_Project\1_PC_Training\datasets\yolo_obb_640\images\train\ccpd2019_ccpd_fn_0056-3_4-349&507_458&550-453&550_349&543_354&507_458&514-0_0_33_25_27_11_33-154-34.jpg	D:\Yolo_LPR_RK3568_FPGA_Project\2_Model_Conversion_PC_Simulation\yolov8_obb\model\obb_quant_dataset_800\quant_0095.jpg	D:\Yolo_LPR_RK3568_FPGA_Project\1_PC_Training\datasets\yolo_obb_640\labels\train\ccpd2019_ccpd_fn_0056-3_4-349&507_458&550-453&550_349&543_354&507_458&514-0_0_33_25_27_11_33-154-34.txt	1	20.052449	3.850953	1	0-5
96	0	blue	0	blue	ccpd2019	ccpd_fn	D:\Yolo_LPR_RK3568_FPGA_Project\1_PC_Training\datasets\CCPD2019\ccpd_fn\0058-2_0-333&533_446&576-444&576_333&572_335&533_446&537-0_0_16_2_26_26_26-87-26.jpg	D:\Yolo_LPR_RK3568_FPGA_Project\1_PC_Training\datasets\yolo_obb_640\images\train\ccpd2019_ccpd_fn_0058-2_0-333&533_446&576-444&576_333&572_335&533_446&537-0_0_16_2_26_26_26-87-26.jpg	D:\Yolo_LPR_RK3568_FPGA_Project\2_Model_Conversion_PC_Simulation\yolov8_obb\model\obb_quant_dataset_800\quant_0096.jpg	D:\Yolo_LPR_RK3568_FPGA_Project\1_PC_Training\datasets\yolo_obb_640\labels\train\ccpd2019_ccpd_fn_0058-2_0-333&533_446&576-444&576_333&572_335&533_446&537-0_0_16_2_26_26_26-87-26.txt	1	21.545080	2.064248	1	0-5
97	0	blue	0	blue	ccpd2019	ccpd_fn	D:\Yolo_LPR_RK3568_FPGA_Project\1_PC_Training\datasets\CCPD2019\ccpd_fn\0063-5_6-320&483_424&534-423&524_320&534_321&493_424&483-0_0_0_13_30_30_24-73-15.jpg	D:\Yolo_LPR_RK3568_FPGA_Project\1_PC_Training\datasets\yolo_obb_640\images\train\ccpd2019_ccpd_fn_0063-5_6-320&483_424&534-423&524_320&534_321&493_424&483-0_0_0_13_30_30_24-73-15.jpg	D:\Yolo_LPR_RK3568_FPGA_Project\2_Model_Conversion_PC_Simulation\yolov8_obb\model\obb_quant_dataset_800\quant_0097.jpg	D:\Yolo_LPR_RK3568_FPGA_Project\1_PC_Training\datasets\yolo_obb_640\labels\train\ccpd2019_ccpd_fn_0063-5_6-320&483_424&534-423&524_320&534_321&493_424&483-0_0_0_13_30_30_24-73-15.txt	1	22.627528	5.545499	1	5-15
98	0	blue	0	blue	ccpd2019	ccpd_fn	D:\Yolo_LPR_RK3568_FPGA_Project\1_PC_Training\datasets\CCPD2019\ccpd_fn\0065-9_3-391&361_493&415-493&399_395&415_391&377_489&361-0_0_13_31_8_31_32-56-13.jpg	D:\Yolo_LPR_RK3568_FPGA_Project\1_PC_Training\datasets\yolo_obb_640\images\train\ccpd2019_ccpd_fn_0065-9_3-391&361_493&415-493&399_395&415_391&377_489&361-0_0_13_31_8_31_32-56-13.jpg	D:\Yolo_LPR_RK3568_FPGA_Project\2_Model_Conversion_PC_Simulation\yolov8_obb\model\obb_quant_dataset_800\quant_0098.jpg	D:\Yolo_LPR_RK3568_FPGA_Project\1_PC_Training\datasets\yolo_obb_640\labels\train\ccpd2019_ccpd_fn_0065-9_3-391&361_493&415-493&399_395&415_391&377_489&361-0_0_13_31_8_31_32-56-13.txt	1	21.081568	9.272541	1	5-15
99	0	blue	0	blue	ccpd2019	ccpd_fn	D:\Yolo_LPR_RK3568_FPGA_Project\1_PC_Training\datasets\CCPD2019\ccpd_fn\0066-13_25-279&454_362&521-362&521_289&503_279&454_352&472-0_0_27_27_8_29_32-104-15.jpg	D:\Yolo_LPR_RK3568_FPGA_Project\1_PC_Training\datasets\yolo_obb_640\images\train\ccpd2019_ccpd_fn_0066-13_25-279&454_362&521-362&521_289&503_279&454_352&472-0_0_27_27_8_29_32-104-15.jpg	D:\Yolo_LPR_RK3568_FPGA_Project\2_Model_Conversion_PC_Simulation\yolov8_obb\model\obb_quant_dataset_800\quant_0099.jpg	D:\Yolo_LPR_RK3568_FPGA_Project\1_PC_Training\datasets\yolo_obb_640\labels\train\ccpd2019_ccpd_fn_0066-13_25-279&454_362&521-362&521_289&503_279&454_352&472-0_0_27_27_8_29_32-104-15.txt	1	27.591495	13.852056	2	5-15
100	0	blue	0	blue	ccpd2019	ccpd_fn	D:\Yolo_LPR_RK3568_FPGA_Project\1_PC_Training\datasets\CCPD2019\ccpd_fn\0066-3_2-409&504_507&561-507&555_410&561_409&510_506&504-0_12_3_27_32_32_8-180-34.jpg	D:\Yolo_LPR_RK3568_FPGA_Project\1_PC_Training\datasets\yolo_obb_640\images\train\ccpd2019_ccpd_fn_0066-3_2-409&504_507&561-507&555_410&561_409&510_506&504-0_12_3_27_32_32_8-180-34.jpg	D:\Yolo_LPR_RK3568_FPGA_Project\2_Model_Conversion_PC_Simulation\yolov8_obb\model\obb_quant_dataset_800\quant_0100.jpg	D:\Yolo_LPR_RK3568_FPGA_Project\1_PC_Training\datasets\yolo_obb_640\labels\train\ccpd2019_ccpd_fn_0066-3_2-409&504_507&561-507&555_410&561_409&510_506&504-0_12_3_27_32_32_8-180-34.txt	1	28.143009	3.539939	2	0-5
101	0	blue	0	blue	ccpd2019	ccpd_fn	D:\Yolo_LPR_RK3568_FPGA_Project\1_PC_Training\datasets\CCPD2019\ccpd_fn\0069-15_16-390&500_472&571-471&549_390&571_391&522_472&500-0_0_29_29_15_31_24-96-64.jpg	D:\Yolo_LPR_RK3568_FPGA_Project\1_PC_Training\datasets\yolo_obb_640\images\train\ccpd2019_ccpd_fn_0069-15_16-390&500_472&571-471&549_390&571_391&522_472&500-0_0_29_29_15_31_24-96-64.jpg	D:\Yolo_LPR_RK3568_FPGA_Project\2_Model_Conversion_PC_Simulation\yolov8_obb\model\obb_quant_dataset_800\quant_0101.jpg	D:\Yolo_LPR_RK3568_FPGA_Project\1_PC_Training\datasets\yolo_obb_640\labels\train\ccpd2019_ccpd_fn_0069-15_16-390&500_472&571-471&549_390&571_391&522_472&500-0_0_29_29_15_31_24-96-64.txt	1	27.039870	15.195617	1	15-30
102	0	blue	0	blue	ccpd2019	ccpd_fn	D:\Yolo_LPR_RK3568_FPGA_Project\1_PC_Training\datasets\CCPD2019\ccpd_fn\0069-5_6-264&484_356&547-355&538_264&547_265&493_356&484-0_0_21_16_26_28_28-114-20.jpg	D:\Yolo_LPR_RK3568_FPGA_Project\1_PC_Training\datasets\yolo_obb_640\images\train\ccpd2019_ccpd_fn_0069-5_6-264&484_356&547-355&538_264&547_265&493_356&484-0_0_21_16_26_28_28-114-20.jpg	D:\Yolo_LPR_RK3568_FPGA_Project\2_Model_Conversion_PC_Simulation\yolov8_obb\model\obb_quant_dataset_800\quant_0102.jpg	D:\Yolo_LPR_RK3568_FPGA_Project\1_PC_Training\datasets\yolo_obb_640\labels\train\ccpd2019_ccpd_fn_0069-5_6-264&484_356&547-355&538_264&547_265&493_356&484-0_0_21_16_26_28_28-114-20.txt	1	29.798382	5.648517	2	5-15
103	0	blue	0	blue	ccpd2019	ccpd_fn	D:\Yolo_LPR_RK3568_FPGA_Project\1_PC_Training\datasets\CCPD2019\ccpd_fn\0090-1_3-173&432_313&486-313&483_177&486_173&435_309&432-0_0_22_23_24_32_25-106-10.jpg	D:\Yolo_LPR_RK3568_FPGA_Project\1_PC_Training\datasets\yolo_obb_640\images\train\ccpd2019_ccpd_fn_0090-1_3-173&432_313&486-313&483_177&486_173&435_309&432-0_0_22_23_24_32_25-106-10.jpg	D:\Yolo_LPR_RK3568_FPGA_Project\2_Model_Conversion_PC_Simulation\yolov8_obb\model\obb_quant_dataset_800\quant_0103.jpg	D:\Yolo_LPR_RK3568_FPGA_Project\1_PC_Training\datasets\yolo_obb_640\labels\train\ccpd2019_ccpd_fn_0090-1_3-173&432_313&486-313&483_177&486_173&435_309&432-0_0_22_23_24_32_25-106-10.txt	1	28.223996	1.264059	2	0-5
104	0	blue	0	blue	ccpd2019	ccpd_fn	D:\Yolo_LPR_RK3568_FPGA_Project\1_PC_Training\datasets\CCPD2019\ccpd_fn\0090-20_2-318&530_417&606-402&606_318&574_333&530_417&562-0_0_8_2_26_30_26-155-26.jpg	D:\Yolo_LPR_RK3568_FPGA_Project\1_PC_Training\datasets\yolo_obb_640\images\train\ccpd2019_ccpd_fn_0090-20_2-318&530_417&606-402&606_318&574_333&530_417&562-0_0_8_2_26_30_26-155-26.jpg	D:\Yolo_LPR_RK3568_FPGA_Project\2_Model_Conversion_PC_Simulation\yolov8_obb\model\obb_quant_dataset_800\quant_0104.jpg	D:\Yolo_LPR_RK3568_FPGA_Project\1_PC_Training\datasets\yolo_obb_640\labels\train\ccpd2019_ccpd_fn_0090-20_2-318&530_417&606-402&606_318&574_333&530_417&562-0_0_8_2_26_30_26-155-26.txt	1	25.647692	20.854261	1	15-30
105	0	blue	0	blue	ccpd2019	ccpd_fn	D:\Yolo_LPR_RK3568_FPGA_Project\1_PC_Training\datasets\CCPD2019\ccpd_fn\0090-25_25-306&480_382&579-382&579_306&542_306&480_382&517-0_7_10_24_19_27_30-103-118.jpg	D:\Yolo_LPR_RK3568_FPGA_Project\1_PC_Training\datasets\yolo_obb_640\images\train\ccpd2019_ccpd_fn_0090-25_25-306&480_382&579-382&579_306&542_306&480_382&517-0_7_10_24_19_27_30-103-118.jpg	D:\Yolo_LPR_RK3568_FPGA_Project\2_Model_Conversion_PC_Simulation\yolov8_obb\model\obb_quant_dataset_800\quant_0105.jpg	D:\Yolo_LPR_RK3568_FPGA_Project\1_PC_Training\datasets\yolo_obb_640\labels\train\ccpd2019_ccpd_fn_0090-25_25-306&480_382&579-382&579_306&542_306&480_382&517-0_7_10_24_19_27_30-103-118.txt	1	34.206720	25.958991	2	15-30
106	0	blue	0	blue	ccpd2019	ccpd_fn	D:\Yolo_LPR_RK3568_FPGA_Project\1_PC_Training\datasets\CCPD2019\ccpd_fn\0671-24_24-308&432_535&679-534&578_308&679_309&533_535&432-0_0_7_32_6_32_27-102-142.jpg	D:\Yolo_LPR_RK3568_FPGA_Project\1_PC_Training\datasets\yolo_obb_640\images\train\ccpd2019_ccpd_fn_0671-24_24-308&432_535&679-534&578_308&679_309&533_535&432-0_0_7_32_6_32_27-102-142.jpg	D:\Yolo_LPR_RK3568_FPGA_Project\2_Model_Conversion_PC_Simulation\yolov8_obb\model\obb_quant_dataset_800\quant_0106.jpg	D:\Yolo_LPR_RK3568_FPGA_Project\1_PC_Training\datasets\yolo_obb_640\labels\train\ccpd2019_ccpd_fn_0671-24_24-308&432_535&679-534&578_308&679_309&533_535&432-0_0_7_32_6_32_27-102-142.txt	1	80.553570	24.079995	3	15-30
107	0	blue	0	blue	ccpd2019	ccpd_fn	D:\Yolo_LPR_RK3568_FPGA_Project\1_PC_Training\datasets\CCPD2019\ccpd_fn\0691-27_38-205&292_476&505-476&505_220&371_205&292_461&426-0_0_2_32_30_31_6-47-204.jpg	D:\Yolo_LPR_RK3568_FPGA_Project\1_PC_Training\datasets\yolo_obb_640\images\train\ccpd2019_ccpd_fn_0691-27_38-205&292_476&505-476&505_220&371_205&292_461&426-0_0_2_32_30_31_6-47-204.jpg	D:\Yolo_LPR_RK3568_FPGA_Project\2_Model_Conversion_PC_Simulation\yolov8_obb\model\obb_quant_dataset_800\quant_0107.jpg	D:\Yolo_LPR_RK3568_FPGA_Project\1_PC_Training\datasets\yolo_obb_640\labels\train\ccpd2019_ccpd_fn_0691-27_38-205&292_476&505-476&505_220&371_205&292_461&426-0_0_2_32_30_31_6-47-204.txt	1	44.365256	27.629168	2	15-30
108	0	blue	0	blue	ccpd2019	ccpd_fn	D:\Yolo_LPR_RK3568_FPGA_Project\1_PC_Training\datasets\CCPD2019\ccpd_fn\0706-0_7-198&443_594&592-573&592_198&586_219&443_594&449-0_0_27_5_31_29_29-31-4.jpg	D:\Yolo_LPR_RK3568_FPGA_Project\1_PC_Training\datasets\yolo_obb_640\images\train\ccpd2019_ccpd_fn_0706-0_7-198&443_594&592-573&592_198&586_219&443_594&449-0_0_27_5_31_29_29-31-4.jpg	D:\Yolo_LPR_RK3568_FPGA_Project\2_Model_Conversion_PC_Simulation\yolov8_obb\model\obb_quant_dataset_800\quant_0108.jpg	D:\Yolo_LPR_RK3568_FPGA_Project\1_PC_Training\datasets\yolo_obb_640\labels\train\ccpd2019_ccpd_fn_0706-0_7-198&443_594&592-573&592_198&586_219&443_594&449-0_0_27_5_31_29_29-31-4.txt	1	79.742223	0.916759	3	0-5
109	0	blue	0	blue	ccpd2019	ccpd_fn	D:\Yolo_LPR_RK3568_FPGA_Project\1_PC_Training\datasets\CCPD2019\ccpd_fn\0744-28_46-161&362_419&603-419&603_198&481_161&362_382&484-0_0_7_3_29_27_29-63-58.jpg	D:\Yolo_LPR_RK3568_FPGA_Project\1_PC_Training\datasets\yolo_obb_640\images\train\ccpd2019_ccpd_fn_0744-28_46-161&362_419&603-419&603_198&481_161&362_382&484-0_0_7_3_29_27_29-63-58.jpg	D:\Yolo_LPR_RK3568_FPGA_Project\2_Model_Conversion_PC_Simulation\yolov8_obb\model\obb_quant_dataset_800\quant_0109.jpg	D:\Yolo_LPR_RK3568_FPGA_Project\1_PC_Training\datasets\yolo_obb_640\labels\train\ccpd2019_ccpd_fn_0744-28_46-161&362_419&603-419&603_198&481_161&362_382&484-0_0_7_3_29_27_29-63-58.txt	1	68.755429	28.900148	3	15-30
110	0	blue	0	blue	ccpd2019	ccpd_fn	D:\Yolo_LPR_RK3568_FPGA_Project\1_PC_Training\datasets\CCPD2019\ccpd_fn\0795-34_34-174&323_412&602-412&602_174&441_174&323_412&484-0_0_16_26_32_31_8-148-155.jpg	D:\Yolo_LPR_RK3568_FPGA_Project\1_PC_Training\datasets\yolo_obb_640\images\train\ccpd2019_ccpd_fn_0795-34_34-174&323_412&602-412&602_174&441_174&323_412&484-0_0_16_26_32_31_8-148-155.jpg	D:\Yolo_LPR_RK3568_FPGA_Project\2_Model_Conversion_PC_Simulation\yolov8_obb\model\obb_quant_dataset_800\quant_0110.jpg	D:\Yolo_LPR_RK3568_FPGA_Project\1_PC_Training\datasets\yolo_obb_640\labels\train\ccpd2019_ccpd_fn_0795-34_34-174&323_412&602-412&602_174&441_174&323_412&484-0_0_16_26_32_31_8-148-155.txt	1	65.103360	34.077412	3	30-90
111	0	blue	0	blue	ccpd2019	ccpd_fn	D:\Yolo_LPR_RK3568_FPGA_Project\1_PC_Training\datasets\CCPD2019\ccpd_fn\0824-30_21-3&269_283&515-268&515_3&358_18&269_283&426-0_0_31_31_33_18_26-63-134.jpg	D:\Yolo_LPR_RK3568_FPGA_Project\1_PC_Training\datasets\yolo_obb_640\images\train\ccpd2019_ccpd_fn_0824-30_21-3&269_283&515-268&515_3&358_18&269_283&426-0_0_31_31_33_18_26-63-134.jpg	D:\Yolo_LPR_RK3568_FPGA_Project\2_Model_Conversion_PC_Simulation\yolov8_obb\model\obb_quant_dataset_800\quant_0111.jpg	D:\Yolo_LPR_RK3568_FPGA_Project\1_PC_Training\datasets\yolo_obb_640\labels\train\ccpd2019_ccpd_fn_0824-30_21-3&269_283&515-268&515_3&358_18&269_283&426-0_0_31_31_33_18_26-63-134.txt	1	49.795860	30.644557	2	30-90
112	0	blue	0	blue	ccpd2019	ccpd_fn	D:\Yolo_LPR_RK3568_FPGA_Project\1_PC_Training\datasets\CCPD2019\ccpd_fn\0980-6_29-80&466_615&619-615&619_124&567_80&466_571&518-0_0_8_24_3_29_30-149-86.jpg	D:\Yolo_LPR_RK3568_FPGA_Project\1_PC_Training\datasets\yolo_obb_640\images\train\ccpd2019_ccpd_fn_0980-6_29-80&466_615&619-615&619_124&567_80&466_571&518-0_0_8_24_3_29_30-149-86.jpg	D:\Yolo_LPR_RK3568_FPGA_Project\2_Model_Conversion_PC_Simulation\yolov8_obb\model\obb_quant_dataset_800\quant_0112.jpg	D:\Yolo_LPR_RK3568_FPGA_Project\1_PC_Training\datasets\yolo_obb_640\labels\train\ccpd2019_ccpd_fn_0980-6_29-80&466_615&619-615&619_124&567_80&466_571&518-0_0_8_24_3_29_30-149-86.txt	1	60.782377	6.045500	3	5-15
113	0	blue	0	blue	ccpd2019	ccpd_fn	D:\Yolo_LPR_RK3568_FPGA_Project\1_PC_Training\datasets\CCPD2019\ccpd_fn\1048-31_23-272&358_559&663-559&499_292&663_272&522_539&358-0_0_11_28_29_25_30-131-139.jpg	D:\Yolo_LPR_RK3568_FPGA_Project\1_PC_Training\datasets\yolo_obb_640\images\train\ccpd2019_ccpd_fn_1048-31_23-272&358_559&663-559&499_292&663_272&522_539&358-0_0_11_28_29_25_30-131-139.jpg	D:\Yolo_LPR_RK3568_FPGA_Project\2_Model_Conversion_PC_Simulation\yolov8_obb\model\obb_quant_dataset_800\quant_0113.jpg	D:\Yolo_LPR_RK3568_FPGA_Project\1_PC_Training\datasets\yolo_obb_640\labels\train\ccpd2019_ccpd_fn_1048-31_23-272&358_559&663-559&499_292&663_272&522_539&358-0_0_11_28_29_25_30-131-139.txt	1	78.571347	31.559734	3	30-90
114	0	blue	0	blue	ccpd2019	ccpd_fn	D:\Yolo_LPR_RK3568_FPGA_Project\1_PC_Training\datasets\CCPD2019\ccpd_fn\1731-4_4-0&329_605&568-604&516_0&568_0&381_605&329-0_0_31_31_26_6_26-84-71.jpg	D:\Yolo_LPR_RK3568_FPGA_Project\1_PC_Training\datasets\yolo_obb_640\images\train\ccpd2019_ccpd_fn_1731-4_4-0&329_605&568-604&516_0&568_0&381_605&329-0_0_31_31_26_6_26-84-71.jpg	D:\Yolo_LPR_RK3568_FPGA_Project\2_Model_Conversion_PC_Simulation\yolov8_obb\model\obb_quant_dataset_800\quant_0114.jpg	D:\Yolo_LPR_RK3568_FPGA_Project\1_PC_Training\datasets\yolo_obb_640\labels\train\ccpd2019_ccpd_fn_1731-4_4-0&329_605&568-604&516_0&568_0&381_605&329-0_0_31_31_26_6_26-84-71.txt	1	103.172480	4.912457	3	0-5
115	0	blue	0	blue	ccpd2019	ccpd_fn	D:\Yolo_LPR_RK3568_FPGA_Project\1_PC_Training\datasets\CCPD2019\ccpd_fn\2591-8_14-0&281_719&582-712&470_0&582_4&393_719&281-0_0_3_28_30_33_21-135-265.jpg	D:\Yolo_LPR_RK3568_FPGA_Project\1_PC_Training\datasets\yolo_obb_640\images\train\ccpd2019_ccpd_fn_2591-8_14-0&281_719&582-712&470_0&582_4&393_719&281-0_0_3_28_30_33_21-135-265.jpg	D:\Yolo_LPR_RK3568_FPGA_Project\2_Model_Conversion_PC_Simulation\yolov8_obb\model\obb_quant_dataset_800\quant_0115.jpg	D:\Yolo_LPR_RK3568_FPGA_Project\1_PC_Training\datasets\yolo_obb_640\labels\train\ccpd2019_ccpd_fn_2591-8_14-0&281_719&582-712&470_0&582_4&393_719&281-0_0_3_28_30_33_21-135-265.txt	1	104.299195	8.902688	3	5-15
116	0	blue	0	blue	ccpd2019	ccpd_rotate	D:\Yolo_LPR_RK3568_FPGA_Project\1_PC_Training\datasets\CCPD2019\ccpd_rotate\0072-14_13-186&405_279&470-279&446_187&470_186&429_278&405-0_0_31_32_26_11_26-90-150.jpg	D:\Yolo_LPR_RK3568_FPGA_Project\1_PC_Training\datasets\yolo_obb_640\images\train\ccpd2019_ccpd_rotate_0072-14_13-186&405_279&470-279&446_187&470_186&429_278&405-0_0_31_32_26_11_26-90-150.jpg	D:\Yolo_LPR_RK3568_FPGA_Project\2_Model_Conversion_PC_Simulation\yolov8_obb\model\obb_quant_dataset_800\quant_0116.jpg	D:\Yolo_LPR_RK3568_FPGA_Project\1_PC_Training\datasets\yolo_obb_640\labels\train\ccpd2019_ccpd_rotate_0072-14_13-186&405_279&470-279&446_187&470_186&429_278&405-0_0_31_32_26_11_26-90-150.txt	1	22.626889	14.621083	1	5-15
117	0	blue	0	blue	ccpd2019	ccpd_rotate	D:\Yolo_LPR_RK3568_FPGA_Project\1_PC_Training\datasets\CCPD2019\ccpd_rotate\0125-14_0-396&544_530&622-519&622_396&591_407&544_530&575-0_0_6_29_24_30_8-143-39.jpg	D:\Yolo_LPR_RK3568_FPGA_Project\1_PC_Training\datasets\yolo_obb_640\images\train\ccpd2019_ccpd_rotate_0125-14_0-396&544_530&622-519&622_396&591_407&544_530&575-0_0_6_29_24_30_8-143-39.jpg	D:\Yolo_LPR_RK3568_FPGA_Project\2_Model_Conversion_PC_Simulation\yolov8_obb\model\obb_quant_dataset_800\quant_0117.jpg	D:\Yolo_LPR_RK3568_FPGA_Project\1_PC_Training\datasets\yolo_obb_640\labels\train\ccpd2019_ccpd_rotate_0125-14_0-396&544_530&622-519&622_396&591_407&544_530&575-0_0_6_29_24_30_8-143-39.txt	1	26.631634	14.145752	1	5-15
118	0	blue	0	blue	ccpd2019	ccpd_rotate	D:\Yolo_LPR_RK3568_FPGA_Project\1_PC_Training\datasets\CCPD2019\ccpd_rotate\0132-14_4-226&650_350&739-329&739_226&712_247&650_350&677-0_0_22_29_31_32_4-75-96.jpg	D:\Yolo_LPR_RK3568_FPGA_Project\1_PC_Training\datasets\yolo_obb_640\images\train\ccpd2019_ccpd_rotate_0132-14_4-226&650_350&739-329&739_226&712_247&650_350&677-0_0_22_29_31_32_4-75-96.jpg	D:\Yolo_LPR_RK3568_FPGA_Project\2_Model_Conversion_PC_Simulation\yolov8_obb\model\obb_quant_dataset_800\quant_0118.jpg	D:\Yolo_LPR_RK3568_FPGA_Project\1_PC_Training\datasets\yolo_obb_640\labels\train\ccpd2019_ccpd_rotate_0132-14_4-226&650_350&739-329&739_226&712_247&650_350&677-0_0_22_29_31_32_4-75-96.txt	1	36.115688	14.688925	2	5-15
119	0	blue	0	blue	ccpd2019	ccpd_rotate	D:\Yolo_LPR_RK3568_FPGA_Project\1_PC_Training\datasets\CCPD2019\ccpd_rotate\0142-17_2-456&342_598&426-582&426_456&387_472&342_598&381-0_0_19_32_25_29_1-175-11.jpg	D:\Yolo_LPR_RK3568_FPGA_Project\1_PC_Training\datasets\yolo_obb_640\images\train\ccpd2019_ccpd_rotate_0142-17_2-456&342_598&426-582&426_456&387_472&342_598&381-0_0_19_32_25_29_1-175-11.jpg	D:\Yolo_LPR_RK3568_FPGA_Project\2_Model_Conversion_PC_Simulation\yolov8_obb\model\obb_quant_dataset_800\quant_0119.jpg	D:\Yolo_LPR_RK3568_FPGA_Project\1_PC_Training\datasets\yolo_obb_640\labels\train\ccpd2019_ccpd_rotate_0142-17_2-456&342_598&426-582&426_456&387_472&342_598&381-0_0_19_32_25_29_1-175-11.txt	1	26.350284	17.198209	1	15-30
120	0	blue	0	blue	ccpd2019	ccpd_rotate	D:\Yolo_LPR_RK3568_FPGA_Project\1_PC_Training\datasets\CCPD2019\ccpd_rotate\0147-23_7-290&458_420&553-407&553_290&503_303&458_420&508-0_0_24_32_33_13_29-137-39.jpg	D:\Yolo_LPR_RK3568_FPGA_Project\1_PC_Training\datasets\yolo_obb_640\images\train\ccpd2019_ccpd_rotate_0147-23_7-290&458_420&553-407&553_290&503_303&458_420&508-0_0_24_32_33_13_29-137-39.jpg	D:\Yolo_LPR_RK3568_FPGA_Project\2_Model_Conversion_PC_Simulation\yolov8_obb\model\obb_quant_dataset_800\quant_0120.jpg	D:\Yolo_LPR_RK3568_FPGA_Project\1_PC_Training\datasets\yolo_obb_640\labels\train\ccpd2019_ccpd_rotate_0147-23_7-290&458_420&553-407&553_290&503_303&458_420&508-0_0_24_32_33_13_29-137-39.txt	1	25.842719	23.139246	1	15-30
121	0	blue	0	blue	ccpd2019	ccpd_rotate	D:\Yolo_LPR_RK3568_FPGA_Project\1_PC_Training\datasets\CCPD2019\ccpd_rotate\0149-31_15-205&618_323&724-311&724_205&658_217&618_323&684-0_0_0_27_16_33_32-105-92.jpg	D:\Yolo_LPR_RK3568_FPGA_Project\1_PC_Training\datasets\yolo_obb_640\images\train\ccpd2019_ccpd_rotate_0149-31_15-205&618_323&724-311&724_205&658_217&618_323&684-0_0_0_27_16_33_32-105-92.jpg	D:\Yolo_LPR_RK3568_FPGA_Project\2_Model_Conversion_PC_Simulation\yolov8_obb\model\obb_quant_dataset_800\quant_0121.jpg	D:\Yolo_LPR_RK3568_FPGA_Project\1_PC_Training\datasets\yolo_obb_640\labels\train\ccpd2019_ccpd_rotate_0149-31_15-205&618_323&724-311&724_205&658_217&618_323&684-0_0_0_27_16_33_32-105-92.txt	1	23.040249	31.908348	1	30-90
122	0	blue	0	blue	ccpd2019	ccpd_rotate	D:\Yolo_LPR_RK3568_FPGA_Project\1_PC_Training\datasets\CCPD2019\ccpd_rotate\0161-23_13-350&463_475&571-465&571_350&520_360&463_475&514-0_0_31_15_30_31_32-93-465.jpg	D:\Yolo_LPR_RK3568_FPGA_Project\1_PC_Training\datasets\yolo_obb_640\images\train\ccpd2019_ccpd_rotate_0161-23_13-350&463_475&571-465&571_350&520_360&463_475&514-0_0_31_15_30_31_32-93-465.jpg	D:\Yolo_LPR_RK3568_FPGA_Project\2_Model_Conversion_PC_Simulation\yolov8_obb\model\obb_quant_dataset_800\quant_0122.jpg	D:\Yolo_LPR_RK3568_FPGA_Project\1_PC_Training\datasets\yolo_obb_640\labels\train\ccpd2019_ccpd_rotate_0161-23_13-350&463_475&571-465&571_350&520_360&463_475&514-0_0_31_15_30_31_32-93-465.txt	1	31.928628	23.916025	2	15-30
123	0	blue	0	blue	ccpd2019	ccpd_rotate	D:\Yolo_LPR_RK3568_FPGA_Project\1_PC_Training\datasets\CCPD2019\ccpd_rotate\0257-17_14-236&431_398&564-398&513_241&564_236&482_393&431-0_0_3_29_31_26_21-102-156.jpg	D:\Yolo_LPR_RK3568_FPGA_Project\1_PC_Training\datasets\yolo_obb_640\images\train\ccpd2019_ccpd_rotate_0257-17_14-236&431_398&564-398&513_241&564_236&482_393&431-0_0_3_29_31_26_21-102-156.jpg	D:\Yolo_LPR_RK3568_FPGA_Project\2_Model_Conversion_PC_Simulation\yolov8_obb\model\obb_quant_dataset_800\quant_0123.jpg	D:\Yolo_LPR_RK3568_FPGA_Project\1_PC_Training\datasets\yolo_obb_640\labels\train\ccpd2019_ccpd_rotate_0257-17_14-236&431_398&564-398&513_241&564_236&482_393&431-0_0_3_29_31_26_21-102-156.txt	1	45.325000	17.996060	2	15-30
124	0	blue	0	blue	ccpd2019	ccpd_rotate	D:\Yolo_LPR_RK3568_FPGA_Project\1_PC_Training\datasets\CCPD2019\ccpd_rotate\0267-31_14-439&475_587&626-587&550_461&626_439&551_565&475-0_0_29_33_17_33_32-123-66.jpg	D:\Yolo_LPR_RK3568_FPGA_Project\1_PC_Training\datasets\yolo_obb_640\images\train\ccpd2019_ccpd_rotate_0267-31_14-439&475_587&626-587&550_461&626_439&551_565&475-0_0_29_33_17_33_32-123-66.jpg	D:\Yolo_LPR_RK3568_FPGA_Project\2_Model_Conversion_PC_Simulation\yolov8_obb\model\obb_quant_dataset_800\quant_0124.jpg	D:\Yolo_LPR_RK3568_FPGA_Project\1_PC_Training\datasets\yolo_obb_640\labels\train\ccpd2019_ccpd_rotate_0267-31_14-439&475_587&626-587&550_461&626_439&551_565&475-0_0_29_33_17_33_32-123-66.txt	1	43.122753	31.097220	2	30-90
125	0	blue	0	blue	ccpd2019	ccpd_rotate	D:\Yolo_LPR_RK3568_FPGA_Project\1_PC_Training\datasets\CCPD2019\ccpd_rotate\0278-14_5-327&465_518&587-518&542_339&587_327&510_506&465-0_0_15_29_26_31_7-129-7.jpg	D:\Yolo_LPR_RK3568_FPGA_Project\1_PC_Training\datasets\yolo_obb_640\images\train\ccpd2019_ccpd_rotate_0278-14_5-327&465_518&587-518&542_339&587_327&510_506&465-0_0_15_29_26_31_7-129-7.jpg	D:\Yolo_LPR_RK3568_FPGA_Project\2_Model_Conversion_PC_Simulation\yolov8_obb\model\obb_quant_dataset_800\quant_0125.jpg	D:\Yolo_LPR_RK3568_FPGA_Project\1_PC_Training\datasets\yolo_obb_640\labels\train\ccpd2019_ccpd_rotate_0278-14_5-327&465_518&587-518&542_339&587_327&510_506&465-0_0_15_29_26_31_7-129-7.txt	1	42.995325	14.111503	2	5-15
126	0	blue	0	blue	ccpd2019	ccpd_rotate	D:\Yolo_LPR_RK3568_FPGA_Project\1_PC_Training\datasets\CCPD2019\ccpd_rotate\0442-32_13-180&451_381&635-356&635_180&521_205&451_381&565-0_0_20_33_13_25_30-123-84.jpg	D:\Yolo_LPR_RK3568_FPGA_Project\1_PC_Training\datasets\yolo_obb_640\images\train\ccpd2019_ccpd_rotate_0442-32_13-180&451_381&635-356&635_180&521_205&451_381&565-0_0_20_33_13_25_30-123-84.jpg	D:\Yolo_LPR_RK3568_FPGA_Project\2_Model_Conversion_PC_Simulation\yolov8_obb\model\obb_quant_dataset_800\quant_0126.jpg	D:\Yolo_LPR_RK3568_FPGA_Project\1_PC_Training\datasets\yolo_obb_640\labels\train\ccpd2019_ccpd_rotate_0442-32_13-180&451_381&635-356&635_180&521_205&451_381&565-0_0_20_33_13_25_30-123-84.txt	1	41.009919	32.932208	2	30-90
127	0	blue	0	blue	ccpd2019	ccpd_rotate	D:\Yolo_LPR_RK3568_FPGA_Project\1_PC_Training\datasets\CCPD2019\ccpd_rotate\0486-14_15-297&469_554&627-554&627_299&563_297&469_552&533-0_0_31_6_28_25_25-130-10.jpg	D:\Yolo_LPR_RK3568_FPGA_Project\1_PC_Training\datasets\yolo_obb_640\images\train\ccpd2019_ccpd_rotate_0486-14_15-297&469_554&627-554&627_299&563_297&469_552&533-0_0_31_6_28_25_25-130-10.jpg	D:\Yolo_LPR_RK3568_FPGA_Project\2_Model_Conversion_PC_Simulation\yolov8_obb\model\obb_quant_dataset_800\quant_0127.jpg	D:\Yolo_LPR_RK3568_FPGA_Project\1_PC_Training\datasets\yolo_obb_640\labels\train\ccpd2019_ccpd_rotate_0486-14_15-297&469_554&627-554&627_299&563_297&469_552&533-0_0_31_6_28_25_25-130-10.txt	1	51.873491	14.089230	3	5-15
128	0	blue	0	blue	ccpd2019	ccpd_rotate	D:\Yolo_LPR_RK3568_FPGA_Project\1_PC_Training\datasets\CCPD2019\ccpd_rotate\0522-14_17-274&444_506&632-506&632_281&575_274&444_499&501-0_0_1_3_24_31_27-28-11.jpg	D:\Yolo_LPR_RK3568_FPGA_Project\1_PC_Training\datasets\yolo_obb_640\images\train\ccpd2019_ccpd_rotate_0522-14_17-274&444_506&632-506&632_281&575_274&444_499&501-0_0_1_3_24_31_27-28-11.jpg	D:\Yolo_LPR_RK3568_FPGA_Project\2_Model_Conversion_PC_Simulation\yolov8_obb\model\obb_quant_dataset_800\quant_0128.jpg	D:\Yolo_LPR_RK3568_FPGA_Project\1_PC_Training\datasets\yolo_obb_640\labels\train\ccpd2019_ccpd_rotate_0522-14_17-274&444_506&632-506&632_281&575_274&444_499&501-0_0_1_3_24_31_27-28-11.txt	1	72.378947	14.215873	3	5-15
129	0	blue	0	blue	ccpd2019	ccpd_rotate	D:\Yolo_LPR_RK3568_FPGA_Project\1_PC_Training\datasets\CCPD2019\ccpd_rotate\0537-18_16-136&364_388&542-385&542_136&460_139&364_388&446-0_0_9_21_24_24_24-130-345.jpg	D:\Yolo_LPR_RK3568_FPGA_Project\1_PC_Training\datasets\yolo_obb_640\images\train\ccpd2019_ccpd_rotate_0537-18_16-136&364_388&542-385&542_136&460_139&364_388&446-0_0_9_21_24_24_24-130-345.jpg	D:\Yolo_LPR_RK3568_FPGA_Project\2_Model_Conversion_PC_Simulation\yolov8_obb\model\obb_quant_dataset_800\quant_0129.jpg	D:\Yolo_LPR_RK3568_FPGA_Project\1_PC_Training\datasets\yolo_obb_640\labels\train\ccpd2019_ccpd_rotate_0537-18_16-136&364_388&542-385&542_136&460_139&364_388&446-0_0_9_21_24_24_24-130-345.txt	1	52.990980	18.227706	3	15-30
130	0	blue	0	blue	ccpd2019	ccpd_rotate	D:\Yolo_LPR_RK3568_FPGA_Project\1_PC_Training\datasets\CCPD2019\ccpd_rotate\0543-29_9-68&472_295&672-295&562_101&672_68&582_262&472-0_0_31_26_14_26_24-92-56.jpg	D:\Yolo_LPR_RK3568_FPGA_Project\1_PC_Training\datasets\yolo_obb_640\images\train\ccpd2019_ccpd_rotate_0543-29_9-68&472_295&672-295&562_101&672_68&582_262&472-0_0_31_26_14_26_24-92-56.jpg	D:\Yolo_LPR_RK3568_FPGA_Project\2_Model_Conversion_PC_Simulation\yolov8_obb\model\obb_quant_dataset_800\quant_0130.jpg	D:\Yolo_LPR_RK3568_FPGA_Project\1_PC_Training\datasets\yolo_obb_640\labels\train\ccpd2019_ccpd_rotate_0543-29_9-68&472_295&672-295&562_101&672_68&582_262&472-0_0_31_26_14_26_24-92-56.txt	1	52.887704	29.553481	3	15-30
131	0	blue	0	blue	ccpd2019	ccpd_rotate	D:\Yolo_LPR_RK3568_FPGA_Project\1_PC_Training\datasets\CCPD2019\ccpd_rotate\0569-32_16-213&398_430&617-401&617_213&497_242&398_430&518-12_12_24_33_7_11_32-139-396.jpg	D:\Yolo_LPR_RK3568_FPGA_Project\1_PC_Training\datasets\yolo_obb_640\images\train\ccpd2019_ccpd_rotate_0569-32_16-213&398_430&617-401&617_213&497_242&398_430&518-12_12_24_33_7_11_32-139-396.jpg	D:\Yolo_LPR_RK3568_FPGA_Project\2_Model_Conversion_PC_Simulation\yolov8_obb\model\obb_quant_dataset_800\quant_0131.jpg	D:\Yolo_LPR_RK3568_FPGA_Project\1_PC_Training\datasets\yolo_obb_640\labels\train\ccpd2019_ccpd_rotate_0569-32_16-213&398_430&617-401&617_213&497_242&398_430&518-12_12_24_33_7_11_32-139-396.txt	1	56.916031	32.550196	3	30-90
132	0	blue	0	blue	ccpd2019	ccpd_rotate	D:\Yolo_LPR_RK3568_FPGA_Project\1_PC_Training\datasets\CCPD2019\ccpd_rotate\0730-32_14-253&410_501&656-464&656_253&522_290&410_501&544-0_0_22_27_23_28_27-38-58.jpg	D:\Yolo_LPR_RK3568_FPGA_Project\1_PC_Training\datasets\yolo_obb_640\images\train\ccpd2019_ccpd_rotate_0730-32_14-253&410_501&656-464&656_253&522_290&410_501&544-0_0_22_27_23_28_27-38-58.jpg	D:\Yolo_LPR_RK3568_FPGA_Project\2_Model_Conversion_PC_Simulation\yolov8_obb\model\obb_quant_dataset_800\quant_0132.jpg	D:\Yolo_LPR_RK3568_FPGA_Project\1_PC_Training\datasets\yolo_obb_640\labels\train\ccpd2019_ccpd_rotate_0730-32_14-253&410_501&656-464&656_253&522_290&410_501&544-0_0_22_27_23_28_27-38-58.txt	1	65.077301	32.418669	3	30-90
133	0	blue	0	blue	ccpd2019	ccpd_tilt	D:\Yolo_LPR_RK3568_FPGA_Project\1_PC_Training\datasets\CCPD2019\ccpd_tilt\0070-19_29-382&483_463&556-455&530_382&556_390&509_463&483-0_0_13_24_33_27_30-115-18.jpg	D:\Yolo_LPR_RK3568_FPGA_Project\1_PC_Training\datasets\yolo_obb_640\images\train\ccpd2019_ccpd_tilt_0070-19_29-382&483_463&556-455&530_382&556_390&509_463&483-0_0_13_24_33_27_30-115-18.jpg	D:\Yolo_LPR_RK3568_FPGA_Project\2_Model_Conversion_PC_Simulation\yolov8_obb\model\obb_quant_dataset_800\quant_0133.jpg	D:\Yolo_LPR_RK3568_FPGA_Project\1_PC_Training\datasets\yolo_obb_640\labels\train\ccpd2019_ccpd_tilt_0070-19_29-382&483_463&556-455&530_382&556_390&509_463&483-0_0_13_24_33_27_30-115-18.txt	1	26.303835	19.604235	1	15-30
134	0	blue	0	blue	ccpd2019	ccpd_tilt	D:\Yolo_LPR_RK3568_FPGA_Project\1_PC_Training\datasets\CCPD2019\ccpd_tilt\0072-14_15-249&468_334&539-334&539_250&517_249&468_333&490-0_0_17_5_29_29_27-167-47.jpg	D:\Yolo_LPR_RK3568_FPGA_Project\1_PC_Training\datasets\yolo_obb_640\images\train\ccpd2019_ccpd_tilt_0072-14_15-249&468_334&539-334&539_250&517_249&468_333&490-0_0_17_5_29_29_27-167-47.jpg	D:\Yolo_LPR_RK3568_FPGA_Project\2_Model_Conversion_PC_Simulation\yolov8_obb\model\obb_quant_dataset_800\quant_0134.jpg	D:\Yolo_LPR_RK3568_FPGA_Project\1_PC_Training\datasets\yolo_obb_640\labels\train\ccpd2019_ccpd_tilt_0072-14_15-249&468_334&539-334&539_250&517_249&468_333&490-0_0_17_5_29_29_27-167-47.txt	1	27.039870	14.676710	1	5-15
135	0	blue	0	blue	ccpd2019	ccpd_tilt	D:\Yolo_LPR_RK3568_FPGA_Project\1_PC_Training\datasets\CCPD2019\ccpd_tilt\0073-15_19-329&541_422&607-419&582_329&607_332&566_422&541-0_0_13_25_32_29_20-62-26.jpg	D:\Yolo_LPR_RK3568_FPGA_Project\1_PC_Training\datasets\yolo_obb_640\images\train\ccpd2019_ccpd_tilt_0073-15_19-329&541_422&607-419&582_329&607_332&566_422&541-0_0_13_25_32_29_20-62-26.jpg	D:\Yolo_LPR_RK3568_FPGA_Project\2_Model_Conversion_PC_Simulation\yolov8_obb\model\obb_quant_dataset_800\quant_0135.jpg	D:\Yolo_LPR_RK3568_FPGA_Project\1_PC_Training\datasets\yolo_obb_640\labels\train\ccpd2019_ccpd_tilt_0073-15_19-329&541_422&607-419&582_329&607_332&566_422&541-0_0_13_25_32_29_20-62-26.txt	1	22.681284	15.524300	1	15-30
136	0	blue	0	blue	ccpd2019	ccpd_tilt	D:\Yolo_LPR_RK3568_FPGA_Project\1_PC_Training\datasets\CCPD2019\ccpd_tilt\0306-14_33-231&488_436&613-410&566_231&613_257&535_436&488-0_0_17_2_33_24_28-120-33.jpg	D:\Yolo_LPR_RK3568_FPGA_Project\1_PC_Training\datasets\yolo_obb_640\images\train\ccpd2019_ccpd_tilt_0306-14_33-231&488_436&613-410&566_231&613_257&535_436&488-0_0_17_2_33_24_28-120-33.jpg	D:\Yolo_LPR_RK3568_FPGA_Project\2_Model_Conversion_PC_Simulation\yolov8_obb\model\obb_quant_dataset_800\quant_0136.jpg	D:\Yolo_LPR_RK3568_FPGA_Project\1_PC_Training\datasets\yolo_obb_640\labels\train\ccpd2019_ccpd_tilt_0306-14_33-231&488_436&613-410&566_231&613_257&535_436&488-0_0_17_2_33_24_28-120-33.txt	1	45.362084	14.711913	2	5-15
137	0	blue	0	blue	ccpd2019	ccpd_tilt	D:\Yolo_LPR_RK3568_FPGA_Project\1_PC_Training\datasets\CCPD2019\ccpd_tilt\0312-16_21-241&446_430&584-430&584_249&532_241&446_422&498-4_0_3_24_29_24_3-78-99.jpg	D:\Yolo_LPR_RK3568_FPGA_Project\1_PC_Training\datasets\yolo_obb_640\images\train\ccpd2019_ccpd_tilt_0312-16_21-241&446_430&584-430&584_249&532_241&446_422&498-4_0_3_24_29_24_3-78-99.jpg	D:\Yolo_LPR_RK3568_FPGA_Project\2_Model_Conversion_PC_Simulation\yolov8_obb\model\obb_quant_dataset_800\quant_0137.jpg	D:\Yolo_LPR_RK3568_FPGA_Project\1_PC_Training\datasets\yolo_obb_640\labels\train\ccpd2019_ccpd_tilt_0312-16_21-241&446_430&584-430&584_249&532_241&446_422&498-4_0_3_24_29_24_3-78-99.txt	1	47.653166	16.028773	2	15-30
138	0	blue	0	blue	ccpd2019	ccpd_tilt	D:\Yolo_LPR_RK3568_FPGA_Project\1_PC_Training\datasets\CCPD2019\ccpd_tilt\0405-14_19-254&477_483&625-483&625_261&567_254&477_476&535-19_0_2_33_24_12_26-110-43.jpg	D:\Yolo_LPR_RK3568_FPGA_Project\1_PC_Training\datasets\yolo_obb_640\images\train\ccpd2019_ccpd_tilt_0405-14_19-254&477_483&625-483&625_261&567_254&477_476&535-19_0_2_33_24_12_26-110-43.jpg	D:\Yolo_LPR_RK3568_FPGA_Project\2_Model_Conversion_PC_Simulation\yolov8_obb\model\obb_quant_dataset_800\quant_0138.jpg	D:\Yolo_LPR_RK3568_FPGA_Project\1_PC_Training\datasets\yolo_obb_640\labels\train\ccpd2019_ccpd_tilt_0405-14_19-254&477_483&625-483&625_261&567_254&477_476&535-19_0_2_33_24_12_26-110-43.txt	1	49.804999	14.641900	2	5-15
139	0	blue	0	blue	ccpd2019	ccpd_tilt	D:\Yolo_LPR_RK3568_FPGA_Project\1_PC_Training\datasets\CCPD2019\ccpd_tilt\0427-17_14-253&458_482&614-477&614_253&542_258&458_482&530-0_0_24_32_29_24_24-63-11.jpg	D:\Yolo_LPR_RK3568_FPGA_Project\1_PC_Training\datasets\yolo_obb_640\images\train\ccpd2019_ccpd_tilt_0427-17_14-253&458_482&614-477&614_253&542_258&458_482&530-0_0_24_32_29_24_24-63-11.jpg	D:\Yolo_LPR_RK3568_FPGA_Project\2_Model_Conversion_PC_Simulation\yolov8_obb\model\obb_quant_dataset_800\quant_0139.jpg	D:\Yolo_LPR_RK3568_FPGA_Project\1_PC_Training\datasets\yolo_obb_640\labels\train\ccpd2019_ccpd_tilt_0427-17_14-253&458_482&614-477&614_253&542_258&458_482&530-0_0_24_32_29_24_24-63-11.txt	1	46.426340	17.818904	2	15-30
140	0	blue	0	blue	ccpd2019	ccpd_tilt	D:\Yolo_LPR_RK3568_FPGA_Project\1_PC_Training\datasets\CCPD2019\ccpd_tilt\0509-36_36-299&415_477&654-476&524_299&654_300&545_477&415-0_0_19_30_30_31_19-76-64.jpg	D:\Yolo_LPR_RK3568_FPGA_Project\1_PC_Training\datasets\yolo_obb_640\images\train\ccpd2019_ccpd_tilt_0509-36_36-299&415_477&654-476&524_299&654_300&545_477&415-0_0_19_30_30_31_19-76-64.jpg	D:\Yolo_LPR_RK3568_FPGA_Project\2_Model_Conversion_PC_Simulation\yolov8_obb\model\obb_quant_dataset_800\quant_0140.jpg	D:\Yolo_LPR_RK3568_FPGA_Project\1_PC_Training\datasets\yolo_obb_640\labels\train\ccpd2019_ccpd_tilt_0509-36_36-299&415_477&654-476&524_299&654_300&545_477&415-0_0_19_30_30_31_19-76-64.txt	1	60.140131	36.295961	3	30-90
141	0	blue	0	blue	ccpd2019	ccpd_tilt	D:\Yolo_LPR_RK3568_FPGA_Project\1_PC_Training\datasets\CCPD2019\ccpd_tilt\0530-40_29-345&425_535&658-518&658_345&512_362&425_535&571-0_0_28_24_31_31_32-51-90.jpg	D:\Yolo_LPR_RK3568_FPGA_Project\1_PC_Training\datasets\yolo_obb_640\images\train\ccpd2019_ccpd_tilt_0530-40_29-345&425_535&658-518&658_345&512_362&425_535&571-0_0_28_24_31_31_32-51-90.jpg	D:\Yolo_LPR_RK3568_FPGA_Project\2_Model_Conversion_PC_Simulation\yolov8_obb\model\obb_quant_dataset_800\quant_0141.jpg	D:\Yolo_LPR_RK3568_FPGA_Project\1_PC_Training\datasets\yolo_obb_640\labels\train\ccpd2019_ccpd_tilt_0530-40_29-345&425_535&658-518&658_345&512_362&425_535&571-0_0_28_24_31_31_32-51-90.txt	1	48.907777	40.162003	2	30-90
142	0	blue	0	blue	ccpd2019	ccpd_tilt	D:\Yolo_LPR_RK3568_FPGA_Project\1_PC_Training\datasets\CCPD2019\ccpd_tilt\0535-35_17-231&455_443&666-417&666_231&531_257&455_443&590-0_0_21_14_26_31_32-90-122.jpg	D:\Yolo_LPR_RK3568_FPGA_Project\1_PC_Training\datasets\yolo_obb_640\images\train\ccpd2019_ccpd_tilt_0535-35_17-231&455_443&666-417&666_231&531_257&455_443&590-0_0_21_14_26_31_32-90-122.jpg	D:\Yolo_LPR_RK3568_FPGA_Project\2_Model_Conversion_PC_Simulation\yolov8_obb\model\obb_quant_dataset_800\quant_0142.jpg	D:\Yolo_LPR_RK3568_FPGA_Project\1_PC_Training\datasets\yolo_obb_640\labels\train\ccpd2019_ccpd_tilt_0535-35_17-231&455_443&666-417&666_231&531_257&455_443&590-0_0_21_14_26_31_32-90-122.txt	1	44.316718	35.972478	2	30-90
143	0	blue	0	blue	ccpd2019	ccpd_tilt	D:\Yolo_LPR_RK3568_FPGA_Project\1_PC_Training\datasets\CCPD2019\ccpd_tilt\0653-19_15-330&413_603&613-596&613_330&517_337&413_603&509-15_12_27_33_32_26_8-144-124.jpg	D:\Yolo_LPR_RK3568_FPGA_Project\1_PC_Training\datasets\yolo_obb_640\images\train\ccpd2019_ccpd_tilt_0653-19_15-330&413_603&613-596&613_330&517_337&413_603&509-15_12_27_33_32_26_8-144-124.jpg	D:\Yolo_LPR_RK3568_FPGA_Project\2_Model_Conversion_PC_Simulation\yolov8_obb\model\obb_quant_dataset_800\quant_0143.jpg	D:\Yolo_LPR_RK3568_FPGA_Project\1_PC_Training\datasets\yolo_obb_640\labels\train\ccpd2019_ccpd_tilt_0653-19_15-330&413_603&613-596&613_330&517_337&413_603&509-15_12_27_33_32_26_8-144-124.txt	1	57.509021	19.844463	3	15-30
144	0	blue	0	blue	ccpd2019	ccpd_tilt	D:\Yolo_LPR_RK3568_FPGA_Project\1_PC_Training\datasets\CCPD2019\ccpd_tilt\0661-14_33-144&511_467&682-467&682_176&605_144&511_435&588-0_0_18_31_26_31_12-146-156.jpg	D:\Yolo_LPR_RK3568_FPGA_Project\1_PC_Training\datasets\yolo_obb_640\images\train\ccpd2019_ccpd_tilt_0661-14_33-144&511_467&682-467&682_176&605_144&511_435&588-0_0_18_31_26_31_12-146-156.jpg	D:\Yolo_LPR_RK3568_FPGA_Project\2_Model_Conversion_PC_Simulation\yolov8_obb\model\obb_quant_dataset_800\quant_0144.jpg	D:\Yolo_LPR_RK3568_FPGA_Project\1_PC_Training\datasets\yolo_obb_640\labels\train\ccpd2019_ccpd_tilt_0661-14_33-144&511_467&682-467&682_176&605_144&511_435&588-0_0_18_31_26_31_12-146-156.txt	1	54.784496	14.821204	3	5-15
145	0	blue	0	blue	ccpd2019	ccpd_tilt	D:\Yolo_LPR_RK3568_FPGA_Project\1_PC_Training\datasets\CCPD2019\ccpd_tilt\0793-37_21-76&331_325&597-298&597_76&428_103&331_325&500-0_11_21_24_31_25_32-115-531.jpg	D:\Yolo_LPR_RK3568_FPGA_Project\1_PC_Training\datasets\yolo_obb_640\images\train\ccpd2019_ccpd_tilt_0793-37_21-76&331_325&597-298&597_76&428_103&331_325&500-0_11_21_24_31_25_32-115-531.jpg	D:\Yolo_LPR_RK3568_FPGA_Project\2_Model_Conversion_PC_Simulation\yolov8_obb\model\obb_quant_dataset_800\quant_0145.jpg	D:\Yolo_LPR_RK3568_FPGA_Project\1_PC_Training\datasets\yolo_obb_640\labels\train\ccpd2019_ccpd_tilt_0793-37_21-76&331_325&597-298&597_76&428_103&331_325&500-0_11_21_24_31_25_32-115-531.txt	1	55.551990	37.280519	3	30-90
146	0	blue	0	blue	ccpd2019	ccpd_tilt	D:\Yolo_LPR_RK3568_FPGA_Project\1_PC_Training\datasets\CCPD2019\ccpd_tilt\0845-23_39-272&456_586&681-556&559_272&681_302&578_586&456-0_0_8_28_21_28_28-94-17.jpg	D:\Yolo_LPR_RK3568_FPGA_Project\1_PC_Training\datasets\yolo_obb_640\images\train\ccpd2019_ccpd_tilt_0845-23_39-272&456_586&681-556&559_272&681_302&578_586&456-0_0_8_28_21_28_28-94-17.jpg	D:\Yolo_LPR_RK3568_FPGA_Project\2_Model_Conversion_PC_Simulation\yolov8_obb\model\obb_quant_dataset_800\quant_0146.jpg	D:\Yolo_LPR_RK3568_FPGA_Project\1_PC_Training\datasets\yolo_obb_640\labels\train\ccpd2019_ccpd_tilt_0845-23_39-272&456_586&681-556&559_272&681_302&578_586&456-0_0_8_28_21_28_28-94-17.txt	1	59.188832	23.247357	3	15-30
147	0	blue	0	blue	ccpd2019	ccpd_tilt	D:\Yolo_LPR_RK3568_FPGA_Project\1_PC_Training\datasets\CCPD2019\ccpd_tilt\1108-14_49-61&450_506&658-506&658_142&564_61&450_425&544-0_0_20_19_25_25_25-118-169.jpg	D:\Yolo_LPR_RK3568_FPGA_Project\1_PC_Training\datasets\yolo_obb_640\images\train\ccpd2019_ccpd_tilt_1108-14_49-61&450_506&658-506&658_142&564_61&450_425&544-0_0_20_19_25_25_25-118-169.jpg	D:\Yolo_LPR_RK3568_FPGA_Project\2_Model_Conversion_PC_Simulation\yolov8_obb\model\obb_quant_dataset_800\quant_0147.jpg	D:\Yolo_LPR_RK3568_FPGA_Project\1_PC_Training\datasets\yolo_obb_640\labels\train\ccpd2019_ccpd_tilt_1108-14_49-61&450_506&658-506&658_142&564_61&450_425&544-0_0_20_19_25_25_25-118-169.txt	1	77.156154	14.479891	3	5-15
148	0	blue	0	blue	ccpd2019	ccpd_weather	D:\Yolo_LPR_RK3568_FPGA_Project\1_PC_Training\datasets\CCPD2019\ccpd_weather\0068-2_1-413&559_528&609-528&604_414&609_413&564_527&559-0_0_14_27_27_33_33-92-24.jpg	D:\Yolo_LPR_RK3568_FPGA_Project\1_PC_Training\datasets\yolo_obb_640\images\train\ccpd2019_ccpd_weather_0068-2_1-413&559_528&609-528&604_414&609_413&564_527&559-0_0_14_27_27_33_33-92-24.jpg	D:\Yolo_LPR_RK3568_FPGA_Project\2_Model_Conversion_PC_Simulation\yolov8_obb\model\obb_quant_dataset_800\quant_0148.jpg	D:\Yolo_LPR_RK3568_FPGA_Project\1_PC_Training\datasets\yolo_obb_640\labels\train\ccpd2019_ccpd_weather_0068-2_1-413&559_528&609-528&604_414&609_413&564_527&559-0_0_14_27_27_33_33-92-24.txt	1	24.833651	2.511168	1	0-5
149	0	blue	0	blue	ccpd2019	ccpd_weather	D:\Yolo_LPR_RK3568_FPGA_Project\1_PC_Training\datasets\CCPD2019\ccpd_weather\0081-4_0-317&298_445&351-445&341_321&351_317&308_441&298-0_5_14_27_24_32_33-68-14.jpg	D:\Yolo_LPR_RK3568_FPGA_Project\1_PC_Training\datasets\yolo_obb_640\images\train\ccpd2019_ccpd_weather_0081-4_0-317&298_445&351-445&341_321&351_317&308_441&298-0_5_14_27_24_32_33-68-14.jpg	D:\Yolo_LPR_RK3568_FPGA_Project\2_Model_Conversion_PC_Simulation\yolov8_obb\model\obb_quant_dataset_800\quant_0149.jpg	D:\Yolo_LPR_RK3568_FPGA_Project\1_PC_Training\datasets\yolo_obb_640\labels\train\ccpd2019_ccpd_weather_0081-4_0-317&298_445&351-445&341_321&351_317&308_441&298-0_5_14_27_24_32_33-68-14.txt	1	23.826565	4.610261	1	0-5
150	0	blue	0	blue	ccpd2019	ccpd_weather	D:\Yolo_LPR_RK3568_FPGA_Project\1_PC_Training\datasets\CCPD2019\ccpd_weather\0176-5_1-264&471_437&556-437&539_269&556_264&488_432&471-0_0_22_22_24_27_32-94-33.jpg	D:\Yolo_LPR_RK3568_FPGA_Project\1_PC_Training\datasets\yolo_obb_640\images\train\ccpd2019_ccpd_weather_0176-5_1-264&471_437&556-437&539_269&556_264&488_432&471-0_0_22_22_24_27_32-94-33.jpg	D:\Yolo_LPR_RK3568_FPGA_Project\2_Model_Conversion_PC_Simulation\yolov8_obb\model\obb_quant_dataset_800\quant_0150.jpg	D:\Yolo_LPR_RK3568_FPGA_Project\1_PC_Training\datasets\yolo_obb_640\labels\train\ccpd2019_ccpd_weather_0176-5_1-264&471_437&556-437&539_269&556_264&488_432&471-0_0_22_22_24_27_32-94-33.txt	1	37.618071	5.778451	2	5-15
151	0	blue	0	blue	ccpd2019	ccpd_weather	D:\Yolo_LPR_RK3568_FPGA_Project\1_PC_Training\datasets\CCPD2019\ccpd_weather\0183-17_17-270&411_413&518-412&518_270&472_271&411_413&457-0_0_5_30_27_24_19-114-44.jpg	D:\Yolo_LPR_RK3568_FPGA_Project\1_PC_Training\datasets\yolo_obb_640\images\train\ccpd2019_ccpd_weather_0183-17_17-270&411_413&518-412&518_270&472_271&411_413&457-0_0_5_30_27_24_19-114-44.jpg	D:\Yolo_LPR_RK3568_FPGA_Project\2_Model_Conversion_PC_Simulation\yolov8_obb\model\obb_quant_dataset_800\quant_0151.jpg	D:\Yolo_LPR_RK3568_FPGA_Project\1_PC_Training\datasets\yolo_obb_640\labels\train\ccpd2019_ccpd_weather_0183-17_17-270&411_413&518-412&518_270&472_271&411_413&457-0_0_5_30_27_24_19-114-44.txt	1	33.659563	17.949772	2	15-30
152	0	blue	0	blue	ccpd2019	ccpd_weather	D:\Yolo_LPR_RK3568_FPGA_Project\1_PC_Training\datasets\CCPD2019\ccpd_weather\0195-1_14-254&499_466&576-466&576_271&571_254&499_449&504-10_3_31_27_32_13_30-151-70.jpg	D:\Yolo_LPR_RK3568_FPGA_Project\1_PC_Training\datasets\yolo_obb_640\images\train\ccpd2019_ccpd_weather_0195-1_14-254&499_466&576-466&576_271&571_254&499_449&504-10_3_31_27_32_13_30-151-70.jpg	D:\Yolo_LPR_RK3568_FPGA_Project\2_Model_Conversion_PC_Simulation\yolov8_obb\model\obb_quant_dataset_800\quant_0152.jpg	D:\Yolo_LPR_RK3568_FPGA_Project\1_PC_Training\datasets\yolo_obb_640\labels\train\ccpd2019_ccpd_weather_0195-1_14-254&499_466&576-466&576_271&571_254&499_449&504-10_3_31_27_32_13_30-151-70.txt	1	40.816412	1.469026	2	0-5
153	0	blue	0	blue	ccpd2019	ccpd_weather	D:\Yolo_LPR_RK3568_FPGA_Project\1_PC_Training\datasets\CCPD2019\ccpd_weather\0354-4_5-142&549_416&657-416&657_144&635_142&549_414&571-0_0_10_21_32_28_33-50-13.jpg	D:\Yolo_LPR_RK3568_FPGA_Project\1_PC_Training\datasets\yolo_obb_640\images\train\ccpd2019_ccpd_weather_0354-4_5-142&549_416&657-416&657_144&635_142&549_414&571-0_0_10_21_32_28_33-50-13.jpg	D:\Yolo_LPR_RK3568_FPGA_Project\2_Model_Conversion_PC_Simulation\yolov8_obb\model\obb_quant_dataset_800\quant_0153.jpg	D:\Yolo_LPR_RK3568_FPGA_Project\1_PC_Training\datasets\yolo_obb_640\labels\train\ccpd2019_ccpd_weather_0354-4_5-142&549_416&657-416&657_144&635_142&549_414&571-0_0_10_21_32_28_33-50-13.txt	1	47.461151	4.624023	2	0-5
154	0	blue	0	blue	ccpd2019	ccpd_weather	D:\Yolo_LPR_RK3568_FPGA_Project\1_PC_Training\datasets\CCPD2019\ccpd_weather\0355-4_0-225&483_495&593-495&574_231&593_225&502_489&483-0_0_12_26_7_25_30-95-25.jpg	D:\Yolo_LPR_RK3568_FPGA_Project\1_PC_Training\datasets\yolo_obb_640\images\train\ccpd2019_ccpd_weather_0355-4_0-225&483_495&593-495&574_231&593_225&502_489&483-0_0_12_26_7_25_30-95-25.jpg	D:\Yolo_LPR_RK3568_FPGA_Project\2_Model_Conversion_PC_Simulation\yolov8_obb\model\obb_quant_dataset_800\quant_0154.jpg	D:\Yolo_LPR_RK3568_FPGA_Project\1_PC_Training\datasets\yolo_obb_640\labels\train\ccpd2019_ccpd_weather_0355-4_0-225&483_495&593-495&574_231&593_225&502_489&483-0_0_12_26_7_25_30-95-25.txt	1	50.315726	4.116631	3	0-5
155	0	blue	0	blue	ccpd2019	ccpd_weather	D:\Yolo_LPR_RK3568_FPGA_Project\1_PC_Training\datasets\CCPD2019\ccpd_weather\0423-0_0-187&491_552&588-551&588_187&588_188&491_552&491-26_0_18_31_24_13_29-50-77.jpg	D:\Yolo_LPR_RK3568_FPGA_Project\1_PC_Training\datasets\yolo_obb_640\images\train\ccpd2019_ccpd_weather_0423-0_0-187&491_552&588-551&588_187&588_188&491_552&491-26_0_18_31_24_13_29-50-77.jpg	D:\Yolo_LPR_RK3568_FPGA_Project\2_Model_Conversion_PC_Simulation\yolov8_obb\model\obb_quant_dataset_800\quant_0155.jpg	D:\Yolo_LPR_RK3568_FPGA_Project\1_PC_Training\datasets\yolo_obb_640\labels\train\ccpd2019_ccpd_weather_0423-0_0-187&491_552&588-551&588_187&588_188&491_552&491-26_0_18_31_24_13_29-50-77.txt	1	53.520284	0.000000	3	0-5
156	0	blue	0	blue	ccpd2019	ccpd_weather	D:\Yolo_LPR_RK3568_FPGA_Project\1_PC_Training\datasets\CCPD2019\ccpd_weather\0425-14_25-213&470_467&610-467&610_227&547_213&470_453&533-0_0_23_30_30_31_9-74-36.jpg	D:\Yolo_LPR_RK3568_FPGA_Project\1_PC_Training\datasets\yolo_obb_640\images\train\ccpd2019_ccpd_weather_0425-14_25-213&470_467&610-467&610_227&547_213&470_453&533-0_0_23_30_30_31_9-74-36.jpg	D:\Yolo_LPR_RK3568_FPGA_Project\2_Model_Conversion_PC_Simulation\yolov8_obb\model\obb_quant_dataset_800\quant_0156.jpg	D:\Yolo_LPR_RK3568_FPGA_Project\1_PC_Training\datasets\yolo_obb_640\labels\train\ccpd2019_ccpd_weather_0425-14_25-213&470_467&610-467&610_227&547_213&470_453&533-0_0_23_30_30_31_9-74-36.txt	1	43.179017	14.708445	2	5-15
157	0	blue	0	blue	ccpd2019	ccpd_weather	D:\Yolo_LPR_RK3568_FPGA_Project\1_PC_Training\datasets\CCPD2019\ccpd_weather\0520-42_36-412&417_586&667-575&667_412&517_423&417_586&567-0_0_0_26_27_33_23-60-73.jpg	D:\Yolo_LPR_RK3568_FPGA_Project\1_PC_Training\datasets\yolo_obb_640\images\train\ccpd2019_ccpd_weather_0520-42_36-412&417_586&667-575&667_412&517_423&417_586&567-0_0_0_26_27_33_23-60-73.jpg	D:\Yolo_LPR_RK3568_FPGA_Project\2_Model_Conversion_PC_Simulation\yolov8_obb\model\obb_quant_dataset_800\quant_0157.jpg	D:\Yolo_LPR_RK3568_FPGA_Project\1_PC_Training\datasets\yolo_obb_640\labels\train\ccpd2019_ccpd_weather_0520-42_36-412&417_586&667-575&667_412&517_423&417_586&567-0_0_0_26_27_33_23-60-73.txt	1	55.505279	42.621580	3	30-90
158	0	blue	0	blue	ccpd2019	ccpd_weather	D:\Yolo_LPR_RK3568_FPGA_Project\1_PC_Training\datasets\CCPD2019\ccpd_weather\0552-18_14-164&423_429&597-423&597_164&508_170&423_429&512-0_0_12_30_30_26_25-36-105.jpg	D:\Yolo_LPR_RK3568_FPGA_Project\1_PC_Training\datasets\yolo_obb_640\images\train\ccpd2019_ccpd_weather_0552-18_14-164&423_429&597-423&597_164&508_170&423_429&512-0_0_12_30_30_26_25-36-105.jpg	D:\Yolo_LPR_RK3568_FPGA_Project\2_Model_Conversion_PC_Simulation\yolov8_obb\model\obb_quant_dataset_800\quant_0158.jpg	D:\Yolo_LPR_RK3568_FPGA_Project\1_PC_Training\datasets\yolo_obb_640\labels\train\ccpd2019_ccpd_weather_0552-18_14-164&423_429&597-423&597_164&508_170&423_429&512-0_0_12_30_30_26_25-36-105.txt	1	47.013321	18.964204	2	15-30
159	0	blue	0	blue	ccpd2019	ccpd_weather	D:\Yolo_LPR_RK3568_FPGA_Project\1_PC_Training\datasets\CCPD2019\ccpd_weather\0560-6_11-216&318_548&459-540&421_216&459_224&356_548&318-0_0_25_26_21_30_30-41-14.jpg	D:\Yolo_LPR_RK3568_FPGA_Project\1_PC_Training\datasets\yolo_obb_640\images\train\ccpd2019_ccpd_weather_0560-6_11-216&318_548&459-540&421_216&459_224&356_548&318-0_0_25_26_21_30_30-41-14.jpg	D:\Yolo_LPR_RK3568_FPGA_Project\2_Model_Conversion_PC_Simulation\yolov8_obb\model\obb_quant_dataset_800\quant_0159.jpg	D:\Yolo_LPR_RK3568_FPGA_Project\1_PC_Training\datasets\yolo_obb_640\labels\train\ccpd2019_ccpd_weather_0560-6_11-216&318_548&459-540&421_216&459_224&356_548&318-0_0_25_26_21_30_30-41-14.txt	1	56.998668	6.689392	3	5-15
160	0	blue	0	blue	ccpd2019	ccpd_weather	D:\Yolo_LPR_RK3568_FPGA_Project\1_PC_Training\datasets\CCPD2019\ccpd_weather\0592-11_24-180&463_491&622-491&622_204&566_180&463_467&519-0_0_4_27_31_26_25-76-154.jpg	D:\Yolo_LPR_RK3568_FPGA_Project\1_PC_Training\datasets\yolo_obb_640\images\train\ccpd2019_ccpd_weather_0592-11_24-180&463_491&622-491&622_204&566_180&463_467&519-0_0_4_27_31_26_25-76-154.jpg	D:\Yolo_LPR_RK3568_FPGA_Project\2_Model_Conversion_PC_Simulation\yolov8_obb\model\obb_quant_dataset_800\quant_0160.jpg	D:\Yolo_LPR_RK3568_FPGA_Project\1_PC_Training\datasets\yolo_obb_640\labels\train\ccpd2019_ccpd_weather_0592-11_24-180&463_491&622-491&622_204&566_180&463_467&519-0_0_4_27_31_26_25-76-154.txt	1	58.349787	11.040974	3	5-15
161	0	blue	0	blue	ccpd2019	ccpd_weather	D:\Yolo_LPR_RK3568_FPGA_Project\1_PC_Training\datasets\CCPD2019\ccpd_weather\0666-22_17-254&358_518&569-509&569_254&461_263&358_518&466-0_0_22_8_26_27_31-65-127.jpg	D:\Yolo_LPR_RK3568_FPGA_Project\1_PC_Training\datasets\yolo_obb_640\images\train\ccpd2019_ccpd_weather_0666-22_17-254&358_518&569-509&569_254&461_263&358_518&466-0_0_22_8_26_27_31-65-127.jpg	D:\Yolo_LPR_RK3568_FPGA_Project\2_Model_Conversion_PC_Simulation\yolov8_obb\model\obb_quant_dataset_800\quant_0161.jpg	D:\Yolo_LPR_RK3568_FPGA_Project\1_PC_Training\datasets\yolo_obb_640\labels\train\ccpd2019_ccpd_weather_0666-22_17-254&358_518&569-509&569_254&461_263&358_518&466-0_0_22_8_26_27_31-65-127.txt	1	57.044048	22.954026	3	15-30
162	0	blue	0	blue	ccpd2019	ccpd_weather	D:\Yolo_LPR_RK3568_FPGA_Project\1_PC_Training\datasets\CCPD2019\ccpd_weather\1003-25_36-199&362_533&613-533&613_221&467_199&362_511&508-0_0_18_10_25_27_26-74-83.jpg	D:\Yolo_LPR_RK3568_FPGA_Project\1_PC_Training\datasets\yolo_obb_640\images\train\ccpd2019_ccpd_weather_1003-25_36-199&362_533&613-533&613_221&467_199&362_511&508-0_0_18_10_25_27_26-74-83.jpg	D:\Yolo_LPR_RK3568_FPGA_Project\2_Model_Conversion_PC_Simulation\yolov8_obb\model\obb_quant_dataset_800\quant_0162.jpg	D:\Yolo_LPR_RK3568_FPGA_Project\1_PC_Training\datasets\yolo_obb_640\labels\train\ccpd2019_ccpd_weather_1003-25_36-199&362_533&613-533&613_221&467_199&362_511&508-0_0_18_10_25_27_26-74-83.txt	1	59.188773	25.077138	3	15-30
163	0	blue	0	blue	crpd	CRPD_double	D:\Yolo_LPR_RK3568_FPGA_Project\1_PC_Training\datasets\CRPD\CRPD_double\train\images\36_1036.jpg	D:\Yolo_LPR_RK3568_FPGA_Project\1_PC_Training\datasets\yolo_obb_640\images\train\crpd_CRPD_double_train_36_1036.jpg	D:\Yolo_LPR_RK3568_FPGA_Project\2_Model_Conversion_PC_Simulation\yolov8_obb\model\obb_quant_dataset_800\quant_0163.jpg	D:\Yolo_LPR_RK3568_FPGA_Project\1_PC_Training\datasets\yolo_obb_640\labels\train\crpd_CRPD_double_train_36_1036.txt	2	8.333280	5.906050	0	5-15
164	0	blue	0	blue	crpd	CRPD_double	D:\Yolo_LPR_RK3568_FPGA_Project\1_PC_Training\datasets\CRPD\CRPD_double\train\images\39_0172.jpg	D:\Yolo_LPR_RK3568_FPGA_Project\1_PC_Training\datasets\yolo_obb_640\images\train\crpd_CRPD_double_train_39_0172.jpg	D:\Yolo_LPR_RK3568_FPGA_Project\2_Model_Conversion_PC_Simulation\yolov8_obb\model\obb_quant_dataset_800\quant_0164.jpg	D:\Yolo_LPR_RK3568_FPGA_Project\1_PC_Training\datasets\yolo_obb_640\labels\train\crpd_CRPD_double_train_39_0172.txt	2	9.333360	0.995887	0	0-5
165	0	blue	0	blue	crpd	CRPD_double	D:\Yolo_LPR_RK3568_FPGA_Project\1_PC_Training\datasets\CRPD\CRPD_double\train\images\39_0695.jpg	D:\Yolo_LPR_RK3568_FPGA_Project\1_PC_Training\datasets\yolo_obb_640\images\train\crpd_CRPD_double_train_39_0695.jpg	D:\Yolo_LPR_RK3568_FPGA_Project\2_Model_Conversion_PC_Simulation\yolov8_obb\model\obb_quant_dataset_800\quant_0165.jpg	D:\Yolo_LPR_RK3568_FPGA_Project\1_PC_Training\datasets\yolo_obb_640\labels\train\crpd_CRPD_double_train_39_0695.txt	2	14.333400	20.200376	1	15-30
166	0	blue	0	blue	crpd	CRPD_double	D:\Yolo_LPR_RK3568_FPGA_Project\1_PC_Training\datasets\CRPD\CRPD_double\train\images\44_0023.jpg	D:\Yolo_LPR_RK3568_FPGA_Project\1_PC_Training\datasets\yolo_obb_640\images\train\crpd_CRPD_double_train_44_0023.jpg	D:\Yolo_LPR_RK3568_FPGA_Project\2_Model_Conversion_PC_Simulation\yolov8_obb\model\obb_quant_dataset_800\quant_0166.jpg	D:\Yolo_LPR_RK3568_FPGA_Project\1_PC_Training\datasets\yolo_obb_640\labels\train\crpd_CRPD_double_train_44_0023.txt	1	17.274099	6.654613	1	5-15
167	0	blue	0	blue	crpd	CRPD_double	D:\Yolo_LPR_RK3568_FPGA_Project\1_PC_Training\datasets\CRPD\CRPD_double\train\images\44_0311.jpg	D:\Yolo_LPR_RK3568_FPGA_Project\1_PC_Training\datasets\yolo_obb_640\images\train\crpd_CRPD_double_train_44_0311.jpg	D:\Yolo_LPR_RK3568_FPGA_Project\2_Model_Conversion_PC_Simulation\yolov8_obb\model\obb_quant_dataset_800\quant_0167.jpg	D:\Yolo_LPR_RK3568_FPGA_Project\1_PC_Training\datasets\yolo_obb_640\labels\train\crpd_CRPD_double_train_44_0311.txt	1	17.390829	1.423321	1	0-5
168	0	blue	0	blue	crpd	CRPD_double	D:\Yolo_LPR_RK3568_FPGA_Project\1_PC_Training\datasets\CRPD\CRPD_double\train\images\44_0639.jpg	D:\Yolo_LPR_RK3568_FPGA_Project\1_PC_Training\datasets\yolo_obb_640\images\train\crpd_CRPD_double_train_44_0639.jpg	D:\Yolo_LPR_RK3568_FPGA_Project\2_Model_Conversion_PC_Simulation\yolov8_obb\model\obb_quant_dataset_800\quant_0168.jpg	D:\Yolo_LPR_RK3568_FPGA_Project\1_PC_Training\datasets\yolo_obb_640\labels\train\crpd_CRPD_double_train_44_0639.txt	2	9.006175	3.180084	0	0-5
169	0	blue	0	blue	crpd	CRPD_double	D:\Yolo_LPR_RK3568_FPGA_Project\1_PC_Training\datasets\CRPD\CRPD_double\train\images\45_0629.jpg	D:\Yolo_LPR_RK3568_FPGA_Project\1_PC_Training\datasets\yolo_obb_640\images\train\crpd_CRPD_double_train_45_0629.jpg	D:\Yolo_LPR_RK3568_FPGA_Project\2_Model_Conversion_PC_Simulation\yolov8_obb\model\obb_quant_dataset_800\quant_0169.jpg	D:\Yolo_LPR_RK3568_FPGA_Project\1_PC_Training\datasets\yolo_obb_640\labels\train\crpd_CRPD_double_train_45_0629.txt	1	14.251785	5.230744	1	5-15
170	0	blue	0	blue	crpd	CRPD_double	D:\Yolo_LPR_RK3568_FPGA_Project\1_PC_Training\datasets\CRPD\CRPD_double\train\images\45_1008.jpg	D:\Yolo_LPR_RK3568_FPGA_Project\1_PC_Training\datasets\yolo_obb_640\images\train\crpd_CRPD_double_train_45_1008.jpg	D:\Yolo_LPR_RK3568_FPGA_Project\2_Model_Conversion_PC_Simulation\yolov8_obb\model\obb_quant_dataset_800\quant_0170.jpg	D:\Yolo_LPR_RK3568_FPGA_Project\1_PC_Training\datasets\yolo_obb_640\labels\train\crpd_CRPD_double_train_45_1008.txt	2	14.187318	6.683864	1	5-15
171	0	blue	0	blue	crpd	CRPD_double	D:\Yolo_LPR_RK3568_FPGA_Project\1_PC_Training\datasets\CRPD\CRPD_double\train\images\45_1176.jpg	D:\Yolo_LPR_RK3568_FPGA_Project\1_PC_Training\datasets\yolo_obb_640\images\train\crpd_CRPD_double_train_45_1176.jpg	D:\Yolo_LPR_RK3568_FPGA_Project\2_Model_Conversion_PC_Simulation\yolov8_obb\model\obb_quant_dataset_800\quant_0171.jpg	D:\Yolo_LPR_RK3568_FPGA_Project\1_PC_Training\datasets\yolo_obb_640\labels\train\crpd_CRPD_double_train_45_1176.txt	2	12.000000	5.135868	1	5-15
172	0	blue	0	blue	crpd	CRPD_double	D:\Yolo_LPR_RK3568_FPGA_Project\1_PC_Training\datasets\CRPD\CRPD_double\train\images\57_0791.jpg	D:\Yolo_LPR_RK3568_FPGA_Project\1_PC_Training\datasets\yolo_obb_640\images\train\crpd_CRPD_double_train_57_0791.jpg	D:\Yolo_LPR_RK3568_FPGA_Project\2_Model_Conversion_PC_Simulation\yolov8_obb\model\obb_quant_dataset_800\quant_0172.jpg	D:\Yolo_LPR_RK3568_FPGA_Project\1_PC_Training\datasets\yolo_obb_640\labels\train\crpd_CRPD_double_train_57_0791.txt	2	14.999760	1.558799	1	0-5
173	0	blue	0	blue	crpd	CRPD_double	D:\Yolo_LPR_RK3568_FPGA_Project\1_PC_Training\datasets\CRPD\CRPD_double\train\images\61_0280.jpg	D:\Yolo_LPR_RK3568_FPGA_Project\1_PC_Training\datasets\yolo_obb_640\images\train\crpd_CRPD_double_train_61_0280.jpg	D:\Yolo_LPR_RK3568_FPGA_Project\2_Model_Conversion_PC_Simulation\yolov8_obb\model\obb_quant_dataset_800\quant_0173.jpg	D:\Yolo_LPR_RK3568_FPGA_Project\1_PC_Training\datasets\yolo_obb_640\labels\train\crpd_CRPD_double_train_61_0280.txt	2	11.723421	18.712595	1	15-30
174	0	blue	0	blue	crpd	CRPD_double	D:\Yolo_LPR_RK3568_FPGA_Project\1_PC_Training\datasets\CRPD\CRPD_double\train\images\61_0392.jpg	D:\Yolo_LPR_RK3568_FPGA_Project\1_PC_Training\datasets\yolo_obb_640\images\train\crpd_CRPD_double_train_61_0392.jpg	D:\Yolo_LPR_RK3568_FPGA_Project\2_Model_Conversion_PC_Simulation\yolov8_obb\model\obb_quant_dataset_800\quant_0174.jpg	D:\Yolo_LPR_RK3568_FPGA_Project\1_PC_Training\datasets\yolo_obb_640\labels\train\crpd_CRPD_double_train_61_0392.txt	1	10.022292	3.012328	0	0-5
175	0	blue	0	blue	crpd	CRPD_double	D:\Yolo_LPR_RK3568_FPGA_Project\1_PC_Training\datasets\CRPD\CRPD_double\train\images\61_0657.jpg	D:\Yolo_LPR_RK3568_FPGA_Project\1_PC_Training\datasets\yolo_obb_640\images\train\crpd_CRPD_double_train_61_0657.jpg	D:\Yolo_LPR_RK3568_FPGA_Project\2_Model_Conversion_PC_Simulation\yolov8_obb\model\obb_quant_dataset_800\quant_0175.jpg	D:\Yolo_LPR_RK3568_FPGA_Project\1_PC_Training\datasets\yolo_obb_640\labels\train\crpd_CRPD_double_train_61_0657.txt	1	11.600160	0.000000	1	0-5
176	0	blue	0	blue	crpd	CRPD_double	D:\Yolo_LPR_RK3568_FPGA_Project\1_PC_Training\datasets\CRPD\CRPD_double\train\images\61_0923.jpg	D:\Yolo_LPR_RK3568_FPGA_Project\1_PC_Training\datasets\yolo_obb_640\images\train\crpd_CRPD_double_train_61_0923.jpg	D:\Yolo_LPR_RK3568_FPGA_Project\2_Model_Conversion_PC_Simulation\yolov8_obb\model\obb_quant_dataset_800\quant_0176.jpg	D:\Yolo_LPR_RK3568_FPGA_Project\1_PC_Training\datasets\yolo_obb_640\labels\train\crpd_CRPD_double_train_61_0923.txt	1	11.180143	7.038416	0	5-15
177	0	blue	0	blue	crpd	CRPD_double	D:\Yolo_LPR_RK3568_FPGA_Project\1_PC_Training\datasets\CRPD\CRPD_double\train\images\62_2319.jpg	D:\Yolo_LPR_RK3568_FPGA_Project\1_PC_Training\datasets\yolo_obb_640\images\train\crpd_CRPD_double_train_62_2319.jpg	D:\Yolo_LPR_RK3568_FPGA_Project\2_Model_Conversion_PC_Simulation\yolov8_obb\model\obb_quant_dataset_800\quant_0177.jpg	D:\Yolo_LPR_RK3568_FPGA_Project\1_PC_Training\datasets\yolo_obb_640\labels\train\crpd_CRPD_double_train_62_2319.txt	2	10.382031	5.920329	0	5-15
178	0	blue	0	blue	crpd	CRPD_double	D:\Yolo_LPR_RK3568_FPGA_Project\1_PC_Training\datasets\CRPD\CRPD_double\train\images\65_0610.jpg	D:\Yolo_LPR_RK3568_FPGA_Project\1_PC_Training\datasets\yolo_obb_640\images\train\crpd_CRPD_double_train_65_0610.jpg	D:\Yolo_LPR_RK3568_FPGA_Project\2_Model_Conversion_PC_Simulation\yolov8_obb\model\obb_quant_dataset_800\quant_0178.jpg	D:\Yolo_LPR_RK3568_FPGA_Project\1_PC_Training\datasets\yolo_obb_640\labels\train\crpd_CRPD_double_train_65_0610.txt	2	14.333040	0.806987	1	0-5
179	0	blue	0	blue	crpd	CRPD_double	D:\Yolo_LPR_RK3568_FPGA_Project\1_PC_Training\datasets\CRPD\CRPD_double\train\images\66_1454.jpg	D:\Yolo_LPR_RK3568_FPGA_Project\1_PC_Training\datasets\yolo_obb_640\images\train\crpd_CRPD_double_train_66_1454.jpg	D:\Yolo_LPR_RK3568_FPGA_Project\2_Model_Conversion_PC_Simulation\yolov8_obb\model\obb_quant_dataset_800\quant_0179.jpg	D:\Yolo_LPR_RK3568_FPGA_Project\1_PC_Training\datasets\yolo_obb_640\labels\train\crpd_CRPD_double_train_66_1454.txt	1	11.333160	1.576671	0	0-5
180	0	blue	0	blue	crpd	CRPD_multi	D:\Yolo_LPR_RK3568_FPGA_Project\1_PC_Training\datasets\CRPD\CRPD_multi\train\images\36_0125.jpg	D:\Yolo_LPR_RK3568_FPGA_Project\1_PC_Training\datasets\yolo_obb_640\images\train\crpd_CRPD_multi_train_36_0125.jpg	D:\Yolo_LPR_RK3568_FPGA_Project\2_Model_Conversion_PC_Simulation\yolov8_obb\model\obb_quant_dataset_800\quant_0180.jpg	D:\Yolo_LPR_RK3568_FPGA_Project\1_PC_Training\datasets\yolo_obb_640\labels\train\crpd_CRPD_multi_train_36_0125.txt	3	13.437070	5.663635	1	5-15
181	0	blue	0	blue	crpd	CRPD_multi	D:\Yolo_LPR_RK3568_FPGA_Project\1_PC_Training\datasets\CRPD\CRPD_multi\train\images\44_0021.jpg	D:\Yolo_LPR_RK3568_FPGA_Project\1_PC_Training\datasets\yolo_obb_640\images\train\crpd_CRPD_multi_train_44_0021.jpg	D:\Yolo_LPR_RK3568_FPGA_Project\2_Model_Conversion_PC_Simulation\yolov8_obb\model\obb_quant_dataset_800\quant_0181.jpg	D:\Yolo_LPR_RK3568_FPGA_Project\1_PC_Training\datasets\yolo_obb_640\labels\train\crpd_CRPD_multi_train_44_0021.txt	3	8.439341	6.818045	0	5-15
182	0	blue	0	blue	crpd	CRPD_multi	D:\Yolo_LPR_RK3568_FPGA_Project\1_PC_Training\datasets\CRPD\CRPD_multi\train\images\45_1099.jpg	D:\Yolo_LPR_RK3568_FPGA_Project\1_PC_Training\datasets\yolo_obb_640\images\train\crpd_CRPD_multi_train_45_1099.jpg	D:\Yolo_LPR_RK3568_FPGA_Project\2_Model_Conversion_PC_Simulation\yolov8_obb\model\obb_quant_dataset_800\quant_0182.jpg	D:\Yolo_LPR_RK3568_FPGA_Project\1_PC_Training\datasets\yolo_obb_640\labels\train\crpd_CRPD_multi_train_45_1099.txt	3	7.901989	18.199303	0	15-30
183	0	blue	0	blue	crpd	CRPD_multi	D:\Yolo_LPR_RK3568_FPGA_Project\1_PC_Training\datasets\CRPD\CRPD_multi\train\images\54_0498.jpg	D:\Yolo_LPR_RK3568_FPGA_Project\1_PC_Training\datasets\yolo_obb_640\images\train\crpd_CRPD_multi_train_54_0498.jpg	D:\Yolo_LPR_RK3568_FPGA_Project\2_Model_Conversion_PC_Simulation\yolov8_obb\model\obb_quant_dataset_800\quant_0183.jpg	D:\Yolo_LPR_RK3568_FPGA_Project\1_PC_Training\datasets\yolo_obb_640\labels\train\crpd_CRPD_multi_train_54_0498.txt	3	10.333440	1.380470	0	0-5
184	0	blue	0	blue	crpd	CRPD_multi	D:\Yolo_LPR_RK3568_FPGA_Project\1_PC_Training\datasets\CRPD\CRPD_multi\train\images\59_0031.jpg	D:\Yolo_LPR_RK3568_FPGA_Project\1_PC_Training\datasets\yolo_obb_640\images\train\crpd_CRPD_multi_train_59_0031.jpg	D:\Yolo_LPR_RK3568_FPGA_Project\2_Model_Conversion_PC_Simulation\yolov8_obb\model\obb_quant_dataset_800\quant_0184.jpg	D:\Yolo_LPR_RK3568_FPGA_Project\1_PC_Training\datasets\yolo_obb_640\labels\train\crpd_CRPD_multi_train_59_0031.txt	3	12.004512	1.487993	1	0-5
185	0	blue	0	blue	crpd	CRPD_multi	D:\Yolo_LPR_RK3568_FPGA_Project\1_PC_Training\datasets\CRPD\CRPD_multi\train\images\62_0589.jpg	D:\Yolo_LPR_RK3568_FPGA_Project\1_PC_Training\datasets\yolo_obb_640\images\train\crpd_CRPD_multi_train_62_0589.jpg	D:\Yolo_LPR_RK3568_FPGA_Project\2_Model_Conversion_PC_Simulation\yolov8_obb\model\obb_quant_dataset_800\quant_0185.jpg	D:\Yolo_LPR_RK3568_FPGA_Project\1_PC_Training\datasets\yolo_obb_640\labels\train\crpd_CRPD_multi_train_62_0589.txt	3	12.670988	0.440759	1	0-5
186	0	blue	0	blue	crpd	CRPD_multi	D:\Yolo_LPR_RK3568_FPGA_Project\1_PC_Training\datasets\CRPD\CRPD_multi\train\images\62_1997.jpg	D:\Yolo_LPR_RK3568_FPGA_Project\1_PC_Training\datasets\yolo_obb_640\images\train\crpd_CRPD_multi_train_62_1997.jpg	D:\Yolo_LPR_RK3568_FPGA_Project\2_Model_Conversion_PC_Simulation\yolov8_obb\model\obb_quant_dataset_800\quant_0186.jpg	D:\Yolo_LPR_RK3568_FPGA_Project\1_PC_Training\datasets\yolo_obb_640\labels\train\crpd_CRPD_multi_train_62_1997.txt	3	12.445330	7.001287	1	5-15
187	0	blue	0	blue	crpd	CRPD_multi	D:\Yolo_LPR_RK3568_FPGA_Project\1_PC_Training\datasets\CRPD\CRPD_multi\train\images\65_0261.jpg	D:\Yolo_LPR_RK3568_FPGA_Project\1_PC_Training\datasets\yolo_obb_640\images\train\crpd_CRPD_multi_train_65_0261.jpg	D:\Yolo_LPR_RK3568_FPGA_Project\2_Model_Conversion_PC_Simulation\yolov8_obb\model\obb_quant_dataset_800\quant_0187.jpg	D:\Yolo_LPR_RK3568_FPGA_Project\1_PC_Training\datasets\yolo_obb_640\labels\train\crpd_CRPD_multi_train_65_0261.txt	4	7.333560	5.194425	0	5-15
188	0	blue	0	blue	crpd	CRPD_multi	D:\Yolo_LPR_RK3568_FPGA_Project\1_PC_Training\datasets\CRPD\CRPD_multi\train\images\65_0321.jpg	D:\Yolo_LPR_RK3568_FPGA_Project\1_PC_Training\datasets\yolo_obb_640\images\train\crpd_CRPD_multi_train_65_0321.jpg	D:\Yolo_LPR_RK3568_FPGA_Project\2_Model_Conversion_PC_Simulation\yolov8_obb\model\obb_quant_dataset_800\quant_0188.jpg	D:\Yolo_LPR_RK3568_FPGA_Project\1_PC_Training\datasets\yolo_obb_640\labels\train\crpd_CRPD_multi_train_65_0321.txt	3	7.000200	2.752095	0	0-5
189	0	blue	0	blue	crpd	CRPD_single	D:\Yolo_LPR_RK3568_FPGA_Project\1_PC_Training\datasets\CRPD\CRPD_single\train\images\44_0428.jpg	D:\Yolo_LPR_RK3568_FPGA_Project\1_PC_Training\datasets\yolo_obb_640\images\train\crpd_CRPD_single_train_44_0428.jpg	D:\Yolo_LPR_RK3568_FPGA_Project\2_Model_Conversion_PC_Simulation\yolov8_obb\model\obb_quant_dataset_800\quant_0189.jpg	D:\Yolo_LPR_RK3568_FPGA_Project\1_PC_Training\datasets\yolo_obb_640\labels\train\crpd_CRPD_single_train_44_0428.txt	1	27.602898	2.770216	2	0-5
190	0	blue	0	blue	crpd	CRPD_single	D:\Yolo_LPR_RK3568_FPGA_Project\1_PC_Training\datasets\CRPD\CRPD_single\train\images\45_0046.jpg	D:\Yolo_LPR_RK3568_FPGA_Project\1_PC_Training\datasets\yolo_obb_640\images\train\crpd_CRPD_single_train_45_0046.jpg	D:\Yolo_LPR_RK3568_FPGA_Project\2_Model_Conversion_PC_Simulation\yolov8_obb\model\obb_quant_dataset_800\quant_0190.jpg	D:\Yolo_LPR_RK3568_FPGA_Project\1_PC_Training\datasets\yolo_obb_640\labels\train\crpd_CRPD_single_train_45_0046.txt	1	13.333320	0.000000	1	0-5
191	0	blue	0	blue	crpd	CRPD_single	D:\Yolo_LPR_RK3568_FPGA_Project\1_PC_Training\datasets\CRPD\CRPD_single\train\images\45_0062.jpg	D:\Yolo_LPR_RK3568_FPGA_Project\1_PC_Training\datasets\yolo_obb_640\images\train\crpd_CRPD_single_train_45_0062.jpg	D:\Yolo_LPR_RK3568_FPGA_Project\2_Model_Conversion_PC_Simulation\yolov8_obb\model\obb_quant_dataset_800\quant_0191.jpg	D:\Yolo_LPR_RK3568_FPGA_Project\1_PC_Training\datasets\yolo_obb_640\labels\train\crpd_CRPD_single_train_45_0062.txt	1	28.408765	6.930009	2	5-15
192	0	blue	0	blue	crpd	CRPD_single	D:\Yolo_LPR_RK3568_FPGA_Project\1_PC_Training\datasets\CRPD\CRPD_single\train\images\46_0803.jpg	D:\Yolo_LPR_RK3568_FPGA_Project\1_PC_Training\datasets\yolo_obb_640\images\train\crpd_CRPD_single_train_46_0803.jpg	D:\Yolo_LPR_RK3568_FPGA_Project\2_Model_Conversion_PC_Simulation\yolov8_obb\model\obb_quant_dataset_800\quant_0192.jpg	D:\Yolo_LPR_RK3568_FPGA_Project\1_PC_Training\datasets\yolo_obb_640\labels\train\crpd_CRPD_single_train_46_0803.txt	1	11.020317	0.000000	0	0-5
193	0	blue	0	blue	crpd	CRPD_single	D:\Yolo_LPR_RK3568_FPGA_Project\1_PC_Training\datasets\CRPD\CRPD_single\train\images\47_0425.jpg	D:\Yolo_LPR_RK3568_FPGA_Project\1_PC_Training\datasets\yolo_obb_640\images\train\crpd_CRPD_single_train_47_0425.jpg	D:\Yolo_LPR_RK3568_FPGA_Project\2_Model_Conversion_PC_Simulation\yolov8_obb\model\obb_quant_dataset_800\quant_0193.jpg	D:\Yolo_LPR_RK3568_FPGA_Project\1_PC_Training\datasets\yolo_obb_640\labels\train\crpd_CRPD_single_train_47_0425.txt	1	14.848409	0.874852	1	0-5
194	0	blue	0	blue	crpd	CRPD_single	D:\Yolo_LPR_RK3568_FPGA_Project\1_PC_Training\datasets\CRPD\CRPD_single\train\images\49_1201.jpg	D:\Yolo_LPR_RK3568_FPGA_Project\1_PC_Training\datasets\yolo_obb_640\images\train\crpd_CRPD_single_train_49_1201.jpg	D:\Yolo_LPR_RK3568_FPGA_Project\2_Model_Conversion_PC_Simulation\yolov8_obb\model\obb_quant_dataset_800\quant_0194.jpg	D:\Yolo_LPR_RK3568_FPGA_Project\1_PC_Training\datasets\yolo_obb_640\labels\train\crpd_CRPD_single_train_49_1201.txt	1	8.724105	16.336468	0	15-30
195	0	blue	0	blue	crpd	CRPD_single	D:\Yolo_LPR_RK3568_FPGA_Project\1_PC_Training\datasets\CRPD\CRPD_single\train\images\57_0891.jpg	D:\Yolo_LPR_RK3568_FPGA_Project\1_PC_Training\datasets\yolo_obb_640\images\train\crpd_CRPD_single_train_57_0891.jpg	D:\Yolo_LPR_RK3568_FPGA_Project\2_Model_Conversion_PC_Simulation\yolov8_obb\model\obb_quant_dataset_800\quant_0195.jpg	D:\Yolo_LPR_RK3568_FPGA_Project\1_PC_Training\datasets\yolo_obb_640\labels\train\crpd_CRPD_single_train_57_0891.txt	1	10.999800	0.000000	0	0-5
196	0	blue	0	blue	crpd	CRPD_single	D:\Yolo_LPR_RK3568_FPGA_Project\1_PC_Training\datasets\CRPD\CRPD_single\train\images\61_0037.jpg	D:\Yolo_LPR_RK3568_FPGA_Project\1_PC_Training\datasets\yolo_obb_640\images\train\crpd_CRPD_single_train_61_0037.jpg	D:\Yolo_LPR_RK3568_FPGA_Project\2_Model_Conversion_PC_Simulation\yolov8_obb\model\obb_quant_dataset_800\quant_0196.jpg	D:\Yolo_LPR_RK3568_FPGA_Project\1_PC_Training\datasets\yolo_obb_640\labels\train\crpd_CRPD_single_train_61_0037.txt	1	11.263943	5.000360	0	5-15
197	0	blue	0	blue	crpd	CRPD_single	D:\Yolo_LPR_RK3568_FPGA_Project\1_PC_Training\datasets\CRPD\CRPD_single\train\images\61_0140.jpg	D:\Yolo_LPR_RK3568_FPGA_Project\1_PC_Training\datasets\yolo_obb_640\images\train\crpd_CRPD_single_train_61_0140.jpg	D:\Yolo_LPR_RK3568_FPGA_Project\2_Model_Conversion_PC_Simulation\yolov8_obb\model\obb_quant_dataset_800\quant_0197.jpg	D:\Yolo_LPR_RK3568_FPGA_Project\1_PC_Training\datasets\yolo_obb_640\labels\train\crpd_CRPD_single_train_61_0140.txt	1	8.359921	8.129904	0	5-15
198	0	blue	0	blue	crpd	CRPD_single	D:\Yolo_LPR_RK3568_FPGA_Project\1_PC_Training\datasets\CRPD\CRPD_single\train\images\62_0142.jpg	D:\Yolo_LPR_RK3568_FPGA_Project\1_PC_Training\datasets\yolo_obb_640\images\train\crpd_CRPD_single_train_62_0142.jpg	D:\Yolo_LPR_RK3568_FPGA_Project\2_Model_Conversion_PC_Simulation\yolov8_obb\model\obb_quant_dataset_800\quant_0198.jpg	D:\Yolo_LPR_RK3568_FPGA_Project\1_PC_Training\datasets\yolo_obb_640\labels\train\crpd_CRPD_single_train_62_0142.txt	1	14.805724	8.365886	1	5-15
199	0	blue	0	blue	crpd	CRPD_single	D:\Yolo_LPR_RK3568_FPGA_Project\1_PC_Training\datasets\CRPD\CRPD_single\train\images\62_0848.jpg	D:\Yolo_LPR_RK3568_FPGA_Project\1_PC_Training\datasets\yolo_obb_640\images\train\crpd_CRPD_single_train_62_0848.jpg	D:\Yolo_LPR_RK3568_FPGA_Project\2_Model_Conversion_PC_Simulation\yolov8_obb\model\obb_quant_dataset_800\quant_0199.jpg	D:\Yolo_LPR_RK3568_FPGA_Project\1_PC_Training\datasets\yolo_obb_640\labels\train\crpd_CRPD_single_train_62_0848.txt	1	14.488616	5.815837	1	5-15
200	1	green	1	green	ccpd2020	ccpd_green	D:\Yolo_LPR_RK3568_FPGA_Project\1_PC_Training\datasets\CCPD2020\ccpd_green\train\00408203125-84_269-303&357_402&399-402&388_306&399_303&369_400&357-0_0_5_25_30_30_30_32-102-11.jpg	D:\Yolo_LPR_RK3568_FPGA_Project\1_PC_Training\datasets\yolo_obb_640\images\train\ccpd2020_ccpd_green_00408203125-84_269-303&357_402&399-402&388_306&399_303&369_400&357-0_0_5_25_30_30_30_32-102-11.jpg	D:\Yolo_LPR_RK3568_FPGA_Project\2_Model_Conversion_PC_Simulation\yolov8_obb\model\obb_quant_dataset_800\quant_0200.jpg	D:\Yolo_LPR_RK3568_FPGA_Project\1_PC_Training\datasets\yolo_obb_640\labels\train\ccpd2020_ccpd_green_00408203125-84_269-303&357_402&399-402&388_306&399_303&369_400&357-0_0_5_25_30_30_30_32-102-11.txt	1	16.634883	7.051707	0	5-15
201	1	green	1	green	ccpd2020	ccpd_green	D:\Yolo_LPR_RK3568_FPGA_Project\1_PC_Training\datasets\CCPD2020\ccpd_green\train\00630208333333-92_90-260&428_392&477-392&477_260&469_260&428_392&434-0_0_3_24_26_31_29_24-128-22.jpg	D:\Yolo_LPR_RK3568_FPGA_Project\1_PC_Training\datasets\yolo_obb_640\images\train\ccpd2020_ccpd_green_00630208333333-92_90-260&428_392&477-392&477_260&469_260&428_392&434-0_0_3_24_26_31_29_24-128-22.jpg	D:\Yolo_LPR_RK3568_FPGA_Project\2_Model_Conversion_PC_Simulation\yolov8_obb\model\obb_quant_dataset_800\quant_0201.jpg	D:\Yolo_LPR_RK3568_FPGA_Project\1_PC_Training\datasets\yolo_obb_640\labels\train\ccpd2020_ccpd_green_00630208333333-92_90-260&428_392&477-392&477_260&469_260&428_392&434-0_0_3_24_26_31_29_24-128-22.txt	1	22.620160	3.468460	0	0-5
202	1	green	1	green	ccpd2020	ccpd_green	D:\Yolo_LPR_RK3568_FPGA_Project\1_PC_Training\datasets\CCPD2020\ccpd_green\train\00751953125-90_90-256&462_410&512-408&512_256&507_256&462_410&464-0_0_3_24_32_32_29_25-114-26.jpg	D:\Yolo_LPR_RK3568_FPGA_Project\1_PC_Training\datasets\yolo_obb_640\images\train\ccpd2020_ccpd_green_00751953125-90_90-256&462_410&512-408&512_256&507_256&462_410&464-0_0_3_24_32_32_29_25-114-26.jpg	D:\Yolo_LPR_RK3568_FPGA_Project\2_Model_Conversion_PC_Simulation\yolov8_obb\model\obb_quant_dataset_800\quant_0202.jpg	D:\Yolo_LPR_RK3568_FPGA_Project\1_PC_Training\datasets\yolo_obb_640\labels\train\ccpd2020_ccpd_green_00751953125-90_90-256&462_410&512-408&512_256&507_256&462_410&464-0_0_3_24_32_32_29_25-114-26.txt	1	24.827520	0.744003	0	0-5
203	1	green	1	green	ccpd2020	ccpd_green	D:\Yolo_LPR_RK3568_FPGA_Project\1_PC_Training\datasets\CCPD2020\ccpd_green\train\0078125-92_98-269&462_419&515-411&515_269&509_281&466_419&462-0_0_5_25_24_24_24_24-142-7.jpg	D:\Yolo_LPR_RK3568_FPGA_Project\1_PC_Training\datasets\yolo_obb_640\images\train\ccpd2020_ccpd_green_0078125-92_98-269&462_419&515-411&515_269&509_281&466_419&462-0_0_5_25_24_24_24_24-142-7.jpg	D:\Yolo_LPR_RK3568_FPGA_Project\2_Model_Conversion_PC_Simulation\yolov8_obb\model\obb_quant_dataset_800\quant_0203.jpg	D:\Yolo_LPR_RK3568_FPGA_Project\1_PC_Training\datasets\yolo_obb_640\labels\train\ccpd2020_ccpd_green_0078125-92_98-269&462_419&515-411&515_269&509_281&466_419&462-0_0_5_25_24_24_24_24-142-7.txt	1	24.630693	2.419786	0	0-5
204	1	green	1	green	ccpd2020	ccpd_green	D:\Yolo_LPR_RK3568_FPGA_Project\1_PC_Training\datasets\CCPD2020\ccpd_green\train\00782118055556-96_270-298&442_434&500-434&500_298&485_302&442_434&457-0_0_3_26_29_25_30_31-205-77.jpg	D:\Yolo_LPR_RK3568_FPGA_Project\1_PC_Training\datasets\yolo_obb_640\images\train\ccpd2020_ccpd_green_00782118055556-96_270-298&442_434&500-434&500_298&485_302&442_434&457-0_0_3_26_29_25_30_31-205-77.jpg	D:\Yolo_LPR_RK3568_FPGA_Project\2_Model_Conversion_PC_Simulation\yolov8_obb\model\obb_quant_dataset_800\quant_0204.jpg	D:\Yolo_LPR_RK3568_FPGA_Project\1_PC_Training\datasets\yolo_obb_640\labels\train\ccpd2020_ccpd_green_00782118055556-96_270-298&442_434&500-434&500_298&485_302&442_434&457-0_0_3_26_29_25_30_31-205-77.txt	1	23.723520	6.293928	0	5-15
205	1	green	1	green	ccpd2020	ccpd_green	D:\Yolo_LPR_RK3568_FPGA_Project\1_PC_Training\datasets\CCPD2020\ccpd_green\train\00785807291667-95_272-366&547_508&602-502&602_366&592_368&547_508&562-0_0_3_24_32_31_31_25-102-91.jpg	D:\Yolo_LPR_RK3568_FPGA_Project\1_PC_Training\datasets\yolo_obb_640\images\train\ccpd2020_ccpd_green_00785807291667-95_272-366&547_508&602-502&602_366&592_368&547_508&562-0_0_3_24_32_31_31_25-102-91.jpg	D:\Yolo_LPR_RK3568_FPGA_Project\2_Model_Conversion_PC_Simulation\yolov8_obb\model\obb_quant_dataset_800\quant_0205.jpg	D:\Yolo_LPR_RK3568_FPGA_Project\1_PC_Training\datasets\yolo_obb_640\labels\train\ccpd2020_ccpd_green_00785807291667-95_272-366&547_508&602-502&602_366&592_368&547_508&562-0_0_3_24_32_31_31_25-102-91.txt	1	22.316052	6.115470	0	5-15
206	1	green	1	green	ccpd2020	ccpd_green	D:\Yolo_LPR_RK3568_FPGA_Project\1_PC_Training\datasets\CCPD2020\ccpd_green\train\00791666666667-90_265-317&401_469&454-469&454_320&448_317&403_465&401-0_0_3_24_26_30_33_24-120-36.jpg	D:\Yolo_LPR_RK3568_FPGA_Project\1_PC_Training\datasets\yolo_obb_640\images\train\ccpd2020_ccpd_green_00791666666667-90_265-317&401_469&454-469&454_320&448_317&403_465&401-0_0_3_24_26_30_33_24-120-36.jpg	D:\Yolo_LPR_RK3568_FPGA_Project\2_Model_Conversion_PC_Simulation\yolov8_obb\model\obb_quant_dataset_800\quant_0206.jpg	D:\Yolo_LPR_RK3568_FPGA_Project\1_PC_Training\datasets\yolo_obb_640\labels\train\ccpd2020_ccpd_green_00791666666667-90_265-317&401_469&454-469&454_320&448_317&403_465&401-0_0_3_24_26_30_33_24-120-36.txt	1	24.882614	2.305776	0	0-5
207	1	green	1	green	ccpd2020	ccpd_green	D:\Yolo_LPR_RK3568_FPGA_Project\1_PC_Training\datasets\CCPD2020\ccpd_green\train\00851671006944-90_267-236&484_403&536-403&535_236&536_238&484_403&484-0_0_3_24_24_33_28_25-168-100.jpg	D:\Yolo_LPR_RK3568_FPGA_Project\1_PC_Training\datasets\yolo_obb_640\images\train\ccpd2020_ccpd_green_00851671006944-90_267-236&484_403&536-403&535_236&536_238&484_403&484-0_0_3_24_24_33_28_25-168-100.jpg	D:\Yolo_LPR_RK3568_FPGA_Project\2_Model_Conversion_PC_Simulation\yolov8_obb\model\obb_quant_dataset_800\quant_0207.jpg	D:\Yolo_LPR_RK3568_FPGA_Project\1_PC_Training\datasets\yolo_obb_640\labels\train\ccpd2020_ccpd_green_00851671006944-90_267-236&484_403&536-403&535_236&536_238&484_403&484-0_0_3_24_24_33_28_25-168-100.txt	1	28.138240	0.343058	0	0-5
208	1	green	1	green	ccpd2020	ccpd_green	D:\Yolo_LPR_RK3568_FPGA_Project\1_PC_Training\datasets\CCPD2020\ccpd_green\train\0086328125-89_90-240&450_396&506-395&506_240&502_240&454_396&450-0_0_3_24_33_32_29_26-133-54.jpg	D:\Yolo_LPR_RK3568_FPGA_Project\1_PC_Training\datasets\yolo_obb_640\images\train\ccpd2020_ccpd_green_0086328125-89_90-240&450_396&506-395&506_240&502_240&454_396&450-0_0_3_24_33_32_29_26-133-54.jpg	D:\Yolo_LPR_RK3568_FPGA_Project\2_Model_Conversion_PC_Simulation\yolov8_obb\model\obb_quant_dataset_800\quant_0208.jpg	D:\Yolo_LPR_RK3568_FPGA_Project\1_PC_Training\datasets\yolo_obb_640\labels\train\ccpd2020_ccpd_green_0086328125-89_90-240&450_396&506-395&506_240&502_240&454_396&450-0_0_3_24_33_32_29_26-133-54.txt	1	26.483200	1.468681	0	0-5
209	1	green	1	green	ccpd2020	ccpd_green	D:\Yolo_LPR_RK3568_FPGA_Project\1_PC_Training\datasets\CCPD2020\ccpd_green\train\008684895833333333-90_268-268&462_406&526-406&511_269&526_268&465_403&462-0_0_3_25_32_33_32_33-166-5.jpg	D:\Yolo_LPR_RK3568_FPGA_Project\1_PC_Training\datasets\yolo_obb_640\images\train\ccpd2020_ccpd_green_008684895833333333-90_268-268&462_406&526-406&511_269&526_268&465_403&462-0_0_3_25_32_33_32_33-166-5.jpg	D:\Yolo_LPR_RK3568_FPGA_Project\2_Model_Conversion_PC_Simulation\yolov8_obb\model\obb_quant_dataset_800\quant_0209.jpg	D:\Yolo_LPR_RK3568_FPGA_Project\1_PC_Training\datasets\yolo_obb_640\labels\train\ccpd2020_ccpd_green_008684895833333333-90_268-268&462_406&526-406&511_269&526_268&465_403&462-0_0_3_25_32_33_32_33-166-5.txt	1	27.084870	6.248348	0	5-15
210	1	green	1	green	ccpd2020	ccpd_green	D:\Yolo_LPR_RK3568_FPGA_Project\1_PC_Training\datasets\CCPD2020\ccpd_green\train\00925347222222-90_94-243&474_407&531-407&529_243&531_245&476_404&474-0_0_3_17_24_33_24_27-145-54.jpg	D:\Yolo_LPR_RK3568_FPGA_Project\1_PC_Training\datasets\yolo_obb_640\images\train\ccpd2020_ccpd_green_00925347222222-90_94-243&474_407&531-407&529_243&531_245&476_404&474-0_0_3_17_24_33_24_27-145-54.jpg	D:\Yolo_LPR_RK3568_FPGA_Project\2_Model_Conversion_PC_Simulation\yolov8_obb\model\obb_quant_dataset_800\quant_0210.jpg	D:\Yolo_LPR_RK3568_FPGA_Project\1_PC_Training\datasets\yolo_obb_640\labels\train\ccpd2020_ccpd_green_00925347222222-90_94-243&474_407&531-407&529_243&531_245&476_404&474-0_0_3_17_24_33_24_27-145-54.txt	1	30.365019	0.699043	0	0-5
211	1	green	1	green	ccpd2020	ccpd_green	D:\Yolo_LPR_RK3568_FPGA_Project\1_PC_Training\datasets\CCPD2020\ccpd_green\train\00930989583333-87_266-272&399_437&456-437&442_277&456_272&409_432&399-0_0_3_24_24_29_25_32-122-261.jpg	D:\Yolo_LPR_RK3568_FPGA_Project\1_PC_Training\datasets\yolo_obb_640\images\train\ccpd2020_ccpd_green_00930989583333-87_266-272&399_437&456-437&442_277&456_272&409_432&399-0_0_3_24_24_29_25_32-122-261.jpg	D:\Yolo_LPR_RK3568_FPGA_Project\2_Model_Conversion_PC_Simulation\yolov8_obb\model\obb_quant_dataset_800\quant_0211.jpg	D:\Yolo_LPR_RK3568_FPGA_Project\1_PC_Training\datasets\yolo_obb_640\labels\train\ccpd2020_ccpd_green_00930989583333-87_266-272&399_437&456-437&442_277&456_272&409_432&399-0_0_3_24_24_29_25_32-122-261.txt	1	23.883350	5.000664	0	5-15
212	1	green	1	green	ccpd2020	ccpd_green	D:\Yolo_LPR_RK3568_FPGA_Project\1_PC_Training\datasets\CCPD2020\ccpd_green\train\00959743923611-85_98-283&469_428&536-426&520_283&536_288&479_428&469-0_0_3_24_33_29_26_30-110-76.jpg	D:\Yolo_LPR_RK3568_FPGA_Project\1_PC_Training\datasets\yolo_obb_640\images\train\ccpd2020_ccpd_green_00959743923611-85_98-283&469_428&536-426&520_283&536_288&479_428&469-0_0_3_24_33_29_26_30-110-76.jpg	D:\Yolo_LPR_RK3568_FPGA_Project\2_Model_Conversion_PC_Simulation\yolov8_obb\model\obb_quant_dataset_800\quant_0212.jpg	D:\Yolo_LPR_RK3568_FPGA_Project\1_PC_Training\datasets\yolo_obb_640\labels\train\ccpd2020_ccpd_green_00959743923611-85_98-283&469_428&536-426&520_283&536_288&479_428&469-0_0_3_24_33_29_26_30-110-76.txt	1	28.159856	6.384120	0	5-15
213	1	green	1	green	ccpd2020	ccpd_green	D:\Yolo_LPR_RK3568_FPGA_Project\1_PC_Training\datasets\CCPD2020\ccpd_green\train\00963541666667-95_103-292&470_440&536-440&536_298&520_292&470_433&481-0_0_3_24_33_26_32_30-131-50.jpg	D:\Yolo_LPR_RK3568_FPGA_Project\1_PC_Training\datasets\yolo_obb_640\images\train\ccpd2020_ccpd_green_00963541666667-95_103-292&470_440&536-440&536_298&520_292&470_433&481-0_0_3_24_33_26_32_30-131-50.jpg	D:\Yolo_LPR_RK3568_FPGA_Project\2_Model_Conversion_PC_Simulation\yolov8_obb\model\obb_quant_dataset_800\quant_0213.jpg	D:\Yolo_LPR_RK3568_FPGA_Project\1_PC_Training\datasets\yolo_obb_640\labels\train\ccpd2020_ccpd_green_00963541666667-95_103-292&470_440&536-440&536_298&520_292&470_433&481-0_0_3_24_33_26_32_30-131-50.txt	1	27.784452	6.428707	0	5-15
214	1	green	1	green	ccpd2020	ccpd_green	D:\Yolo_LPR_RK3568_FPGA_Project\1_PC_Training\datasets\CCPD2020\ccpd_green\train\00993055555556-90_268-334&434_510&491-510&491_335&491_334&434_506&436-0_0_3_25_24_26_24_32-159-79.jpg	D:\Yolo_LPR_RK3568_FPGA_Project\1_PC_Training\datasets\yolo_obb_640\images\train\ccpd2020_ccpd_green_00993055555556-90_268-334&434_510&491-510&491_335&491_334&434_506&436-0_0_3_25_24_26_24_32-159-79.jpg	D:\Yolo_LPR_RK3568_FPGA_Project\2_Model_Conversion_PC_Simulation\yolov8_obb\model\obb_quant_dataset_800\quant_0214.jpg	D:\Yolo_LPR_RK3568_FPGA_Project\1_PC_Training\datasets\yolo_obb_640\labels\train\ccpd2020_ccpd_green_00993055555556-90_268-334&434_510&491-510&491_335&491_334&434_506&436-0_0_3_25_24_26_24_32-159-79.txt	1	30.425089	0.000000	0	0-5
215	1	green	1	green	ccpd2020	ccpd_green	D:\Yolo_LPR_RK3568_FPGA_Project\1_PC_Training\datasets\CCPD2020\ccpd_green\train\0103515625-94_272-241&457_400&523-400&523_241&508_242&457_395&469-0_0_3_24_30_29_33_32-151-58.jpg	D:\Yolo_LPR_RK3568_FPGA_Project\1_PC_Training\datasets\yolo_obb_640\images\train\ccpd2020_ccpd_green_0103515625-94_272-241&457_400&523-400&523_241&508_242&457_395&469-0_0_3_24_30_29_33_32-151-58.jpg	D:\Yolo_LPR_RK3568_FPGA_Project\2_Model_Conversion_PC_Simulation\yolov8_obb\model\obb_quant_dataset_800\quant_0215.jpg	D:\Yolo_LPR_RK3568_FPGA_Project\1_PC_Training\datasets\yolo_obb_640\labels\train\ccpd2020_ccpd_green_0103515625-94_272-241&457_400&523-400&523_241&508_242&457_395&469-0_0_3_24_30_29_33_32-151-58.txt	1	28.143009	5.389281	0	5-15
216	1	green	1	green	ccpd2020	ccpd_green	D:\Yolo_LPR_RK3568_FPGA_Project\1_PC_Training\datasets\CCPD2020\ccpd_green\train\010869140625-90_265-296&468_485&526-485&525_296&526_300&468_483&469-0_0_3_24_24_32_24_32-155-38.jpg	D:\Yolo_LPR_RK3568_FPGA_Project\1_PC_Training\datasets\yolo_obb_640\images\train\ccpd2020_ccpd_green_010869140625-90_265-296&468_485&526-485&525_296&526_300&468_483&469-0_0_3_24_24_32_24_32-155-38.jpg	D:\Yolo_LPR_RK3568_FPGA_Project\2_Model_Conversion_PC_Simulation\yolov8_obb\model\obb_quant_dataset_800\quant_0216.jpg	D:\Yolo_LPR_RK3568_FPGA_Project\1_PC_Training\datasets\yolo_obb_640\labels\train\ccpd2020_ccpd_green_010869140625-90_265-296&468_485&526-485&525_296&526_300&468_483&469-0_0_3_24_24_32_24_32-155-38.txt	1	30.916341	0.303125	0	0-5
217	1	green	1	green	ccpd2020	ccpd_green	D:\Yolo_LPR_RK3568_FPGA_Project\1_PC_Training\datasets\CCPD2020\ccpd_green\train\011067708333333334-88_261-259&446_429&512-429&496_259&512_265&453_427&446-0_0_3_24_31_25_25_31-132-121.jpg	D:\Yolo_LPR_RK3568_FPGA_Project\1_PC_Training\datasets\yolo_obb_640\images\train\ccpd2020_ccpd_green_011067708333333334-88_261-259&446_429&512-429&496_259&512_265&453_427&446-0_0_3_24_31_25_25_31-132-121.jpg	D:\Yolo_LPR_RK3568_FPGA_Project\2_Model_Conversion_PC_Simulation\yolov8_obb\model\obb_quant_dataset_800\quant_0217.jpg	D:\Yolo_LPR_RK3568_FPGA_Project\1_PC_Training\datasets\yolo_obb_640\labels\train\ccpd2020_ccpd_green_011067708333333334-88_261-259&446_429&512-429&496_259&512_265&453_427&446-0_0_3_24_31_25_25_31-132-121.txt	1	27.607968	5.376668	0	5-15
218	1	green	1	green	ccpd2020	ccpd_green	D:\Yolo_LPR_RK3568_FPGA_Project\1_PC_Training\datasets\CCPD2020\ccpd_green\train\0112141927083-90_267-271&447_466&505-466&503_271&505_273&447_466&447-0_0_3_24_29_32_30_33-69-19.jpg	D:\Yolo_LPR_RK3568_FPGA_Project\1_PC_Training\datasets\yolo_obb_640\images\train\ccpd2020_ccpd_green_0112141927083-90_267-271&447_466&505-466&503_271&505_273&447_466&447-0_0_3_24_29_32_30_33-69-19.jpg	D:\Yolo_LPR_RK3568_FPGA_Project\2_Model_Conversion_PC_Simulation\yolov8_obb\model\obb_quant_dataset_800\quant_0218.jpg	D:\Yolo_LPR_RK3568_FPGA_Project\1_PC_Training\datasets\yolo_obb_640\labels\train\ccpd2020_ccpd_green_0112141927083-90_267-271&447_466&505-466&503_271&505_273&447_466&447-0_0_3_24_29_32_30_33-69-19.txt	1	30.896640	0.587582	0	0-5
219	1	green	1	green	ccpd2020	ccpd_green	D:\Yolo_LPR_RK3568_FPGA_Project\1_PC_Training\datasets\CCPD2020\ccpd_green\train\011369357638888888-87_266-291&454_460&522-460&507_297&522_291&465_451&454-0_0_3_24_27_33_33_33-161-84.jpg	D:\Yolo_LPR_RK3568_FPGA_Project\1_PC_Training\datasets\yolo_obb_640\images\train\ccpd2020_ccpd_green_011369357638888888-87_266-291&454_460&522-460&507_297&522_291&465_451&454-0_0_3_24_27_33_33_33-161-84.jpg	D:\Yolo_LPR_RK3568_FPGA_Project\2_Model_Conversion_PC_Simulation\yolov8_obb\model\obb_quant_dataset_800\quant_0219.jpg	D:\Yolo_LPR_RK3568_FPGA_Project\1_PC_Training\datasets\yolo_obb_640\labels\train\ccpd2020_ccpd_green_011369357638888888-87_266-291&454_460&522-460&507_297&522_291&465_451&454-0_0_3_24_27_33_33_33-161-84.txt	1	29.660201	5.257793	0	5-15
220	1	green	1	green	ccpd2020	ccpd_green	D:\Yolo_LPR_RK3568_FPGA_Project\1_PC_Training\datasets\CCPD2020\ccpd_green\train\0113693576389-87_90-300&496_469&564-469&552_300&564_300&503_467&496-0_0_3_24_31_30_31_31-160-54.jpg	D:\Yolo_LPR_RK3568_FPGA_Project\1_PC_Training\datasets\yolo_obb_640\images\train\ccpd2020_ccpd_green_0113693576389-87_90-300&496_469&564-469&552_300&564_300&503_467&496-0_0_3_24_31_30_31_31-160-54.jpg	D:\Yolo_LPR_RK3568_FPGA_Project\2_Model_Conversion_PC_Simulation\yolov8_obb\model\obb_quant_dataset_800\quant_0220.jpg	D:\Yolo_LPR_RK3568_FPGA_Project\1_PC_Training\datasets\yolo_obb_640\labels\train\ccpd2020_ccpd_green_0113693576389-87_90-300&496_469&564-469&552_300&564_300&503_467&496-0_0_3_24_31_30_31_31-160-54.txt	1	30.916341	4.061594	0	0-5
221	1	green	1	green	ccpd2020	ccpd_green	D:\Yolo_LPR_RK3568_FPGA_Project\1_PC_Training\datasets\CCPD2020\ccpd_green\train\0115592447917-87_265-356&442_515&515-515&501_356&515_357&453_510&442-0_0_3_24_32_32_33_32-107-38.jpg	D:\Yolo_LPR_RK3568_FPGA_Project\1_PC_Training\datasets\yolo_obb_640\images\train\ccpd2020_ccpd_green_0115592447917-87_265-356&442_515&515-515&501_356&515_357&453_510&442-0_0_3_24_32_32_33_32-107-38.jpg	D:\Yolo_LPR_RK3568_FPGA_Project\2_Model_Conversion_PC_Simulation\yolov8_obb\model\obb_quant_dataset_800\quant_0221.jpg	D:\Yolo_LPR_RK3568_FPGA_Project\1_PC_Training\datasets\yolo_obb_640\labels\train\ccpd2020_ccpd_green_0115592447917-87_265-356&442_515&515-515&501_356&515_357&453_510&442-0_0_3_24_32_32_33_32-107-38.txt	1	32.669018	5.031933	0	5-15
222	1	green	1	green	ccpd2020	ccpd_green	D:\Yolo_LPR_RK3568_FPGA_Project\1_PC_Training\datasets\CCPD2020\ccpd_green\train\01171875-91_268-218&425_398&491-398&490_219&491_218&425_398&430-0_9_3_24_31_33_33_33-131-40.jpg	D:\Yolo_LPR_RK3568_FPGA_Project\1_PC_Training\datasets\yolo_obb_640\images\train\ccpd2020_ccpd_green_01171875-91_268-218&425_398&491-398&490_219&491_218&425_398&430-0_9_3_24_31_33_33_33-131-40.jpg	D:\Yolo_LPR_RK3568_FPGA_Project\2_Model_Conversion_PC_Simulation\yolov8_obb\model\obb_quant_dataset_800\quant_0222.jpg	D:\Yolo_LPR_RK3568_FPGA_Project\1_PC_Training\datasets\yolo_obb_640\labels\train\ccpd2020_ccpd_green_01171875-91_268-218&425_398&491-398&490_219&491_218&425_398&430-0_9_3_24_31_33_33_33-131-40.txt	1	33.103360	1.591382	0	0-5
223	1	green	1	green	ccpd2020	ccpd_green	D:\Yolo_LPR_RK3568_FPGA_Project\1_PC_Training\datasets\CCPD2020\ccpd_green\train\0118359375-90_266-231&493_433&552-433&552_231&550_234&496_432&493-0_0_3_24_28_29_30_30-100-4.jpg	D:\Yolo_LPR_RK3568_FPGA_Project\1_PC_Training\datasets\yolo_obb_640\images\train\ccpd2020_ccpd_green_0118359375-90_266-231&493_433&552-433&552_231&550_234&496_432&493-0_0_3_24_28_29_30_30-100-4.jpg	D:\Yolo_LPR_RK3568_FPGA_Project\2_Model_Conversion_PC_Simulation\yolov8_obb\model\obb_quant_dataset_800\quant_0223.jpg	D:\Yolo_LPR_RK3568_FPGA_Project\1_PC_Training\datasets\yolo_obb_640\labels\train\ccpd2020_ccpd_green_0118359375-90_266-231&493_433&552-433&552_231&550_234&496_432&493-0_0_3_24_28_29_30_30-100-4.txt	1	29.839229	0.567220	0	0-5
224	1	green	1	green	ccpd2020	ccpd_green	D:\Yolo_LPR_RK3568_FPGA_Project\1_PC_Training\datasets\CCPD2020\ccpd_green\train\011875-89_267-266&350_458&412-458&408_266&412_267&355_457&350-0_0_3_24_31_29_32_32-100-36.jpg	D:\Yolo_LPR_RK3568_FPGA_Project\1_PC_Training\datasets\yolo_obb_640\images\train\ccpd2020_ccpd_green_011875-89_267-266&350_458&412-458&408_266&412_267&355_457&350-0_0_3_24_31_29_32_32-100-36.jpg	D:\Yolo_LPR_RK3568_FPGA_Project\2_Model_Conversion_PC_Simulation\yolov8_obb\model\obb_quant_dataset_800\quant_0224.jpg	D:\Yolo_LPR_RK3568_FPGA_Project\1_PC_Training\datasets\yolo_obb_640\labels\train\ccpd2020_ccpd_green_011875-89_267-266&350_458&412-458&408_266&412_267&355_457&350-0_0_3_24_31_29_32_32-100-36.txt	1	31.453160	1.193392	0	0-5
225	1	green	1	green	ccpd2020	ccpd_green	D:\Yolo_LPR_RK3568_FPGA_Project\1_PC_Training\datasets\CCPD2020\ccpd_green\train\0119097222222-90_268-283&435_479&496-479&496_284&496_283&435_476&438-0_0_3_24_30_31_29_29-118-125.jpg	D:\Yolo_LPR_RK3568_FPGA_Project\1_PC_Training\datasets\yolo_obb_640\images\train\ccpd2020_ccpd_green_0119097222222-90_268-283&435_479&496-479&496_284&496_283&435_476&438-0_0_3_24_30_31_29_29-118-125.jpg	D:\Yolo_LPR_RK3568_FPGA_Project\2_Model_Conversion_PC_Simulation\yolov8_obb\model\obb_quant_dataset_800\quant_0225.jpg	D:\Yolo_LPR_RK3568_FPGA_Project\1_PC_Training\datasets\yolo_obb_640\labels\train\ccpd2020_ccpd_green_0119097222222-90_268-283&435_479&496-479&496_284&496_283&435_476&438-0_0_3_24_30_31_29_29-118-125.txt	1	32.042784	0.000000	0	0-5
226	1	green	1	green	ccpd2020	ccpd_green	D:\Yolo_LPR_RK3568_FPGA_Project\1_PC_Training\datasets\CCPD2020\ccpd_green\train\012099609375-92_268-270&432_447&501-445&501_270&485_273&432_447&442-0_0_3_26_28_31_33_26-101-34.jpg	D:\Yolo_LPR_RK3568_FPGA_Project\1_PC_Training\datasets\yolo_obb_640\images\train\ccpd2020_ccpd_green_012099609375-92_268-270&432_447&501-445&501_270&485_273&432_447&442-0_0_3_26_28_31_33_26-101-34.jpg	D:\Yolo_LPR_RK3568_FPGA_Project\2_Model_Conversion_PC_Simulation\yolov8_obb\model\obb_quant_dataset_800\quant_0226.jpg	D:\Yolo_LPR_RK3568_FPGA_Project\1_PC_Training\datasets\yolo_obb_640\labels\train\ccpd2020_ccpd_green_012099609375-92_268-270&432_447&501-445&501_270&485_273&432_447&442-0_0_3_26_28_31_33_26-101-34.txt	1	29.287775	5.224276	0	5-15
227	1	green	1	green	ccpd2020	ccpd_green	D:\Yolo_LPR_RK3568_FPGA_Project\1_PC_Training\datasets\CCPD2020\ccpd_green\train\0125173611111-90_265-222&421_428&482-428&482_222&480_226&421_425&423-0_0_3_24_24_25_27_29-182-42.jpg	D:\Yolo_LPR_RK3568_FPGA_Project\1_PC_Training\datasets\yolo_obb_640\images\train\ccpd2020_ccpd_green_0125173611111-90_265-222&421_428&482-428&482_222&480_226&421_425&423-0_0_3_24_24_25_27_29-182-42.jpg	D:\Yolo_LPR_RK3568_FPGA_Project\2_Model_Conversion_PC_Simulation\yolov8_obb\model\obb_quant_dataset_800\quant_0227.jpg	D:\Yolo_LPR_RK3568_FPGA_Project\1_PC_Training\datasets\yolo_obb_640\labels\train\ccpd2020_ccpd_green_0125173611111-90_265-222&421_428&482-428&482_222&480_226&421_425&423-0_0_3_24_24_25_27_29-182-42.txt	1	32.593720	0.556208	0	0-5
228	1	green	1	green	ccpd2020	ccpd_green	D:\Yolo_LPR_RK3568_FPGA_Project\1_PC_Training\datasets\CCPD2020\ccpd_green\train\012565104166666667-89_263-293&443_486&508-486&500_300&508_293&449_478&443-0_0_3_26_33_30_33_24-105-34.jpg	D:\Yolo_LPR_RK3568_FPGA_Project\1_PC_Training\datasets\yolo_obb_640\images\train\ccpd2020_ccpd_green_012565104166666667-89_263-293&443_486&508-486&500_300&508_293&449_478&443-0_0_3_26_33_30_33_24-105-34.jpg	D:\Yolo_LPR_RK3568_FPGA_Project\2_Model_Conversion_PC_Simulation\yolov8_obb\model\obb_quant_dataset_800\quant_0228.jpg	D:\Yolo_LPR_RK3568_FPGA_Project\1_PC_Training\datasets\yolo_obb_640\labels\train\ccpd2020_ccpd_green_012565104166666667-89_263-293&443_486&508-486&500_300&508_293&449_478&443-0_0_3_26_33_30_33_24-105-34.txt	1	31.755909	2.462980	0	0-5
229	1	green	1	green	ccpd2020	ccpd_green	D:\Yolo_LPR_RK3568_FPGA_Project\1_PC_Training\datasets\CCPD2020\ccpd_green\train\01259765625-90_265-270&391_485&450-485&450_274&448_270&392_479&391-0_0_3_24_31_29_26_24-176-34.jpg	D:\Yolo_LPR_RK3568_FPGA_Project\1_PC_Training\datasets\yolo_obb_640\images\train\ccpd2020_ccpd_green_01259765625-90_265-270&391_485&450-485&450_274&448_270&392_479&391-0_0_3_24_31_29_26_24-176-34.jpg	D:\Yolo_LPR_RK3568_FPGA_Project\2_Model_Conversion_PC_Simulation\yolov8_obb\model\obb_quant_dataset_800\quant_0229.jpg	D:\Yolo_LPR_RK3568_FPGA_Project\1_PC_Training\datasets\yolo_obb_640\labels\train\ccpd2020_ccpd_green_01259765625-90_265-270&391_485&450-485&450_274&448_270&392_479&391-0_0_3_24_31_29_26_24-176-34.txt	1	30.975370	0.543029	0	0-5
230	1	green	1	green	ccpd2020	ccpd_green	D:\Yolo_LPR_RK3568_FPGA_Project\1_PC_Training\datasets\CCPD2020\ccpd_green\train\0126171875-91_258-248&459_452&522-452&522_257&513_248&459_440&465-0_0_3_26_28_32_29_32-138-85.jpg	D:\Yolo_LPR_RK3568_FPGA_Project\1_PC_Training\datasets\yolo_obb_640\images\train\ccpd2020_ccpd_green_0126171875-91_258-248&459_452&522-452&522_257&513_248&459_440&465-0_0_3_26_28_32_29_32-138-85.jpg	D:\Yolo_LPR_RK3568_FPGA_Project\2_Model_Conversion_PC_Simulation\yolov8_obb\model\obb_quant_dataset_800\quant_0230.jpg	D:\Yolo_LPR_RK3568_FPGA_Project\1_PC_Training\datasets\yolo_obb_640\labels\train\ccpd2020_ccpd_green_0126171875-91_258-248&459_452&522-452&522_257&513_248&459_440&465-0_0_3_26_28_32_29_32-138-85.txt	1	30.203605	2.642668	0	0-5
231	1	green	1	green	ccpd2020	ccpd_green	D:\Yolo_LPR_RK3568_FPGA_Project\1_PC_Training\datasets\CCPD2020\ccpd_green\train\0129644097222-90_267-231&433_437&496-435&494_233&496_231&435_437&433-0_0_3_25_33_29_27_29-101-50.jpg	D:\Yolo_LPR_RK3568_FPGA_Project\1_PC_Training\datasets\yolo_obb_640\images\train\ccpd2020_ccpd_green_0129644097222-90_267-231&433_437&496-435&494_233&496_231&435_437&433-0_0_3_25_33_29_27_29-101-50.jpg	D:\Yolo_LPR_RK3568_FPGA_Project\2_Model_Conversion_PC_Simulation\yolov8_obb\model\obb_quant_dataset_800\quant_0231.jpg	D:\Yolo_LPR_RK3568_FPGA_Project\1_PC_Training\datasets\yolo_obb_640\labels\train\ccpd2020_ccpd_green_0129644097222-90_267-231&433_437&496-435&494_233&496_231&435_437&433-0_0_3_25_33_29_27_29-101-50.txt	1	33.673114	0.556208	0	0-5
232	1	green	1	green	ccpd2020	ccpd_green	D:\Yolo_LPR_RK3568_FPGA_Project\1_PC_Training\datasets\CCPD2020\ccpd_green\train\0131586371528-94_102-254&507_435&581-435&581_262&565_254&507_427&516-10_0_3_24_32_32_26_25-106-81.jpg	D:\Yolo_LPR_RK3568_FPGA_Project\1_PC_Training\datasets\yolo_obb_640\images\train\ccpd2020_ccpd_green_0131586371528-94_102-254&507_435&581-435&581_262&565_254&507_427&516-10_0_3_24_32_32_26_25-106-81.jpg	D:\Yolo_LPR_RK3568_FPGA_Project\2_Model_Conversion_PC_Simulation\yolov8_obb\model\obb_quant_dataset_800\quant_0232.jpg	D:\Yolo_LPR_RK3568_FPGA_Project\1_PC_Training\datasets\yolo_obb_640\labels\train\ccpd2020_ccpd_green_0131586371528-94_102-254&507_435&581-435&581_262&565_254&507_427&516-10_0_3_24_32_32_26_25-106-81.txt	1	32.302959	5.283956	0	5-15
233	1	green	1	green	ccpd2020	ccpd_green	D:\Yolo_LPR_RK3568_FPGA_Project\1_PC_Training\datasets\CCPD2020\ccpd_green\train\0132530381944-87_263-272&381_469&449-469&448_280&449_272&395_468&381-0_0_3_25_27_32_32_32-153-136.jpg	D:\Yolo_LPR_RK3568_FPGA_Project\1_PC_Training\datasets\yolo_obb_640\images\train\ccpd2020_ccpd_green_0132530381944-87_263-272&381_469&449-469&448_280&449_272&395_468&381-0_0_3_25_27_32_32_32-153-136.jpg	D:\Yolo_LPR_RK3568_FPGA_Project\2_Model_Conversion_PC_Simulation\yolov8_obb\model\obb_quant_dataset_800\quant_0233.jpg	D:\Yolo_LPR_RK3568_FPGA_Project\1_PC_Training\datasets\yolo_obb_640\labels\train\ccpd2020_ccpd_green_0132530381944-87_263-272&381_469&449-469&448_280&449_272&395_468&381-0_0_3_25_27_32_32_32-153-136.txt	1	30.118445	4.085632	0	0-5
234	1	green	1	green	ccpd2020	ccpd_green	D:\Yolo_LPR_RK3568_FPGA_Project\1_PC_Training\datasets\CCPD2020\ccpd_green\train\0134114583333-89_259-291&443_497&508-497&508_302&507_291&448_495&443-0_0_3_25_26_27_30_30-104-56.jpg	D:\Yolo_LPR_RK3568_FPGA_Project\1_PC_Training\datasets\yolo_obb_640\images\train\ccpd2020_ccpd_green_0134114583333-89_259-291&443_497&508-497&508_302&507_291&448_495&443-0_0_3_25_26_27_30_30-104-56.jpg	D:\Yolo_LPR_RK3568_FPGA_Project\2_Model_Conversion_PC_Simulation\yolov8_obb\model\obb_quant_dataset_800\quant_0234.jpg	D:\Yolo_LPR_RK3568_FPGA_Project\1_PC_Training\datasets\yolo_obb_640\labels\train\ccpd2020_ccpd_green_0134114583333-89_259-291&443_497&508-497&508_302&507_291&448_495&443-0_0_3_25_26_27_30_30-104-56.txt	1	33.112542	1.403917	0	0-5
235	1	green	1	green	ccpd2020	ccpd_green	D:\Yolo_LPR_RK3568_FPGA_Project\1_PC_Training\datasets\CCPD2020\ccpd_green\train\0134364149306-90_268-241&464_444&530-444&528_241&530_243&464_443&464-0_0_3_26_31_31_33_33-125-80.jpg	D:\Yolo_LPR_RK3568_FPGA_Project\1_PC_Training\datasets\yolo_obb_640\images\train\ccpd2020_ccpd_green_0134364149306-90_268-241&464_444&530-444&528_241&530_243&464_443&464-0_0_3_26_31_31_33_33-125-80.jpg	D:\Yolo_LPR_RK3568_FPGA_Project\2_Model_Conversion_PC_Simulation\yolov8_obb\model\obb_quant_dataset_800\quant_0235.jpg	D:\Yolo_LPR_RK3568_FPGA_Project\1_PC_Training\datasets\yolo_obb_640\labels\train\ccpd2020_ccpd_green_0134364149306-90_268-241&464_444&530-444&528_241&530_243&464_443&464-0_0_3_26_31_31_33_33-125-80.txt	1	35.314391	0.564753	0	0-5
236	1	green	1	green	ccpd2020	ccpd_green	D:\Yolo_LPR_RK3568_FPGA_Project\1_PC_Training\datasets\CCPD2020\ccpd_green\train\0141927083333-90_263-238&499_456&564-456&563_244&564_238&502_454&499-0_0_3_24_32_32_32_24-98-16.jpg	D:\Yolo_LPR_RK3568_FPGA_Project\1_PC_Training\datasets\yolo_obb_640\images\train\ccpd2020_ccpd_green_0141927083333-90_263-238&499_456&564-456&563_244&564_238&502_454&499-0_0_3_24_32_32_32_24-98-16.jpg	D:\Yolo_LPR_RK3568_FPGA_Project\2_Model_Conversion_PC_Simulation\yolov8_obb\model\obb_quant_dataset_800\quant_0236.jpg	D:\Yolo_LPR_RK3568_FPGA_Project\1_PC_Training\datasets\yolo_obb_640\labels\train\ccpd2020_ccpd_green_0141927083333-90_263-238&499_456&564-456&563_244&564_238&502_454&499-0_0_3_24_32_32_32_24-98-16.txt	1	34.366513	0.795968	0	0-5
237	1	green	1	green	ccpd2020	ccpd_green	D:\Yolo_LPR_RK3568_FPGA_Project\1_PC_Training\datasets\CCPD2020\ccpd_green\train\01421875-91_90-195&513_403&582-403&582_202&574_195&513_403&519-0_0_3_24_27_32_31_31-77-42.jpg	D:\Yolo_LPR_RK3568_FPGA_Project\1_PC_Training\datasets\yolo_obb_640\images\train\ccpd2020_ccpd_green_01421875-91_90-195&513_403&582-403&582_202&574_195&513_403&519-0_0_3_24_27_32_31_31-77-42.jpg	D:\Yolo_LPR_RK3568_FPGA_Project\2_Model_Conversion_PC_Simulation\yolov8_obb\model\obb_quant_dataset_800\quant_0237.jpg	D:\Yolo_LPR_RK3568_FPGA_Project\1_PC_Training\datasets\yolo_obb_640\labels\train\ccpd2020_ccpd_green_01421875-91_90-195&513_403&582-403&582_202&574_195&513_403&519-0_0_3_24_27_32_31_31-77-42.txt	1	33.876581	1.652491	0	0-5
238	1	green	1	green	ccpd2020	ccpd_green	D:\Yolo_LPR_RK3568_FPGA_Project\1_PC_Training\datasets\CCPD2020\ccpd_green\train\0142306857639-90_268-256&432_471&499-470&499_256&495_258&432_471&435-0_0_3_26_28_32_29_32-107-84.jpg	D:\Yolo_LPR_RK3568_FPGA_Project\1_PC_Training\datasets\yolo_obb_640\images\train\ccpd2020_ccpd_green_0142306857639-90_268-256&432_471&499-470&499_256&495_258&432_471&435-0_0_3_26_28_32_29_32-107-84.jpg	D:\Yolo_LPR_RK3568_FPGA_Project\2_Model_Conversion_PC_Simulation\yolov8_obb\model\obb_quant_dataset_800\quant_0238.jpg	D:\Yolo_LPR_RK3568_FPGA_Project\1_PC_Training\datasets\yolo_obb_640\labels\train\ccpd2020_ccpd_green_0142306857639-90_268-256&432_471&499-470&499_256&495_258&432_471&435-0_0_3_26_28_32_29_32-107-84.txt	1	34.775901	1.070740	0	0-5
239	1	green	1	green	ccpd2020	ccpd_green	D:\Yolo_LPR_RK3568_FPGA_Project\1_PC_Training\datasets\CCPD2020\ccpd_green\train\014375-89_266-215&453_422&523-419&516_215&523_218&457_422&453-0_0_3_26_25_30_33_30-175-59.jpg	D:\Yolo_LPR_RK3568_FPGA_Project\1_PC_Training\datasets\yolo_obb_640\images\train\ccpd2020_ccpd_green_014375-89_266-215&453_422&523-419&516_215&523_218&457_422&453-0_0_3_26_25_30_33_30-175-59.jpg	D:\Yolo_LPR_RK3568_FPGA_Project\2_Model_Conversion_PC_Simulation\yolov8_obb\model\obb_quant_dataset_800\quant_0239.jpg	D:\Yolo_LPR_RK3568_FPGA_Project\1_PC_Training\datasets\yolo_obb_640\labels\train\ccpd2020_ccpd_green_014375-89_266-215&453_422&523-419&516_215&523_218&457_422&453-0_0_3_26_25_30_33_30-175-59.txt	1	34.798432	1.965106	0	0-5
240	1	green	1	green	ccpd2020	ccpd_green	D:\Yolo_LPR_RK3568_FPGA_Project\1_PC_Training\datasets\CCPD2020\ccpd_green\train\0147580295139-90_94-244&542_447&616-447&616_244&616_246&551_443&542-0_0_5_25_24_24_24_24-123-33.jpg	D:\Yolo_LPR_RK3568_FPGA_Project\1_PC_Training\datasets\yolo_obb_640\images\train\ccpd2020_ccpd_green_0147580295139-90_94-244&542_447&616-447&616_244&616_246&551_443&542-0_0_5_25_24_24_24_24-123-33.jpg	D:\Yolo_LPR_RK3568_FPGA_Project\2_Model_Conversion_PC_Simulation\yolov8_obb\model\obb_quant_dataset_800\quant_0240.jpg	D:\Yolo_LPR_RK3568_FPGA_Project\1_PC_Training\datasets\yolo_obb_640\labels\train\ccpd2020_ccpd_green_0147580295139-90_94-244&542_447&616-447&616_244&616_246&551_443&542-0_0_5_25_24_24_24_24-123-33.txt	1	35.878735	0.000000	0	0-5
241	1	green	1	green	ccpd2020	ccpd_green	D:\Yolo_LPR_RK3568_FPGA_Project\1_PC_Training\datasets\CCPD2020\ccpd_green\train\0147916666667-89_268-233&407_446&477-446&468_236&477_233&413_442&407-0_0_3_24_33_32_26_32-102-49.jpg	D:\Yolo_LPR_RK3568_FPGA_Project\1_PC_Training\datasets\yolo_obb_640\images\train\ccpd2020_ccpd_green_0147916666667-89_268-233&407_446&477-446&468_236&477_233&413_442&407-0_0_3_24_33_32_26_32-102-49.jpg	D:\Yolo_LPR_RK3568_FPGA_Project\2_Model_Conversion_PC_Simulation\yolov8_obb\model\obb_quant_dataset_800\quant_0241.jpg	D:\Yolo_LPR_RK3568_FPGA_Project\1_PC_Training\datasets\yolo_obb_640\labels\train\ccpd2020_ccpd_green_0147916666667-89_268-233&407_446&477-446&468_236&477_233&413_442&407-0_0_3_24_33_32_26_32-102-49.txt	1	33.727305	2.454157	0	0-5
242	1	green	1	green	ccpd2020	ccpd_green	D:\Yolo_LPR_RK3568_FPGA_Project\1_PC_Training\datasets\CCPD2020\ccpd_green\train\015107421875-90_261-233&408_454&477-454&477_241&472_233&411_451&408-0_0_3_26_30_27_33_33-138-68.jpg	D:\Yolo_LPR_RK3568_FPGA_Project\1_PC_Training\datasets\yolo_obb_640\images\train\ccpd2020_ccpd_green_015107421875-90_261-233&408_454&477-454&477_241&472_233&411_451&408-0_0_3_26_30_27_33_33-138-68.jpg	D:\Yolo_LPR_RK3568_FPGA_Project\2_Model_Conversion_PC_Simulation\yolov8_obb\model\obb_quant_dataset_800\quant_0242.jpg	D:\Yolo_LPR_RK3568_FPGA_Project\1_PC_Training\datasets\yolo_obb_640\labels\train\ccpd2020_ccpd_green_015107421875-90_261-233&408_454&477-454&477_241&472_233&411_451&408-0_0_3_26_30_27_33_33-138-68.txt	1	33.943865	0.788361	0	0-5
243	1	green	1	green	ccpd2020	ccpd_green	D:\Yolo_LPR_RK3568_FPGA_Project\1_PC_Training\datasets\CCPD2020\ccpd_green\train\0151573350694-90_268-208&408_437&474-437&474_208&473_210&408_433&409-0_0_3_24_27_26_30_30-199-77.jpg	D:\Yolo_LPR_RK3568_FPGA_Project\1_PC_Training\datasets\yolo_obb_640\images\train\ccpd2020_ccpd_green_0151573350694-90_268-208&408_437&474-437&474_208&473_210&408_433&409-0_0_3_24_27_26_30_30-199-77.jpg	D:\Yolo_LPR_RK3568_FPGA_Project\2_Model_Conversion_PC_Simulation\yolov8_obb\model\obb_quant_dataset_800\quant_0243.jpg	D:\Yolo_LPR_RK3568_FPGA_Project\1_PC_Training\datasets\yolo_obb_640\labels\train\ccpd2020_ccpd_green_0151573350694-90_268-208&408_437&474-437&474_208&473_210&408_433&409-0_0_3_24_27_26_30_30-199-77.txt	1	35.879375	0.250179	0	0-5
244	1	green	1	green	ccpd2020	ccpd_green	D:\Yolo_LPR_RK3568_FPGA_Project\1_PC_Training\datasets\CCPD2020\ccpd_green\train\0152777777778-90_90-205&434_425&504-423&500_205&504_205&436_425&434-0_0_5_24_31_27_32_32-100-19.jpg	D:\Yolo_LPR_RK3568_FPGA_Project\1_PC_Training\datasets\yolo_obb_640\images\train\ccpd2020_ccpd_green_0152777777778-90_90-205&434_425&504-423&500_205&504_205&436_425&434-0_0_5_24_31_27_32_32-100-19.jpg	D:\Yolo_LPR_RK3568_FPGA_Project\2_Model_Conversion_PC_Simulation\yolov8_obb\model\obb_quant_dataset_800\quant_0244.jpg	D:\Yolo_LPR_RK3568_FPGA_Project\1_PC_Training\datasets\yolo_obb_640\labels\train\ccpd2020_ccpd_green_0152777777778-90_90-205&434_425&504-423&500_205&504_205&436_425&434-0_0_5_24_31_27_32_32-100-19.txt	1	36.430158	0.520814	1	0-5
245	1	green	1	green	ccpd2020	ccpd_green	D:\Yolo_LPR_RK3568_FPGA_Project\1_PC_Training\datasets\CCPD2020\ccpd_green\train\015339626736111112-90_269-238&461_449&535-443&532_239&535_238&464_449&461-0_0_3_25_30_30_32_32-118-121.jpg	D:\Yolo_LPR_RK3568_FPGA_Project\1_PC_Training\datasets\yolo_obb_640\images\train\ccpd2020_ccpd_green_015339626736111112-90_269-238&461_449&535-443&532_239&535_238&464_449&461-0_0_3_25_30_30_32_32-118-121.jpg	D:\Yolo_LPR_RK3568_FPGA_Project\2_Model_Conversion_PC_Simulation\yolov8_obb\model\obb_quant_dataset_800\quant_0245.jpg	D:\Yolo_LPR_RK3568_FPGA_Project\1_PC_Training\datasets\yolo_obb_640\labels\train\ccpd2020_ccpd_green_015339626736111112-90_269-238&461_449&535-443&532_239&535_238&464_449&461-0_0_3_25_30_30_32_32-118-121.txt	1	39.176360	0.814513	1	0-5
246	1	green	1	green	ccpd2020	ccpd_green	D:\Yolo_LPR_RK3568_FPGA_Project\1_PC_Training\datasets\CCPD2020\ccpd_green\train\0154166666667-91_268-258&448_480&518-478&516_258&518_261&448_480&453-0_0_3_25_30_30_32_32-121-142.jpg	D:\Yolo_LPR_RK3568_FPGA_Project\1_PC_Training\datasets\yolo_obb_640\images\train\ccpd2020_ccpd_green_0154166666667-91_268-258&448_480&518-478&516_258&518_261&448_480&453-0_0_3_25_30_30_32_32-121-142.jpg	D:\Yolo_LPR_RK3568_FPGA_Project\2_Model_Conversion_PC_Simulation\yolov8_obb\model\obb_quant_dataset_800\quant_0246.jpg	D:\Yolo_LPR_RK3568_FPGA_Project\1_PC_Training\datasets\yolo_obb_640\labels\train\ccpd2020_ccpd_green_0154166666667-91_268-258&448_480&518-478&516_258&518_261&448_480&453-0_0_3_25_30_30_32_32-121-142.txt	1	34.776553	0.520814	0	0-5
247	1	green	1	green	ccpd2020	ccpd_green	D:\Yolo_LPR_RK3568_FPGA_Project\1_PC_Training\datasets\CCPD2020\ccpd_green\train\0154947916667-94_99-243&391_447&468-447&468_248&453_243&391_443&407-10_0_3_27_24_24_26_26-101-51.jpg	D:\Yolo_LPR_RK3568_FPGA_Project\1_PC_Training\datasets\yolo_obb_640\images\train\ccpd2020_ccpd_green_0154947916667-94_99-243&391_447&468-447&468_248&453_243&391_443&407-10_0_3_27_24_24_26_26-101-51.jpg	D:\Yolo_LPR_RK3568_FPGA_Project\2_Model_Conversion_PC_Simulation\yolov8_obb\model\obb_quant_dataset_800\quant_0247.jpg	D:\Yolo_LPR_RK3568_FPGA_Project\1_PC_Training\datasets\yolo_obb_640\labels\train\ccpd2020_ccpd_green_0154947916667-94_99-243&391_447&468-447&468_248&453_243&391_443&407-10_0_3_27_24_24_26_26-101-51.txt	1	33.727305	4.573883	0	0-5
248	1	green	1	green	ccpd2020	ccpd_green	D:\Yolo_LPR_RK3568_FPGA_Project\1_PC_Training\datasets\CCPD2020\ccpd_green\train\0157975260417-93_270-256&396_467&471-466&471_256&462_259&396_467&409-0_0_3_24_31_25_28_29-165-49.jpg	D:\Yolo_LPR_RK3568_FPGA_Project\1_PC_Training\datasets\yolo_obb_640\images\train\ccpd2020_ccpd_green_0157975260417-93_270-256&396_467&471-466&471_256&462_259&396_467&409-0_0_3_24_31_25_28_29-165-49.jpg	D:\Yolo_LPR_RK3568_FPGA_Project\2_Model_Conversion_PC_Simulation\yolov8_obb\model\obb_quant_dataset_800\quant_0248.jpg	D:\Yolo_LPR_RK3568_FPGA_Project\1_PC_Training\datasets\yolo_obb_640\labels\train\ccpd2020_ccpd_green_0157975260417-93_270-256&396_467&471-466&471_256&462_259&396_467&409-0_0_3_24_31_25_28_29-165-49.txt	1	34.211170	2.453841	0	0-5
249	1	green	1	green	ccpd2020	ccpd_green	D:\Yolo_LPR_RK3568_FPGA_Project\1_PC_Training\datasets\CCPD2020\ccpd_green\train\0159440104167-90_268-223&431_460&499-456&497_223&499_225&431_460&431-0_0_3_24_28_29_30_30-128-70.jpg	D:\Yolo_LPR_RK3568_FPGA_Project\1_PC_Training\datasets\yolo_obb_640\images\train\ccpd2020_ccpd_green_0159440104167-90_268-223&431_460&499-456&497_223&499_225&431_460&431-0_0_3_24_28_29_30_30-128-70.jpg	D:\Yolo_LPR_RK3568_FPGA_Project\2_Model_Conversion_PC_Simulation\yolov8_obb\model\obb_quant_dataset_800\quant_0249.jpg	D:\Yolo_LPR_RK3568_FPGA_Project\1_PC_Training\datasets\yolo_obb_640\labels\train\ccpd2020_ccpd_green_0159440104167-90_268-223&431_460&499-456&497_223&499_225&431_460&431-0_0_3_24_28_29_30_30-128-70.txt	1	36.480266	0.000000	1	0-5
250	1	green	1	green	ccpd2020	ccpd_green	D:\Yolo_LPR_RK3568_FPGA_Project\1_PC_Training\datasets\CCPD2020\ccpd_green\train\016527777777777777-90_258-231&478_469&548-469&539_243&548_231&482_465&478-0_0_3_27_25_25_29_29-94-104.jpg	D:\Yolo_LPR_RK3568_FPGA_Project\1_PC_Training\datasets\yolo_obb_640\images\train\ccpd2020_ccpd_green_016527777777777777-90_258-231&478_469&548-469&539_243&548_231&482_465&478-0_0_3_27_25_25_29_29-94-104.jpg	D:\Yolo_LPR_RK3568_FPGA_Project\2_Model_Conversion_PC_Simulation\yolov8_obb\model\obb_quant_dataset_800\quant_0250.jpg	D:\Yolo_LPR_RK3568_FPGA_Project\1_PC_Training\datasets\yolo_obb_640\labels\train\ccpd2020_ccpd_green_016527777777777777-90_258-231&478_469&548-469&539_243&548_231&482_465&478-0_0_3_27_25_25_29_29-94-104.txt	1	33.727331	0.979241	0	0-5
251	1	green	1	green	ccpd2020	ccpd_green	D:\Yolo_LPR_RK3568_FPGA_Project\1_PC_Training\datasets\CCPD2020\ccpd_green\train\0166449652778-90_265-201&411_437&482-437&479_206&482_201&414_434&411-0_0_3_25_24_24_24_26-115-53.jpg	D:\Yolo_LPR_RK3568_FPGA_Project\1_PC_Training\datasets\yolo_obb_640\images\train\ccpd2020_ccpd_green_0166449652778-90_265-201&411_437&482-437&479_206&482_201&414_434&411-0_0_3_25_24_24_24_26-115-53.jpg	D:\Yolo_LPR_RK3568_FPGA_Project\2_Model_Conversion_PC_Simulation\yolov8_obb\model\obb_quant_dataset_800\quant_0251.jpg	D:\Yolo_LPR_RK3568_FPGA_Project\1_PC_Training\datasets\yolo_obb_640\labels\train\ccpd2020_ccpd_green_0166449652778-90_265-201&411_437&482-437&479_206&482_201&414_434&411-0_0_3_25_24_24_24_26-115-53.txt	1	37.553922	0.737900	1	0-5
252	1	green	1	green	ccpd2020	ccpd_green	D:\Yolo_LPR_RK3568_FPGA_Project\1_PC_Training\datasets\CCPD2020\ccpd_green\train\01697265625-90_261-276&488_513&560-513&560_285&559_276&491_506&488-0_0_3_24_32_24_26_31-105-86.jpg	D:\Yolo_LPR_RK3568_FPGA_Project\1_PC_Training\datasets\yolo_obb_640\images\train\ccpd2020_ccpd_green_01697265625-90_261-276&488_513&560-513&560_285&559_276&491_506&488-0_0_3_24_32_24_26_31-105-86.jpg	D:\Yolo_LPR_RK3568_FPGA_Project\2_Model_Conversion_PC_Simulation\yolov8_obb\model\obb_quant_dataset_800\quant_0252.jpg	D:\Yolo_LPR_RK3568_FPGA_Project\1_PC_Training\datasets\yolo_obb_640\labels\train\ccpd2020_ccpd_green_01697265625-90_261-276&488_513&560-513&560_285&559_276&491_506&488-0_0_3_24_32_24_26_31-105-86.txt	1	37.844612	0.747233	1	0-5
253	1	green	1	green	ccpd2020	ccpd_green	D:\Yolo_LPR_RK3568_FPGA_Project\1_PC_Training\datasets\CCPD2020\ccpd_green\train\0171918402778-90_93-249&431_482&505-479&505_249&501_252&431_482&437-0_0_3_26_24_27_30_30-98-41.jpg	D:\Yolo_LPR_RK3568_FPGA_Project\1_PC_Training\datasets\yolo_obb_640\images\train\ccpd2020_ccpd_green_0171918402778-90_93-249&431_482&505-479&505_249&501_252&431_482&437-0_0_3_26_24_27_30_30-98-41.jpg	D:\Yolo_LPR_RK3568_FPGA_Project\2_Model_Conversion_PC_Simulation\yolov8_obb\model\obb_quant_dataset_800\quant_0253.jpg	D:\Yolo_LPR_RK3568_FPGA_Project\1_PC_Training\datasets\yolo_obb_640\labels\train\ccpd2020_ccpd_green_0171918402778-90_93-249&431_482&505-479&505_249&501_252&431_482&437-0_0_3_26_24_27_30_30-98-41.txt	1	37.553922	1.494216	1	0-5
254	1	green	1	green	ccpd2020	ccpd_green	D:\Yolo_LPR_RK3568_FPGA_Project\1_PC_Training\datasets\CCPD2020\ccpd_green\train\017469618055555556-88_266-247&484_477&561-477&554_253&561_247&496_473&484-0_0_3_24_25_32_32_24-194-18.jpg	D:\Yolo_LPR_RK3568_FPGA_Project\1_PC_Training\datasets\yolo_obb_640\images\train\ccpd2020_ccpd_green_017469618055555556-88_266-247&484_477&561-477&554_253&561_247&496_473&484-0_0_3_24_25_32_32_24-194-18.jpg	D:\Yolo_LPR_RK3568_FPGA_Project\2_Model_Conversion_PC_Simulation\yolov8_obb\model\obb_quant_dataset_800\quant_0254.jpg	D:\Yolo_LPR_RK3568_FPGA_Project\1_PC_Training\datasets\yolo_obb_640\labels\train\ccpd2020_ccpd_green_017469618055555556-88_266-247&484_477&561-477&554_253&561_247&496_473&484-0_0_3_24_25_32_32_24-194-18.txt	1	36.014847	3.039459	0	0-5
255	1	green	1	green	ccpd2020	ccpd_green	D:\Yolo_LPR_RK3568_FPGA_Project\1_PC_Training\datasets\CCPD2020\ccpd_green\train\0175846354167-92_266-176&411_398&491-398&491_178&480_176&411_395&423-0_0_3_24_27_30_29_28-124-93.jpg	D:\Yolo_LPR_RK3568_FPGA_Project\1_PC_Training\datasets\yolo_obb_640\images\train\ccpd2020_ccpd_green_0175846354167-92_266-176&411_398&491-398&491_178&480_176&411_395&423-0_0_3_24_27_30_29_28-124-93.jpg	D:\Yolo_LPR_RK3568_FPGA_Project\2_Model_Conversion_PC_Simulation\yolov8_obb\model\obb_quant_dataset_800\quant_0255.jpg	D:\Yolo_LPR_RK3568_FPGA_Project\1_PC_Training\datasets\yolo_obb_640\labels\train\ccpd2020_ccpd_green_0175846354167-92_266-176&411_398&491-398&491_178&480_176&411_395&423-0_0_3_24_27_30_29_28-124-93.txt	1	37.553939	2.862474	1	0-5
256	1	green	1	green	ccpd2020	ccpd_green	D:\Yolo_LPR_RK3568_FPGA_Project\1_PC_Training\datasets\CCPD2020\ccpd_green\train\0179014756944-90_266-245&466_471&546-471&539_250&546_245&466_471&466-0_0_5_25_32_25_25_32-112-7.jpg	D:\Yolo_LPR_RK3568_FPGA_Project\1_PC_Training\datasets\yolo_obb_640\images\train\ccpd2020_ccpd_green_0179014756944-90_266-245&466_471&546-471&539_250&546_245&466_471&466-0_0_5_25_32_25_25_32-112-7.jpg	D:\Yolo_LPR_RK3568_FPGA_Project\2_Model_Conversion_PC_Simulation\yolov8_obb\model\obb_quant_dataset_800\quant_0256.jpg	D:\Yolo_LPR_RK3568_FPGA_Project\1_PC_Training\datasets\yolo_obb_640\labels\train\ccpd2020_ccpd_green_0179014756944-90_266-245&466_471&546-471&539_250&546_245&466_471&466-0_0_5_25_32_25_25_32-112-7.txt	1	40.275840	0.000000	1	0-5
257	1	green	1	green	ccpd2020	ccpd_green	D:\Yolo_LPR_RK3568_FPGA_Project\1_PC_Training\datasets\CCPD2020\ccpd_green\train\0179296875-90_268-244&444_487&518-487&518_246&516_244&447_480&444-0_0_3_25_32_32_32_31-113-44.jpg	D:\Yolo_LPR_RK3568_FPGA_Project\1_PC_Training\datasets\yolo_obb_640\images\train\ccpd2020_ccpd_green_0179296875-90_268-244&444_487&518-487&518_246&516_244&447_480&444-0_0_3_25_32_32_32_31-113-44.jpg	D:\Yolo_LPR_RK3568_FPGA_Project\2_Model_Conversion_PC_Simulation\yolov8_obb\model\obb_quant_dataset_800\quant_0257.jpg	D:\Yolo_LPR_RK3568_FPGA_Project\1_PC_Training\datasets\yolo_obb_640\labels\train\ccpd2020_ccpd_green_0179296875-90_268-244&444_487&518-487&518_246&516_244&447_480&444-0_0_3_25_32_32_32_31-113-44.txt	1	38.085111	0.475435	1	0-5
258	1	green	1	green	ccpd2020	ccpd_green	D:\Yolo_LPR_RK3568_FPGA_Project\1_PC_Training\datasets\CCPD2020\ccpd_green\train\0179557291667-89_252-300&442_497&534-479&518_300&534_324&446_497&442-0_0_3_25_24_32_26_30-159-34.jpg	D:\Yolo_LPR_RK3568_FPGA_Project\1_PC_Training\datasets\yolo_obb_640\images\train\ccpd2020_ccpd_green_0179557291667-89_252-300&442_497&534-479&518_300&534_324&446_497&442-0_0_3_25_24_32_26_30-159-34.jpg	D:\Yolo_LPR_RK3568_FPGA_Project\2_Model_Conversion_PC_Simulation\yolov8_obb\model\obb_quant_dataset_800\quant_0258.jpg	D:\Yolo_LPR_RK3568_FPGA_Project\1_PC_Training\datasets\yolo_obb_640\labels\train\ccpd2020_ccpd_green_0179557291667-89_252-300&442_497&534-479&518_300&534_324&446_497&442-0_0_3_25_24_32_26_30-159-34.txt	1	43.091505	5.107800	2	5-15
259	1	green	1	green	ccpd2020	ccpd_green	D:\Yolo_LPR_RK3568_FPGA_Project\1_PC_Training\datasets\CCPD2020\ccpd_green\train\0180772569444-90_268-295&444_540&518-540&516_297&518_295&448_540&444-0_0_3_24_30_32_32_32-129-54.jpg	D:\Yolo_LPR_RK3568_FPGA_Project\1_PC_Training\datasets\yolo_obb_640\images\train\ccpd2020_ccpd_green_0180772569444-90_268-295&444_540&518-540&516_297&518_295&448_540&444-0_0_3_24_30_32_32_32-129-54.jpg	D:\Yolo_LPR_RK3568_FPGA_Project\2_Model_Conversion_PC_Simulation\yolov8_obb\model\obb_quant_dataset_800\quant_0259.jpg	D:\Yolo_LPR_RK3568_FPGA_Project\1_PC_Training\datasets\yolo_obb_640\labels\train\ccpd2020_ccpd_green_0180772569444-90_268-295&444_540&518-540&516_297&518_295&448_540&444-0_0_3_24_30_32_32_32-129-54.txt	1	38.636563	0.935283	1	0-5
260	1	green	1	green	ccpd2020	ccpd_green	D:\Yolo_LPR_RK3568_FPGA_Project\1_PC_Training\datasets\CCPD2020\ccpd_green\train\0183919270833-91_258-239&461_465&543-465&543_250&528_239&461_457&467-0_0_3_24_33_33_25_31-99-52.jpg	D:\Yolo_LPR_RK3568_FPGA_Project\1_PC_Training\datasets\yolo_obb_640\images\train\ccpd2020_ccpd_green_0183919270833-91_258-239&461_465&543-465&543_250&528_239&461_457&467-0_0_3_24_33_33_25_31-99-52.jpg	D:\Yolo_LPR_RK3568_FPGA_Project\2_Model_Conversion_PC_Simulation\yolov8_obb\model\obb_quant_dataset_800\quant_0260.jpg	D:\Yolo_LPR_RK3568_FPGA_Project\1_PC_Training\datasets\yolo_obb_640\labels\train\ccpd2020_ccpd_green_0183919270833-91_258-239&461_465&543-465&543_250&528_239&461_457&467-0_0_3_24_33_33_25_31-99-52.txt	1	37.460026	1.576423	1	0-5
261	1	green	1	green	ccpd2020	ccpd_green	D:\Yolo_LPR_RK3568_FPGA_Project\1_PC_Training\datasets\CCPD2020\ccpd_green\train\0186838107639-90_257-201&488_458&561-458&561_215&557_201&488_452&490-0_0_3_24_30_29_32_30-99-26.jpg	D:\Yolo_LPR_RK3568_FPGA_Project\1_PC_Training\datasets\yolo_obb_640\images\train\ccpd2020_ccpd_green_0186838107639-90_257-201&488_458&561-458&561_215&557_201&488_452&490-0_0_3_24_30_29_32_30-99-26.jpg	D:\Yolo_LPR_RK3568_FPGA_Project\2_Model_Conversion_PC_Simulation\yolov8_obb\model\obb_quant_dataset_800\quant_0261.jpg	D:\Yolo_LPR_RK3568_FPGA_Project\1_PC_Training\datasets\yolo_obb_640\labels\train\ccpd2020_ccpd_green_0186838107639-90_257-201&488_458&561-458&561_215&557_201&488_452&490-0_0_3_24_30_29_32_30-99-26.txt	1	38.844160	0.456494	1	0-5
262	1	green	1	green	ccpd2020	ccpd_green	D:\Yolo_LPR_RK3568_FPGA_Project\1_PC_Training\datasets\CCPD2020\ccpd_green\train\0188747829861-92_107-223&492_468&570-468&570_238&560_223&494_450&492-0_0_3_27_25_31_25_32-113-141.jpg	D:\Yolo_LPR_RK3568_FPGA_Project\1_PC_Training\datasets\yolo_obb_640\images\train\ccpd2020_ccpd_green_0188747829861-92_107-223&492_468&570-468&570_238&560_223&494_450&492-0_0_3_27_25_31_25_32-113-141.jpg	D:\Yolo_LPR_RK3568_FPGA_Project\2_Model_Conversion_PC_Simulation\yolov8_obb\model\obb_quant_dataset_800\quant_0262.jpg	D:\Yolo_LPR_RK3568_FPGA_Project\1_PC_Training\datasets\yolo_obb_640\labels\train\ccpd2020_ccpd_green_0188747829861-92_107-223&492_468&570-468&570_238&560_223&494_450&492-0_0_3_27_25_31_25_32-113-141.txt	1	37.342730	2.489357	1	0-5
263	1	green	1	green	ccpd2020	ccpd_green	D:\Yolo_LPR_RK3568_FPGA_Project\1_PC_Training\datasets\CCPD2020\ccpd_green\train\0190646701389-89_255-208&419_459&495-459&495_225&495_208&427_446&419-0_0_3_17_25_25_25_30-134-65.jpg	D:\Yolo_LPR_RK3568_FPGA_Project\1_PC_Training\datasets\yolo_obb_640\images\train\ccpd2020_ccpd_green_0190646701389-89_255-208&419_459&495-459&495_225&495_208&427_446&419-0_0_3_17_25_25_25_30-134-65.jpg	D:\Yolo_LPR_RK3568_FPGA_Project\2_Model_Conversion_PC_Simulation\yolov8_obb\model\obb_quant_dataset_800\quant_0263.jpg	D:\Yolo_LPR_RK3568_FPGA_Project\1_PC_Training\datasets\yolo_obb_640\labels\train\ccpd2020_ccpd_green_0190646701389-89_255-208&419_459&495-459&495_225&495_208&427_446&419-0_0_3_17_25_25_25_30-134-65.txt	1	38.672069	1.925033	1	0-5
264	1	green	1	green	ccpd2020	ccpd_green	D:\Yolo_LPR_RK3568_FPGA_Project\1_PC_Training\datasets\CCPD2020\ccpd_green\train\01921875-89_263-191&486_437&565-437&565_200&565_191&493_429&486-1_0_5_24_27_27_29_29-169-309.jpg	D:\Yolo_LPR_RK3568_FPGA_Project\1_PC_Training\datasets\yolo_obb_640\images\train\ccpd2020_ccpd_green_01921875-89_263-191&486_437&565-437&565_200&565_191&493_429&486-1_0_5_24_27_27_29_29-169-309.jpg	D:\Yolo_LPR_RK3568_FPGA_Project\2_Model_Conversion_PC_Simulation\yolov8_obb\model\obb_quant_dataset_800\quant_0264.jpg	D:\Yolo_LPR_RK3568_FPGA_Project\1_PC_Training\datasets\yolo_obb_640\labels\train\ccpd2020_ccpd_green_01921875-89_263-191&486_437&565-437&565_200&565_191&493_429&486-1_0_5_24_27_27_29_29-169-309.txt	1	40.033302	1.684552	1	0-5
265	1	green	1	green	ccpd2020	ccpd_green	D:\Yolo_LPR_RK3568_FPGA_Project\1_PC_Training\datasets\CCPD2020\ccpd_green\train\0194911024306-90_269-241&422_494&500-494&495_242&500_241&424_494&422-0_0_3_24_33_27_29_28-129-87.jpg	D:\Yolo_LPR_RK3568_FPGA_Project\1_PC_Training\datasets\yolo_obb_640\images\train\ccpd2020_ccpd_green_0194911024306-90_269-241&422_494&500-494&495_242&500_241&424_494&422-0_0_3_24_33_27_29_28-129-87.jpg	D:\Yolo_LPR_RK3568_FPGA_Project\2_Model_Conversion_PC_Simulation\yolov8_obb\model\obb_quant_dataset_800\quant_0265.jpg	D:\Yolo_LPR_RK3568_FPGA_Project\1_PC_Training\datasets\yolo_obb_640\labels\train\ccpd2020_ccpd_green_0194911024306-90_269-241&422_494&500-494&495_242&500_241&424_494&422-0_0_3_24_33_27_29_28-129-87.txt	1	40.275840	0.452885	1	0-5
266	1	green	1	green	ccpd2020	ccpd_green	D:\Yolo_LPR_RK3568_FPGA_Project\1_PC_Training\datasets\CCPD2020\ccpd_green\train\01953125-89_269-249&502_499&581-499&576_251&581_249&508_498&502-0_0_3_25_26_27_30_32-136-208.jpg	D:\Yolo_LPR_RK3568_FPGA_Project\1_PC_Training\datasets\yolo_obb_640\images\train\ccpd2020_ccpd_green_01953125-89_269-249&502_499&581-499&576_251&581_249&508_498&502-0_0_3_25_26_27_30_32-136-208.jpg	D:\Yolo_LPR_RK3568_FPGA_Project\2_Model_Conversion_PC_Simulation\yolov8_obb\model\obb_quant_dataset_800\quant_0266.jpg	D:\Yolo_LPR_RK3568_FPGA_Project\1_PC_Training\datasets\yolo_obb_640\labels\train\ccpd2020_ccpd_green_01953125-89_269-249&502_499&581-499&576_251&581_249&508_498&502-0_0_3_25_26_27_30_32-136-208.txt	1	40.290955	1.380241	1	0-5
267	1	green	1	green	ccpd2020	ccpd_green	D:\Yolo_LPR_RK3568_FPGA_Project\1_PC_Training\datasets\CCPD2020\ccpd_green\train\01953125-92_103-279&446_529&525-529&525_292&515_279&446_516&448-0_0_3_24_24_31_25_33-94-110.jpg	D:\Yolo_LPR_RK3568_FPGA_Project\1_PC_Training\datasets\yolo_obb_640\images\train\ccpd2020_ccpd_green_01953125-92_103-279&446_529&525-529&525_292&515_279&446_516&448-0_0_3_24_24_31_25_33-94-110.jpg	D:\Yolo_LPR_RK3568_FPGA_Project\2_Model_Conversion_PC_Simulation\yolov8_obb\model\obb_quant_dataset_800\quant_0267.jpg	D:\Yolo_LPR_RK3568_FPGA_Project\1_PC_Training\datasets\yolo_obb_640\labels\train\ccpd2020_ccpd_green_01953125-92_103-279&446_529&525-529&525_292&515_279&446_516&448-0_0_3_24_24_31_25_33-94-110.txt	1	38.738920	2.415922	1	0-5
268	1	green	1	green	ccpd2020	ccpd_green	D:\Yolo_LPR_RK3568_FPGA_Project\1_PC_Training\datasets\CCPD2020\ccpd_green\train\01955078125-88_90-246&412_477&497-476&483_246&497_246&424_477&412-0_0_3_24_28_33_29_32-94-113.jpg	D:\Yolo_LPR_RK3568_FPGA_Project\1_PC_Training\datasets\yolo_obb_640\images\train\ccpd2020_ccpd_green_01955078125-88_90-246&412_477&497-476&483_246&497_246&424_477&412-0_0_3_24_28_33_29_32-94-113.jpg	D:\Yolo_LPR_RK3568_FPGA_Project\2_Model_Conversion_PC_Simulation\yolov8_obb\model\obb_quant_dataset_800\quant_0268.jpg	D:\Yolo_LPR_RK3568_FPGA_Project\1_PC_Training\datasets\yolo_obb_640\labels\train\ccpd2020_ccpd_green_01955078125-88_90-246&412_477&497-476&483_246&497_246&424_477&412-0_0_3_24_28_33_29_32-94-113.txt	1	39.176366	2.973784	1	0-5
269	1	green	1	green	ccpd2020	ccpd_green	D:\Yolo_LPR_RK3568_FPGA_Project\1_PC_Training\datasets\CCPD2020\ccpd_green\train\01955078125-92_252-221&444_455&528-455&528_239&516_221&444_441&453-0_0_3_24_32_31_30_30-109-67.jpg	D:\Yolo_LPR_RK3568_FPGA_Project\1_PC_Training\datasets\yolo_obb_640\images\train\ccpd2020_ccpd_green_01955078125-92_252-221&444_455&528-455&528_239&516_221&444_441&453-0_0_3_24_32_31_30_30-109-67.jpg	D:\Yolo_LPR_RK3568_FPGA_Project\2_Model_Conversion_PC_Simulation\yolov8_obb\model\obb_quant_dataset_800\quant_0269.jpg	D:\Yolo_LPR_RK3568_FPGA_Project\1_PC_Training\datasets\yolo_obb_640\labels\train\ccpd2020_ccpd_green_01955078125-92_252-221&444_455&528-455&528_239&516_221&444_441&453-0_0_3_24_32_31_30_30-109-67.txt	1	40.946726	2.342421	1	0-5
270	1	green	1	green	ccpd2020	ccpd_green	D:\Yolo_LPR_RK3568_FPGA_Project\1_PC_Training\datasets\CCPD2020\ccpd_green\train\0195681423611-90_255-231&442_485&519-485&519_248&512_231&442_472&442-0_0_3_24_26_29_26_24-80-58.jpg	D:\Yolo_LPR_RK3568_FPGA_Project\1_PC_Training\datasets\yolo_obb_640\images\train\ccpd2020_ccpd_green_0195681423611-90_255-231&442_485&519-485&519_248&512_231&442_472&442-0_0_3_24_26_29_26_24-80-58.jpg	D:\Yolo_LPR_RK3568_FPGA_Project\2_Model_Conversion_PC_Simulation\yolov8_obb\model\obb_quant_dataset_800\quant_0270.jpg	D:\Yolo_LPR_RK3568_FPGA_Project\1_PC_Training\datasets\yolo_obb_640\labels\train\ccpd2020_ccpd_green_0195681423611-90_255-231&442_485&519-485&519_248&512_231&442_472&442-0_0_3_24_26_29_26_24-80-58.txt	1	39.743387	0.000000	1	0-5
271	1	green	1	green	ccpd2020	ccpd_green	D:\Yolo_LPR_RK3568_FPGA_Project\1_PC_Training\datasets\CCPD2020\ccpd_green\train\0197200520833-91_268-230&430_463&515-461&515_230&506_233&430_463&436-0_0_3_24_33_33_33_25-113-64.jpg	D:\Yolo_LPR_RK3568_FPGA_Project\1_PC_Training\datasets\yolo_obb_640\images\train\ccpd2020_ccpd_green_0197200520833-91_268-230&430_463&515-461&515_230&506_233&430_463&436-0_0_3_24_33_33_33_25-113-64.jpg	D:\Yolo_LPR_RK3568_FPGA_Project\2_Model_Conversion_PC_Simulation\yolov8_obb\model\obb_quant_dataset_800\quant_0271.jpg	D:\Yolo_LPR_RK3568_FPGA_Project\1_PC_Training\datasets\yolo_obb_640\labels\train\ccpd2020_ccpd_green_0197200520833-91_268-230&430_463&515-461&515_230&506_233&430_463&436-0_0_3_24_33_33_33_25-113-64.txt	1	41.963541	2.231279	2	0-5
272	1	green	1	green	ccpd2020	ccpd_green	D:\Yolo_LPR_RK3568_FPGA_Project\1_PC_Training\datasets\CCPD2020\ccpd_green\train\0197482638889-90_268-206&497_466&574-463&574_206&570_208&497_466&502-0_0_3_24_28_29_30_30-70-69.jpg	D:\Yolo_LPR_RK3568_FPGA_Project\1_PC_Training\datasets\yolo_obb_640\images\train\ccpd2020_ccpd_green_0197482638889-90_268-206&497_466&574-463&574_206&570_208&497_466&502-0_0_3_24_28_29_30_30-70-69.jpg	D:\Yolo_LPR_RK3568_FPGA_Project\2_Model_Conversion_PC_Simulation\yolov8_obb\model\obb_quant_dataset_800\quant_0272.jpg	D:\Yolo_LPR_RK3568_FPGA_Project\1_PC_Training\datasets\yolo_obb_640\labels\train\ccpd2020_ccpd_green_0197482638889-90_268-206&497_466&574-463&574_206&570_208&497_466&502-0_0_3_24_28_29_30_30-70-69.txt	1	39.758617	1.110414	1	0-5
273	1	green	1	green	ccpd2020	ccpd_green	D:\Yolo_LPR_RK3568_FPGA_Project\1_PC_Training\datasets\CCPD2020\ccpd_green\train\0198025173611-89_261-224&454_474&534-474&534_234&525_224&459_473&454-19_1_5_26_33_33_26_26-112-15.jpg	D:\Yolo_LPR_RK3568_FPGA_Project\1_PC_Training\datasets\yolo_obb_640\images\train\ccpd2020_ccpd_green_0198025173611-89_261-224&454_474&534-474&534_234&525_224&459_473&454-19_1_5_26_33_33_26_26-112-15.jpg	D:\Yolo_LPR_RK3568_FPGA_Project\2_Model_Conversion_PC_Simulation\yolov8_obb\model\obb_quant_dataset_800\quant_0273.jpg	D:\Yolo_LPR_RK3568_FPGA_Project\1_PC_Training\datasets\yolo_obb_640\labels\train\ccpd2020_ccpd_green_0198025173611-89_261-224&454_474&534-474&534_234&525_224&459_473&454-19_1_5_26_33_33_26_26-112-15.txt	1	36.829052	1.150539	1	0-5
274	1	green	1	green	ccpd2020	ccpd_green	D:\Yolo_LPR_RK3568_FPGA_Project\1_PC_Training\datasets\CCPD2020\ccpd_green\train\01982421875-90_92-192&499_453&575-453&572_195&575_192&501_451&499-0_0_3_24_33_29_26_29-83-94.jpg	D:\Yolo_LPR_RK3568_FPGA_Project\1_PC_Training\datasets\yolo_obb_640\images\train\ccpd2020_ccpd_green_01982421875-90_92-192&499_453&575-453&572_195&575_192&501_451&499-0_0_3_24_33_29_26_29-83-94.jpg	D:\Yolo_LPR_RK3568_FPGA_Project\2_Model_Conversion_PC_Simulation\yolov8_obb\model\obb_quant_dataset_800\quant_0274.jpg	D:\Yolo_LPR_RK3568_FPGA_Project\1_PC_Training\datasets\yolo_obb_640\labels\train\ccpd2020_ccpd_green_01982421875-90_92-192&499_453&575-453&572_195&575_192&501_451&499-0_0_3_24_33_29_26_29-83-94.txt	1	40.290955	0.442651	1	0-5
275	1	green	1	green	ccpd2020	ccpd_green	D:\Yolo_LPR_RK3568_FPGA_Project\1_PC_Training\datasets\CCPD2020\ccpd_green\train\0198741319444-89_112-208&517_449&600-423&593_208&600_233&517_449&518-0_0_3_24_28_26_26_26-87-268.jpg	D:\Yolo_LPR_RK3568_FPGA_Project\1_PC_Training\datasets\yolo_obb_640\images\train\ccpd2020_ccpd_green_0198741319444-89_112-208&517_449&600-423&593_208&600_233&517_449&518-0_0_3_24_28_26_26_26-87-268.jpg	D:\Yolo_LPR_RK3568_FPGA_Project\2_Model_Conversion_PC_Simulation\yolov8_obb\model\obb_quant_dataset_800\quant_0275.jpg	D:\Yolo_LPR_RK3568_FPGA_Project\1_PC_Training\datasets\yolo_obb_640\labels\train\ccpd2020_ccpd_green_0198741319444-89_112-208&517_449&600-423&593_208&600_233&517_449&518-0_0_3_24_28_26_26_26-87-268.txt	1	43.795103	0.265235	2	0-5
276	1	green	1	green	ccpd2020	ccpd_green	D:\Yolo_LPR_RK3568_FPGA_Project\1_PC_Training\datasets\CCPD2020\ccpd_green\train\0199609375-89_270-247&392_499&472-495&464_248&472_247&399_499&392-0_0_3_24_31_28_27_27-89-38.jpg	D:\Yolo_LPR_RK3568_FPGA_Project\1_PC_Training\datasets\yolo_obb_640\images\train\ccpd2020_ccpd_green_0199609375-89_270-247&392_499&472-495&464_248&472_247&399_499&392-0_0_3_24_31_28_27_27-89-38.jpg	D:\Yolo_LPR_RK3568_FPGA_Project\2_Model_Conversion_PC_Simulation\yolov8_obb\model\obb_quant_dataset_800\quant_0276.jpg	D:\Yolo_LPR_RK3568_FPGA_Project\1_PC_Training\datasets\yolo_obb_640\labels\train\ccpd2020_ccpd_green_0199609375-89_270-247&392_499&472-495&464_248&472_247&399_499&392-0_0_3_24_31_28_27_27-89-38.txt	1	39.785425	1.591277	1	0-5
277	1	green	1	green	ccpd2020	ccpd_green	D:\Yolo_LPR_RK3568_FPGA_Project\1_PC_Training\datasets\CCPD2020\ccpd_green\train\0201432291667-90_264-235&431_508&505-505&505_242&505_235&432_508&431-0_0_3_24_27_25_30_32-115-87.jpg	D:\Yolo_LPR_RK3568_FPGA_Project\1_PC_Training\datasets\yolo_obb_640\images\train\ccpd2020_ccpd_green_0201432291667-90_264-235&431_508&505-505&505_242&505_235&432_508&431-0_0_3_24_27_25_30_32-115-87.jpg	D:\Yolo_LPR_RK3568_FPGA_Project\2_Model_Conversion_PC_Simulation\yolov8_obb\model\obb_quant_dataset_800\quant_0277.jpg	D:\Yolo_LPR_RK3568_FPGA_Project\1_PC_Training\datasets\yolo_obb_640\labels\train\ccpd2020_ccpd_green_0201432291667-90_264-235&431_508&505-505&505_242&505_235&432_508&431-0_0_3_24_27_25_30_32-115-87.txt	1	40.460576	0.209857	1	0-5
278	1	green	1	green	ccpd2020	ccpd_green	D:\Yolo_LPR_RK3568_FPGA_Project\1_PC_Training\datasets\CCPD2020\ccpd_green\train\0201844618056-90_268-254&430_516&507-516&504_256&507_254&430_516&430-0_0_3_24_33_26_29_30-106-11.jpg	D:\Yolo_LPR_RK3568_FPGA_Project\1_PC_Training\datasets\yolo_obb_640\images\train\ccpd2020_ccpd_green_0201844618056-90_268-254&430_516&507-516&504_256&507_254&430_516&430-0_0_3_24_33_26_29_30-106-11.jpg	D:\Yolo_LPR_RK3568_FPGA_Project\2_Model_Conversion_PC_Simulation\yolov8_obb\model\obb_quant_dataset_800\quant_0278.jpg	D:\Yolo_LPR_RK3568_FPGA_Project\1_PC_Training\datasets\yolo_obb_640\labels\train\ccpd2020_ccpd_green_0201844618056-90_268-254&430_516&507-516&504_256&507_254&430_516&430-0_0_3_24_33_26_29_30-106-11.txt	1	40.827520	0.000000	1	0-5
279	1	green	1	green	ccpd2020	ccpd_green	D:\Yolo_LPR_RK3568_FPGA_Project\1_PC_Training\datasets\CCPD2020\ccpd_green\train\020234375-90_265-229&407_481&488-481&488_234&481_229&407_476&408-0_0_3_24_33_30_33_30-85-59.jpg	D:\Yolo_LPR_RK3568_FPGA_Project\1_PC_Training\datasets\yolo_obb_640\images\train\ccpd2020_ccpd_green_020234375-90_265-229&407_481&488-481&488_234&481_229&407_476&408-0_0_3_24_33_30_33_30-85-59.jpg	D:\Yolo_LPR_RK3568_FPGA_Project\2_Model_Conversion_PC_Simulation\yolov8_obb\model\obb_quant_dataset_800\quant_0279.jpg	D:\Yolo_LPR_RK3568_FPGA_Project\1_PC_Training\datasets\yolo_obb_640\labels\train\ccpd2020_ccpd_green_020234375-90_265-229&407_481&488-481&488_234&481_229&407_476&408-0_0_3_24_33_30_33_30-85-59.txt	1	40.920599	1.623469	1	0-5
280	1	green	1	green	ccpd2020	ccpd_green	D:\Yolo_LPR_RK3568_FPGA_Project\1_PC_Training\datasets\CCPD2020\ccpd_green\train\0205013020833-90_96-202&434_484&507-484&507_202&505_204&434_478&434-0_0_3_24_33_28_32_29-101-43.jpg	D:\Yolo_LPR_RK3568_FPGA_Project\1_PC_Training\datasets\yolo_obb_640\images\train\ccpd2020_ccpd_green_0205013020833-90_96-202&434_484&507-484&507_202&505_204&434_478&434-0_0_3_24_33_28_32_29-101-43.jpg	D:\Yolo_LPR_RK3568_FPGA_Project\2_Model_Conversion_PC_Simulation\yolov8_obb\model\obb_quant_dataset_800\quant_0280.jpg	D:\Yolo_LPR_RK3568_FPGA_Project\1_PC_Training\datasets\yolo_obb_640\labels\train\ccpd2020_ccpd_green_0205013020833-90_96-202&434_484&507-484&507_202&505_204&434_478&434-0_0_3_24_33_28_32_29-101-43.txt	1	39.188010	0.406314	1	0-5
281	1	green	1	green	ccpd2020	ccpd_green	D:\Yolo_LPR_RK3568_FPGA_Project\1_PC_Training\datasets\CCPD2020\ccpd_green\train\0205729166667-88_269-196&419_436&505-433&493_199&505_196&428_436&419-0_0_3_25_25_24_25_25-183-52.jpg	D:\Yolo_LPR_RK3568_FPGA_Project\1_PC_Training\datasets\yolo_obb_640\images\train\ccpd2020_ccpd_green_0205729166667-88_269-196&419_436&505-433&493_199&505_196&428_436&419-0_0_3_25_25_24_25_25-183-52.jpg	D:\Yolo_LPR_RK3568_FPGA_Project\2_Model_Conversion_PC_Simulation\yolov8_obb\model\obb_quant_dataset_800\quant_0281.jpg	D:\Yolo_LPR_RK3568_FPGA_Project\1_PC_Training\datasets\yolo_obb_640\labels\train\ccpd2020_ccpd_green_0205729166667-88_269-196&419_436&505-433&493_199&505_196&428_436&419-0_0_3_25_25_24_25_25-183-52.txt	1	40.861062	2.147686	1	0-5
282	1	green	1	green	ccpd2020	ccpd_green	D:\Yolo_LPR_RK3568_FPGA_Project\1_PC_Training\datasets\CCPD2020\ccpd_green\train\0206510416667-88_258-172&479_416&564-416&555_188&564_172&492_407&479-0_0_3_24_31_24_24_31-60-7.jpg	D:\Yolo_LPR_RK3568_FPGA_Project\1_PC_Training\datasets\yolo_obb_640\images\train\ccpd2020_ccpd_green_0206510416667-88_258-172&479_416&564-416&555_188&564_172&492_407&479-0_0_3_24_31_24_24_31-60-7.jpg	D:\Yolo_LPR_RK3568_FPGA_Project\2_Model_Conversion_PC_Simulation\yolov8_obb\model\obb_quant_dataset_800\quant_0282.jpg	D:\Yolo_LPR_RK3568_FPGA_Project\1_PC_Training\datasets\yolo_obb_640\labels\train\ccpd2020_ccpd_green_0206510416667-88_258-172&479_416&564-416&555_188&564_172&492_407&479-0_0_3_24_31_24_24_31-60-7.txt	1	40.693164	3.166355	1	0-5
283	1	green	1	green	ccpd2020	ccpd_green	D:\Yolo_LPR_RK3568_FPGA_Project\1_PC_Training\datasets\CCPD2020\ccpd_green\train\020809461805555554-91_265-227&476_450&570-442&563_227&570_236&476_450&480-0_0_5_24_24_25_29_24-178-412.jpg	D:\Yolo_LPR_RK3568_FPGA_Project\1_PC_Training\datasets\yolo_obb_640\images\train\ccpd2020_ccpd_green_020809461805555554-91_265-227&476_450&570-442&563_227&570_236&476_450&480-0_0_5_24_24_25_29_24-178-412.jpg	D:\Yolo_LPR_RK3568_FPGA_Project\2_Model_Conversion_PC_Simulation\yolov8_obb\model\obb_quant_dataset_800\quant_0283.jpg	D:\Yolo_LPR_RK3568_FPGA_Project\1_PC_Training\datasets\yolo_obb_640\labels\train\ccpd2020_ccpd_green_020809461805555554-91_265-227&476_450&570-442&563_227&570_236&476_450&480-0_0_5_24_24_25_29_24-178-412.txt	1	46.005496	1.864637	2	0-5
284	1	green	1	green	ccpd2020	ccpd_green	D:\Yolo_LPR_RK3568_FPGA_Project\1_PC_Training\datasets\CCPD2020\ccpd_green\train\0209906684028-90_269-245&428_510&508-510&507_245&508_246&430_507&428-0_0_3_24_27_26_25_25-162-97.jpg	D:\Yolo_LPR_RK3568_FPGA_Project\1_PC_Training\datasets\yolo_obb_640\images\train\ccpd2020_ccpd_green_0209906684028-90_269-245&428_510&508-510&507_245&508_246&430_507&428-0_0_3_24_27_26_25_25-162-97.jpg	D:\Yolo_LPR_RK3568_FPGA_Project\2_Model_Conversion_PC_Simulation\yolov8_obb\model\obb_quant_dataset_800\quant_0284.jpg	D:\Yolo_LPR_RK3568_FPGA_Project\1_PC_Training\datasets\yolo_obb_640\labels\train\ccpd2020_ccpd_green_0209906684028-90_269-245&428_510&508-510&507_245&508_246&430_507&428-0_0_3_24_27_26_25_25-162-97.txt	1	43.037777	0.216192	2	0-5
285	1	green	1	green	ccpd2020	ccpd_green	D:\Yolo_LPR_RK3568_FPGA_Project\1_PC_Training\datasets\CCPD2020\ccpd_green\train\021015625-90_92-192&439_461&518-461&516_196&518_192&442_459&439-0_0_3_24_24_31_24_32-122-229.jpg	D:\Yolo_LPR_RK3568_FPGA_Project\1_PC_Training\datasets\yolo_obb_640\images\train\ccpd2020_ccpd_green_021015625-90_92-192&439_461&518-461&516_196&518_192&442_459&439-0_0_3_24_24_31_24_32-122-229.jpg	D:\Yolo_LPR_RK3568_FPGA_Project\2_Model_Conversion_PC_Simulation\yolov8_obb\model\obb_quant_dataset_800\quant_0285.jpg	D:\Yolo_LPR_RK3568_FPGA_Project\1_PC_Training\datasets\yolo_obb_640\labels\train\ccpd2020_ccpd_green_021015625-90_92-192&439_461&518-461&516_196&518_192&442_459&439-0_0_3_24_24_31_24_32-122-229.txt	1	41.989544	0.643695	2	0-5
286	1	green	1	green	ccpd2020	ccpd_green	D:\Yolo_LPR_RK3568_FPGA_Project\1_PC_Training\datasets\CCPD2020\ccpd_green\train\0211588541667-90_253-247&469_507&551-507&551_266&540_247&469_485&470-0_0_3_24_33_27_28_24-81-66.jpg	D:\Yolo_LPR_RK3568_FPGA_Project\1_PC_Training\datasets\yolo_obb_640\images\train\ccpd2020_ccpd_green_0211588541667-90_253-247&469_507&551-507&551_266&540_247&469_485&470-0_0_3_24_33_27_28_24-81-66.jpg	D:\Yolo_LPR_RK3568_FPGA_Project\2_Model_Conversion_PC_Simulation\yolov8_obb\model\obb_quant_dataset_800\quant_0286.jpg	D:\Yolo_LPR_RK3568_FPGA_Project\1_PC_Training\datasets\yolo_obb_640\labels\train\ccpd2020_ccpd_green_0211588541667-90_253-247&469_507&551-507&551_266&540_247&469_485&470-0_0_3_24_33_27_28_24-81-66.txt	1	40.550758	2.613407	1	0-5
287	1	green	1	green	ccpd2020	ccpd_green	D:\Yolo_LPR_RK3568_FPGA_Project\1_PC_Training\datasets\CCPD2020\ccpd_green\train\0211805555556-87_90-248&408_492&495-491&484_248&495_248&423_492&408-0_0_3_24_32_31_30_32-164-548.jpg	D:\Yolo_LPR_RK3568_FPGA_Project\1_PC_Training\datasets\yolo_obb_640\images\train\ccpd2020_ccpd_green_0211805555556-87_90-248&408_492&495-491&484_248&495_248&423_492&408-0_0_3_24_32_31_30_32-164-548.jpg	D:\Yolo_LPR_RK3568_FPGA_Project\2_Model_Conversion_PC_Simulation\yolov8_obb\model\obb_quant_dataset_800\quant_0287.jpg	D:\Yolo_LPR_RK3568_FPGA_Project\1_PC_Training\datasets\yolo_obb_640\labels\train\ccpd2020_ccpd_green_0211805555556-87_90-248&408_492&495-491&484_248&495_248&423_492&408-0_0_3_24_32_31_30_32-164-548.txt	1	39.724160	3.517844	1	0-5
288	1	green	1	green	ccpd2020	ccpd_green	D:\Yolo_LPR_RK3568_FPGA_Project\1_PC_Training\datasets\CCPD2020\ccpd_green\train\0211935763889-90_266-231&412_488&495-488&488_236&495_231&412_484&413-0_0_3_24_32_33_27_31-150-150.jpg	D:\Yolo_LPR_RK3568_FPGA_Project\1_PC_Training\datasets\yolo_obb_640\images\train\ccpd2020_ccpd_green_0211935763889-90_266-231&412_488&495-488&488_236&495_231&412_484&413-0_0_3_24_32_33_27_31-150-150.jpg	D:\Yolo_LPR_RK3568_FPGA_Project\2_Model_Conversion_PC_Simulation\yolov8_obb\model\obb_quant_dataset_800\quant_0288.jpg	D:\Yolo_LPR_RK3568_FPGA_Project\1_PC_Training\datasets\yolo_obb_640\labels\train\ccpd2020_ccpd_green_0211935763889-90_266-231&412_488&495-488&488_236&495_231&412_484&413-0_0_3_24_32_33_27_31-150-150.txt	1	41.438657	0.226446	1	0-5
289	1	green	1	green	ccpd2020	ccpd_green	D:\Yolo_LPR_RK3568_FPGA_Project\1_PC_Training\datasets\CCPD2020\ccpd_green\train\0216015625-90_268-177&441_429&527-428&516_177&527_179&441_429&441-0_0_3_24_30_25_29_25-119-66.jpg	D:\Yolo_LPR_RK3568_FPGA_Project\1_PC_Training\datasets\yolo_obb_640\images\train\ccpd2020_ccpd_green_0216015625-90_268-177&441_429&527-428&516_177&527_179&441_429&441-0_0_3_24_30_25_29_25-119-66.jpg	D:\Yolo_LPR_RK3568_FPGA_Project\2_Model_Conversion_PC_Simulation\yolov8_obb\model\obb_quant_dataset_800\quant_0289.jpg	D:\Yolo_LPR_RK3568_FPGA_Project\1_PC_Training\datasets\yolo_obb_640\labels\train\ccpd2020_ccpd_green_0216015625-90_268-177&441_429&527-428&516_177&527_179&441_429&441-0_0_3_24_30_25_29_25-119-66.txt	1	41.383519	2.509165	1	0-5
290	1	green	1	green	ccpd2020	ccpd_green	D:\Yolo_LPR_RK3568_FPGA_Project\1_PC_Training\datasets\CCPD2020\ccpd_green\train\021723090277777777-90_269-240&492_500&576-491&576_241&574_240&492_500&493-0_0_3_27_27_25_24_32-150-142.jpg	D:\Yolo_LPR_RK3568_FPGA_Project\1_PC_Training\datasets\yolo_obb_640\images\train\ccpd2020_ccpd_green_021723090277777777-90_269-240&492_500&576-491&576_241&574_240&492_500&493-0_0_3_27_27_25_24_32-150-142.jpg	D:\Yolo_LPR_RK3568_FPGA_Project\2_Model_Conversion_PC_Simulation\yolov8_obb\model\obb_quant_dataset_800\quant_0290.jpg	D:\Yolo_LPR_RK3568_FPGA_Project\1_PC_Training\datasets\yolo_obb_640\labels\train\ccpd2020_ccpd_green_021723090277777777-90_269-240&492_500&576-491&576_241&574_240&492_500&493-0_0_3_27_27_25_24_32-150-142.txt	1	45.244965	0.220350	2	0-5
291	1	green	1	green	ccpd2020	ccpd_green	D:\Yolo_LPR_RK3568_FPGA_Project\1_PC_Training\datasets\CCPD2020\ccpd_green\train\0218359375-90_90-236&398_494&483-494&478_236&483_236&398_493&400-0_0_3_24_25_30_33_33-178-340.jpg	D:\Yolo_LPR_RK3568_FPGA_Project\1_PC_Training\datasets\yolo_obb_640\images\train\ccpd2020_ccpd_green_0218359375-90_90-236&398_494&483-494&478_236&483_236&398_493&400-0_0_3_24_25_30_33_33-178-340.jpg	D:\Yolo_LPR_RK3568_FPGA_Project\2_Model_Conversion_PC_Simulation\yolov8_obb\model\obb_quant_dataset_800\quant_0291.jpg	D:\Yolo_LPR_RK3568_FPGA_Project\1_PC_Training\datasets\yolo_obb_640\labels\train\ccpd2020_ccpd_green_0218359375-90_90-236&398_494&483-494&478_236&483_236&398_493&400-0_0_3_24_25_30_33_33-178-340.txt	1	43.037777	1.110157	2	0-5
292	1	green	1	green	ccpd2020	ccpd_green	D:\Yolo_LPR_RK3568_FPGA_Project\1_PC_Training\datasets\CCPD2020\ccpd_green\train\0222222222222-90_267-199&500_455&587-451&586_199&587_203&500_455&502-0_0_5_25_24_24_24_24-125-195.jpg	D:\Yolo_LPR_RK3568_FPGA_Project\1_PC_Training\datasets\yolo_obb_640\images\train\ccpd2020_ccpd_green_0222222222222-90_267-199&500_455&587-451&586_199&587_203&500_455&502-0_0_5_25_24_24_24_24-125-195.jpg	D:\Yolo_LPR_RK3568_FPGA_Project\2_Model_Conversion_PC_Simulation\yolov8_obb\model\obb_quant_dataset_800\quant_0292.jpg	D:\Yolo_LPR_RK3568_FPGA_Project\1_PC_Training\datasets\yolo_obb_640\labels\train\ccpd2020_ccpd_green_0222222222222-90_267-199&500_455&587-451&586_199&587_203&500_455&502-0_0_5_25_24_24_24_24-125-195.txt	1	46.396825	0.454946	2	0-5
293	1	green	1	green	ccpd2020	ccpd_green	D:\Yolo_LPR_RK3568_FPGA_Project\1_PC_Training\datasets\CCPD2020\ccpd_green\train\02234375-89_270-253&411_517&496-517&489_254&496_253&421_517&411-1_0_5_30_25_25_24_24-120-51.jpg	D:\Yolo_LPR_RK3568_FPGA_Project\1_PC_Training\datasets\yolo_obb_640\images\train\ccpd2020_ccpd_green_02234375-89_270-253&411_517&496-517&489_254&496_253&421_517&411-1_0_5_30_25_25_24_24-120-51.jpg	D:\Yolo_LPR_RK3568_FPGA_Project\2_Model_Conversion_PC_Simulation\yolov8_obb\model\obb_quant_dataset_800\quant_0293.jpg	D:\Yolo_LPR_RK3568_FPGA_Project\1_PC_Training\datasets\yolo_obb_640\labels\train\ccpd2020_ccpd_green_02234375-89_270-253&411_517&496-517&489_254&496_253&421_517&411-1_0_5_30_25_25_24_24-120-51.txt	1	41.382879	2.169334	1	0-5
294	1	green	1	green	ccpd2020	ccpd_green	D:\Yolo_LPR_RK3568_FPGA_Project\1_PC_Training\datasets\CCPD2020\ccpd_green\train\0223958333333-91_270-303&477_543&571-536&571_303&570_304&477_543&484-0_0_3_24_26_29_30_27-94-92.jpg	D:\Yolo_LPR_RK3568_FPGA_Project\1_PC_Training\datasets\yolo_obb_640\images\train\ccpd2020_ccpd_green_0223958333333-91_270-303&477_543&571-536&571_303&570_304&477_543&484-0_0_3_24_26_29_30_27-94-92.jpg	D:\Yolo_LPR_RK3568_FPGA_Project\2_Model_Conversion_PC_Simulation\yolov8_obb\model\obb_quant_dataset_800\quant_0294.jpg	D:\Yolo_LPR_RK3568_FPGA_Project\1_PC_Training\datasets\yolo_obb_640\labels\train\ccpd2020_ccpd_green_0223958333333-91_270-303&477_543&571-536&571_303&570_304&477_543&484-0_0_3_24_26_29_30_27-94-92.txt	1	48.155145	1.677503	3	0-5
295	1	green	1	green	ccpd2020	ccpd_green	D:\Yolo_LPR_RK3568_FPGA_Project\1_PC_Training\datasets\CCPD2020\ccpd_green\train\0231770833333-90_269-206&458_473&546-471&546_206&543_207&458_473&461-0_0_3_25_25_25_26_27-147-126.jpg	D:\Yolo_LPR_RK3568_FPGA_Project\1_PC_Training\datasets\yolo_obb_640\images\train\ccpd2020_ccpd_green_0231770833333-90_269-206&458_473&546-471&546_206&543_207&458_473&461-0_0_3_25_25_25_26_27-147-126.jpg	D:\Yolo_LPR_RK3568_FPGA_Project\2_Model_Conversion_PC_Simulation\yolov8_obb\model\obb_quant_dataset_800\quant_0295.jpg	D:\Yolo_LPR_RK3568_FPGA_Project\1_PC_Training\datasets\yolo_obb_640\labels\train\ccpd2020_ccpd_green_0231770833333-90_269-206&458_473&546-471&546_206&543_207&458_473&461-0_0_3_25_25_25_26_27-147-126.txt	1	46.899246	0.646115	2	0-5
296	1	green	1	green	ccpd2020	ccpd_green	D:\Yolo_LPR_RK3568_FPGA_Project\1_PC_Training\datasets\CCPD2020\ccpd_green\train\0232302517361-90_261-219&374_490&460-490&460_229&448_219&374_486&375-0_0_3_25_30_30_32_32-120-117.jpg	D:\Yolo_LPR_RK3568_FPGA_Project\1_PC_Training\datasets\yolo_obb_640\images\train\ccpd2020_ccpd_green_0232302517361-90_261-219&374_490&460-490&460_229&448_219&374_486&375-0_0_3_25_30_30_32_32-120-117.jpg	D:\Yolo_LPR_RK3568_FPGA_Project\2_Model_Conversion_PC_Simulation\yolov8_obb\model\obb_quant_dataset_800\quant_0296.jpg	D:\Yolo_LPR_RK3568_FPGA_Project\1_PC_Training\datasets\yolo_obb_640\labels\train\ccpd2020_ccpd_green_0232302517361-90_261-219&374_490&460-490&460_229&448_219&374_486&375-0_0_3_25_30_30_32_32-120-117.txt	1	41.198627	0.214573	1	0-5
297	1	green	1	green	ccpd2020	ccpd_green	D:\Yolo_LPR_RK3568_FPGA_Project\1_PC_Training\datasets\CCPD2020\ccpd_green\train\0233159722222-91_260-159&439_431&526-431&526_169&514_159&439_429&445-0_0_3_24_32_32_31_30-111-258.jpg	D:\Yolo_LPR_RK3568_FPGA_Project\1_PC_Training\datasets\yolo_obb_640\images\train\ccpd2020_ccpd_green_0233159722222-91_260-159&439_431&526-431&526_169&514_159&439_429&445-0_0_3_24_32_32_31_30-111-258.jpg	D:\Yolo_LPR_RK3568_FPGA_Project\2_Model_Conversion_PC_Simulation\yolov8_obb\model\obb_quant_dataset_800\quant_0297.jpg	D:\Yolo_LPR_RK3568_FPGA_Project\1_PC_Training\datasets\yolo_obb_640\labels\train\ccpd2020_ccpd_green_0233159722222-91_260-159&439_431&526-431&526_169&514_159&439_429&445-0_0_3_24_32_32_31_30-111-258.txt	1	41.745403	1.273174	1	0-5
298	1	green	1	green	ccpd2020	ccpd_green	D:\Yolo_LPR_RK3568_FPGA_Project\1_PC_Training\datasets\CCPD2020\ccpd_green\train\02398220486111111-91_270-264&441_521&535-504&535_264&529_265&441_521&449-0_0_3_24_24_32_27_25-183-5.jpg	D:\Yolo_LPR_RK3568_FPGA_Project\1_PC_Training\datasets\yolo_obb_640\images\train\ccpd2020_ccpd_green_02398220486111111-91_270-264&441_521&535-504&535_264&529_265&441_521&449-0_0_3_24_24_32_27_25-183-5.jpg	D:\Yolo_LPR_RK3568_FPGA_Project\2_Model_Conversion_PC_Simulation\yolov8_obb\model\obb_quant_dataset_800\quant_0298.jpg	D:\Yolo_LPR_RK3568_FPGA_Project\1_PC_Training\datasets\yolo_obb_640\labels\train\ccpd2020_ccpd_green_02398220486111111-91_270-264&441_521&535-504&535_264&529_265&441_521&449-0_0_3_24_24_32_27_25-183-5.txt	1	48.366452	1.790030	3	0-5
299	1	green	1	green	ccpd2020	ccpd_green	D:\Yolo_LPR_RK3568_FPGA_Project\1_PC_Training\datasets\CCPD2020\ccpd_green\train\0241362847222-89_92-246&496_514&587-514&578_254&587_246&504_511&496-0_0_3_24_33_30_30_25-102-10.jpg	D:\Yolo_LPR_RK3568_FPGA_Project\1_PC_Training\datasets\yolo_obb_640\images\train\ccpd2020_ccpd_green_0241362847222-89_92-246&496_514&587-514&578_254&587_246&504_511&496-0_0_3_24_33_30_30_25-102-10.jpg	D:\Yolo_LPR_RK3568_FPGA_Project\2_Model_Conversion_PC_Simulation\yolov8_obb\model\obb_quant_dataset_800\quant_0299.jpg	D:\Yolo_LPR_RK3568_FPGA_Project\1_PC_Training\datasets\yolo_obb_640\labels\train\ccpd2020_ccpd_green_0241362847222-89_92-246&496_514&587-514&578_254&587_246&504_511&496-0_0_3_24_33_30_30_25-102-10.txt	1	45.271872	1.729274	2	0-5
300	1	green	1	green	ccpd2020	ccpd_green	D:\Yolo_LPR_RK3568_FPGA_Project\1_PC_Training\datasets\CCPD2020\ccpd_green\train\0244921875-89_261-185&412_482&495-482&492_196&495_185&421_478&412-0_0_3_24_27_25_30_32-87-142.jpg	D:\Yolo_LPR_RK3568_FPGA_Project\1_PC_Training\datasets\yolo_obb_640\images\train\ccpd2020_ccpd_green_0244921875-89_261-185&412_482&495-482&492_196&495_185&421_478&412-0_0_3_24_27_25_30_32-87-142.jpg	D:\Yolo_LPR_RK3568_FPGA_Project\2_Model_Conversion_PC_Simulation\yolov8_obb\model\obb_quant_dataset_800\quant_0300.jpg	D:\Yolo_LPR_RK3568_FPGA_Project\1_PC_Training\datasets\yolo_obb_640\labels\train\ccpd2020_ccpd_green_0244921875-89_261-185&412_482&495-482&492_196&495_185&421_478&412-0_0_3_24_27_25_30_32-87-142.txt	1	41.276141	1.759469	1	0-5
301	1	green	1	green	ccpd2020	ccpd_green	D:\Yolo_LPR_RK3568_FPGA_Project\1_PC_Training\datasets\CCPD2020\ccpd_green\train\0249609375-88_251-186&401_470&490-470&489_212&490_186&413_449&401-0_0_3_24_33_33_33_25-81-25.jpg	D:\Yolo_LPR_RK3568_FPGA_Project\1_PC_Training\datasets\yolo_obb_640\images\train\ccpd2020_ccpd_green_0249609375-88_251-186&401_470&490-470&489_212&490_186&413_449&401-0_0_3_24_33_33_33_25-81-25.jpg	D:\Yolo_LPR_RK3568_FPGA_Project\2_Model_Conversion_PC_Simulation\yolov8_obb\model\obb_quant_dataset_800\quant_0301.jpg	D:\Yolo_LPR_RK3568_FPGA_Project\1_PC_Training\datasets\yolo_obb_640\labels\train\ccpd2020_ccpd_green_0249609375-88_251-186&401_470&490-470&489_212&490_186&413_449&401-0_0_3_24_33_33_33_25-81-25.txt	1	44.839660	2.612234	2	0-5
302	1	green	1	green	ccpd2020	ccpd_green	D:\Yolo_LPR_RK3568_FPGA_Project\1_PC_Training\datasets\CCPD2020\ccpd_green\train\0250868055556-93_258-176&434_448&527-448&527_187&513_176&434_440&449-0_0_3_24_29_26_26_32-80-77.jpg	D:\Yolo_LPR_RK3568_FPGA_Project\1_PC_Training\datasets\yolo_obb_640\images\train\ccpd2020_ccpd_green_0250868055556-93_258-176&434_448&527-448&527_187&513_176&434_440&449-0_0_3_24_29_26_26_32-80-77.jpg	D:\Yolo_LPR_RK3568_FPGA_Project\2_Model_Conversion_PC_Simulation\yolov8_obb\model\obb_quant_dataset_800\quant_0302.jpg	D:\Yolo_LPR_RK3568_FPGA_Project\1_PC_Training\datasets\yolo_obb_640\labels\train\ccpd2020_ccpd_green_0250868055556-93_258-176&434_448&527-448&527_187&513_176&434_440&449-0_0_3_24_29_26_26_32-80-77.txt	1	43.259993	3.251934	2	0-5
303	1	green	1	green	ccpd2020	ccpd_green	D:\Yolo_LPR_RK3568_FPGA_Project\1_PC_Training\datasets\CCPD2020\ccpd_green\train\0253059895833-90_95-193&443_492&528-486&524_193&528_199&444_492&443-0_0_3_24_33_32_26_33-116-35.jpg	D:\Yolo_LPR_RK3568_FPGA_Project\1_PC_Training\datasets\yolo_obb_640\images\train\ccpd2020_ccpd_green_0253059895833-90_95-193&443_492&528-486&524_193&528_199&444_492&443-0_0_3_24_33_32_26_33-116-35.jpg	D:\Yolo_LPR_RK3568_FPGA_Project\2_Model_Conversion_PC_Simulation\yolov8_obb\model\obb_quant_dataset_800\quant_0303.jpg	D:\Yolo_LPR_RK3568_FPGA_Project\1_PC_Training\datasets\yolo_obb_640\labels\train\ccpd2020_ccpd_green_0253059895833-90_95-193&443_492&528-486&524_193&528_199&444_492&443-0_0_3_24_33_32_26_33-116-35.txt	1	44.811709	0.782085	2	0-5
304	1	green	1	green	ccpd2020	ccpd_green	D:\Yolo_LPR_RK3568_FPGA_Project\1_PC_Training\datasets\CCPD2020\ccpd_green\train\0260546875-89_267-224&397_500&492-500&484_229&492_224&404_495&397-0_0_3_26_24_30_26_27-153-18.jpg	D:\Yolo_LPR_RK3568_FPGA_Project\1_PC_Training\datasets\yolo_obb_640\images\train\ccpd2020_ccpd_green_0260546875-89_267-224&397_500&492-500&484_229&492_224&404_495&397-0_0_3_26_24_30_26_27-153-18.jpg	D:\Yolo_LPR_RK3568_FPGA_Project\2_Model_Conversion_PC_Simulation\yolov8_obb\model\obb_quant_dataset_800\quant_0304.jpg	D:\Yolo_LPR_RK3568_FPGA_Project\1_PC_Training\datasets\yolo_obb_640\labels\train\ccpd2020_ccpd_green_0260546875-89_267-224&397_500&492-500&484_229&492_224&404_495&397-0_0_3_26_24_30_26_27-153-18.txt	1	48.079195	1.691011	2	0-5
305	1	green	1	green	ccpd2020	ccpd_green	D:\Yolo_LPR_RK3568_FPGA_Project\1_PC_Training\datasets\CCPD2020\ccpd_green\train\0263368055556-91_99-251&497_547&587-535&587_251&578_256&497_547&509-0_0_3_25_25_25_29_25-169-127.jpg	D:\Yolo_LPR_RK3568_FPGA_Project\1_PC_Training\datasets\yolo_obb_640\images\train\ccpd2020_ccpd_green_0263368055556-91_99-251&497_547&587-535&587_251&578_256&497_547&509-0_0_3_25_25_25_29_25-169-127.jpg	D:\Yolo_LPR_RK3568_FPGA_Project\2_Model_Conversion_PC_Simulation\yolov8_obb\model\obb_quant_dataset_800\quant_0305.jpg	D:\Yolo_LPR_RK3568_FPGA_Project\1_PC_Training\datasets\yolo_obb_640\labels\train\ccpd2020_ccpd_green_0263368055556-91_99-251&497_547&587-535&587_251&578_256&497_547&509-0_0_3_25_25_25_29_25-169-127.txt	1	43.540508	2.361418	2	0-5
306	1	green	1	green	ccpd2020	ccpd_green	D:\Yolo_LPR_RK3568_FPGA_Project\1_PC_Training\datasets\CCPD2020\ccpd_green\train\026449652777777777-92_267-234&408_511&504-506&504_235&491_234&408_511&422-0_0_3_24_33_33_31_30-134-161.jpg	D:\Yolo_LPR_RK3568_FPGA_Project\1_PC_Training\datasets\yolo_obb_640\images\train\ccpd2020_ccpd_green_026449652777777777-92_267-234&408_511&504-506&504_235&491_234&408_511&422-0_0_3_24_33_33_31_30-134-161.jpg	D:\Yolo_LPR_RK3568_FPGA_Project\2_Model_Conversion_PC_Simulation\yolov8_obb\model\obb_quant_dataset_800\quant_0306.jpg	D:\Yolo_LPR_RK3568_FPGA_Project\1_PC_Training\datasets\yolo_obb_640\labels\train\ccpd2020_ccpd_green_026449652777777777-92_267-234&408_511&504-506&504_235&491_234&408_511&422-0_0_3_24_33_33_31_30-134-161.txt	1	45.325615	2.893364	2	0-5
307	1	green	1	green	ccpd2020	ccpd_green	D:\Yolo_LPR_RK3568_FPGA_Project\1_PC_Training\datasets\CCPD2020\ccpd_green\train\0269791666667-90_254-233&442_529&534-529&534_253&520_233&442_505&446-0_0_3_24_28_33_26_31-85-169.jpg	D:\Yolo_LPR_RK3568_FPGA_Project\1_PC_Training\datasets\yolo_obb_640\images\train\ccpd2020_ccpd_green_0269791666667-90_254-233&442_529&534-529&534_253&520_233&442_505&446-0_0_3_24_28_33_26_31-85-169.jpg	D:\Yolo_LPR_RK3568_FPGA_Project\2_Model_Conversion_PC_Simulation\yolov8_obb\model\obb_quant_dataset_800\quant_0307.jpg	D:\Yolo_LPR_RK3568_FPGA_Project\1_PC_Training\datasets\yolo_obb_640\labels\train\ccpd2020_ccpd_green_0269791666667-90_254-233&442_529&534-529&534_253&520_233&442_505&446-0_0_3_24_28_33_26_31-85-169.txt	1	44.427049	2.903830	2	0-5
308	1	green	1	green	ccpd2020	ccpd_green	D:\Yolo_LPR_RK3568_FPGA_Project\1_PC_Training\datasets\CCPD2020\ccpd_green\train\0273003472222-91_267-259&407_555&500-550&500_259&494_264&407_555&414-0_0_3_24_31_29_29_32-138-188.jpg	D:\Yolo_LPR_RK3568_FPGA_Project\1_PC_Training\datasets\yolo_obb_640\images\train\ccpd2020_ccpd_green_0273003472222-91_267-259&407_555&500-550&500_259&494_264&407_555&414-0_0_3_24_31_29_29_32-138-188.jpg	D:\Yolo_LPR_RK3568_FPGA_Project\2_Model_Conversion_PC_Simulation\yolov8_obb\model\obb_quant_dataset_800\quant_0308.jpg	D:\Yolo_LPR_RK3568_FPGA_Project\1_PC_Training\datasets\yolo_obb_640\labels\train\ccpd2020_ccpd_green_0273003472222-91_267-259&407_555&500-550&500_259&494_264&407_555&414-0_0_3_24_31_29_29_32-138-188.txt	1	47.527796	1.378104	2	0-5
309	1	green	1	green	ccpd2020	ccpd_green	D:\Yolo_LPR_RK3568_FPGA_Project\1_PC_Training\datasets\CCPD2020\ccpd_green\train\02744140625-88_266-198&419_479&517-474&505_198&517_200&433_479&419-0_0_3_25_30_24_24_24-148-267.jpg	D:\Yolo_LPR_RK3568_FPGA_Project\1_PC_Training\datasets\yolo_obb_640\images\train\ccpd2020_ccpd_green_02744140625-88_266-198&419_479&517-474&505_198&517_200&433_479&419-0_0_3_25_30_24_24_24-148-267.jpg	D:\Yolo_LPR_RK3568_FPGA_Project\2_Model_Conversion_PC_Simulation\yolov8_obb\model\obb_quant_dataset_800\quant_0309.jpg	D:\Yolo_LPR_RK3568_FPGA_Project\1_PC_Training\datasets\yolo_obb_640\labels\train\ccpd2020_ccpd_green_02744140625-88_266-198&419_479&517-474&505_198&517_200&433_479&419-0_0_3_25_30_24_24_24-148-267.txt	1	46.358096	2.872656	2	0-5
310	1	green	1	green	ccpd2020	ccpd_green	D:\Yolo_LPR_RK3568_FPGA_Project\1_PC_Training\datasets\CCPD2020\ccpd_green\train\0278483072917-92_268-238&379_533&474-525&474_238&466_243&379_533&393-0_0_3_24_24_32_25_32-141-99.jpg	D:\Yolo_LPR_RK3568_FPGA_Project\1_PC_Training\datasets\yolo_obb_640\images\train\ccpd2020_ccpd_green_0278483072917-92_268-238&379_533&474-525&474_238&466_243&379_533&393-0_0_3_24_24_32_25_32-141-99.jpg	D:\Yolo_LPR_RK3568_FPGA_Project\2_Model_Conversion_PC_Simulation\yolov8_obb\model\obb_quant_dataset_800\quant_0310.jpg	D:\Yolo_LPR_RK3568_FPGA_Project\1_PC_Training\datasets\yolo_obb_640\labels\train\ccpd2020_ccpd_green_0278483072917-92_268-238&379_533&474-525&474_238&466_243&379_533&393-0_0_3_24_24_32_25_32-141-99.txt	1	44.907351	2.763864	2	0-5
311	1	green	1	green	ccpd2020	ccpd_green	D:\Yolo_LPR_RK3568_FPGA_Project\1_PC_Training\datasets\CCPD2020\ccpd_green\train\0283919270833-90_269-254&421_548&518-547&518_255&509_254&421_548&425-0_0_3_24_26_32_29_33-156-220.jpg	D:\Yolo_LPR_RK3568_FPGA_Project\1_PC_Training\datasets\yolo_obb_640\images\train\ccpd2020_ccpd_green_0283919270833-90_269-254&421_548&518-547&518_255&509_254&421_548&425-0_0_3_24_26_32_29_33-156-220.jpg	D:\Yolo_LPR_RK3568_FPGA_Project\2_Model_Conversion_PC_Simulation\yolov8_obb\model\obb_quant_dataset_800\quant_0311.jpg	D:\Yolo_LPR_RK3568_FPGA_Project\1_PC_Training\datasets\yolo_obb_640\labels\train\ccpd2020_ccpd_green_0283919270833-90_269-254&421_548&518-547&518_255&509_254&421_548&425-0_0_3_24_26_32_29_33-156-220.txt	1	48.554815	0.779425	3	0-5
312	1	green	1	green	ccpd2020	ccpd_green	D:\Yolo_LPR_RK3568_FPGA_Project\1_PC_Training\datasets\CCPD2020\ccpd_green\train\02865234375-90_265-198&501_524&589-523&585_204&589_198&501_524&501-0_0_3_26_26_26_32_30-75-72.jpg	D:\Yolo_LPR_RK3568_FPGA_Project\1_PC_Training\datasets\yolo_obb_640\images\train\ccpd2020_ccpd_green_02865234375-90_265-198&501_524&589-523&585_204&589_198&501_524&501-0_0_3_26_26_26_32_30-75-72.jpg	D:\Yolo_LPR_RK3568_FPGA_Project\2_Model_Conversion_PC_Simulation\yolov8_obb\model\obb_quant_dataset_800\quant_0312.jpg	D:\Yolo_LPR_RK3568_FPGA_Project\1_PC_Training\datasets\yolo_obb_640\labels\train\ccpd2020_ccpd_green_02865234375-90_265-198&501_524&589-523&585_204&589_198&501_524&501-0_0_3_26_26_26_32_30-75-72.txt	1	46.347605	0.000000	2	0-5
313	1	green	1	green	ccpd2020	ccpd_green	D:\Yolo_LPR_RK3568_FPGA_Project\1_PC_Training\datasets\CCPD2020\ccpd_green\train\029622395833333332-91_90-171&460_496&552-488&552_171&546_171&460_496&467-0_0_3_24_24_32_26_33-66-257.jpg	D:\Yolo_LPR_RK3568_FPGA_Project\1_PC_Training\datasets\yolo_obb_640\images\train\ccpd2020_ccpd_green_029622395833333332-91_90-171&460_496&552-488&552_171&546_171&460_496&467-0_0_3_24_24_32_26_33-66-257.jpg	D:\Yolo_LPR_RK3568_FPGA_Project\2_Model_Conversion_PC_Simulation\yolov8_obb\model\obb_quant_dataset_800\quant_0313.jpg	D:\Yolo_LPR_RK3568_FPGA_Project\1_PC_Training\datasets\yolo_obb_640\labels\train\ccpd2020_ccpd_green_029622395833333332-91_90-171&460_496&552-488&552_171&546_171&460_496&467-0_0_3_24_24_32_26_33-66-257.txt	1	47.103885	1.233773	2	0-5
314	1	green	1	green	ccpd2020	ccpd_green	D:\Yolo_LPR_RK3568_FPGA_Project\1_PC_Training\datasets\CCPD2020\ccpd_green\train\02966796875-89_266-173&418_467&519-467&506_179&519_173&426_467&418-0_0_3_24_24_25_33_25-144-74.jpg	D:\Yolo_LPR_RK3568_FPGA_Project\1_PC_Training\datasets\yolo_obb_640\images\train\ccpd2020_ccpd_green_02966796875-89_266-173&418_467&519-467&506_179&519_173&426_467&418-0_0_3_24_24_25_33_25-144-74.jpg	D:\Yolo_LPR_RK3568_FPGA_Project\2_Model_Conversion_PC_Simulation\yolov8_obb\model\obb_quant_dataset_800\quant_0314.jpg	D:\Yolo_LPR_RK3568_FPGA_Project\1_PC_Training\datasets\yolo_obb_640\labels\train\ccpd2020_ccpd_green_02966796875-89_266-173&418_467&519-467&506_179&519_173&426_467&418-0_0_3_24_24_25_33_25-144-74.txt	1	48.551680	1.558561	3	0-5
315	1	green	1	green	ccpd2020	ccpd_green	D:\Yolo_LPR_RK3568_FPGA_Project\1_PC_Training\datasets\CCPD2020\ccpd_green\train\0299826388889-89_269-198&435_512&531-509&523_200&531_198&446_512&435-0_0_3_25_25_25_31_26-92-109.jpg	D:\Yolo_LPR_RK3568_FPGA_Project\1_PC_Training\datasets\yolo_obb_640\images\train\ccpd2020_ccpd_green_0299826388889-89_269-198&435_512&531-509&523_200&531_198&446_512&435-0_0_3_25_25_25_31_26-92-109.jpg	D:\Yolo_LPR_RK3568_FPGA_Project\2_Model_Conversion_PC_Simulation\yolov8_obb\model\obb_quant_dataset_800\quant_0315.jpg	D:\Yolo_LPR_RK3568_FPGA_Project\1_PC_Training\datasets\yolo_obb_640\labels\train\ccpd2020_ccpd_green_0299826388889-89_269-198&435_512&531-509&523_200&531_198&446_512&435-0_0_3_25_25_25_31_26-92-109.txt	1	46.909622	2.006408	2	0-5
316	1	green	1	green	ccpd2020	ccpd_green	D:\Yolo_LPR_RK3568_FPGA_Project\1_PC_Training\datasets\CCPD2020\ccpd_green\train\0299848090278-90_257-146&400_483&490-483&490_164&488_146&400_473&401-0_0_3_24_29_25_32_24-111-153.jpg	D:\Yolo_LPR_RK3568_FPGA_Project\1_PC_Training\datasets\yolo_obb_640\images\train\ccpd2020_ccpd_green_0299848090278-90_257-146&400_483&490-483&490_164&488_146&400_473&401-0_0_3_24_29_25_32_24-111-153.jpg	D:\Yolo_LPR_RK3568_FPGA_Project\2_Model_Conversion_PC_Simulation\yolov8_obb\model\obb_quant_dataset_800\quant_0316.jpg	D:\Yolo_LPR_RK3568_FPGA_Project\1_PC_Training\datasets\yolo_obb_640\labels\train\ccpd2020_ccpd_green_0299848090278-90_257-146&400_483&490-483&490_164&488_146&400_473&401-0_0_3_24_29_25_32_24-111-153.txt	1	49.412351	0.175202	3	0-5
317	1	green	1	green	ccpd2020	ccpd_green	D:\Yolo_LPR_RK3568_FPGA_Project\1_PC_Training\datasets\CCPD2020\ccpd_green\train\03041232638888889-90_269-212&469_520&569-520&569_213&561_212&469_520&473-0_10_5_25_30_32_32_32-177-79.jpg	D:\Yolo_LPR_RK3568_FPGA_Project\1_PC_Training\datasets\yolo_obb_640\images\train\ccpd2020_ccpd_green_03041232638888889-90_269-212&469_520&569-520&569_213&561_212&469_520&473-0_10_5_25_30_32_32_32-177-79.jpg	D:\Yolo_LPR_RK3568_FPGA_Project\2_Model_Conversion_PC_Simulation\yolov8_obb\model\obb_quant_dataset_800\quant_0317.jpg	D:\Yolo_LPR_RK3568_FPGA_Project\1_PC_Training\datasets\yolo_obb_640\labels\train\ccpd2020_ccpd_green_03041232638888889-90_269-212&469_520&569-520&569_213&561_212&469_520&473-0_10_5_25_30_32_32_32-177-79.txt	1	50.762039	0.744215	3	0-5
318	1	green	1	green	ccpd2020	ccpd_green	D:\Yolo_LPR_RK3568_FPGA_Project\1_PC_Training\datasets\CCPD2020\ccpd_green\train\0309375-90_268-207&495_531&592-531&584_209&592_207&501_531&495-0_0_3_24_30_32_24_33-94-105.jpg	D:\Yolo_LPR_RK3568_FPGA_Project\1_PC_Training\datasets\yolo_obb_640\images\train\ccpd2020_ccpd_green_0309375-90_268-207&495_531&592-531&584_209&592_207&501_531&495-0_0_3_24_30_32_24_33-94-105.jpg	D:\Yolo_LPR_RK3568_FPGA_Project\2_Model_Conversion_PC_Simulation\yolov8_obb\model\obb_quant_dataset_800\quant_0318.jpg	D:\Yolo_LPR_RK3568_FPGA_Project\1_PC_Training\datasets\yolo_obb_640\labels\train\ccpd2020_ccpd_green_0309375-90_268-207&495_531&592-531&584_209&592_207&501_531&495-0_0_3_24_30_32_24_33-94-105.txt	1	49.103360	1.061032	3	0-5
319	1	green	1	green	ccpd2020	ccpd_green	D:\Yolo_LPR_RK3568_FPGA_Project\1_PC_Training\datasets\CCPD2020\ccpd_green\train\0311545138889-90_264-233&372_529&478-529&464_243&478_233&372_527&373-0_0_3_17_25_24_25_25-152-22.jpg	D:\Yolo_LPR_RK3568_FPGA_Project\1_PC_Training\datasets\yolo_obb_640\images\train\ccpd2020_ccpd_green_0311545138889-90_264-233&372_529&478-529&464_243&478_233&372_527&373-0_0_3_17_25_24_25_25-152-22.jpg	D:\Yolo_LPR_RK3568_FPGA_Project\2_Model_Conversion_PC_Simulation\yolov8_obb\model\obb_quant_dataset_800\quant_0319.jpg	D:\Yolo_LPR_RK3568_FPGA_Project\1_PC_Training\datasets\yolo_obb_640\labels\train\ccpd2020_ccpd_green_0311545138889-90_264-233&372_529&478-529&464_243&478_233&372_527&373-0_0_3_17_25_24_25_25-152-22.txt	1	50.218846	0.194867	3	0-5
320	1	green	1	green	ccpd2020	ccpd_green	D:\Yolo_LPR_RK3568_FPGA_Project\1_PC_Training\datasets\CCPD2020\ccpd_green\train\03125-91_268-146&442_466&540-466&540_146&532_149&442_461&450-0_0_3_24_30_30_33_25-196-117.jpg	D:\Yolo_LPR_RK3568_FPGA_Project\1_PC_Training\datasets\yolo_obb_640\images\train\ccpd2020_ccpd_green_03125-91_268-146&442_466&540-466&540_146&532_149&442_461&450-0_0_3_24_30_30_33_25-196-117.jpg	D:\Yolo_LPR_RK3568_FPGA_Project\2_Model_Conversion_PC_Simulation\yolov8_obb\model\obb_quant_dataset_800\quant_0320.jpg	D:\Yolo_LPR_RK3568_FPGA_Project\1_PC_Training\datasets\yolo_obb_640\labels\train\ccpd2020_ccpd_green_03125-91_268-146&442_466&540-466&540_146&532_149&442_461&450-0_0_3_24_30_30_33_25-196-117.txt	1	49.683249	1.431983	3	0-5
321	1	green	1	green	ccpd2020	ccpd_green	D:\Yolo_LPR_RK3568_FPGA_Project\1_PC_Training\datasets\CCPD2020\ccpd_green\train\031545138888888886-89_264-202&422_518&523-512&515_212&523_202&430_518&422-0_0_3_24_29_27_24_30-60-57.jpg	D:\Yolo_LPR_RK3568_FPGA_Project\1_PC_Training\datasets\yolo_obb_640\images\train\ccpd2020_ccpd_green_031545138888888886-89_264-202&422_518&523-512&515_212&523_202&430_518&422-0_0_3_24_29_27_24_30-60-57.jpg	D:\Yolo_LPR_RK3568_FPGA_Project\2_Model_Conversion_PC_Simulation\yolov8_obb\model\obb_quant_dataset_800\quant_0321.jpg	D:\Yolo_LPR_RK3568_FPGA_Project\1_PC_Training\datasets\yolo_obb_640\labels\train\ccpd2020_ccpd_green_031545138888888886-89_264-202&422_518&523-512&515_212&523_202&430_518&422-0_0_3_24_29_27_24_30-60-57.txt	1	51.417385	1.450313	3	0-5
322	1	green	1	green	ccpd2020	ccpd_green	D:\Yolo_LPR_RK3568_FPGA_Project\1_PC_Training\datasets\CCPD2020\ccpd_green\train\031585286458333334-91_251-235&443_548&544-548&544_261&535_235&443_532&451-0_0_5_25_25_31_31_31-161-226.jpg	D:\Yolo_LPR_RK3568_FPGA_Project\1_PC_Training\datasets\yolo_obb_640\images\train\ccpd2020_ccpd_green_031585286458333334-91_251-235&443_548&544-548&544_261&535_235&443_532&451-0_0_5_25_25_31_31_31-161-226.jpg	D:\Yolo_LPR_RK3568_FPGA_Project\2_Model_Conversion_PC_Simulation\yolov8_obb\model\obb_quant_dataset_800\quant_0322.jpg	D:\Yolo_LPR_RK3568_FPGA_Project\1_PC_Training\datasets\yolo_obb_640\labels\train\ccpd2020_ccpd_green_031585286458333334-91_251-235&443_548&544-548&544_261&535_235&443_532&451-0_0_5_25_25_31_31_31-161-226.txt	1	52.064524	1.542824	3	0-5
323	1	green	1	green	ccpd2020	ccpd_green	D:\Yolo_LPR_RK3568_FPGA_Project\1_PC_Training\datasets\CCPD2020\ccpd_green\train\03173828125-92_91-188&493_513&592-510&592_196&578_188&493_513&505-0_0_3_26_26_25_26_27-103-272.jpg	D:\Yolo_LPR_RK3568_FPGA_Project\1_PC_Training\datasets\yolo_obb_640\images\train\ccpd2020_ccpd_green_03173828125-92_91-188&493_513&592-510&592_196&578_188&493_513&505-0_0_3_26_26_25_26_27-103-272.jpg	D:\Yolo_LPR_RK3568_FPGA_Project\2_Model_Conversion_PC_Simulation\yolov8_obb\model\obb_quant_dataset_800\quant_0323.jpg	D:\Yolo_LPR_RK3568_FPGA_Project\1_PC_Training\datasets\yolo_obb_640\labels\train\ccpd2020_ccpd_green_03173828125-92_91-188&493_513&592-510&592_196&578_188&493_513&505-0_0_3_26_26_25_26_27-103-272.txt	1	47.103885	2.114611	2	0-5
324	1	green	1	green	ccpd2020	ccpd_green	D:\Yolo_LPR_RK3568_FPGA_Project\1_PC_Training\datasets\CCPD2020\ccpd_green\train\0317719184028-92_98-227&434_556&531-556&531_237&517_227&434_549&449-0_0_3_25_24_26_24_32-143-140.jpg	D:\Yolo_LPR_RK3568_FPGA_Project\1_PC_Training\datasets\yolo_obb_640\images\train\ccpd2020_ccpd_green_0317719184028-92_98-227&434_556&531-556&531_237&517_227&434_549&449-0_0_3_25_24_26_24_32-143-140.jpg	D:\Yolo_LPR_RK3568_FPGA_Project\2_Model_Conversion_PC_Simulation\yolov8_obb\model\obb_quant_dataset_800\quant_0324.jpg	D:\Yolo_LPR_RK3568_FPGA_Project\1_PC_Training\datasets\yolo_obb_640\labels\train\ccpd2020_ccpd_green_0317719184028-92_98-227&434_556&531-556&531_237&517_227&434_549&449-0_0_3_25_24_26_24_32-143-140.txt	1	45.406137	2.667124	2	0-5
325	1	green	1	green	ccpd2020	ccpd_green	D:\Yolo_LPR_RK3568_FPGA_Project\1_PC_Training\datasets\CCPD2020\ccpd_green\train\0318684895833-90_266-231&439_561&537-557&537_236&531_231&441_561&439-0_0_3_24_32_33_33_30-124-18.jpg	D:\Yolo_LPR_RK3568_FPGA_Project\1_PC_Training\datasets\yolo_obb_640\images\train\ccpd2020_ccpd_green_0318684895833-90_266-231&439_561&537-557&537_236&531_231&441_561&439-0_0_3_24_32_33_33_30-124-18.jpg	D:\Yolo_LPR_RK3568_FPGA_Project\2_Model_Conversion_PC_Simulation\yolov8_obb\model\obb_quant_dataset_800\quant_0325.jpg	D:\Yolo_LPR_RK3568_FPGA_Project\1_PC_Training\datasets\yolo_obb_640\labels\train\ccpd2020_ccpd_green_0318684895833-90_266-231&439_561&537-557&537_236&531_231&441_561&439-0_0_3_24_32_33_33_30-124-18.txt	1	49.732261	0.347215	3	0-5
326	1	green	1	green	ccpd2020	ccpd_green	D:\Yolo_LPR_RK3568_FPGA_Project\1_PC_Training\datasets\CCPD2020\ccpd_green\train\0318923611111-89_258-206&479_540&575-540&571_224&575_206&490_526&479-0_0_3_24_30_27_27_30-54-8.jpg	D:\Yolo_LPR_RK3568_FPGA_Project\1_PC_Training\datasets\yolo_obb_640\images\train\ccpd2020_ccpd_green_0318923611111-89_258-206&479_540&575-540&571_224&575_206&490_526&479-0_0_3_24_30_27_27_30-54-8.jpg	D:\Yolo_LPR_RK3568_FPGA_Project\2_Model_Conversion_PC_Simulation\yolov8_obb\model\obb_quant_dataset_800\quant_0326.jpg	D:\Yolo_LPR_RK3568_FPGA_Project\1_PC_Training\datasets\yolo_obb_640\labels\train\ccpd2020_ccpd_green_0318923611111-89_258-206&479_540&575-540&571_224&575_206&490_526&479-0_0_3_24_30_27_27_30-54-8.txt	1	47.936628	1.968815	2	0-5
327	1	green	1	green	ccpd2020	ccpd_green	D:\Yolo_LPR_RK3568_FPGA_Project\1_PC_Training\datasets\CCPD2020\ccpd_green\train\0320909288194-91_266-174&418_499&517-496&517_178&502_174&418_499&430-1_0_3_24_33_31_29_31-108-134.jpg	D:\Yolo_LPR_RK3568_FPGA_Project\1_PC_Training\datasets\yolo_obb_640\images\train\ccpd2020_ccpd_green_0320909288194-91_266-174&418_499&517-496&517_178&502_174&418_499&430-1_0_3_24_33_31_29_31-108-134.jpg	D:\Yolo_LPR_RK3568_FPGA_Project\2_Model_Conversion_PC_Simulation\yolov8_obb\model\obb_quant_dataset_800\quant_0327.jpg	D:\Yolo_LPR_RK3568_FPGA_Project\1_PC_Training\datasets\yolo_obb_640\labels\train\ccpd2020_ccpd_green_0320909288194-91_266-174&418_499&517-496&517_178&502_174&418_499&430-1_0_3_24_33_31_29_31-108-134.txt	1	46.397465	2.114611	2	0-5
328	1	green	1	green	ccpd2020	ccpd_green	D:\Yolo_LPR_RK3568_FPGA_Project\1_PC_Training\datasets\CCPD2020\ccpd_green\train\0323122829861-90_94-198&455_505&561-499&560_198&561_209&455_505&457-0_0_3_25_24_26_24_32-190-610.jpg	D:\Yolo_LPR_RK3568_FPGA_Project\1_PC_Training\datasets\yolo_obb_640\images\train\ccpd2020_ccpd_green_0323122829861-90_94-198&455_505&561-499&560_198&561_209&455_505&457-0_0_3_25_24_26_24_32-190-610.jpg	D:\Yolo_LPR_RK3568_FPGA_Project\2_Model_Conversion_PC_Simulation\yolov8_obb\model\obb_quant_dataset_800\quant_0328.jpg	D:\Yolo_LPR_RK3568_FPGA_Project\1_PC_Training\datasets\yolo_obb_640\labels\train\ccpd2020_ccpd_green_0323122829861-90_94-198&455_505&561-499&560_198&561_209&455_505&457-0_0_3_25_24_26_24_32-190-610.txt	1	56.923849	0.190335	3	0-5
329	1	green	1	green	ccpd2020	ccpd_green	D:\Yolo_LPR_RK3568_FPGA_Project\1_PC_Training\datasets\CCPD2020\ccpd_green\train\0324858940972-91_94-216&442_545&541-538&541_218&529_216&442_545&451-0_0_3_24_26_25_31_31-77-87.jpg	D:\Yolo_LPR_RK3568_FPGA_Project\1_PC_Training\datasets\yolo_obb_640\images\train\ccpd2020_ccpd_green_0324858940972-91_94-216&442_545&541-538&541_218&529_216&442_545&451-0_0_3_24_26_25_31_31-77-87.jpg	D:\Yolo_LPR_RK3568_FPGA_Project\2_Model_Conversion_PC_Simulation\yolov8_obb\model\obb_quant_dataset_800\quant_0329.jpg	D:\Yolo_LPR_RK3568_FPGA_Project\1_PC_Training\datasets\yolo_obb_640\labels\train\ccpd2020_ccpd_green_0324858940972-91_94-216&442_545&541-538&541_218&529_216&442_545&451-0_0_3_24_26_25_31_31-77-87.txt	1	48.012684	1.567049	2	0-5
330	1	green	1	green	ccpd2020	ccpd_green	D:\Yolo_LPR_RK3568_FPGA_Project\1_PC_Training\datasets\CCPD2020\ccpd_green\train\03251953125-90_268-193&402_526&501-525&496_196&501_193&404_526&402-0_0_3_24_31_30_29_29-106-160.jpg	D:\Yolo_LPR_RK3568_FPGA_Project\1_PC_Training\datasets\yolo_obb_640\images\train\ccpd2020_ccpd_green_03251953125-90_268-193&402_526&501-525&496_196&501_193&404_526&402-0_0_3_24_31_30_29_29-106-160.jpg	D:\Yolo_LPR_RK3568_FPGA_Project\2_Model_Conversion_PC_Simulation\yolov8_obb\model\obb_quant_dataset_800\quant_0330.jpg	D:\Yolo_LPR_RK3568_FPGA_Project\1_PC_Training\datasets\yolo_obb_640\labels\train\ccpd2020_ccpd_green_03251953125-90_268-193&402_526&501-525&496_196&501_193&404_526&402-0_0_3_24_31_30_29_29-106-160.txt	1	51.864695	0.344087	3	0-5
331	1	green	1	green	ccpd2020	ccpd_green	D:\Yolo_LPR_RK3568_FPGA_Project\1_PC_Training\datasets\CCPD2020\ccpd_green\train\0330403645833-91_90-234&437_584&532-572&532_234&527_234&437_584&447-0_0_3_25_32_32_33_32-79-68.jpg	D:\Yolo_LPR_RK3568_FPGA_Project\1_PC_Training\datasets\yolo_obb_640\images\train\ccpd2020_ccpd_green_0330403645833-91_90-234&437_584&532-572&532_234&527_234&437_584&447-0_0_3_25_32_32_33_32-79-68.jpg	D:\Yolo_LPR_RK3568_FPGA_Project\2_Model_Conversion_PC_Simulation\yolov8_obb\model\obb_quant_dataset_800\quant_0331.jpg	D:\Yolo_LPR_RK3568_FPGA_Project\1_PC_Training\datasets\yolo_obb_640\labels\train\ccpd2020_ccpd_green_0330403645833-91_90-234&437_584&532-572&532_234&527_234&437_584&447-0_0_3_25_32_32_33_32-79-68.txt	1	47.361695	1.636636	2	0-5
332	1	green	1	green	ccpd2020	ccpd_green	D:\Yolo_LPR_RK3568_FPGA_Project\1_PC_Training\datasets\CCPD2020\ccpd_green\train\0337033420139-90_268-144&464_493&561-488&561_146&555_144&464_493&468-0_0_3_24_26_29_28_24-90-79.jpg	D:\Yolo_LPR_RK3568_FPGA_Project\1_PC_Training\datasets\yolo_obb_640\images\train\ccpd2020_ccpd_green_0337033420139-90_268-144&464_493&561-488&561_146&555_144&464_493&468-0_0_3_24_26_29_28_24-90-79.jpg	D:\Yolo_LPR_RK3568_FPGA_Project\2_Model_Conversion_PC_Simulation\yolov8_obb\model\obb_quant_dataset_800\quant_0332.jpg	D:\Yolo_LPR_RK3568_FPGA_Project\1_PC_Training\datasets\yolo_obb_640\labels\train\ccpd2020_ccpd_green_0337033420139-90_268-144&464_493&561-488&561_146&555_144&464_493&468-0_0_3_24_26_29_28_24-90-79.txt	1	50.218846	0.656604	3	0-5
333	1	green	1	green	ccpd2020	ccpd_green	D:\Yolo_LPR_RK3568_FPGA_Project\1_PC_Training\datasets\CCPD2020\ccpd_green\train\03486328125-90_259-158&390_515&489-515&489_175&489_158&390_510&390-15_1_5_24_29_32_31_30-123-65.jpg	D:\Yolo_LPR_RK3568_FPGA_Project\1_PC_Training\datasets\yolo_obb_640\images\train\ccpd2020_ccpd_green_03486328125-90_259-158&390_515&489-515&489_175&489_158&390_510&390-15_1_5_24_29_32_31_30-123-65.jpg	D:\Yolo_LPR_RK3568_FPGA_Project\2_Model_Conversion_PC_Simulation\yolov8_obb\model\obb_quant_dataset_800\quant_0333.jpg	D:\Yolo_LPR_RK3568_FPGA_Project\1_PC_Training\datasets\yolo_obb_640\labels\train\ccpd2020_ccpd_green_03486328125-90_259-158&390_515&489-515&489_175&489_158&390_510&390-15_1_5_24_29_32_31_30-123-65.txt	1	54.690429	0.000000	3	0-5
334	1	green	1	green	ccpd2020	ccpd_green	D:\Yolo_LPR_RK3568_FPGA_Project\1_PC_Training\datasets\CCPD2020\ccpd_green\train\0365939670139-88_262-163&459_518&563-518&555_176&563_163&473_518&459-0_0_3_24_32_27_24_31-114-605.jpg	D:\Yolo_LPR_RK3568_FPGA_Project\1_PC_Training\datasets\yolo_obb_640\images\train\ccpd2020_ccpd_green_0365939670139-88_262-163&459_518&563-518&555_176&563_163&473_518&459-0_0_3_24_32_27_24_31-114-605.jpg	D:\Yolo_LPR_RK3568_FPGA_Project\2_Model_Conversion_PC_Simulation\yolov8_obb\model\obb_quant_dataset_800\quant_0334.jpg	D:\Yolo_LPR_RK3568_FPGA_Project\1_PC_Training\datasets\yolo_obb_640\labels\train\ccpd2020_ccpd_green_0365939670139-88_262-163&459_518&563-518&555_176&563_163&473_518&459-0_0_3_24_32_27_24_31-114-605.txt	1	50.170343	2.258391	3	0-5
335	1	green	1	green	ccpd2020	ccpd_green	D:\Yolo_LPR_RK3568_FPGA_Project\1_PC_Training\datasets\CCPD2020\ccpd_green\train\0381141493056-90_246-130&470_516&570-516&570_166&559_130&470_494&470-0_0_3_25_30_27_27_27-190-123.jpg	D:\Yolo_LPR_RK3568_FPGA_Project\1_PC_Training\datasets\yolo_obb_640\images\train\ccpd2020_ccpd_green_0381141493056-90_246-130&470_516&570-516&570_166&559_130&470_494&470-0_0_3_25_30_27_27_27-190-123.jpg	D:\Yolo_LPR_RK3568_FPGA_Project\2_Model_Conversion_PC_Simulation\yolov8_obb\model\obb_quant_dataset_800\quant_0335.jpg	D:\Yolo_LPR_RK3568_FPGA_Project\1_PC_Training\datasets\yolo_obb_640\labels\train\ccpd2020_ccpd_green_0381141493056-90_246-130&470_516&570-516&570_166&559_130&470_494&470-0_0_3_25_30_27_27_27-190-123.txt	1	52.968902	0.000000	3	0-5
336	1	green	1	green	ccpd2020	ccpd_green	D:\Yolo_LPR_RK3568_FPGA_Project\1_PC_Training\datasets\CCPD2020\ccpd_green\train\0383116319444-90_92-185&479_573&578-571&578_187&572_185&480_573&479-0_0_3_24_32_31_30_24-90-271.jpg	D:\Yolo_LPR_RK3568_FPGA_Project\1_PC_Training\datasets\yolo_obb_640\images\train\ccpd2020_ccpd_green_0383116319444-90_92-185&479_573&578-571&578_187&572_185&480_573&479-0_0_3_24_32_31_30_24-90-271.jpg	D:\Yolo_LPR_RK3568_FPGA_Project\2_Model_Conversion_PC_Simulation\yolov8_obb\model\obb_quant_dataset_800\quant_0336.jpg	D:\Yolo_LPR_RK3568_FPGA_Project\1_PC_Training\datasets\yolo_obb_640\labels\train\ccpd2020_ccpd_green_0383116319444-90_92-185&479_573&578-571&578_187&572_185&480_573&479-0_0_3_24_32_31_30_24-90-271.txt	1	50.770395	0.147657	3	0-5
337	1	green	1	green	ccpd2020	ccpd_green	D:\Yolo_LPR_RK3568_FPGA_Project\1_PC_Training\datasets\CCPD2020\ccpd_green\train\0390690104167-88_263-165&439_518&551-518&551_165&547_171&454_507&439-0_0_3_24_25_32_32_24-179-194.jpg	D:\Yolo_LPR_RK3568_FPGA_Project\1_PC_Training\datasets\yolo_obb_640\images\train\ccpd2020_ccpd_green_0390690104167-88_263-165&439_518&551-518&551_165&547_171&454_507&439-0_0_3_24_25_32_32_24-179-194.jpg	D:\Yolo_LPR_RK3568_FPGA_Project\2_Model_Conversion_PC_Simulation\yolov8_obb\model\obb_quant_dataset_800\quant_0337.jpg	D:\Yolo_LPR_RK3568_FPGA_Project\1_PC_Training\datasets\yolo_obb_640\labels\train\ccpd2020_ccpd_green_0390690104167-88_263-165&439_518&551-518&551_165&547_171&454_507&439-0_0_3_24_25_32_32_24-179-194.txt	1	51.417385	0.649165	3	0-5
338	1	green	1	green	ccpd2020	ccpd_green	D:\Yolo_LPR_RK3568_FPGA_Project\1_PC_Training\datasets\CCPD2020\ccpd_green\train\0416145833333-88_264-162&415_538&527-533&513_173&527_162&431_538&415-0_0_3_24_32_31_25_29-83-188.jpg	D:\Yolo_LPR_RK3568_FPGA_Project\1_PC_Training\datasets\yolo_obb_640\images\train\ccpd2020_ccpd_green_0416145833333-88_264-162&415_538&527-533&513_173&527_162&431_538&415-0_0_3_24_32_31_25_29-83-188.jpg	D:\Yolo_LPR_RK3568_FPGA_Project\2_Model_Conversion_PC_Simulation\yolov8_obb\model\obb_quant_dataset_800\quant_0338.jpg	D:\Yolo_LPR_RK3568_FPGA_Project\1_PC_Training\datasets\yolo_obb_640\labels\train\ccpd2020_ccpd_green_0416145833333-88_264-162&415_538&527-533&513_173&527_162&431_538&415-0_0_3_24_32_31_25_29-83-188.txt	1	53.311700	2.436631	3	0-5
339	1	green	1	green	ccpd2020	ccpd_green	D:\Yolo_LPR_RK3568_FPGA_Project\1_PC_Training\datasets\CCPD2020\ccpd_green\train\0426410590278-90_266-193&408_594&515-587&515_198&508_193&408_594&412-0_0_3_24_26_29_25_32-105-108.jpg	D:\Yolo_LPR_RK3568_FPGA_Project\1_PC_Training\datasets\yolo_obb_640\images\train\ccpd2020_ccpd_green_0426410590278-90_266-193&408_594&515-587&515_198&508_193&408_594&412-0_0_3_24_26_29_25_32-105-108.jpg	D:\Yolo_LPR_RK3568_FPGA_Project\2_Model_Conversion_PC_Simulation\yolov8_obb\model\obb_quant_dataset_800\quant_0339.jpg	D:\Yolo_LPR_RK3568_FPGA_Project\1_PC_Training\datasets\yolo_obb_640\labels\train\ccpd2020_ccpd_green_0426410590278-90_266-193&408_594&515-587&515_198&508_193&408_594&412-0_0_3_24_26_29_25_32-105-108.txt	1	55.241394	0.571465	3	0-5
340	1	green	1	green	ccpd2020	ccpd_green	D:\Yolo_LPR_RK3568_FPGA_Project\1_PC_Training\datasets\CCPD2020\ccpd_green\train\05703125-90_268-171&456_609&587-605&587_175&585_171&456_609&461-0_0_3_17_25_24_25_25-124-255.jpg	D:\Yolo_LPR_RK3568_FPGA_Project\1_PC_Training\datasets\yolo_obb_640\images\train\ccpd2020_ccpd_green_05703125-90_268-171&456_609&587-605&587_175&585_171&456_609&461-0_0_3_17_25_24_25_25-124-255.jpg	D:\Yolo_LPR_RK3568_FPGA_Project\2_Model_Conversion_PC_Simulation\yolov8_obb\model\obb_quant_dataset_800\quant_0340.jpg	D:\Yolo_LPR_RK3568_FPGA_Project\1_PC_Training\datasets\yolo_obb_640\labels\train\ccpd2020_ccpd_green_05703125-90_268-171&456_609&587-605&587_175&585_171&456_609&461-0_0_3_17_25_24_25_25-124-255.txt	1	69.551815	0.654133	3	0-5
341	1	green	1	green	ccpd2020	ccpd_green	D:\Yolo_LPR_RK3568_FPGA_Project\1_PC_Training\datasets\CCPD2020\ccpd_green\train\05810546875-90_268-202&450_627&588-627&588_202&576_205&450_625&453-0_0_3_24_30_31_29_29-193-34.jpg	D:\Yolo_LPR_RK3568_FPGA_Project\1_PC_Training\datasets\yolo_obb_640\images\train\ccpd2020_ccpd_green_05810546875-90_268-202&450_627&588-627&588_202&576_205&450_625&453-0_0_3_24_30_31_29_29-193-34.jpg	D:\Yolo_LPR_RK3568_FPGA_Project\2_Model_Conversion_PC_Simulation\yolov8_obb\model\obb_quant_dataset_800\quant_0341.jpg	D:\Yolo_LPR_RK3568_FPGA_Project\1_PC_Training\datasets\yolo_obb_640\labels\train\ccpd2020_ccpd_green_05810546875-90_268-202&450_627&588-627&588_202&576_205&450_625&453-0_0_3_24_30_31_29_29-193-34.txt	1	69.537135	1.617363	3	0-5
342	1	green	1	green	ccpd2020	ccpd_green	D:\Yolo_LPR_RK3568_FPGA_Project\1_PC_Training\datasets\CCPD2020\ccpd_green\train\05853515625-90_264-115&457_601&578-580&569_125&578_115&457_601&460-0_0_3_25_30_32_33_32-80-317.jpg	D:\Yolo_LPR_RK3568_FPGA_Project\1_PC_Training\datasets\yolo_obb_640\images\train\ccpd2020_ccpd_green_05853515625-90_264-115&457_601&578-580&569_125&578_115&457_601&460-0_0_3_25_30_32_33_32-80-317.jpg	D:\Yolo_LPR_RK3568_FPGA_Project\2_Model_Conversion_PC_Simulation\yolov8_obb\model\obb_quant_dataset_800\quant_0342.jpg	D:\Yolo_LPR_RK3568_FPGA_Project\1_PC_Training\datasets\yolo_obb_640\labels\train\ccpd2020_ccpd_green_05853515625-90_264-115&457_601&578-580&569_125&578_115&457_601&460-0_0_3_25_30_32_33_32-80-317.txt	1	61.243489	0.353645	3	0-5
343	1	green	1	green	ccpd2020	ccpd_green	D:\Yolo_LPR_RK3568_FPGA_Project\1_PC_Training\datasets\CCPD2020\ccpd_green\train\06375-90_269-71&447_530&587-521&581_72&587_71&447_530&448-0_0_5_24_31_24_24_24-127-155.jpg	D:\Yolo_LPR_RK3568_FPGA_Project\1_PC_Training\datasets\yolo_obb_640\images\train\ccpd2020_ccpd_green_06375-90_269-71&447_530&587-521&581_72&587_71&447_530&448-0_0_5_24_31_24_24_24-127-155.jpg	D:\Yolo_LPR_RK3568_FPGA_Project\2_Model_Conversion_PC_Simulation\yolov8_obb\model\obb_quant_dataset_800\quant_0343.jpg	D:\Yolo_LPR_RK3568_FPGA_Project\1_PC_Training\datasets\yolo_obb_640\labels\train\ccpd2020_ccpd_green_06375-90_269-71&447_530&587-521&581_72&587_71&447_530&448-0_0_5_24_31_24_24_24-127-155.txt	1	73.547015	0.124817	3	0-5
344	1	green	1	green	ccpd2020	ccpd_green	D:\Yolo_LPR_RK3568_FPGA_Project\1_PC_Training\datasets\CCPD2020\ccpd_green\train\3003814019097222222-93_96-312&461_407&502-407&502_316&495_312&461_406&473-0_0_3_24_26_29_32_32-77-8.jpg	D:\Yolo_LPR_RK3568_FPGA_Project\1_PC_Training\datasets\yolo_obb_640\images\train\ccpd2020_ccpd_green_3003814019097222222-93_96-312&461_407&502-407&502_316&495_312&461_406&473-0_0_3_24_26_29_32_32-77-8.jpg	D:\Yolo_LPR_RK3568_FPGA_Project\2_Model_Conversion_PC_Simulation\yolov8_obb\model\obb_quant_dataset_800\quant_0344.jpg	D:\Yolo_LPR_RK3568_FPGA_Project\1_PC_Training\datasets\yolo_obb_640\labels\train\ccpd2020_ccpd_green_3003814019097222222-93_96-312&461_407&502-407&502_316&495_312&461_406&473-0_0_3_24_26_29_32_32-77-8.txt	1	16.009511	7.275100	0	5-15
345	1	green	1	green	ccpd2020	ccpd_green	D:\Yolo_LPR_RK3568_FPGA_Project\1_PC_Training\datasets\CCPD2020\ccpd_green\train\3004123263888888889-96_258-294&488_389&531-389&531_297&523_294&488_387&499-0_0_3_24_25_27_30_25-130-34.jpg	D:\Yolo_LPR_RK3568_FPGA_Project\1_PC_Training\datasets\yolo_obb_640\images\train\ccpd2020_ccpd_green_3004123263888888889-96_258-294&488_389&531-389&531_297&523_294&488_387&499-0_0_3_24_25_27_30_25-130-34.jpg	D:\Yolo_LPR_RK3568_FPGA_Project\2_Model_Conversion_PC_Simulation\yolov8_obb\model\obb_quant_dataset_800\quant_0345.jpg	D:\Yolo_LPR_RK3568_FPGA_Project\1_PC_Training\datasets\yolo_obb_640\labels\train\ccpd2020_ccpd_green_3004123263888888889-96_258-294&488_389&531-389&531_297&523_294&488_387&499-0_0_3_24_25_27_30_25-130-34.txt	1	17.690134	6.745028	0	5-15
346	1	green	1	green	ccpd2020	ccpd_green	D:\Yolo_LPR_RK3568_FPGA_Project\1_PC_Training\datasets\CCPD2020\ccpd_green\train\3006618923611111111-84_86-358&483_458&550-458&538_359&550_358&488_457&483-0_0_3_24_26_24_33_25-133-14.jpg	D:\Yolo_LPR_RK3568_FPGA_Project\1_PC_Training\datasets\yolo_obb_640\images\train\ccpd2020_ccpd_green_3006618923611111111-84_86-358&483_458&550-458&538_359&550_358&488_457&483-0_0_3_24_26_24_33_25-133-14.jpg	D:\Yolo_LPR_RK3568_FPGA_Project\2_Model_Conversion_PC_Simulation\yolov8_obb\model\obb_quant_dataset_800\quant_0346.jpg	D:\Yolo_LPR_RK3568_FPGA_Project\1_PC_Training\datasets\yolo_obb_640\labels\train\ccpd2020_ccpd_green_3006618923611111111-84_86-358&483_458&550-458&538_359&550_358&488_457&483-0_0_3_24_26_24_33_25-133-14.txt	1	30.349976	6.911341	0	5-15
347	1	green	1	green	ccpd2020	ccpd_green	D:\Yolo_LPR_RK3568_FPGA_Project\1_PC_Training\datasets\CCPD2020\ccpd_green\train\3007185329861111111-88_93-297&506_451&553-451&547_297&553_297&512_448&506-0_0_3_24_33_31_26_25-66-6.jpg	D:\Yolo_LPR_RK3568_FPGA_Project\1_PC_Training\datasets\yolo_obb_640\images\train\ccpd2020_ccpd_green_3007185329861111111-88_93-297&506_451&553-451&547_297&553_297&512_448&506-0_0_3_24_33_31_26_25-66-6.jpg	D:\Yolo_LPR_RK3568_FPGA_Project\2_Model_Conversion_PC_Simulation\yolov8_obb\model\obb_quant_dataset_800\quant_0347.jpg	D:\Yolo_LPR_RK3568_FPGA_Project\1_PC_Training\datasets\yolo_obb_640\labels\train\ccpd2020_ccpd_green_3007185329861111111-88_93-297&506_451&553-451&547_297&553_297&512_448&506-0_0_3_24_33_31_26_25-66-6.txt	1	22.620800	2.230995	0	0-5
348	1	green	1	green	ccpd2020	ccpd_green	D:\Yolo_LPR_RK3568_FPGA_Project\1_PC_Training\datasets\CCPD2020\ccpd_green\train\3007866753472222222-88_266-243&449_388&504-388&491_247&504_243&456_379&449-0_0_3_24_25_26_33_33-164-57.jpg	D:\Yolo_LPR_RK3568_FPGA_Project\1_PC_Training\datasets\yolo_obb_640\images\train\ccpd2020_ccpd_green_3007866753472222222-88_266-243&449_388&504-388&491_247&504_243&456_379&449-0_0_3_24_25_26_33_33-164-57.jpg	D:\Yolo_LPR_RK3568_FPGA_Project\2_Model_Conversion_PC_Simulation\yolov8_obb\model\obb_quant_dataset_800\quant_0348.jpg	D:\Yolo_LPR_RK3568_FPGA_Project\1_PC_Training\datasets\yolo_obb_640\labels\train\ccpd2020_ccpd_green_3007866753472222222-88_266-243&449_388&504-388&491_247&504_243&456_379&449-0_0_3_24_25_26_33_33-164-57.txt	1	23.698527	5.267754	0	5-15
349	1	green	1	green	ccpd2020	ccpd_green	D:\Yolo_LPR_RK3568_FPGA_Project\1_PC_Training\datasets\CCPD2020\ccpd_green\train\3007922092013888889-90_97-247&454_396&507-391&505_247&507_254&464_396&454-0_0_3_24_33_33_24_24-132-36.jpg	D:\Yolo_LPR_RK3568_FPGA_Project\1_PC_Training\datasets\yolo_obb_640\images\train\ccpd2020_ccpd_green_3007922092013888889-90_97-247&454_396&507-391&505_247&507_254&464_396&454-0_0_3_24_33_33_24_24-132-36.jpg	D:\Yolo_LPR_RK3568_FPGA_Project\2_Model_Conversion_PC_Simulation\yolov8_obb\model\obb_quant_dataset_800\quant_0349.jpg	D:\Yolo_LPR_RK3568_FPGA_Project\1_PC_Training\datasets\yolo_obb_640\labels\train\ccpd2020_ccpd_green_3007922092013888889-90_97-247&454_396&507-391&505_247&507_254&464_396&454-0_0_3_24_33_33_24_24-132-36.txt	1	24.036444	0.795660	0	0-5
350	1	green	1	green	ccpd2020	ccpd_green	D:\Yolo_LPR_RK3568_FPGA_Project\1_PC_Training\datasets\CCPD2020\ccpd_green\train\300796875-86_102-315&524_451&583-451&571_317&583_315&536_439&524-0_0_5_25_25_31_31_31-109-26.jpg	D:\Yolo_LPR_RK3568_FPGA_Project\1_PC_Training\datasets\yolo_obb_640\images\train\ccpd2020_ccpd_green_300796875-86_102-315&524_451&583-451&571_317&583_315&536_439&524-0_0_5_25_25_31_31_31-109-26.jpg	D:\Yolo_LPR_RK3568_FPGA_Project\2_Model_Conversion_PC_Simulation\yolov8_obb\model\obb_quant_dataset_800\quant_0350.jpg	D:\Yolo_LPR_RK3568_FPGA_Project\1_PC_Training\datasets\yolo_obb_640\labels\train\ccpd2020_ccpd_green_300796875-86_102-315&524_451&583-451&571_317&583_315&536_439&524-0_0_5_25_25_31_31_31-109-26.txt	1	25.954351	5.117403	0	5-15
351	1	green	1	green	ccpd2020	ccpd_green	D:\Yolo_LPR_RK3568_FPGA_Project\1_PC_Training\datasets\CCPD2020\ccpd_green\train\3008802083333333334-86_90-249&504_405&561-405&548_255&561_249&519_405&504-0_0_3_24_33_32_29_28-142-38.jpg	D:\Yolo_LPR_RK3568_FPGA_Project\1_PC_Training\datasets\yolo_obb_640\images\train\ccpd2020_ccpd_green_3008802083333333334-86_90-249&504_405&561-405&548_255&561_249&519_405&504-0_0_3_24_33_32_29_28-142-38.jpg	D:\Yolo_LPR_RK3568_FPGA_Project\2_Model_Conversion_PC_Simulation\yolov8_obb\model\obb_quant_dataset_800\quant_0351.jpg	D:\Yolo_LPR_RK3568_FPGA_Project\1_PC_Training\datasets\yolo_obb_640\labels\train\ccpd2020_ccpd_green_3008802083333333334-86_90-249&504_405&561-405&548_255&561_249&519_405&504-0_0_3_24_33_32_29_28-142-38.txt	1	23.407776	5.492302	0	5-15
352	1	green	1	green	ccpd2020	ccpd_green	D:\Yolo_LPR_RK3568_FPGA_Project\1_PC_Training\datasets\CCPD2020\ccpd_green\train\300927734375-95_259-267&473_417&536-417&536_267&520_269&473_413&488-0_0_3_24_32_31_30_25-134-47.jpg	D:\Yolo_LPR_RK3568_FPGA_Project\1_PC_Training\datasets\yolo_obb_640\images\train\ccpd2020_ccpd_green_300927734375-95_259-267&473_417&536-417&536_267&520_269&473_413&488-0_0_3_24_32_31_30_25-134-47.jpg	D:\Yolo_LPR_RK3568_FPGA_Project\2_Model_Conversion_PC_Simulation\yolov8_obb\model\obb_quant_dataset_800\quant_0352.jpg	D:\Yolo_LPR_RK3568_FPGA_Project\1_PC_Training\datasets\yolo_obb_640\labels\train\ccpd2020_ccpd_green_300927734375-95_259-267&473_417&536-417&536_267&520_269&473_413&488-0_0_3_24_32_31_30_25-134-47.txt	1	25.954351	6.088463	0	5-15
353	1	green	1	green	ccpd2020	ccpd_green	D:\Yolo_LPR_RK3568_FPGA_Project\1_PC_Training\datasets\CCPD2020\ccpd_green\train\3010572916666666666-91_98-249&485_417&549-417&549_260&544_249&485_412&500-0_0_3_24_30_31_29_24-84-28.jpg	D:\Yolo_LPR_RK3568_FPGA_Project\1_PC_Training\datasets\yolo_obb_640\images\train\ccpd2020_ccpd_green_3010572916666666666-91_98-249&485_417&549-417&549_260&544_249&485_412&500-0_0_3_24_30_31_29_24-84-28.jpg	D:\Yolo_LPR_RK3568_FPGA_Project\2_Model_Conversion_PC_Simulation\yolov8_obb\model\obb_quant_dataset_800\quant_0353.jpg	D:\Yolo_LPR_RK3568_FPGA_Project\1_PC_Training\datasets\yolo_obb_640\labels\train\ccpd2020_ccpd_green_3010572916666666666-91_98-249&485_417&549-417&549_260&544_249&485_412&500-0_0_3_24_30_31_29_24-84-28.txt	1	27.175282	5.257793	0	5-15
354	1	green	1	green	ccpd2020	ccpd_green	D:\Yolo_LPR_RK3568_FPGA_Project\1_PC_Training\datasets\CCPD2020\ccpd_green\train\3011423611111111112-90_104-227&474_415&536-415&535_235&536_227&474_403&479-0_0_3_24_33_29_33_27-151-79.jpg	D:\Yolo_LPR_RK3568_FPGA_Project\1_PC_Training\datasets\yolo_obb_640\images\train\ccpd2020_ccpd_green_3011423611111111112-90_104-227&474_415&536-415&535_235&536_227&474_403&479-0_0_3_24_33_29_33_27-151-79.jpg	D:\Yolo_LPR_RK3568_FPGA_Project\2_Model_Conversion_PC_Simulation\yolov8_obb\model\obb_quant_dataset_800\quant_0354.jpg	D:\Yolo_LPR_RK3568_FPGA_Project\1_PC_Training\datasets\yolo_obb_640\labels\train\ccpd2020_ccpd_green_3011423611111111112-90_104-227&474_415&536-415&535_235&536_227&474_403&479-0_0_3_24_33_29_33_27-151-79.txt	1	31.598064	0.318281	0	0-5
355	1	green	1	green	ccpd2020	ccpd_green	D:\Yolo_LPR_RK3568_FPGA_Project\1_PC_Training\datasets\CCPD2020\ccpd_green\train\3011571180555555555-90_261-285&559_457&627-457&612_285&627_294&561_451&559-0_0_3_26_33_26_33_32-153-101.jpg	D:\Yolo_LPR_RK3568_FPGA_Project\1_PC_Training\datasets\yolo_obb_640\images\train\ccpd2020_ccpd_green_3011571180555555555-90_261-285&559_457&627-457&612_285&627_294&561_451&559-0_0_3_26_33_26_33_32-153-101.jpg	D:\Yolo_LPR_RK3568_FPGA_Project\2_Model_Conversion_PC_Simulation\yolov8_obb\model\obb_quant_dataset_800\quant_0355.jpg	D:\Yolo_LPR_RK3568_FPGA_Project\1_PC_Training\datasets\yolo_obb_640\labels\train\ccpd2020_ccpd_green_3011571180555555555-90_261-285&559_457&627-457&612_285&627_294&561_451&559-0_0_3_26_33_26_33_32-153-101.txt	1	29.427729	4.984099	0	0-5
356	1	green	1	green	ccpd2020	ccpd_green	D:\Yolo_LPR_RK3568_FPGA_Project\1_PC_Training\datasets\CCPD2020\ccpd_green\train\3011773003472222222-92_96-234&477_409&544-409&544_236&535_234&477_406&483-0_0_3_27_25_25_32_32-103-101.jpg	D:\Yolo_LPR_RK3568_FPGA_Project\1_PC_Training\datasets\yolo_obb_640\images\train\ccpd2020_ccpd_green_3011773003472222222-92_96-234&477_409&544-409&544_236&535_234&477_406&483-0_0_3_27_25_25_32_32-103-101.jpg	D:\Yolo_LPR_RK3568_FPGA_Project\2_Model_Conversion_PC_Simulation\yolov8_obb\model\obb_quant_dataset_800\quant_0356.jpg	D:\Yolo_LPR_RK3568_FPGA_Project\1_PC_Training\datasets\yolo_obb_640\labels\train\ccpd2020_ccpd_green_3011773003472222222-92_96-234&477_409&544-409&544_236&535_234&477_406&483-0_0_3_27_25_25_32_32-103-101.txt	1	32.019022	2.978163	0	0-5
357	1	green	1	green	ccpd2020	ccpd_green	D:\Yolo_LPR_RK3568_FPGA_Project\1_PC_Training\datasets\CCPD2020\ccpd_green\train\3014166666666666666-91_93-211&455_403&529-399&529_226&525_211&462_403&455-0_0_3_24_24_32_27_25-95-57.jpg	D:\Yolo_LPR_RK3568_FPGA_Project\1_PC_Training\datasets\yolo_obb_640\images\train\ccpd2020_ccpd_green_3014166666666666666-91_93-211&455_403&529-399&529_226&525_211&462_403&455-0_0_3_24_24_32_27_25-95-57.jpg	D:\Yolo_LPR_RK3568_FPGA_Project\2_Model_Conversion_PC_Simulation\yolov8_obb\model\obb_quant_dataset_800\quant_0357.jpg	D:\Yolo_LPR_RK3568_FPGA_Project\1_PC_Training\datasets\yolo_obb_640\labels\train\ccpd2020_ccpd_green_3014166666666666666-91_93-211&455_403&529-399&529_226&525_211&462_403&455-0_0_3_24_24_32_27_25-95-57.txt	1	35.730016	2.088168	0	0-5
358	1	green	1	green	ccpd2020	ccpd_green	D:\Yolo_LPR_RK3568_FPGA_Project\1_PC_Training\datasets\CCPD2020\ccpd_green\train\3014609375-92_267-271&477_475&549-471&549_271&542_271&477_475&488-0_0_3_26_30_30_26_33-117-17.jpg	D:\Yolo_LPR_RK3568_FPGA_Project\1_PC_Training\datasets\yolo_obb_640\images\train\ccpd2020_ccpd_green_3014609375-92_267-271&477_475&549-471&549_271&542_271&477_475&488-0_0_3_26_30_30_26_33-117-17.jpg	D:\Yolo_LPR_RK3568_FPGA_Project\2_Model_Conversion_PC_Simulation\yolov8_obb\model\obb_quant_dataset_800\quant_0358.jpg	D:\Yolo_LPR_RK3568_FPGA_Project\1_PC_Training\datasets\yolo_obb_640\labels\train\ccpd2020_ccpd_green_3014609375-92_267-271&477_475&549-471&549_271&542_271&477_475&488-0_0_3_26_30_30_26_33-117-17.txt	1	33.727305	3.086571	0	0-5
359	1	green	1	green	ccpd2020	ccpd_green	D:\Yolo_LPR_RK3568_FPGA_Project\1_PC_Training\datasets\CCPD2020\ccpd_green\train\30159375-87_97-223&442_427&520-423&507_229&520_223&450_427&442-0_0_3_26_26_25_26_27-144-107.jpg	D:\Yolo_LPR_RK3568_FPGA_Project\1_PC_Training\datasets\yolo_obb_640\images\train\ccpd2020_ccpd_green_30159375-87_97-223&442_427&520-423&507_229&520_223&450_427&442-0_0_3_26_26_25_26_27-144-107.jpg	D:\Yolo_LPR_RK3568_FPGA_Project\2_Model_Conversion_PC_Simulation\yolov8_obb\model\obb_quant_dataset_800\quant_0359.jpg	D:\Yolo_LPR_RK3568_FPGA_Project\1_PC_Training\datasets\yolo_obb_640\labels\train\ccpd2020_ccpd_green_30159375-87_97-223&442_427&520-423&507_229&520_223&450_427&442-0_0_3_26_26_25_26_27-144-107.txt	1	35.930251	2.245883	0	0-5
360	1	green	1	green	ccpd2020	ccpd_green	D:\Yolo_LPR_RK3568_FPGA_Project\1_PC_Training\datasets\CCPD2020\ccpd_green\train\3017013888888888887-92_91-232&460_456&537-453&537_233&526_232&460_456&472-0_0_3_24_26_31_32_30-99-198.jpg	D:\Yolo_LPR_RK3568_FPGA_Project\1_PC_Training\datasets\yolo_obb_640\images\train\ccpd2020_ccpd_green_3017013888888888887-92_91-232&460_456&537-453&537_233&526_232&460_456&472-0_0_3_24_26_31_32_30-99-198.jpg	D:\Yolo_LPR_RK3568_FPGA_Project\2_Model_Conversion_PC_Simulation\yolov8_obb\model\obb_quant_dataset_800\quant_0360.jpg	D:\Yolo_LPR_RK3568_FPGA_Project\1_PC_Training\datasets\yolo_obb_640\labels\train\ccpd2020_ccpd_green_3017013888888888887-92_91-232&460_456&537-453&537_233&526_232&460_456&472-0_0_3_24_26_31_32_30-99-198.txt	1	35.899924	3.066538	0	0-5
361	1	green	1	green	ccpd2020	ccpd_green	D:\Yolo_LPR_RK3568_FPGA_Project\1_PC_Training\datasets\CCPD2020\ccpd_green\train\3018450520833333334-90_90-233&501_451&586-451&573_233&586_233&501_449&502-0_0_3_25_24_26_24_32-84-25.jpg	D:\Yolo_LPR_RK3568_FPGA_Project\1_PC_Training\datasets\yolo_obb_640\images\train\ccpd2020_ccpd_green_3018450520833333334-90_90-233&501_451&586-451&573_233&586_233&501_449&502-0_0_3_25_24_26_24_32-84-25.jpg	D:\Yolo_LPR_RK3568_FPGA_Project\2_Model_Conversion_PC_Simulation\yolov8_obb\model\obb_quant_dataset_800\quant_0361.jpg	D:\Yolo_LPR_RK3568_FPGA_Project\1_PC_Training\datasets\yolo_obb_640\labels\train\ccpd2020_ccpd_green_3018450520833333334-90_90-233&501_451&586-451&573_233&586_233&501_449&502-0_0_3_25_24_26_24_32-84-25.txt	1	39.188021	3.412404	1	0-5
362	1	green	1	green	ccpd2020	ccpd_green	D:\Yolo_LPR_RK3568_FPGA_Project\1_PC_Training\datasets\CCPD2020\ccpd_green\train\3019375-89_100-222&514_470&593-460&584_222&593_222&520_470&514-0_0_5_24_24_25_30_30-191-72.jpg	D:\Yolo_LPR_RK3568_FPGA_Project\1_PC_Training\datasets\yolo_obb_640\images\train\ccpd2020_ccpd_green_3019375-89_100-222&514_470&593-460&584_222&593_222&520_470&514-0_0_5_24_24_25_30_30-191-72.jpg	D:\Yolo_LPR_RK3568_FPGA_Project\2_Model_Conversion_PC_Simulation\yolov8_obb\model\obb_quant_dataset_800\quant_0362.jpg	D:\Yolo_LPR_RK3568_FPGA_Project\1_PC_Training\datasets\yolo_obb_640\labels\train\ccpd2020_ccpd_green_3019375-89_100-222&514_470&593-460&584_222&593_222&520_470&514-0_0_5_24_24_25_30_30-191-72.txt	1	39.012903	1.386073	1	0-5
363	1	green	1	green	ccpd2020	ccpd_green	D:\Yolo_LPR_RK3568_FPGA_Project\1_PC_Training\datasets\CCPD2020\ccpd_green\train\3019564887152777776-91_98-213&466_460&546-450&546_214&539_213&466_460&473-0_0_3_24_32_33_33_30-109-121.jpg	D:\Yolo_LPR_RK3568_FPGA_Project\1_PC_Training\datasets\yolo_obb_640\images\train\ccpd2020_ccpd_green_3019564887152777776-91_98-213&466_460&546-450&546_214&539_213&466_460&473-0_0_3_24_32_33_33_30-109-121.jpg	D:\Yolo_LPR_RK3568_FPGA_Project\2_Model_Conversion_PC_Simulation\yolov8_obb\model\obb_quant_dataset_800\quant_0363.jpg	D:\Yolo_LPR_RK3568_FPGA_Project\1_PC_Training\datasets\yolo_obb_640\labels\train\ccpd2020_ccpd_green_3019564887152777776-91_98-213&466_460&546-450&546_214&539_213&466_460&473-0_0_3_24_32_33_33_30-109-121.txt	1	40.279619	1.623469	1	0-5
364	1	green	1	green	ccpd2020	ccpd_green	D:\Yolo_LPR_RK3568_FPGA_Project\1_PC_Training\datasets\CCPD2020\ccpd_green\train\301995334201388889-90_90-219&434_478&512-478&509_226&512_219&434_478&442-0_0_3_26_27_30_27_30-134-109.jpg	D:\Yolo_LPR_RK3568_FPGA_Project\1_PC_Training\datasets\yolo_obb_640\images\train\ccpd2020_ccpd_green_301995334201388889-90_90-219&434_478&512-478&509_226&512_219&434_478&442-0_0_3_26_27_30_27_30-134-109.jpg	D:\Yolo_LPR_RK3568_FPGA_Project\2_Model_Conversion_PC_Simulation\yolov8_obb\model\obb_quant_dataset_800\quant_0364.jpg	D:\Yolo_LPR_RK3568_FPGA_Project\1_PC_Training\datasets\yolo_obb_640\labels\train\ccpd2020_ccpd_green_301995334201388889-90_90-219&434_478&512-478&509_226&512_219&434_478&442-0_0_3_26_27_30_27_30-134-109.txt	1	36.965760	1.769051	1	0-5
365	1	green	1	green	ccpd2020	ccpd_green	D:\Yolo_LPR_RK3568_FPGA_Project\1_PC_Training\datasets\CCPD2020\ccpd_green\train\3021158854166666668-89_92-230&499_480&584-480&577_230&584_230&499_477&501-0_0_3_17_25_25_31_25-124-75.jpg	D:\Yolo_LPR_RK3568_FPGA_Project\1_PC_Training\datasets\yolo_obb_640\images\train\ccpd2020_ccpd_green_3021158854166666668-89_92-230&499_480&584-480&577_230&584_230&499_477&501-0_0_3_17_25_25_31_25-124-75.jpg	D:\Yolo_LPR_RK3568_FPGA_Project\2_Model_Conversion_PC_Simulation\yolov8_obb\model\obb_quant_dataset_800\quant_0365.jpg	D:\Yolo_LPR_RK3568_FPGA_Project\1_PC_Training\datasets\yolo_obb_640\labels\train\ccpd2020_ccpd_green_3021158854166666668-89_92-230&499_480&584-480&577_230&584_230&499_477&501-0_0_3_17_25_25_31_25-124-75.txt	1	41.963541	1.603731	2	0-5
366	1	green	1	green	ccpd2020	ccpd_green	D:\Yolo_LPR_RK3568_FPGA_Project\1_PC_Training\datasets\CCPD2020\ccpd_green\train\3021278211805555555-90_109-263&457_528&538-528&534_282&538_263&472_504&457-0_0_3_27_31_25_29_30-116-253.jpg	D:\Yolo_LPR_RK3568_FPGA_Project\1_PC_Training\datasets\yolo_obb_640\images\train\ccpd2020_ccpd_green_3021278211805555555-90_109-263&457_528&538-528&534_282&538_263&472_504&457-0_0_3_27_31_25_29_30-116-253.jpg	D:\Yolo_LPR_RK3568_FPGA_Project\2_Model_Conversion_PC_Simulation\yolov8_obb\model\obb_quant_dataset_800\quant_0366.jpg	D:\Yolo_LPR_RK3568_FPGA_Project\1_PC_Training\datasets\yolo_obb_640\labels\train\ccpd2020_ccpd_green_3021278211805555555-90_109-263&457_528&538-528&534_282&538_263&472_504&457-0_0_3_27_31_25_29_30-116-253.txt	1	37.892318	0.931484	1	0-5
367	1	green	1	green	ccpd2020	ccpd_green	D:\Yolo_LPR_RK3568_FPGA_Project\1_PC_Training\datasets\CCPD2020\ccpd_green\train\3022021484375-87_109-233&467_438&575-417&562_233&575_259&467_438&478-0_0_3_25_24_32_26_30-112-212.jpg	D:\Yolo_LPR_RK3568_FPGA_Project\1_PC_Training\datasets\yolo_obb_640\images\train\ccpd2020_ccpd_green_3022021484375-87_109-233&467_438&575-417&562_233&575_259&467_438&478-0_0_3_25_24_32_26_30-112-212.jpg	D:\Yolo_LPR_RK3568_FPGA_Project\2_Model_Conversion_PC_Simulation\yolov8_obb\model\obb_quant_dataset_800\quant_0367.jpg	D:\Yolo_LPR_RK3568_FPGA_Project\1_PC_Training\datasets\yolo_obb_640\labels\train\ccpd2020_ccpd_green_3022021484375-87_109-233&467_438&575-417&562_233&575_259&467_438&478-0_0_3_25_24_32_26_30-112-212.txt	1	47.771219	4.041386	2	0-5
368	1	green	1	green	ccpd2020	ccpd_green	D:\Yolo_LPR_RK3568_FPGA_Project\1_PC_Training\datasets\CCPD2020\ccpd_green\train\3022183159722222224-91_114-246&444_515&527-515&527_273&518_246&444_489&457-0_0_3_28_29_29_29_26-77-142.jpg	D:\Yolo_LPR_RK3568_FPGA_Project\1_PC_Training\datasets\yolo_obb_640\images\train\ccpd2020_ccpd_green_3022183159722222224-91_114-246&444_515&527-515&527_273&518_246&444_489&457-0_0_3_28_29_29_29_26-77-142.jpg	D:\Yolo_LPR_RK3568_FPGA_Project\2_Model_Conversion_PC_Simulation\yolov8_obb\model\obb_quant_dataset_800\quant_0368.jpg	D:\Yolo_LPR_RK3568_FPGA_Project\1_PC_Training\datasets\yolo_obb_640\labels\train\ccpd2020_ccpd_green_3022183159722222224-91_114-246&444_515&527-515&527_273&518_246&444_489&457-0_0_3_28_29_29_29_26-77-142.txt	1	41.198174	3.062315	1	0-5
369	1	green	1	green	ccpd2020	ccpd_green	D:\Yolo_LPR_RK3568_FPGA_Project\1_PC_Training\datasets\CCPD2020\ccpd_green\train\302309027777777778-89_90-248&468_528&551-528&544_248&551_258&474_527&468-0_0_3_24_30_31_29_29-175-208.jpg	D:\Yolo_LPR_RK3568_FPGA_Project\1_PC_Training\datasets\yolo_obb_640\images\train\ccpd2020_ccpd_green_302309027777777778-89_90-248&468_528&551-528&544_248&551_258&474_527&468-0_0_3_24_30_31_29_29-175-208.jpg	D:\Yolo_LPR_RK3568_FPGA_Project\2_Model_Conversion_PC_Simulation\yolov8_obb\model\obb_quant_dataset_800\quant_0369.jpg	D:\Yolo_LPR_RK3568_FPGA_Project\1_PC_Training\datasets\yolo_obb_640\labels\train\ccpd2020_ccpd_green_302309027777777778-89_90-248&468_528&551-528&544_248&551_258&474_527&468-0_0_3_24_30_31_29_29-175-208.txt	1	41.935150	1.431981	2	0-5
370	1	green	1	green	ccpd2020	ccpd_green	D:\Yolo_LPR_RK3568_FPGA_Project\1_PC_Training\datasets\CCPD2020\ccpd_green\train\302310546875-92_114-221&507_494&593-494&593_252&580_221&507_465&512-0_0_3_17_25_25_33_29-210-90.jpg	D:\Yolo_LPR_RK3568_FPGA_Project\1_PC_Training\datasets\yolo_obb_640\images\train\ccpd2020_ccpd_green_302310546875-92_114-221&507_494&593-494&593_252&580_221&507_465&512-0_0_3_17_25_25_33_29-210-90.jpg	D:\Yolo_LPR_RK3568_FPGA_Project\2_Model_Conversion_PC_Simulation\yolov8_obb\model\obb_quant_dataset_800\quant_0370.jpg	D:\Yolo_LPR_RK3568_FPGA_Project\1_PC_Training\datasets\yolo_obb_640\labels\train\ccpd2020_ccpd_green_302310546875-92_114-221&507_494&593-494&593_252&580_221&507_465&512-0_0_3_17_25_25_33_29-210-90.txt	1	43.757025	1.173835	2	0-5
371	1	green	1	green	ccpd2020	ccpd_green	D:\Yolo_LPR_RK3568_FPGA_Project\1_PC_Training\datasets\CCPD2020\ccpd_green\train\302390625-92_101-234&458_506&547-506&547_254&534_234&458_495&464-19_1_3_27_25_31_31_31-95-306.jpg	D:\Yolo_LPR_RK3568_FPGA_Project\1_PC_Training\datasets\yolo_obb_640\images\train\ccpd2020_ccpd_green_302390625-92_101-234&458_506&547-506&547_254&534_234&458_495&464-19_1_3_27_25_31_31_31-95-306.jpg	D:\Yolo_LPR_RK3568_FPGA_Project\2_Model_Conversion_PC_Simulation\yolov8_obb\model\obb_quant_dataset_800\quant_0371.jpg	D:\Yolo_LPR_RK3568_FPGA_Project\1_PC_Training\datasets\yolo_obb_640\labels\train\ccpd2020_ccpd_green_302390625-92_101-234&458_506&547-506&547_254&534_234&458_495&464-19_1_3_27_25_31_31_31-95-306.txt	1	43.358511	1.316807	2	0-5
372	1	green	1	green	ccpd2020	ccpd_green	D:\Yolo_LPR_RK3568_FPGA_Project\1_PC_Training\datasets\CCPD2020\ccpd_green\train\3024516059027777776-90_92-217&447_503&534-503&534_218&534_217&447_501&451-0_0_3_27_27_26_28_32-133-19.jpg	D:\Yolo_LPR_RK3568_FPGA_Project\1_PC_Training\datasets\yolo_obb_640\images\train\ccpd2020_ccpd_green_3024516059027777776-90_92-217&447_503&534-503&534_218&534_217&447_501&451-0_0_3_27_27_26_28_32-133-19.jpg	D:\Yolo_LPR_RK3568_FPGA_Project\2_Model_Conversion_PC_Simulation\yolov8_obb\model\obb_quant_dataset_800\quant_0372.jpg	D:\Yolo_LPR_RK3568_FPGA_Project\1_PC_Training\datasets\yolo_obb_640\labels\train\ccpd2020_ccpd_green_3024516059027777776-90_92-217&447_503&534-503&534_218&534_217&447_501&451-0_0_3_27_27_26_28_32-133-19.txt	1	45.806575	0.000000	2	0-5
373	1	green	1	green	ccpd2020	ccpd_green	D:\Yolo_LPR_RK3568_FPGA_Project\1_PC_Training\datasets\CCPD2020\ccpd_green\train\3024646267361111113-90_94-269&433_546&523-542&519_269&523_274&433_546&441-0_0_3_24_30_32_24_33-139-49.jpg	D:\Yolo_LPR_RK3568_FPGA_Project\1_PC_Training\datasets\yolo_obb_640\images\train\ccpd2020_ccpd_green_3024646267361111113-90_94-269&433_546&523-542&519_269&523_274&433_546&441-0_0_3_24_30_32_24_33-139-49.jpg	D:\Yolo_LPR_RK3568_FPGA_Project\2_Model_Conversion_PC_Simulation\yolov8_obb\model\obb_quant_dataset_800\quant_0373.jpg	D:\Yolo_LPR_RK3568_FPGA_Project\1_PC_Training\datasets\yolo_obb_640\labels\train\ccpd2020_ccpd_green_3024646267361111113-90_94-269&433_546&523-542&519_269&523_274&433_546&441-0_0_3_24_30_32_24_33-139-49.txt	1	43.091418	0.839371	2	0-5
374	1	green	1	green	ccpd2020	ccpd_green	D:\Yolo_LPR_RK3568_FPGA_Project\1_PC_Training\datasets\CCPD2020\ccpd_green\train\3024791666666666667-88_268-235&443_507&535-507&530_239&535_235&454_499&443-0_0_3_24_25_25_30_24-88-29.jpg	D:\Yolo_LPR_RK3568_FPGA_Project\1_PC_Training\datasets\yolo_obb_640\images\train\ccpd2020_ccpd_green_3024791666666666667-88_268-235&443_507&535-507&530_239&535_235&454_499&443-0_0_3_24_25_25_30_24-88-29.jpg	D:\Yolo_LPR_RK3568_FPGA_Project\2_Model_Conversion_PC_Simulation\yolov8_obb\model\obb_quant_dataset_800\quant_0374.jpg	D:\Yolo_LPR_RK3568_FPGA_Project\1_PC_Training\datasets\yolo_obb_640\labels\train\ccpd2020_ccpd_green_3024791666666666667-88_268-235&443_507&535-507&530_239&535_235&454_499&443-0_0_3_24_25_25_30_24-88-29.txt	1	44.744367	1.068739	2	0-5
375	1	green	1	green	ccpd2020	ccpd_green	D:\Yolo_LPR_RK3568_FPGA_Project\1_PC_Training\datasets\CCPD2020\ccpd_green\train\3025234375-90_92-175&413_481&496-481&496_187&496_175&418_479&413-0_0_3_25_26_33_26_33-95-162.jpg	D:\Yolo_LPR_RK3568_FPGA_Project\1_PC_Training\datasets\yolo_obb_640\images\train\ccpd2020_ccpd_green_3025234375-90_92-175&413_481&496-481&496_187&496_175&418_479&413-0_0_3_25_26_33_26_33-95-162.jpg	D:\Yolo_LPR_RK3568_FPGA_Project\2_Model_Conversion_PC_Simulation\yolov8_obb\model\obb_quant_dataset_800\quant_0375.jpg	D:\Yolo_LPR_RK3568_FPGA_Project\1_PC_Training\datasets\yolo_obb_640\labels\train\ccpd2020_ccpd_green_3025234375-90_92-175&413_481&496-481&496_187&496_175&418_479&413-0_0_3_25_26_33_26_33-95-162.txt	1	43.540508	0.942424	2	0-5
376	1	green	1	green	ccpd2020	ccpd_green	D:\Yolo_LPR_RK3568_FPGA_Project\1_PC_Training\datasets\CCPD2020\ccpd_green\train\302528754340277778-90_267-203&407_498&493-498&490_212&493_203&409_495&407-0_0_3_24_33_32_30_26-113-121.jpg	D:\Yolo_LPR_RK3568_FPGA_Project\1_PC_Training\datasets\yolo_obb_640\images\train\ccpd2020_ccpd_green_302528754340277778-90_267-203&407_498&493-498&490_212&493_203&409_495&407-0_0_3_24_33_32_30_26-113-121.jpg	D:\Yolo_LPR_RK3568_FPGA_Project\2_Model_Conversion_PC_Simulation\yolov8_obb\model\obb_quant_dataset_800\quant_0376.jpg	D:\Yolo_LPR_RK3568_FPGA_Project\1_PC_Training\datasets\yolo_obb_640\labels\train\ccpd2020_ccpd_green_302528754340277778-90_267-203&407_498&493-498&490_212&493_203&409_495&407-0_0_3_24_33_32_30_26-113-121.txt	1	45.823188	0.392399	2	0-5
377	1	green	1	green	ccpd2020	ccpd_green	D:\Yolo_LPR_RK3568_FPGA_Project\1_PC_Training\datasets\CCPD2020\ccpd_green\train\3026630859375-90_96-200&424_503&513-496&513_206&508_200&424_503&432-0_0_3_24_27_26_33_24-95-64.jpg	D:\Yolo_LPR_RK3568_FPGA_Project\1_PC_Training\datasets\yolo_obb_640\images\train\ccpd2020_ccpd_green_3026630859375-90_96-200&424_503&513-496&513_206&508_200&424_503&432-0_0_3_24_27_26_33_24-95-64.jpg	D:\Yolo_LPR_RK3568_FPGA_Project\2_Model_Conversion_PC_Simulation\yolov8_obb\model\obb_quant_dataset_800\quant_0377.jpg	D:\Yolo_LPR_RK3568_FPGA_Project\1_PC_Training\datasets\yolo_obb_640\labels\train\ccpd2020_ccpd_green_3026630859375-90_96-200&424_503&513-496&513_206&508_200&424_503&432-0_0_3_24_27_26_33_24-95-64.txt	1	44.855843	1.512508	2	0-5
378	1	green	1	green	ccpd2020	ccpd_green	D:\Yolo_LPR_RK3568_FPGA_Project\1_PC_Training\datasets\CCPD2020\ccpd_green\train\3026904296875-90_92-193&456_478&551-476&550_193&551_204&459_478&456-10_2_3_24_33_31_30_27-127-36.jpg	D:\Yolo_LPR_RK3568_FPGA_Project\1_PC_Training\datasets\yolo_obb_640\images\train\ccpd2020_ccpd_green_3026904296875-90_92-193&456_478&551-476&550_193&551_204&459_478&456-10_2_3_24_33_31_30_27-127-36.jpg	D:\Yolo_LPR_RK3568_FPGA_Project\2_Model_Conversion_PC_Simulation\yolov8_obb\model\obb_quant_dataset_800\quant_0378.jpg	D:\Yolo_LPR_RK3568_FPGA_Project\1_PC_Training\datasets\yolo_obb_640\labels\train\ccpd2020_ccpd_green_3026904296875-90_92-193&456_478&551-476&550_193&551_204&459_478&456-10_2_3_24_33_31_30_27-127-36.txt	1	51.119896	0.202442	3	0-5
379	1	green	1	green	ccpd2020	ccpd_green	D:\Yolo_LPR_RK3568_FPGA_Project\1_PC_Training\datasets\CCPD2020\ccpd_green\train\3027039930555555557-88_95-210&445_490&542-487&531_218&542_210&457_490&445-0_0_3_24_31_25_27_25-110-121.jpg	D:\Yolo_LPR_RK3568_FPGA_Project\1_PC_Training\datasets\yolo_obb_640\images\train\ccpd2020_ccpd_green_3027039930555555557-88_95-210&445_490&542-487&531_218&542_210&457_490&445-0_0_3_24_31_25_27_25-110-121.jpg	D:\Yolo_LPR_RK3568_FPGA_Project\2_Model_Conversion_PC_Simulation\yolov8_obb\model\obb_quant_dataset_800\quant_0379.jpg	D:\Yolo_LPR_RK3568_FPGA_Project\1_PC_Training\datasets\yolo_obb_640\labels\train\ccpd2020_ccpd_green_3027039930555555557-88_95-210&445_490&542-487&531_218&542_210&457_490&445-0_0_3_24_31_25_27_25-110-121.txt	1	47.103248	2.454072	2	0-5
380	1	green	1	green	ccpd2020	ccpd_green	D:\Yolo_LPR_RK3568_FPGA_Project\1_PC_Training\datasets\CCPD2020\ccpd_green\train\30294921875-91_90-229&472_531&571-531&571_234&560_229&472_531&479-0_0_3_24_30_27_33_26-108-217.jpg	D:\Yolo_LPR_RK3568_FPGA_Project\1_PC_Training\datasets\yolo_obb_640\images\train\ccpd2020_ccpd_green_30294921875-91_90-229&472_531&571-531&571_234&560_229&472_531&479-0_0_3_24_30_27_33_26-108-217.jpg	D:\Yolo_LPR_RK3568_FPGA_Project\2_Model_Conversion_PC_Simulation\yolov8_obb\model\obb_quant_dataset_800\quant_0380.jpg	D:\Yolo_LPR_RK3568_FPGA_Project\1_PC_Training\datasets\yolo_obb_640\labels\train\ccpd2020_ccpd_green_30294921875-91_90-229&472_531&571-531&571_234&560_229&472_531&479-0_0_3_24_30_27_33_26-108-217.txt	1	48.629977	1.327705	3	0-5
381	1	green	1	green	ccpd2020	ccpd_green	D:\Yolo_LPR_RK3568_FPGA_Project\1_PC_Training\datasets\CCPD2020\ccpd_green\train\3029791666666666668-90_91-175&422_487&518-487&514_176&518_175&422_486&428-0_0_3_26_33_33_29_25-131-46.jpg	D:\Yolo_LPR_RK3568_FPGA_Project\1_PC_Training\datasets\yolo_obb_640\images\train\ccpd2020_ccpd_green_3029791666666666668-90_91-175&422_487&518-487&514_176&518_175&422_486&428-0_0_3_26_33_33_29_25-131-46.jpg	D:\Yolo_LPR_RK3568_FPGA_Project\2_Model_Conversion_PC_Simulation\yolov8_obb\model\obb_quant_dataset_800\quant_0381.jpg	D:\Yolo_LPR_RK3568_FPGA_Project\1_PC_Training\datasets\yolo_obb_640\labels\train\ccpd2020_ccpd_green_3029791666666666668-90_91-175&422_487&518-487&514_176&518_175&422_486&428-0_0_3_26_33_33_29_25-131-46.txt	1	47.450888	1.105374	2	0-5
382	1	green	1	green	ccpd2020	ccpd_green	D:\Yolo_LPR_RK3568_FPGA_Project\1_PC_Training\datasets\CCPD2020\ccpd_green\train\303017361111111111-89_260-219&462_535&559-535&559_234&554_219&469_528&462-0_0_3_24_33_32_24_25-66-40.jpg	D:\Yolo_LPR_RK3568_FPGA_Project\1_PC_Training\datasets\yolo_obb_640\images\train\ccpd2020_ccpd_green_303017361111111111-89_260-219&462_535&559-535&559_234&554_219&469_528&462-0_0_3_24_33_32_24_25-66-40.jpg	D:\Yolo_LPR_RK3568_FPGA_Project\2_Model_Conversion_PC_Simulation\yolov8_obb\model\obb_quant_dataset_800\quant_0382.jpg	D:\Yolo_LPR_RK3568_FPGA_Project\1_PC_Training\datasets\yolo_obb_640\labels\train\ccpd2020_ccpd_green_303017361111111111-89_260-219&462_535&559-535&559_234&554_219&469_528&462-0_0_3_24_33_32_24_25-66-40.txt	1	47.621240	1.297639	2	0-5
383	1	green	1	green	ccpd2020	ccpd_green	D:\Yolo_LPR_RK3568_FPGA_Project\1_PC_Training\datasets\CCPD2020\ccpd_green\train\303197916666666667-92_96-182&437_489&542-489&542_182&530_182&437_484&453-0_0_3_26_33_31_32_33-98-80.jpg	D:\Yolo_LPR_RK3568_FPGA_Project\1_PC_Training\datasets\yolo_obb_640\images\train\ccpd2020_ccpd_green_303197916666666667-92_96-182&437_489&542-489&542_182&530_182&437_484&453-0_0_3_26_33_31_32_33-98-80.jpg	D:\Yolo_LPR_RK3568_FPGA_Project\2_Model_Conversion_PC_Simulation\yolov8_obb\model\obb_quant_dataset_800\quant_0383.jpg	D:\Yolo_LPR_RK3568_FPGA_Project\1_PC_Training\datasets\yolo_obb_640\labels\train\ccpd2020_ccpd_green_303197916666666667-92_96-182&437_489&542-489&542_182&530_182&437_484&453-0_0_3_26_33_31_32_33-98-80.txt	1	49.180801	2.238255	3	0-5
384	1	green	1	green	ccpd2020	ccpd_green	D:\Yolo_LPR_RK3568_FPGA_Project\1_PC_Training\datasets\CCPD2020\ccpd_green\train\3031996527777777777-92_90-231&412_535&518-532&518_231&506_244&412_535&420-0_0_3_24_33_26_24_32-71-63.jpg	D:\Yolo_LPR_RK3568_FPGA_Project\1_PC_Training\datasets\yolo_obb_640\images\train\ccpd2020_ccpd_green_3031996527777777777-92_90-231&412_535&518-532&518_231&506_244&412_535&420-0_0_3_24_33_26_24_32-71-63.jpg	D:\Yolo_LPR_RK3568_FPGA_Project\2_Model_Conversion_PC_Simulation\yolov8_obb\model\obb_quant_dataset_800\quant_0384.jpg	D:\Yolo_LPR_RK3568_FPGA_Project\1_PC_Training\datasets\yolo_obb_640\labels\train\ccpd2020_ccpd_green_3031996527777777777-92_90-231&412_535&518-532&518_231&506_244&412_535&420-0_0_3_24_33_26_24_32-71-63.txt	1	52.356037	2.283044	3	0-5
385	1	green	1	green	ccpd2020	ccpd_green	D:\Yolo_LPR_RK3568_FPGA_Project\1_PC_Training\datasets\CCPD2020\ccpd_green\train\3032243923611111114-91_97-178&430_501&530-501&530_203&522_178&430_493&439-0_0_3_24_26_31_31_29-100-45.jpg	D:\Yolo_LPR_RK3568_FPGA_Project\1_PC_Training\datasets\yolo_obb_640\images\train\ccpd2020_ccpd_green_3032243923611111114-91_97-178&430_501&530-501&530_203&522_178&430_493&439-0_0_3_24_26_31_31_29-100-45.jpg	D:\Yolo_LPR_RK3568_FPGA_Project\2_Model_Conversion_PC_Simulation\yolov8_obb\model\obb_quant_dataset_800\quant_0385.jpg	D:\Yolo_LPR_RK3568_FPGA_Project\1_PC_Training\datasets\yolo_obb_640\labels\train\ccpd2020_ccpd_green_3032243923611111114-91_97-178&430_501&530-501&530_203&522_178&430_493&439-0_0_3_24_26_31_31_29-100-45.txt	1	50.400994	1.636446	3	0-5
386	1	green	1	green	ccpd2020	ccpd_green	D:\Yolo_LPR_RK3568_FPGA_Project\1_PC_Training\datasets\CCPD2020\ccpd_green\train\303493923611111111-90_97-183&437_533&538-523&535_187&538_183&437_533&441-0_0_3_24_25_29_25_26-89-116.jpg	D:\Yolo_LPR_RK3568_FPGA_Project\1_PC_Training\datasets\yolo_obb_640\images\train\ccpd2020_ccpd_green_303493923611111111-90_97-183&437_533&538-523&535_187&538_183&437_533&441-0_0_3_24_25_29_25_26-89-116.jpg	D:\Yolo_LPR_RK3568_FPGA_Project\2_Model_Conversion_PC_Simulation\yolov8_obb\model\obb_quant_dataset_800\quant_0386.jpg	D:\Yolo_LPR_RK3568_FPGA_Project\1_PC_Training\datasets\yolo_obb_640\labels\train\ccpd2020_ccpd_green_303493923611111111-90_97-183&437_533&538-523&535_187&538_183&437_533&441-0_0_3_24_25_29_25_26-89-116.txt	1	52.155047	0.654728	3	0-5
387	1	green	1	green	ccpd2020	ccpd_green	D:\Yolo_LPR_RK3568_FPGA_Project\1_PC_Training\datasets\CCPD2020\ccpd_green\train\3035208333333333335-89_90-111&435_423&549-423&538_111&549_113&442_423&435-0_0_3_27_24_32_32_30-156-203.jpg	D:\Yolo_LPR_RK3568_FPGA_Project\1_PC_Training\datasets\yolo_obb_640\images\train\ccpd2020_ccpd_green_3035208333333333335-89_90-111&435_423&549-423&538_111&549_113&442_423&435-0_0_3_27_24_32_32_30-156-203.jpg	D:\Yolo_LPR_RK3568_FPGA_Project\2_Model_Conversion_PC_Simulation\yolov8_obb\model\obb_quant_dataset_800\quant_0387.jpg	D:\Yolo_LPR_RK3568_FPGA_Project\1_PC_Training\datasets\yolo_obb_640\labels\train\ccpd2020_ccpd_green_3035208333333333335-89_90-111&435_423&549-423&538_111&549_113&442_423&435-0_0_3_27_24_32_32_30-156-203.txt	1	56.827520	2.019260	3	0-5
388	1	green	1	green	ccpd2020	ccpd_green	D:\Yolo_LPR_RK3568_FPGA_Project\1_PC_Training\datasets\CCPD2020\ccpd_green\train\303721788194444445-91_260-145&449_495&557-493&557_157&541_145&449_495&462-0_0_3_24_31_29_32_32-126-636.jpg	D:\Yolo_LPR_RK3568_FPGA_Project\1_PC_Training\datasets\yolo_obb_640\images\train\ccpd2020_ccpd_green_303721788194444445-91_260-145&449_495&557-493&557_157&541_145&449_495&462-0_0_3_24_31_29_32_32-126-636.jpg	D:\Yolo_LPR_RK3568_FPGA_Project\2_Model_Conversion_PC_Simulation\yolov8_obb\model\obb_quant_dataset_800\quant_0388.jpg	D:\Yolo_LPR_RK3568_FPGA_Project\1_PC_Training\datasets\yolo_obb_640\labels\train\ccpd2020_ccpd_green_303721788194444445-91_260-145&449_495&557-493&557_157&541_145&449_495&462-0_0_3_24_31_29_32_32-126-636.txt	1	51.188382	2.127171	3	0-5
389	1	green	1	green	ccpd2020	ccpd_green	D:\Yolo_LPR_RK3568_FPGA_Project\1_PC_Training\datasets\CCPD2020\ccpd_green\train\303727647569444444-90_106-172&501_558&598-558&597_205&598_172&509_533&501-0_0_3_25_24_24_32_26-131-55.jpg	D:\Yolo_LPR_RK3568_FPGA_Project\1_PC_Training\datasets\yolo_obb_640\images\train\ccpd2020_ccpd_green_303727647569444444-90_106-172&501_558&598-558&597_205&598_172&509_533&501-0_0_3_25_24_24_32_26-131-55.jpg	D:\Yolo_LPR_RK3568_FPGA_Project\2_Model_Conversion_PC_Simulation\yolov8_obb\model\obb_quant_dataset_800\quant_0389.jpg	D:\Yolo_LPR_RK3568_FPGA_Project\1_PC_Training\datasets\yolo_obb_640\labels\train\ccpd2020_ccpd_green_303727647569444444-90_106-172&501_558&598-558&597_205&598_172&509_533&501-0_0_3_25_24_24_32_26-131-55.txt	1	52.370089	1.269403	3	0-5
390	1	green	1	green	ccpd2020	ccpd_green	D:\Yolo_LPR_RK3568_FPGA_Project\1_PC_Training\datasets\CCPD2020\ccpd_green\train\3037705078125-91_102-158&491_587&580-572&580_174&569_158&491_587&504-10_2_3_24_30_31_30_30-91-256.jpg	D:\Yolo_LPR_RK3568_FPGA_Project\1_PC_Training\datasets\yolo_obb_640\images\train\ccpd2020_ccpd_green_3037705078125-91_102-158&491_587&580-572&580_174&569_158&491_587&504-10_2_3_24_30_31_30_30-91-256.jpg	D:\Yolo_LPR_RK3568_FPGA_Project\2_Model_Conversion_PC_Simulation\yolov8_obb\model\obb_quant_dataset_800\quant_0390.jpg	D:\Yolo_LPR_RK3568_FPGA_Project\1_PC_Training\datasets\yolo_obb_640\labels\train\ccpd2020_ccpd_green_3037705078125-91_102-158&491_587&580-572&580_174&569_158&491_587&504-10_2_3_24_30_31_30_30-91-256.txt	1	42.739829	1.735719	2	0-5
391	1	green	1	green	ccpd2020	ccpd_green	D:\Yolo_LPR_RK3568_FPGA_Project\1_PC_Training\datasets\CCPD2020\ccpd_green\train\3037734375-89_116-169&472_547&573-508&564_169&573_215&474_547&472-19_1_5_24_33_30_24_31-73-162.jpg	D:\Yolo_LPR_RK3568_FPGA_Project\1_PC_Training\datasets\yolo_obb_640\images\train\ccpd2020_ccpd_green_3037734375-89_116-169&472_547&573-508&564_169&573_215&474_547&472-19_1_5_24_33_30_24_31-73-162.jpg	D:\Yolo_LPR_RK3568_FPGA_Project\2_Model_Conversion_PC_Simulation\yolov8_obb\model\obb_quant_dataset_800\quant_0391.jpg	D:\Yolo_LPR_RK3568_FPGA_Project\1_PC_Training\datasets\yolo_obb_640\labels\train\ccpd2020_ccpd_green_3037734375-89_116-169&472_547&573-508&564_169&573_215&474_547&472-19_1_5_24_33_30_24_31-73-162.txt	1	55.130712	1.520842	3	0-5
392	1	green	1	green	ccpd2020	ccpd_green	D:\Yolo_LPR_RK3568_FPGA_Project\1_PC_Training\datasets\CCPD2020\ccpd_green\train\30386328125-90_99-187&446_574&547-560&544_190&547_187&446_574&447-0_0_3_28_28_33_31_33-105-134.jpg	D:\Yolo_LPR_RK3568_FPGA_Project\1_PC_Training\datasets\yolo_obb_640\images\train\ccpd2020_ccpd_green_30386328125-90_99-187&446_574&547-560&544_190&547_187&446_574&447-0_0_3_28_28_33_31_33-105-134.jpg	D:\Yolo_LPR_RK3568_FPGA_Project\2_Model_Conversion_PC_Simulation\yolov8_obb\model\obb_quant_dataset_800\quant_0392.jpg	D:\Yolo_LPR_RK3568_FPGA_Project\1_PC_Training\datasets\yolo_obb_640\labels\train\ccpd2020_ccpd_green_30386328125-90_99-187&446_574&547-560&544_190&547_187&446_574&447-0_0_3_28_28_33_31_33-105-134.txt	1	54.071952	0.148039	3	0-5
393	1	green	1	green	ccpd2020	ccpd_green	D:\Yolo_LPR_RK3568_FPGA_Project\1_PC_Training\datasets\CCPD2020\ccpd_green\train\3039603949652777776-89_96-220&443_543&566-535&559_220&566_225&443_543&455-0_0_3_24_30_27_29_26-96-157.jpg	D:\Yolo_LPR_RK3568_FPGA_Project\1_PC_Training\datasets\yolo_obb_640\images\train\ccpd2020_ccpd_green_3039603949652777776-89_96-220&443_543&566-535&559_220&566_225&443_543&455-0_0_3_24_30_27_29_26-96-157.jpg	D:\Yolo_LPR_RK3568_FPGA_Project\2_Model_Conversion_PC_Simulation\yolov8_obb\model\obb_quant_dataset_800\quant_0393.jpg	D:\Yolo_LPR_RK3568_FPGA_Project\1_PC_Training\datasets\yolo_obb_640\labels\train\ccpd2020_ccpd_green_3039603949652777776-89_96-220&443_543&566-535&559_220&566_225&443_543&455-0_0_3_24_30_27_29_26-96-157.txt	1	57.549346	2.160905	3	0-5
394	1	green	1	green	ccpd2020	ccpd_green	D:\Yolo_LPR_RK3568_FPGA_Project\1_PC_Training\datasets\CCPD2020\ccpd_green\train\3039853515625-90_264-140&472_511&581-511&581_149&577_140&472_503&478-0_0_3_26_30_30_26_33-120-44.jpg	D:\Yolo_LPR_RK3568_FPGA_Project\1_PC_Training\datasets\yolo_obb_640\images\train\ccpd2020_ccpd_green_3039853515625-90_264-140&472_511&581-511&581_149&577_140&472_503&478-0_0_3_26_30_30_26_33-120-44.jpg	D:\Yolo_LPR_RK3568_FPGA_Project\2_Model_Conversion_PC_Simulation\yolov8_obb\model\obb_quant_dataset_800\quant_0394.jpg	D:\Yolo_LPR_RK3568_FPGA_Project\1_PC_Training\datasets\yolo_obb_640\labels\train\ccpd2020_ccpd_green_3039853515625-90_264-140&472_511&581-511&581_149&577_140&472_503&478-0_0_3_26_30_30_26_33-120-44.txt	1	56.998668	0.946875	3	0-5
395	1	green	1	green	ccpd2020	ccpd_green	D:\Yolo_LPR_RK3568_FPGA_Project\1_PC_Training\datasets\CCPD2020\ccpd_green\train\3044100477430555556-90_93-117&472_536&578-536&578_141&576_117&472_531&473-0_0_3_24_32_29_30_25-87-189.jpg	D:\Yolo_LPR_RK3568_FPGA_Project\1_PC_Training\datasets\yolo_obb_640\images\train\ccpd2020_ccpd_green_3044100477430555556-90_93-117&472_536&578-536&578_141&576_117&472_531&473-0_0_3_24_32_29_30_25-87-189.jpg	D:\Yolo_LPR_RK3568_FPGA_Project\2_Model_Conversion_PC_Simulation\yolov8_obb\model\obb_quant_dataset_800\quant_0395.jpg	D:\Yolo_LPR_RK3568_FPGA_Project\1_PC_Training\datasets\yolo_obb_640\labels\train\ccpd2020_ccpd_green_3044100477430555556-90_93-117&472_536&578-536&578_141&576_117&472_531&473-0_0_3_24_32_29_30_25-87-189.txt	1	57.996516	0.138384	3	0-5
396	1	green	1	green	ccpd2020	ccpd_green	D:\Yolo_LPR_RK3568_FPGA_Project\1_PC_Training\datasets\CCPD2020\ccpd_green\train\304942708333333334-90_100-168&439_606&553-590&553_186&550_168&439_606&447-0_1_5_25_24_24_24_30-99-459.jpg	D:\Yolo_LPR_RK3568_FPGA_Project\1_PC_Training\datasets\yolo_obb_640\images\train\ccpd2020_ccpd_green_304942708333333334-90_100-168&439_606&553-590&553_186&550_168&439_606&447-0_1_5_25_24_24_24_30-99-459.jpg	D:\Yolo_LPR_RK3568_FPGA_Project\2_Model_Conversion_PC_Simulation\yolov8_obb\model\obb_quant_dataset_800\quant_0396.jpg	D:\Yolo_LPR_RK3568_FPGA_Project\1_PC_Training\datasets\yolo_obb_640\labels\train\ccpd2020_ccpd_green_304942708333333334-90_100-168&439_606&553-590&553_186&550_168&439_606&447-0_1_5_25_24_24_24_30-99-459.txt	1	59.145089	1.046449	3	0-5
397	1	green	1	green	ccpd2020	ccpd_green	D:\Yolo_LPR_RK3568_FPGA_Project\1_PC_Training\datasets\CCPD2020\ccpd_green\train\305301215277777778-88_90-142&442_536&577-536&562_142&577_146&448_534&442-0_0_3_24_29_31_33_27-117-212.jpg	D:\Yolo_LPR_RK3568_FPGA_Project\1_PC_Training\datasets\yolo_obb_640\images\train\ccpd2020_ccpd_green_305301215277777778-88_90-142&442_536&577-536&562_142&577_146&448_534&442-0_0_3_24_29_31_33_27-117-212.jpg	D:\Yolo_LPR_RK3568_FPGA_Project\2_Model_Conversion_PC_Simulation\yolov8_obb\model\obb_quant_dataset_800\quant_0397.jpg	D:\Yolo_LPR_RK3568_FPGA_Project\1_PC_Training\datasets\yolo_obb_640\labels\train\ccpd2020_ccpd_green_305301215277777778-88_90-142&442_536&577-536&562_142&577_146&448_534&442-0_0_3_24_29_31_33_27-117-212.txt	1	66.216550	2.180254	3	0-5
398	1	green	1	green	ccpd2020	ccpd_green	D:\Yolo_LPR_RK3568_FPGA_Project\1_PC_Training\datasets\CCPD2020\ccpd_green\train\3056901041666666666-89_99-147&464_607&588-593&577_157&588_147&464_607&464-0_0_3_24_26_28_27_33-63-180.jpg	D:\Yolo_LPR_RK3568_FPGA_Project\1_PC_Training\datasets\yolo_obb_640\images\train\ccpd2020_ccpd_green_3056901041666666666-89_99-147&464_607&588-593&577_157&588_147&464_607&464-0_0_3_24_26_28_27_33-63-180.jpg	D:\Yolo_LPR_RK3568_FPGA_Project\2_Model_Conversion_PC_Simulation\yolov8_obb\model\obb_quant_dataset_800\quant_0398.jpg	D:\Yolo_LPR_RK3568_FPGA_Project\1_PC_Training\datasets\yolo_obb_640\labels\train\ccpd2020_ccpd_green_3056901041666666666-89_99-147&464_607&588-593&577_157&588_147&464_607&464-0_0_3_24_26_28_27_33-63-180.txt	1	62.821650	0.000000	3	0-5
399	1	green	1	green	ccpd2020	ccpd_green	D:\Yolo_LPR_RK3568_FPGA_Project\1_PC_Training\datasets\CCPD2020\ccpd_green\train\3062060546875-91_97-129&494_594&629-578&629_129&617_136&494_594&503-0_0_3_25_24_32_24_32-85-59.jpg	D:\Yolo_LPR_RK3568_FPGA_Project\1_PC_Training\datasets\yolo_obb_640\images\train\ccpd2020_ccpd_green_3062060546875-91_97-129&494_594&629-578&629_129&617_136&494_594&503-0_0_3_25_24_32_24_32-85-59.jpg	D:\Yolo_LPR_RK3568_FPGA_Project\2_Model_Conversion_PC_Simulation\yolov8_obb\model\obb_quant_dataset_800\quant_0399.jpg	D:\Yolo_LPR_RK3568_FPGA_Project\1_PC_Training\datasets\yolo_obb_640\labels\train\ccpd2020_ccpd_green_3062060546875-91_97-129&494_594&629-578&629_129&617_136&494_594&503-0_0_3_25_24_32_24_32-85-59.txt	1	67.972202	1.125810	3	0-5
400	2	yellow_single	0,2	blue,yellow_single	crpd	CRPD_double	D:\Yolo_LPR_RK3568_FPGA_Project\1_PC_Training\datasets\CRPD\CRPD_double\train\images\1 (108).jpg	D:\Yolo_LPR_RK3568_FPGA_Project\1_PC_Training\datasets\yolo_obb_640\images\train\crpd_CRPD_double_train_1 (108)__r01.jpg	D:\Yolo_LPR_RK3568_FPGA_Project\2_Model_Conversion_PC_Simulation\yolov8_obb\model\obb_quant_dataset_800\quant_0400.jpg	D:\Yolo_LPR_RK3568_FPGA_Project\1_PC_Training\datasets\yolo_obb_640\labels\train\crpd_CRPD_double_train_1 (108)__r01.txt	2	20.049074	0.338996	3	0-5
401	2	yellow_single	0,2	blue,yellow_single	crpd	CRPD_double	D:\Yolo_LPR_RK3568_FPGA_Project\1_PC_Training\datasets\CRPD\CRPD_double\train\images\1 (228).jpg	D:\Yolo_LPR_RK3568_FPGA_Project\1_PC_Training\datasets\yolo_obb_640\images\train\crpd_CRPD_double_train_1 (228)__r01.jpg	D:\Yolo_LPR_RK3568_FPGA_Project\2_Model_Conversion_PC_Simulation\yolov8_obb\model\obb_quant_dataset_800\quant_0401.jpg	D:\Yolo_LPR_RK3568_FPGA_Project\1_PC_Training\datasets\yolo_obb_640\labels\train\crpd_CRPD_double_train_1 (228)__r01.txt	2	15.331988	0.861453	2	0-5
402	2	yellow_single	0,2	blue,yellow_single	crpd	CRPD_double	D:\Yolo_LPR_RK3568_FPGA_Project\1_PC_Training\datasets\CRPD\CRPD_double\train\images\1 (279).jpg	D:\Yolo_LPR_RK3568_FPGA_Project\1_PC_Training\datasets\yolo_obb_640\images\train\crpd_CRPD_double_train_1 (279)__r01.jpg	D:\Yolo_LPR_RK3568_FPGA_Project\2_Model_Conversion_PC_Simulation\yolov8_obb\model\obb_quant_dataset_800\quant_0402.jpg	D:\Yolo_LPR_RK3568_FPGA_Project\1_PC_Training\datasets\yolo_obb_640\labels\train\crpd_CRPD_double_train_1 (279)__r01.txt	2	15.729502	0.842461	2	0-5
403	2	yellow_single	0,2	blue,yellow_single	crpd	CRPD_double	D:\Yolo_LPR_RK3568_FPGA_Project\1_PC_Training\datasets\CRPD\CRPD_double\train\images\1 (357).jpg	D:\Yolo_LPR_RK3568_FPGA_Project\1_PC_Training\datasets\yolo_obb_640\images\train\crpd_CRPD_double_train_1 (357)__r01.jpg	D:\Yolo_LPR_RK3568_FPGA_Project\2_Model_Conversion_PC_Simulation\yolov8_obb\model\obb_quant_dataset_800\quant_0403.jpg	D:\Yolo_LPR_RK3568_FPGA_Project\1_PC_Training\datasets\yolo_obb_640\labels\train\crpd_CRPD_double_train_1 (357)__r01.txt	2	19.262893	1.316820	3	0-5
404	2	yellow_single	0,2	blue,yellow_single	crpd	CRPD_double	D:\Yolo_LPR_RK3568_FPGA_Project\1_PC_Training\datasets\CRPD\CRPD_double\train\images\1 (432).jpg	D:\Yolo_LPR_RK3568_FPGA_Project\1_PC_Training\datasets\yolo_obb_640\images\train\crpd_CRPD_double_train_1 (432)__r01.jpg	D:\Yolo_LPR_RK3568_FPGA_Project\2_Model_Conversion_PC_Simulation\yolov8_obb\model\obb_quant_dataset_800\quant_0404.jpg	D:\Yolo_LPR_RK3568_FPGA_Project\1_PC_Training\datasets\yolo_obb_640\labels\train\crpd_CRPD_double_train_1 (432)__r01.txt	2	14.938897	1.292074	2	0-5
405	2	yellow_single	0,2	blue,yellow_single	crpd	CRPD_double	D:\Yolo_LPR_RK3568_FPGA_Project\1_PC_Training\datasets\CRPD\CRPD_double\train\images\1 (464).jpg	D:\Yolo_LPR_RK3568_FPGA_Project\1_PC_Training\datasets\yolo_obb_640\images\train\crpd_CRPD_double_train_1 (464)__r01.jpg	D:\Yolo_LPR_RK3568_FPGA_Project\2_Model_Conversion_PC_Simulation\yolov8_obb\model\obb_quant_dataset_800\quant_0405.jpg	D:\Yolo_LPR_RK3568_FPGA_Project\1_PC_Training\datasets\yolo_obb_640\labels\train\crpd_CRPD_double_train_1 (464)__r01.txt	2	18.873894	0.000000	3	0-5
406	2	yellow_single	0,2	blue,yellow_single	crpd	CRPD_double	D:\Yolo_LPR_RK3568_FPGA_Project\1_PC_Training\datasets\CRPD\CRPD_double\train\images\1 (478).jpg	D:\Yolo_LPR_RK3568_FPGA_Project\1_PC_Training\datasets\yolo_obb_640\images\train\crpd_CRPD_double_train_1 (478)__r01.jpg	D:\Yolo_LPR_RK3568_FPGA_Project\2_Model_Conversion_PC_Simulation\yolov8_obb\model\obb_quant_dataset_800\quant_0406.jpg	D:\Yolo_LPR_RK3568_FPGA_Project\1_PC_Training\datasets\yolo_obb_640\labels\train\crpd_CRPD_double_train_1 (478)__r01.txt	2	13.759140	0.481428	2	0-5
407	2	yellow_single	2	yellow_single	crpd	CRPD_double	D:\Yolo_LPR_RK3568_FPGA_Project\1_PC_Training\datasets\CRPD\CRPD_double\train\images\1 (559).jpg	D:\Yolo_LPR_RK3568_FPGA_Project\1_PC_Training\datasets\yolo_obb_640\images\train\crpd_CRPD_double_train_1 (559)__r01.jpg	D:\Yolo_LPR_RK3568_FPGA_Project\2_Model_Conversion_PC_Simulation\yolov8_obb\model\obb_quant_dataset_800\quant_0407.jpg	D:\Yolo_LPR_RK3568_FPGA_Project\1_PC_Training\datasets\yolo_obb_640\labels\train\crpd_CRPD_double_train_1 (559)__r01.txt	1	14.938411	0.875149	2	0-5
408	2	yellow_single	0,2	blue,yellow_single	crpd	CRPD_double	D:\Yolo_LPR_RK3568_FPGA_Project\1_PC_Training\datasets\CRPD\CRPD_double\train\images\1 (59).jpg	D:\Yolo_LPR_RK3568_FPGA_Project\1_PC_Training\datasets\yolo_obb_640\images\train\crpd_CRPD_double_train_1 (59)__r01.jpg	D:\Yolo_LPR_RK3568_FPGA_Project\2_Model_Conversion_PC_Simulation\yolov8_obb\model\obb_quant_dataset_800\quant_0408.jpg	D:\Yolo_LPR_RK3568_FPGA_Project\1_PC_Training\datasets\yolo_obb_640\labels\train\crpd_CRPD_double_train_1 (59)__r01.txt	2	17.315315	1.380257	3	0-5
409	2	yellow_single	0,2	blue,yellow_single	crpd	CRPD_double	D:\Yolo_LPR_RK3568_FPGA_Project\1_PC_Training\datasets\CRPD\CRPD_double\train\images\1 (626).jpg	D:\Yolo_LPR_RK3568_FPGA_Project\1_PC_Training\datasets\yolo_obb_640\images\train\crpd_CRPD_double_train_1 (626)__r01.jpg	D:\Yolo_LPR_RK3568_FPGA_Project\2_Model_Conversion_PC_Simulation\yolov8_obb\model\obb_quant_dataset_800\quant_0409.jpg	D:\Yolo_LPR_RK3568_FPGA_Project\1_PC_Training\datasets\yolo_obb_640\labels\train\crpd_CRPD_double_train_1 (626)__r01.txt	2	16.117683	1.548042	2	0-5
410	2	yellow_single	0,2	blue,yellow_single	crpd	CRPD_double	D:\Yolo_LPR_RK3568_FPGA_Project\1_PC_Training\datasets\CRPD\CRPD_double\train\images\1 (671).jpg	D:\Yolo_LPR_RK3568_FPGA_Project\1_PC_Training\datasets\yolo_obb_640\images\train\crpd_CRPD_double_train_1 (671)__r01.jpg	D:\Yolo_LPR_RK3568_FPGA_Project\2_Model_Conversion_PC_Simulation\yolov8_obb\model\obb_quant_dataset_800\quant_0410.jpg	D:\Yolo_LPR_RK3568_FPGA_Project\1_PC_Training\datasets\yolo_obb_640\labels\train\crpd_CRPD_double_train_1 (671)__r01.txt	2	14.152230	2.137266	2	0-5
411	2	yellow_single	0,2	blue,yellow_single	crpd	CRPD_double	D:\Yolo_LPR_RK3568_FPGA_Project\1_PC_Training\datasets\CRPD\CRPD_double\train\images\1 (687).jpg	D:\Yolo_LPR_RK3568_FPGA_Project\1_PC_Training\datasets\yolo_obb_640\images\train\crpd_CRPD_double_train_1 (687)__r01.jpg	D:\Yolo_LPR_RK3568_FPGA_Project\2_Model_Conversion_PC_Simulation\yolov8_obb\model\obb_quant_dataset_800\quant_0411.jpg	D:\Yolo_LPR_RK3568_FPGA_Project\1_PC_Training\datasets\yolo_obb_640\labels\train\crpd_CRPD_double_train_1 (687)__r01.txt	2	18.083621	0.690222	3	0-5
412	2	yellow_single	0,2	blue,yellow_single	crpd	CRPD_double	D:\Yolo_LPR_RK3568_FPGA_Project\1_PC_Training\datasets\CRPD\CRPD_double\train\images\1 (711).jpg	D:\Yolo_LPR_RK3568_FPGA_Project\1_PC_Training\datasets\yolo_obb_640\images\train\crpd_CRPD_double_train_1 (711)__r01.jpg	D:\Yolo_LPR_RK3568_FPGA_Project\2_Model_Conversion_PC_Simulation\yolov8_obb\model\obb_quant_dataset_800\quant_0412.jpg	D:\Yolo_LPR_RK3568_FPGA_Project\1_PC_Training\datasets\yolo_obb_640\labels\train\crpd_CRPD_double_train_1 (711)__r01.txt	2	16.510773	0.000000	3	0-5
413	2	yellow_single	0,2	blue,yellow_single	crpd	CRPD_double	D:\Yolo_LPR_RK3568_FPGA_Project\1_PC_Training\datasets\CRPD\CRPD_double\train\images\1 (738).jpg	D:\Yolo_LPR_RK3568_FPGA_Project\1_PC_Training\datasets\yolo_obb_640\images\train\crpd_CRPD_double_train_1 (738)__r01.jpg	D:\Yolo_LPR_RK3568_FPGA_Project\2_Model_Conversion_PC_Simulation\yolov8_obb\model\obb_quant_dataset_800\quant_0413.jpg	D:\Yolo_LPR_RK3568_FPGA_Project\1_PC_Training\datasets\yolo_obb_640\labels\train\crpd_CRPD_double_train_1 (738)__r01.txt	2	18.083621	0.351476	3	0-5
414	2	yellow_single	0,2	blue,yellow_single	crpd	CRPD_double	D:\Yolo_LPR_RK3568_FPGA_Project\1_PC_Training\datasets\CRPD\CRPD_double\train\images\35_0001.jpg	D:\Yolo_LPR_RK3568_FPGA_Project\1_PC_Training\datasets\yolo_obb_640\images\train\crpd_CRPD_double_train_35_0001__r01.jpg	D:\Yolo_LPR_RK3568_FPGA_Project\2_Model_Conversion_PC_Simulation\yolov8_obb\model\obb_quant_dataset_800\quant_0414.jpg	D:\Yolo_LPR_RK3568_FPGA_Project\1_PC_Training\datasets\yolo_obb_640\labels\train\crpd_CRPD_double_train_35_0001__r01.txt	2	7.781958	9.582955	0	5-15
415	2	yellow_single	0,2	blue,yellow_single	crpd	CRPD_double	D:\Yolo_LPR_RK3568_FPGA_Project\1_PC_Training\datasets\CRPD\CRPD_double\train\images\36_0255.jpg	D:\Yolo_LPR_RK3568_FPGA_Project\1_PC_Training\datasets\yolo_obb_640\images\train\crpd_CRPD_double_train_36_0255__r01.jpg	D:\Yolo_LPR_RK3568_FPGA_Project\2_Model_Conversion_PC_Simulation\yolov8_obb\model\obb_quant_dataset_800\quant_0415.jpg	D:\Yolo_LPR_RK3568_FPGA_Project\1_PC_Training\datasets\yolo_obb_640\labels\train\crpd_CRPD_double_train_36_0255__r01.txt	2	19.200000	0.406184	3	0-5
416	2	yellow_single	0,2	blue,yellow_single	crpd	CRPD_double	D:\Yolo_LPR_RK3568_FPGA_Project\1_PC_Training\datasets\CRPD\CRPD_double\train\images\36_0392.jpg	D:\Yolo_LPR_RK3568_FPGA_Project\1_PC_Training\datasets\yolo_obb_640\images\train\crpd_CRPD_double_train_36_0392__r01.jpg	D:\Yolo_LPR_RK3568_FPGA_Project\2_Model_Conversion_PC_Simulation\yolov8_obb\model\obb_quant_dataset_800\quant_0416.jpg	D:\Yolo_LPR_RK3568_FPGA_Project\1_PC_Training\datasets\yolo_obb_640\labels\train\crpd_CRPD_double_train_36_0392__r01.txt	2	16.800000	1.273030	3	0-5
417	2	yellow_single	0,2	blue,yellow_single	crpd	CRPD_double	D:\Yolo_LPR_RK3568_FPGA_Project\1_PC_Training\datasets\CRPD\CRPD_double\train\images\39_0382.jpg	D:\Yolo_LPR_RK3568_FPGA_Project\1_PC_Training\datasets\yolo_obb_640\images\train\crpd_CRPD_double_train_39_0382__r01.jpg	D:\Yolo_LPR_RK3568_FPGA_Project\2_Model_Conversion_PC_Simulation\yolov8_obb\model\obb_quant_dataset_800\quant_0417.jpg	D:\Yolo_LPR_RK3568_FPGA_Project\1_PC_Training\datasets\yolo_obb_640\labels\train\crpd_CRPD_double_train_39_0382__r01.txt	2	9.024673	5.586983	0	5-15
418	2	yellow_single	0,2	blue,yellow_single	crpd	CRPD_double	D:\Yolo_LPR_RK3568_FPGA_Project\1_PC_Training\datasets\CRPD\CRPD_double\train\images\39_0404.jpg	D:\Yolo_LPR_RK3568_FPGA_Project\1_PC_Training\datasets\yolo_obb_640\images\train\crpd_CRPD_double_train_39_0404__r01.jpg	D:\Yolo_LPR_RK3568_FPGA_Project\2_Model_Conversion_PC_Simulation\yolov8_obb\model\obb_quant_dataset_800\quant_0418.jpg	D:\Yolo_LPR_RK3568_FPGA_Project\1_PC_Training\datasets\yolo_obb_640\labels\train\crpd_CRPD_double_train_39_0404__r01.txt	2	10.333440	4.666572	0	0-5
419	2	yellow_single	0,2	blue,yellow_single	crpd	CRPD_double	D:\Yolo_LPR_RK3568_FPGA_Project\1_PC_Training\datasets\CRPD\CRPD_double\train\images\39_0450.jpg	D:\Yolo_LPR_RK3568_FPGA_Project\1_PC_Training\datasets\yolo_obb_640\images\train\crpd_CRPD_double_train_39_0450__r01.jpg	D:\Yolo_LPR_RK3568_FPGA_Project\2_Model_Conversion_PC_Simulation\yolov8_obb\model\obb_quant_dataset_800\quant_0419.jpg	D:\Yolo_LPR_RK3568_FPGA_Project\1_PC_Training\datasets\yolo_obb_640\labels\train\crpd_CRPD_double_train_39_0450__r01.txt	2	11.999880	1.958240	0	0-5
420	2	yellow_single	2	yellow_single	crpd	CRPD_double	D:\Yolo_LPR_RK3568_FPGA_Project\1_PC_Training\datasets\CRPD\CRPD_double\train\images\39_0523.jpg	D:\Yolo_LPR_RK3568_FPGA_Project\1_PC_Training\datasets\yolo_obb_640\images\train\crpd_CRPD_double_train_39_0523__r01.jpg	D:\Yolo_LPR_RK3568_FPGA_Project\2_Model_Conversion_PC_Simulation\yolov8_obb\model\obb_quant_dataset_800\quant_0420.jpg	D:\Yolo_LPR_RK3568_FPGA_Project\1_PC_Training\datasets\yolo_obb_640\labels\train\crpd_CRPD_double_train_39_0523__r01.txt	2	8.333280	0.590714	0	0-5
421	2	yellow_single	0,2	blue,yellow_single	crpd	CRPD_double	D:\Yolo_LPR_RK3568_FPGA_Project\1_PC_Training\datasets\CRPD\CRPD_double\train\images\39_0543.jpg	D:\Yolo_LPR_RK3568_FPGA_Project\1_PC_Training\datasets\yolo_obb_640\images\train\crpd_CRPD_double_train_39_0543__r01.jpg	D:\Yolo_LPR_RK3568_FPGA_Project\2_Model_Conversion_PC_Simulation\yolov8_obb\model\obb_quant_dataset_800\quant_0421.jpg	D:\Yolo_LPR_RK3568_FPGA_Project\1_PC_Training\datasets\yolo_obb_640\labels\train\crpd_CRPD_double_train_39_0543__r01.txt	2	10.000080	2.632674	0	0-5
422	2	yellow_single	0,2	blue,yellow_single	crpd	CRPD_double	D:\Yolo_LPR_RK3568_FPGA_Project\1_PC_Training\datasets\CRPD\CRPD_double\train\images\40_0454.jpg	D:\Yolo_LPR_RK3568_FPGA_Project\1_PC_Training\datasets\yolo_obb_640\images\train\crpd_CRPD_double_train_40_0454__r01.jpg	D:\Yolo_LPR_RK3568_FPGA_Project\2_Model_Conversion_PC_Simulation\yolov8_obb\model\obb_quant_dataset_800\quant_0422.jpg	D:\Yolo_LPR_RK3568_FPGA_Project\1_PC_Training\datasets\yolo_obb_640\labels\train\crpd_CRPD_double_train_40_0454__r01.txt	2	8.666640	0.698739	0	0-5
423	2	yellow_single	0,2	blue,yellow_single	crpd	CRPD_double	D:\Yolo_LPR_RK3568_FPGA_Project\1_PC_Training\datasets\CRPD\CRPD_double\train\images\44_1596.jpg	D:\Yolo_LPR_RK3568_FPGA_Project\1_PC_Training\datasets\yolo_obb_640\images\train\crpd_CRPD_double_train_44_1596__r01.jpg	D:\Yolo_LPR_RK3568_FPGA_Project\2_Model_Conversion_PC_Simulation\yolov8_obb\model\obb_quant_dataset_800\quant_0423.jpg	D:\Yolo_LPR_RK3568_FPGA_Project\1_PC_Training\datasets\yolo_obb_640\labels\train\crpd_CRPD_double_train_44_1596__r01.txt	2	15.003826	0.806998	2	0-5
424	2	yellow_single	0,2	blue,yellow_single	crpd	CRPD_double	D:\Yolo_LPR_RK3568_FPGA_Project\1_PC_Training\datasets\CRPD\CRPD_double\train\images\45_0332.jpg	D:\Yolo_LPR_RK3568_FPGA_Project\1_PC_Training\datasets\yolo_obb_640\images\train\crpd_CRPD_double_train_45_0332__r01.jpg	D:\Yolo_LPR_RK3568_FPGA_Project\2_Model_Conversion_PC_Simulation\yolov8_obb\model\obb_quant_dataset_800\quant_0424.jpg	D:\Yolo_LPR_RK3568_FPGA_Project\1_PC_Training\datasets\yolo_obb_640\labels\train\crpd_CRPD_double_train_45_0332__r01.txt	2	16.031080	6.340287	2	5-15
425	2	yellow_single	0,2	blue,yellow_single	crpd	CRPD_double	D:\Yolo_LPR_RK3568_FPGA_Project\1_PC_Training\datasets\CRPD\CRPD_double\train\images\45_0500.jpg	D:\Yolo_LPR_RK3568_FPGA_Project\1_PC_Training\datasets\yolo_obb_640\images\train\crpd_CRPD_double_train_45_0500__r01.jpg	D:\Yolo_LPR_RK3568_FPGA_Project\2_Model_Conversion_PC_Simulation\yolov8_obb\model\obb_quant_dataset_800\quant_0425.jpg	D:\Yolo_LPR_RK3568_FPGA_Project\1_PC_Training\datasets\yolo_obb_640\labels\train\crpd_CRPD_double_train_45_0500__r01.txt	2	17.081772	0.440759	3	0-5
426	2	yellow_single	0,2	blue,yellow_single	crpd	CRPD_double	D:\Yolo_LPR_RK3568_FPGA_Project\1_PC_Training\datasets\CRPD\CRPD_double\train\images\45_0616.jpg	D:\Yolo_LPR_RK3568_FPGA_Project\1_PC_Training\datasets\yolo_obb_640\images\train\crpd_CRPD_double_train_45_0616__r01.jpg	D:\Yolo_LPR_RK3568_FPGA_Project\2_Model_Conversion_PC_Simulation\yolov8_obb\model\obb_quant_dataset_800\quant_0426.jpg	D:\Yolo_LPR_RK3568_FPGA_Project\1_PC_Training\datasets\yolo_obb_640\labels\train\crpd_CRPD_double_train_45_0616__r01.txt	2	13.004236	0.000000	1	0-5
427	2	yellow_single	0,2	blue,yellow_single	crpd	CRPD_double	D:\Yolo_LPR_RK3568_FPGA_Project\1_PC_Training\datasets\CRPD\CRPD_double\train\images\45_0759.jpg	D:\Yolo_LPR_RK3568_FPGA_Project\1_PC_Training\datasets\yolo_obb_640\images\train\crpd_CRPD_double_train_45_0759__r01.jpg	D:\Yolo_LPR_RK3568_FPGA_Project\2_Model_Conversion_PC_Simulation\yolov8_obb\model\obb_quant_dataset_800\quant_0427.jpg	D:\Yolo_LPR_RK3568_FPGA_Project\1_PC_Training\datasets\yolo_obb_640\labels\train\crpd_CRPD_double_train_45_0759__r01.txt	2	14.560258	6.030084	2	5-15
428	2	yellow_single	0,2	blue,yellow_single	crpd	CRPD_double	D:\Yolo_LPR_RK3568_FPGA_Project\1_PC_Training\datasets\CRPD\CRPD_double\train\images\45_0840.jpg	D:\Yolo_LPR_RK3568_FPGA_Project\1_PC_Training\datasets\yolo_obb_640\images\train\crpd_CRPD_double_train_45_0840__r01.jpg	D:\Yolo_LPR_RK3568_FPGA_Project\2_Model_Conversion_PC_Simulation\yolov8_obb\model\obb_quant_dataset_800\quant_0428.jpg	D:\Yolo_LPR_RK3568_FPGA_Project\1_PC_Training\datasets\yolo_obb_640\labels\train\crpd_CRPD_double_train_45_0840__r01.txt	2	14.004010	0.444177	2	0-5
429	2	yellow_single	0,2	blue,yellow_single	crpd	CRPD_double	D:\Yolo_LPR_RK3568_FPGA_Project\1_PC_Training\datasets\CRPD\CRPD_double\train\images\45_1101.jpg	D:\Yolo_LPR_RK3568_FPGA_Project\1_PC_Training\datasets\yolo_obb_640\images\train\crpd_CRPD_double_train_45_1101__r01.jpg	D:\Yolo_LPR_RK3568_FPGA_Project\2_Model_Conversion_PC_Simulation\yolov8_obb\model\obb_quant_dataset_800\quant_0429.jpg	D:\Yolo_LPR_RK3568_FPGA_Project\1_PC_Training\datasets\yolo_obb_640\labels\train\crpd_CRPD_double_train_45_1101__r01.txt	2	16.669895	7.684107	3	5-15
430	2	yellow_single	0,2	blue,yellow_single	crpd	CRPD_double	D:\Yolo_LPR_RK3568_FPGA_Project\1_PC_Training\datasets\CRPD\CRPD_double\train\images\45_1170.jpg	D:\Yolo_LPR_RK3568_FPGA_Project\1_PC_Training\datasets\yolo_obb_640\images\train\crpd_CRPD_double_train_45_1170__r01.jpg	D:\Yolo_LPR_RK3568_FPGA_Project\2_Model_Conversion_PC_Simulation\yolov8_obb\model\obb_quant_dataset_800\quant_0430.jpg	D:\Yolo_LPR_RK3568_FPGA_Project\1_PC_Training\datasets\yolo_obb_640\labels\train\crpd_CRPD_double_train_45_1170__r01.txt	2	13.370791	6.132188	1	5-15
431	2	yellow_single	0,2	blue,yellow_single	crpd	CRPD_double	D:\Yolo_LPR_RK3568_FPGA_Project\1_PC_Training\datasets\CRPD\CRPD_double\train\images\45_1196.jpg	D:\Yolo_LPR_RK3568_FPGA_Project\1_PC_Training\datasets\yolo_obb_640\images\train\crpd_CRPD_double_train_45_1196__r01.jpg	D:\Yolo_LPR_RK3568_FPGA_Project\2_Model_Conversion_PC_Simulation\yolov8_obb\model\obb_quant_dataset_800\quant_0431.jpg	D:\Yolo_LPR_RK3568_FPGA_Project\1_PC_Training\datasets\yolo_obb_640\labels\train\crpd_CRPD_double_train_45_1196__r01.txt	2	8.570071	5.599680	0	5-15
432	2	yellow_single	2	yellow_single	crpd	CRPD_double	D:\Yolo_LPR_RK3568_FPGA_Project\1_PC_Training\datasets\CRPD\CRPD_double\train\images\45_1200.jpg	D:\Yolo_LPR_RK3568_FPGA_Project\1_PC_Training\datasets\yolo_obb_640\images\train\crpd_CRPD_double_train_45_1200__r01.jpg	D:\Yolo_LPR_RK3568_FPGA_Project\2_Model_Conversion_PC_Simulation\yolov8_obb\model\obb_quant_dataset_800\quant_0432.jpg	D:\Yolo_LPR_RK3568_FPGA_Project\1_PC_Training\datasets\yolo_obb_640\labels\train\crpd_CRPD_double_train_45_1200__r01.txt	2	13.004236	8.383300	1	5-15
433	2	yellow_single	0,2	blue,yellow_single	crpd	CRPD_double	D:\Yolo_LPR_RK3568_FPGA_Project\1_PC_Training\datasets\CRPD\CRPD_double\train\images\45_1231.jpg	D:\Yolo_LPR_RK3568_FPGA_Project\1_PC_Training\datasets\yolo_obb_640\images\train\crpd_CRPD_double_train_45_1231__r01.jpg	D:\Yolo_LPR_RK3568_FPGA_Project\2_Model_Conversion_PC_Simulation\yolov8_obb\model\obb_quant_dataset_800\quant_0433.jpg	D:\Yolo_LPR_RK3568_FPGA_Project\1_PC_Training\datasets\yolo_obb_640\labels\train\crpd_CRPD_double_train_45_1231__r01.txt	2	16.418004	0.000000	3	0-5
434	2	yellow_single	0,2	blue,yellow_single	crpd	CRPD_double	D:\Yolo_LPR_RK3568_FPGA_Project\1_PC_Training\datasets\CRPD\CRPD_double\train\images\45_1271.jpg	D:\Yolo_LPR_RK3568_FPGA_Project\1_PC_Training\datasets\yolo_obb_640\images\train\crpd_CRPD_double_train_45_1271__r01.jpg	D:\Yolo_LPR_RK3568_FPGA_Project\2_Model_Conversion_PC_Simulation\yolov8_obb\model\obb_quant_dataset_800\quant_0434.jpg	D:\Yolo_LPR_RK3568_FPGA_Project\1_PC_Training\datasets\yolo_obb_640\labels\train\crpd_CRPD_double_train_45_1271__r01.txt	2	22.645088	6.772019	3	5-15
435	2	yellow_single	0,2	blue,yellow_single	crpd	CRPD_double	D:\Yolo_LPR_RK3568_FPGA_Project\1_PC_Training\datasets\CRPD\CRPD_double\train\images\49_0024.jpg	D:\Yolo_LPR_RK3568_FPGA_Project\1_PC_Training\datasets\yolo_obb_640\images\train\crpd_CRPD_double_train_49_0024__r01.jpg	D:\Yolo_LPR_RK3568_FPGA_Project\2_Model_Conversion_PC_Simulation\yolov8_obb\model\obb_quant_dataset_800\quant_0435.jpg	D:\Yolo_LPR_RK3568_FPGA_Project\1_PC_Training\datasets\yolo_obb_640\labels\train\crpd_CRPD_double_train_49_0024__r01.txt	2	12.999960	0.511600	1	0-5
436	2	yellow_single	0,2	blue,yellow_single	crpd	CRPD_double	D:\Yolo_LPR_RK3568_FPGA_Project\1_PC_Training\datasets\CRPD\CRPD_double\train\images\49_0060.jpg	D:\Yolo_LPR_RK3568_FPGA_Project\1_PC_Training\datasets\yolo_obb_640\images\train\crpd_CRPD_double_train_49_0060__r01.jpg	D:\Yolo_LPR_RK3568_FPGA_Project\2_Model_Conversion_PC_Simulation\yolov8_obb\model\obb_quant_dataset_800\quant_0436.jpg	D:\Yolo_LPR_RK3568_FPGA_Project\1_PC_Training\datasets\yolo_obb_640\labels\train\crpd_CRPD_double_train_49_0060__r01.txt	2	9.428177	5.253458	0	5-15
437	2	yellow_single	0,2	blue,yellow_single	crpd	CRPD_double	D:\Yolo_LPR_RK3568_FPGA_Project\1_PC_Training\datasets\CRPD\CRPD_double\train\images\49_0077.jpg	D:\Yolo_LPR_RK3568_FPGA_Project\1_PC_Training\datasets\yolo_obb_640\images\train\crpd_CRPD_double_train_49_0077__r01.jpg	D:\Yolo_LPR_RK3568_FPGA_Project\2_Model_Conversion_PC_Simulation\yolov8_obb\model\obb_quant_dataset_800\quant_0437.jpg	D:\Yolo_LPR_RK3568_FPGA_Project\1_PC_Training\datasets\yolo_obb_640\labels\train\crpd_CRPD_double_train_49_0077__r01.txt	2	17.029647	1.016703	3	0-5
438	2	yellow_single	0,2	blue,yellow_single	crpd	CRPD_double	D:\Yolo_LPR_RK3568_FPGA_Project\1_PC_Training\datasets\CRPD\CRPD_double\train\images\49_1338.jpg	D:\Yolo_LPR_RK3568_FPGA_Project\1_PC_Training\datasets\yolo_obb_640\images\train\crpd_CRPD_double_train_49_1338__r01.jpg	D:\Yolo_LPR_RK3568_FPGA_Project\2_Model_Conversion_PC_Simulation\yolov8_obb\model\obb_quant_dataset_800\quant_0438.jpg	D:\Yolo_LPR_RK3568_FPGA_Project\1_PC_Training\datasets\yolo_obb_640\labels\train\crpd_CRPD_double_train_49_1338__r01.txt	2	12.824656	0.000000	1	0-5
439	2	yellow_single	0,2	blue,yellow_single	crpd	CRPD_double	D:\Yolo_LPR_RK3568_FPGA_Project\1_PC_Training\datasets\CRPD\CRPD_double\train\images\49_1349.jpg	D:\Yolo_LPR_RK3568_FPGA_Project\1_PC_Training\datasets\yolo_obb_640\images\train\crpd_CRPD_double_train_49_1349__r01.jpg	D:\Yolo_LPR_RK3568_FPGA_Project\2_Model_Conversion_PC_Simulation\yolov8_obb\model\obb_quant_dataset_800\quant_0439.jpg	D:\Yolo_LPR_RK3568_FPGA_Project\1_PC_Training\datasets\yolo_obb_640\labels\train\crpd_CRPD_double_train_49_1349__r01.txt	2	8.089658	1.612894	0	0-5
440	2	yellow_single	0,2	blue,yellow_single	crpd	CRPD_double	D:\Yolo_LPR_RK3568_FPGA_Project\1_PC_Training\datasets\CRPD\CRPD_double\train\images\53_0183.jpg	D:\Yolo_LPR_RK3568_FPGA_Project\1_PC_Training\datasets\yolo_obb_640\images\train\crpd_CRPD_double_train_53_0183__r01.jpg	D:\Yolo_LPR_RK3568_FPGA_Project\2_Model_Conversion_PC_Simulation\yolov8_obb\model\obb_quant_dataset_800\quant_0440.jpg	D:\Yolo_LPR_RK3568_FPGA_Project\1_PC_Training\datasets\yolo_obb_640\labels\train\crpd_CRPD_double_train_53_0183__r01.txt	2	14.000040	1.847269	2	0-5
441	2	yellow_single	0,2	blue,yellow_single	crpd	CRPD_double	D:\Yolo_LPR_RK3568_FPGA_Project\1_PC_Training\datasets\CRPD\CRPD_double\train\images\53_0315.jpg	D:\Yolo_LPR_RK3568_FPGA_Project\1_PC_Training\datasets\yolo_obb_640\images\train\crpd_CRPD_double_train_53_0315__r01.jpg	D:\Yolo_LPR_RK3568_FPGA_Project\2_Model_Conversion_PC_Simulation\yolov8_obb\model\obb_quant_dataset_800\quant_0441.jpg	D:\Yolo_LPR_RK3568_FPGA_Project\1_PC_Training\datasets\yolo_obb_640\labels\train\crpd_CRPD_double_train_53_0315__r01.txt	2	12.999960	0.511600	1	0-5
442	2	yellow_single	0,2	blue,yellow_single	crpd	CRPD_double	D:\Yolo_LPR_RK3568_FPGA_Project\1_PC_Training\datasets\CRPD\CRPD_double\train\images\53_0326.jpg	D:\Yolo_LPR_RK3568_FPGA_Project\1_PC_Training\datasets\yolo_obb_640\images\train\crpd_CRPD_double_train_53_0326__r01.jpg	D:\Yolo_LPR_RK3568_FPGA_Project\2_Model_Conversion_PC_Simulation\yolov8_obb\model\obb_quant_dataset_800\quant_0442.jpg	D:\Yolo_LPR_RK3568_FPGA_Project\1_PC_Training\datasets\yolo_obb_640\labels\train\crpd_CRPD_double_train_53_0326__r01.txt	2	11.999880	2.101816	0	0-5
443	2	yellow_single	2	yellow_single	crpd	CRPD_double	D:\Yolo_LPR_RK3568_FPGA_Project\1_PC_Training\datasets\CRPD\CRPD_double\train\images\54_0249.jpg	D:\Yolo_LPR_RK3568_FPGA_Project\1_PC_Training\datasets\yolo_obb_640\images\train\crpd_CRPD_double_train_54_0249__r01.jpg	D:\Yolo_LPR_RK3568_FPGA_Project\2_Model_Conversion_PC_Simulation\yolov8_obb\model\obb_quant_dataset_800\quant_0443.jpg	D:\Yolo_LPR_RK3568_FPGA_Project\1_PC_Training\datasets\yolo_obb_640\labels\train\crpd_CRPD_double_train_54_0249__r01.txt	2	12.684143	3.093776	1	0-5
444	2	yellow_single	0,2	blue,yellow_single	crpd	CRPD_double	D:\Yolo_LPR_RK3568_FPGA_Project\1_PC_Training\datasets\CRPD\CRPD_double\train\images\54_0496.jpg	D:\Yolo_LPR_RK3568_FPGA_Project\1_PC_Training\datasets\yolo_obb_640\images\train\crpd_CRPD_double_train_54_0496__r01.jpg	D:\Yolo_LPR_RK3568_FPGA_Project\2_Model_Conversion_PC_Simulation\yolov8_obb\model\obb_quant_dataset_800\quant_0444.jpg	D:\Yolo_LPR_RK3568_FPGA_Project\1_PC_Training\datasets\yolo_obb_640\labels\train\crpd_CRPD_double_train_54_0496__r01.txt	2	14.666760	0.916730	2	0-5
445	2	yellow_single	0,2	blue,yellow_single	crpd	CRPD_double	D:\Yolo_LPR_RK3568_FPGA_Project\1_PC_Training\datasets\CRPD\CRPD_double\train\images\54_0929.jpg	D:\Yolo_LPR_RK3568_FPGA_Project\1_PC_Training\datasets\yolo_obb_640\images\train\crpd_CRPD_double_train_54_0929__r01.jpg	D:\Yolo_LPR_RK3568_FPGA_Project\2_Model_Conversion_PC_Simulation\yolov8_obb\model\obb_quant_dataset_800\quant_0445.jpg	D:\Yolo_LPR_RK3568_FPGA_Project\1_PC_Training\datasets\yolo_obb_640\labels\train\crpd_CRPD_double_train_54_0929__r01.txt	2	12.000240	1.684213	0	0-5
446	2	yellow_single	0,2	blue,yellow_single	crpd	CRPD_double	D:\Yolo_LPR_RK3568_FPGA_Project\1_PC_Training\datasets\CRPD\CRPD_double\train\images\54_1021.jpg	D:\Yolo_LPR_RK3568_FPGA_Project\1_PC_Training\datasets\yolo_obb_640\images\train\crpd_CRPD_double_train_54_1021__r01.jpg	D:\Yolo_LPR_RK3568_FPGA_Project\2_Model_Conversion_PC_Simulation\yolov8_obb\model\obb_quant_dataset_800\quant_0446.jpg	D:\Yolo_LPR_RK3568_FPGA_Project\1_PC_Training\datasets\yolo_obb_640\labels\train\crpd_CRPD_double_train_54_1021__r01.txt	2	18.816694	3.158102	3	0-5
447	2	yellow_single	2	yellow_single	crpd	CRPD_double	D:\Yolo_LPR_RK3568_FPGA_Project\1_PC_Training\datasets\CRPD\CRPD_double\train\images\54_1086.jpg	D:\Yolo_LPR_RK3568_FPGA_Project\1_PC_Training\datasets\yolo_obb_640\images\train\crpd_CRPD_double_train_54_1086__r01.jpg	D:\Yolo_LPR_RK3568_FPGA_Project\2_Model_Conversion_PC_Simulation\yolov8_obb\model\obb_quant_dataset_800\quant_0447.jpg	D:\Yolo_LPR_RK3568_FPGA_Project\1_PC_Training\datasets\yolo_obb_640\labels\train\crpd_CRPD_double_train_54_1086__r01.txt	2	15.333480	0.867652	2	0-5
448	2	yellow_single	0,2	blue,yellow_single	crpd	CRPD_double	D:\Yolo_LPR_RK3568_FPGA_Project\1_PC_Training\datasets\CRPD\CRPD_double\train\images\56_0198.jpg	D:\Yolo_LPR_RK3568_FPGA_Project\1_PC_Training\datasets\yolo_obb_640\images\train\crpd_CRPD_double_train_56_0198__r01.jpg	D:\Yolo_LPR_RK3568_FPGA_Project\2_Model_Conversion_PC_Simulation\yolov8_obb\model\obb_quant_dataset_800\quant_0448.jpg	D:\Yolo_LPR_RK3568_FPGA_Project\1_PC_Training\datasets\yolo_obb_640\labels\train\crpd_CRPD_double_train_56_0198__r01.txt	2	11.666880	0.489739	0	0-5
449	2	yellow_single	0,2	blue,yellow_single	crpd	CRPD_double	D:\Yolo_LPR_RK3568_FPGA_Project\1_PC_Training\datasets\CRPD\CRPD_double\train\images\56_0438.jpg	D:\Yolo_LPR_RK3568_FPGA_Project\1_PC_Training\datasets\yolo_obb_640\images\train\crpd_CRPD_double_train_56_0438__r01.jpg	D:\Yolo_LPR_RK3568_FPGA_Project\2_Model_Conversion_PC_Simulation\yolov8_obb\model\obb_quant_dataset_800\quant_0449.jpg	D:\Yolo_LPR_RK3568_FPGA_Project\1_PC_Training\datasets\yolo_obb_640\labels\train\crpd_CRPD_double_train_56_0438__r01.txt	2	10.999800	2.986331	0	0-5
450	2	yellow_single	0,2	blue,yellow_single	crpd	CRPD_double	D:\Yolo_LPR_RK3568_FPGA_Project\1_PC_Training\datasets\CRPD\CRPD_double\train\images\56_0728.jpg	D:\Yolo_LPR_RK3568_FPGA_Project\1_PC_Training\datasets\yolo_obb_640\images\train\crpd_CRPD_double_train_56_0728__r01.jpg	D:\Yolo_LPR_RK3568_FPGA_Project\2_Model_Conversion_PC_Simulation\yolov8_obb\model\obb_quant_dataset_800\quant_0450.jpg	D:\Yolo_LPR_RK3568_FPGA_Project\1_PC_Training\datasets\yolo_obb_640\labels\train\crpd_CRPD_double_train_56_0728__r01.txt	2	12.333600	0.000000	1	0-5
451	2	yellow_single	0,2	blue,yellow_single	crpd	CRPD_double	D:\Yolo_LPR_RK3568_FPGA_Project\1_PC_Training\datasets\CRPD\CRPD_double\train\images\56_0749.jpg	D:\Yolo_LPR_RK3568_FPGA_Project\1_PC_Training\datasets\yolo_obb_640\images\train\crpd_CRPD_double_train_56_0749__r01.jpg	D:\Yolo_LPR_RK3568_FPGA_Project\2_Model_Conversion_PC_Simulation\yolov8_obb\model\obb_quant_dataset_800\quant_0451.jpg	D:\Yolo_LPR_RK3568_FPGA_Project\1_PC_Training\datasets\yolo_obb_640\labels\train\crpd_CRPD_double_train_56_0749__r01.txt	2	11.005213	4.122036	0	0-5
452	2	yellow_single	0,2	blue,yellow_single	crpd	CRPD_double	D:\Yolo_LPR_RK3568_FPGA_Project\1_PC_Training\datasets\CRPD\CRPD_double\train\images\56_0895.jpg	D:\Yolo_LPR_RK3568_FPGA_Project\1_PC_Training\datasets\yolo_obb_640\images\train\crpd_CRPD_double_train_56_0895__r01.jpg	D:\Yolo_LPR_RK3568_FPGA_Project\2_Model_Conversion_PC_Simulation\yolov8_obb\model\obb_quant_dataset_800\quant_0452.jpg	D:\Yolo_LPR_RK3568_FPGA_Project\1_PC_Training\datasets\yolo_obb_640\labels\train\crpd_CRPD_double_train_56_0895__r01.txt	2	14.333400	2.002265	2	0-5
453	2	yellow_single	0,2	blue,yellow_single	crpd	CRPD_double	D:\Yolo_LPR_RK3568_FPGA_Project\1_PC_Training\datasets\CRPD\CRPD_double\train\images\57_0199.jpg	D:\Yolo_LPR_RK3568_FPGA_Project\1_PC_Training\datasets\yolo_obb_640\images\train\crpd_CRPD_double_train_57_0199__r01.jpg	D:\Yolo_LPR_RK3568_FPGA_Project\2_Model_Conversion_PC_Simulation\yolov8_obb\model\obb_quant_dataset_800\quant_0453.jpg	D:\Yolo_LPR_RK3568_FPGA_Project\1_PC_Training\datasets\yolo_obb_640\labels\train\crpd_CRPD_double_train_57_0199__r01.txt	2	12.333240	4.803804	1	0-5
454	2	yellow_single	0,2	blue,yellow_single	crpd	CRPD_double	D:\Yolo_LPR_RK3568_FPGA_Project\1_PC_Training\datasets\CRPD\CRPD_double\train\images\57_0915.jpg	D:\Yolo_LPR_RK3568_FPGA_Project\1_PC_Training\datasets\yolo_obb_640\images\train\crpd_CRPD_double_train_57_0915__r01.jpg	D:\Yolo_LPR_RK3568_FPGA_Project\2_Model_Conversion_PC_Simulation\yolov8_obb\model\obb_quant_dataset_800\quant_0454.jpg	D:\Yolo_LPR_RK3568_FPGA_Project\1_PC_Training\datasets\yolo_obb_640\labels\train\crpd_CRPD_double_train_57_0915__r01.txt	2	12.666960	0.000000	1	0-5
455	2	yellow_single	0,2	blue,yellow_single	crpd	CRPD_double	D:\Yolo_LPR_RK3568_FPGA_Project\1_PC_Training\datasets\CRPD\CRPD_double\train\images\57_0916.jpg	D:\Yolo_LPR_RK3568_FPGA_Project\1_PC_Training\datasets\yolo_obb_640\images\train\crpd_CRPD_double_train_57_0916__r01.jpg	D:\Yolo_LPR_RK3568_FPGA_Project\2_Model_Conversion_PC_Simulation\yolov8_obb\model\obb_quant_dataset_800\quant_0455.jpg	D:\Yolo_LPR_RK3568_FPGA_Project\1_PC_Training\datasets\yolo_obb_640\labels\train\crpd_CRPD_double_train_57_0916__r01.txt	2	10.000080	1.101787	0	0-5
456	2	yellow_single	0,2	blue,yellow_single	crpd	CRPD_double	D:\Yolo_LPR_RK3568_FPGA_Project\1_PC_Training\datasets\CRPD\CRPD_double\train\images\57_0987.jpg	D:\Yolo_LPR_RK3568_FPGA_Project\1_PC_Training\datasets\yolo_obb_640\images\train\crpd_CRPD_double_train_57_0987__r01.jpg	D:\Yolo_LPR_RK3568_FPGA_Project\2_Model_Conversion_PC_Simulation\yolov8_obb\model\obb_quant_dataset_800\quant_0456.jpg	D:\Yolo_LPR_RK3568_FPGA_Project\1_PC_Training\datasets\yolo_obb_640\labels\train\crpd_CRPD_double_train_57_0987__r01.txt	2	12.666960	0.000000	1	0-5
457	2	yellow_single	0,2	blue,yellow_single	crpd	CRPD_double	D:\Yolo_LPR_RK3568_FPGA_Project\1_PC_Training\datasets\CRPD\CRPD_double\train\images\58_0183.jpg	D:\Yolo_LPR_RK3568_FPGA_Project\1_PC_Training\datasets\yolo_obb_640\images\train\crpd_CRPD_double_train_58_0183__r01.jpg	D:\Yolo_LPR_RK3568_FPGA_Project\2_Model_Conversion_PC_Simulation\yolov8_obb\model\obb_quant_dataset_800\quant_0457.jpg	D:\Yolo_LPR_RK3568_FPGA_Project\1_PC_Training\datasets\yolo_obb_640\labels\train\crpd_CRPD_double_train_58_0183__r01.txt	2	8.339948	6.008577	0	5-15
458	2	yellow_single	0,2	blue,yellow_single	crpd	CRPD_double	D:\Yolo_LPR_RK3568_FPGA_Project\1_PC_Training\datasets\CRPD\CRPD_double\train\images\58_0972.jpg	D:\Yolo_LPR_RK3568_FPGA_Project\1_PC_Training\datasets\yolo_obb_640\images\train\crpd_CRPD_double_train_58_0972__r01.jpg	D:\Yolo_LPR_RK3568_FPGA_Project\2_Model_Conversion_PC_Simulation\yolov8_obb\model\obb_quant_dataset_800\quant_0458.jpg	D:\Yolo_LPR_RK3568_FPGA_Project\1_PC_Training\datasets\yolo_obb_640\labels\train\crpd_CRPD_double_train_58_0972__r01.txt	2	9.339314	2.095387	0	0-5
459	2	yellow_single	0,2	blue,yellow_single	crpd	CRPD_double	D:\Yolo_LPR_RK3568_FPGA_Project\1_PC_Training\datasets\CRPD\CRPD_double\train\images\59_0383.jpg	D:\Yolo_LPR_RK3568_FPGA_Project\1_PC_Training\datasets\yolo_obb_640\images\train\crpd_CRPD_double_train_59_0383__r01.jpg	D:\Yolo_LPR_RK3568_FPGA_Project\2_Model_Conversion_PC_Simulation\yolov8_obb\model\obb_quant_dataset_800\quant_0459.jpg	D:\Yolo_LPR_RK3568_FPGA_Project\1_PC_Training\datasets\yolo_obb_640\labels\train\crpd_CRPD_double_train_59_0383__r01.txt	2	12.337747	0.000000	1	0-5
460	2	yellow_single	0,2	blue,yellow_single	crpd	CRPD_double	D:\Yolo_LPR_RK3568_FPGA_Project\1_PC_Training\datasets\CRPD\CRPD_double\train\images\60_0120.jpg	D:\Yolo_LPR_RK3568_FPGA_Project\1_PC_Training\datasets\yolo_obb_640\images\train\crpd_CRPD_double_train_60_0120__r01.jpg	D:\Yolo_LPR_RK3568_FPGA_Project\2_Model_Conversion_PC_Simulation\yolov8_obb\model\obb_quant_dataset_800\quant_0460.jpg	D:\Yolo_LPR_RK3568_FPGA_Project\1_PC_Training\datasets\yolo_obb_640\labels\train\crpd_CRPD_double_train_60_0120__r01.txt	2	10.333440	5.253573	0	5-15
461	2	yellow_single	0,2	blue,yellow_single	crpd	CRPD_double	D:\Yolo_LPR_RK3568_FPGA_Project\1_PC_Training\datasets\CRPD\CRPD_double\train\images\60_0380.jpg	D:\Yolo_LPR_RK3568_FPGA_Project\1_PC_Training\datasets\yolo_obb_640\images\train\crpd_CRPD_double_train_60_0380__r01.jpg	D:\Yolo_LPR_RK3568_FPGA_Project\2_Model_Conversion_PC_Simulation\yolov8_obb\model\obb_quant_dataset_800\quant_0461.jpg	D:\Yolo_LPR_RK3568_FPGA_Project\1_PC_Training\datasets\yolo_obb_640\labels\train\crpd_CRPD_double_train_60_0380__r01.txt	2	11.338064	0.000000	0	0-5
462	2	yellow_single	0,2	blue,yellow_single	crpd	CRPD_double	D:\Yolo_LPR_RK3568_FPGA_Project\1_PC_Training\datasets\CRPD\CRPD_double\train\images\60_0806.jpg	D:\Yolo_LPR_RK3568_FPGA_Project\1_PC_Training\datasets\yolo_obb_640\images\train\crpd_CRPD_double_train_60_0806__r01.jpg	D:\Yolo_LPR_RK3568_FPGA_Project\2_Model_Conversion_PC_Simulation\yolov8_obb\model\obb_quant_dataset_800\quant_0462.jpg	D:\Yolo_LPR_RK3568_FPGA_Project\1_PC_Training\datasets\yolo_obb_640\labels\train\crpd_CRPD_double_train_60_0806__r01.txt	2	13.004236	0.409285	1	0-5
463	2	yellow_single	0,2	blue,yellow_single	crpd	CRPD_double	D:\Yolo_LPR_RK3568_FPGA_Project\1_PC_Training\datasets\CRPD\CRPD_double\train\images\61_0255.jpg	D:\Yolo_LPR_RK3568_FPGA_Project\1_PC_Training\datasets\yolo_obb_640\images\train\crpd_CRPD_double_train_61_0255__r01.jpg	D:\Yolo_LPR_RK3568_FPGA_Project\2_Model_Conversion_PC_Simulation\yolov8_obb\model\obb_quant_dataset_800\quant_0463.jpg	D:\Yolo_LPR_RK3568_FPGA_Project\1_PC_Training\datasets\yolo_obb_640\labels\train\crpd_CRPD_double_train_61_0255__r01.txt	2	13.670387	0.000000	1	0-5
464	2	yellow_single	0,2	blue,yellow_single	crpd	CRPD_double	D:\Yolo_LPR_RK3568_FPGA_Project\1_PC_Training\datasets\CRPD\CRPD_double\train\images\61_0967.jpg	D:\Yolo_LPR_RK3568_FPGA_Project\1_PC_Training\datasets\yolo_obb_640\images\train\crpd_CRPD_double_train_61_0967__r01.jpg	D:\Yolo_LPR_RK3568_FPGA_Project\2_Model_Conversion_PC_Simulation\yolov8_obb\model\obb_quant_dataset_800\quant_0464.jpg	D:\Yolo_LPR_RK3568_FPGA_Project\1_PC_Training\datasets\yolo_obb_640\labels\train\crpd_CRPD_double_train_61_0967__r01.txt	2	13.670747	4.727891	1	0-5
465	2	yellow_single	0,2	blue,yellow_single	crpd	CRPD_double	D:\Yolo_LPR_RK3568_FPGA_Project\1_PC_Training\datasets\CRPD\CRPD_double\train\images\65_0778.jpg	D:\Yolo_LPR_RK3568_FPGA_Project\1_PC_Training\datasets\yolo_obb_640\images\train\crpd_CRPD_double_train_65_0778__r01.jpg	D:\Yolo_LPR_RK3568_FPGA_Project\2_Model_Conversion_PC_Simulation\yolov8_obb\model\obb_quant_dataset_800\quant_0465.jpg	D:\Yolo_LPR_RK3568_FPGA_Project\1_PC_Training\datasets\yolo_obb_640\labels\train\crpd_CRPD_double_train_65_0778__r01.txt	2	13.068136	5.710604	1	5-15
466	2	yellow_single	0,2	blue,yellow_single	crpd	CRPD_double	D:\Yolo_LPR_RK3568_FPGA_Project\1_PC_Training\datasets\CRPD\CRPD_double\train\images\65_0780.jpg	D:\Yolo_LPR_RK3568_FPGA_Project\1_PC_Training\datasets\yolo_obb_640\images\train\crpd_CRPD_double_train_65_0780__r01.jpg	D:\Yolo_LPR_RK3568_FPGA_Project\2_Model_Conversion_PC_Simulation\yolov8_obb\model\obb_quant_dataset_800\quant_0466.jpg	D:\Yolo_LPR_RK3568_FPGA_Project\1_PC_Training\datasets\yolo_obb_640\labels\train\crpd_CRPD_double_train_65_0780__r01.txt	2	11.019997	5.659428	0	5-15
467	2	yellow_single	0,2	blue,yellow_single	crpd	CRPD_double	D:\Yolo_LPR_RK3568_FPGA_Project\1_PC_Training\datasets\CRPD\CRPD_double\train\images\65_0979.jpg	D:\Yolo_LPR_RK3568_FPGA_Project\1_PC_Training\datasets\yolo_obb_640\images\train\crpd_CRPD_double_train_65_0979__r01.jpg	D:\Yolo_LPR_RK3568_FPGA_Project\2_Model_Conversion_PC_Simulation\yolov8_obb\model\obb_quant_dataset_800\quant_0467.jpg	D:\Yolo_LPR_RK3568_FPGA_Project\1_PC_Training\datasets\yolo_obb_640\labels\train\crpd_CRPD_double_train_65_0979__r01.txt	2	14.000040	0.000000	2	0-5
468	2	yellow_single	0,2	blue,yellow_single	crpd	CRPD_multi	D:\Yolo_LPR_RK3568_FPGA_Project\1_PC_Training\datasets\CRPD\CRPD_multi\train\images\1 (271).jpg	D:\Yolo_LPR_RK3568_FPGA_Project\1_PC_Training\datasets\yolo_obb_640\images\train\crpd_CRPD_multi_train_1 (271)__r01.jpg	D:\Yolo_LPR_RK3568_FPGA_Project\2_Model_Conversion_PC_Simulation\yolov8_obb\model\obb_quant_dataset_800\quant_0468.jpg	D:\Yolo_LPR_RK3568_FPGA_Project\1_PC_Training\datasets\yolo_obb_640\labels\train\crpd_CRPD_multi_train_1 (271)__r01.txt	3	16.510773	0.000000	3	0-5
469	2	yellow_single	0,2	blue,yellow_single	crpd	CRPD_multi	D:\Yolo_LPR_RK3568_FPGA_Project\1_PC_Training\datasets\CRPD\CRPD_multi\train\images\35_0775.jpg	D:\Yolo_LPR_RK3568_FPGA_Project\1_PC_Training\datasets\yolo_obb_640\images\train\crpd_CRPD_multi_train_35_0775__r01.jpg	D:\Yolo_LPR_RK3568_FPGA_Project\2_Model_Conversion_PC_Simulation\yolov8_obb\model\obb_quant_dataset_800\quant_0469.jpg	D:\Yolo_LPR_RK3568_FPGA_Project\1_PC_Training\datasets\yolo_obb_640\labels\train\crpd_CRPD_multi_train_35_0775__r01.txt	3	8.666640	0.868121	0	0-5
470	2	yellow_single	0,2	blue,yellow_single	crpd	CRPD_multi	D:\Yolo_LPR_RK3568_FPGA_Project\1_PC_Training\datasets\CRPD\CRPD_multi\train\images\36_0308.jpg	D:\Yolo_LPR_RK3568_FPGA_Project\1_PC_Training\datasets\yolo_obb_640\images\train\crpd_CRPD_multi_train_36_0308__r01.jpg	D:\Yolo_LPR_RK3568_FPGA_Project\2_Model_Conversion_PC_Simulation\yolov8_obb\model\obb_quant_dataset_800\quant_0470.jpg	D:\Yolo_LPR_RK3568_FPGA_Project\1_PC_Training\datasets\yolo_obb_640\labels\train\crpd_CRPD_multi_train_36_0308__r01.txt	3	14.333400	0.000000	2	0-5
471	2	yellow_single	0,2	blue,yellow_single	crpd	CRPD_multi	D:\Yolo_LPR_RK3568_FPGA_Project\1_PC_Training\datasets\CRPD\CRPD_multi\train\images\39_0376.jpg	D:\Yolo_LPR_RK3568_FPGA_Project\1_PC_Training\datasets\yolo_obb_640\images\train\crpd_CRPD_multi_train_39_0376__r01.jpg	D:\Yolo_LPR_RK3568_FPGA_Project\2_Model_Conversion_PC_Simulation\yolov8_obb\model\obb_quant_dataset_800\quant_0471.jpg	D:\Yolo_LPR_RK3568_FPGA_Project\1_PC_Training\datasets\yolo_obb_640\labels\train\crpd_CRPD_multi_train_39_0376__r01.txt	3	12.666600	0.939261	1	0-5
472	2	yellow_single	0,2	blue,yellow_single	crpd	CRPD_multi	D:\Yolo_LPR_RK3568_FPGA_Project\1_PC_Training\datasets\CRPD\CRPD_multi\train\images\39_0655.jpg	D:\Yolo_LPR_RK3568_FPGA_Project\1_PC_Training\datasets\yolo_obb_640\images\train\crpd_CRPD_multi_train_39_0655__r01.jpg	D:\Yolo_LPR_RK3568_FPGA_Project\2_Model_Conversion_PC_Simulation\yolov8_obb\model\obb_quant_dataset_800\quant_0472.jpg	D:\Yolo_LPR_RK3568_FPGA_Project\1_PC_Training\datasets\yolo_obb_640\labels\train\crpd_CRPD_multi_train_39_0655__r01.txt	3	15.199680	1.397181	2	0-5
473	2	yellow_single	0,2	blue,yellow_single	crpd	CRPD_multi	D:\Yolo_LPR_RK3568_FPGA_Project\1_PC_Training\datasets\CRPD\CRPD_multi\train\images\39_1091.jpg	D:\Yolo_LPR_RK3568_FPGA_Project\1_PC_Training\datasets\yolo_obb_640\images\train\crpd_CRPD_multi_train_39_1091__r01.jpg	D:\Yolo_LPR_RK3568_FPGA_Project\2_Model_Conversion_PC_Simulation\yolov8_obb\model\obb_quant_dataset_800\quant_0473.jpg	D:\Yolo_LPR_RK3568_FPGA_Project\1_PC_Training\datasets\yolo_obb_640\labels\train\crpd_CRPD_multi_train_39_1091__r01.txt	3	12.333240	0.000000	1	0-5
474	2	yellow_single	0,2	blue,yellow_single	crpd	CRPD_multi	D:\Yolo_LPR_RK3568_FPGA_Project\1_PC_Training\datasets\CRPD\CRPD_multi\train\images\45_0574.jpg	D:\Yolo_LPR_RK3568_FPGA_Project\1_PC_Training\datasets\yolo_obb_640\images\train\crpd_CRPD_multi_train_45_0574__r01.jpg	D:\Yolo_LPR_RK3568_FPGA_Project\2_Model_Conversion_PC_Simulation\yolov8_obb\model\obb_quant_dataset_800\quant_0474.jpg	D:\Yolo_LPR_RK3568_FPGA_Project\1_PC_Training\datasets\yolo_obb_640\labels\train\crpd_CRPD_multi_train_45_0574__r01.txt	3	15.132508	0.909453	2	0-5
475	2	yellow_single	0,2	blue,yellow_single	crpd	CRPD_multi	D:\Yolo_LPR_RK3568_FPGA_Project\1_PC_Training\datasets\CRPD\CRPD_multi\train\images\45_0749.jpg	D:\Yolo_LPR_RK3568_FPGA_Project\1_PC_Training\datasets\yolo_obb_640\images\train\crpd_CRPD_multi_train_45_0749__r01.jpg	D:\Yolo_LPR_RK3568_FPGA_Project\2_Model_Conversion_PC_Simulation\yolov8_obb\model\obb_quant_dataset_800\quant_0475.jpg	D:\Yolo_LPR_RK3568_FPGA_Project\1_PC_Training\datasets\yolo_obb_640\labels\train\crpd_CRPD_multi_train_45_0749__r01.txt	3	13.682941	0.454755	1	0-5
476	2	yellow_single	0,2	blue,yellow_single	crpd	CRPD_multi	D:\Yolo_LPR_RK3568_FPGA_Project\1_PC_Training\datasets\CRPD\CRPD_multi\train\images\45_1413.jpg	D:\Yolo_LPR_RK3568_FPGA_Project\1_PC_Training\datasets\yolo_obb_640\images\train\crpd_CRPD_multi_train_45_1413__r01.jpg	D:\Yolo_LPR_RK3568_FPGA_Project\2_Model_Conversion_PC_Simulation\yolov8_obb\model\obb_quant_dataset_800\quant_0476.jpg	D:\Yolo_LPR_RK3568_FPGA_Project\1_PC_Training\datasets\yolo_obb_640\labels\train\crpd_CRPD_multi_train_45_1413__r01.txt	4	15.234882	2.745199	2	0-5
477	2	yellow_single	0,2	blue,yellow_single	crpd	CRPD_multi	D:\Yolo_LPR_RK3568_FPGA_Project\1_PC_Training\datasets\CRPD\CRPD_multi\train\images\49_0023.jpg	D:\Yolo_LPR_RK3568_FPGA_Project\1_PC_Training\datasets\yolo_obb_640\images\train\crpd_CRPD_multi_train_49_0023__r01.jpg	D:\Yolo_LPR_RK3568_FPGA_Project\2_Model_Conversion_PC_Simulation\yolov8_obb\model\obb_quant_dataset_800\quant_0477.jpg	D:\Yolo_LPR_RK3568_FPGA_Project\1_PC_Training\datasets\yolo_obb_640\labels\train\crpd_CRPD_multi_train_49_0023__r01.txt	3	10.338798	1.273159	0	0-5
478	2	yellow_single	0,2	blue,yellow_single	crpd	CRPD_multi	D:\Yolo_LPR_RK3568_FPGA_Project\1_PC_Training\datasets\CRPD\CRPD_multi\train\images\49_0598.jpg	D:\Yolo_LPR_RK3568_FPGA_Project\1_PC_Training\datasets\yolo_obb_640\images\train\crpd_CRPD_multi_train_49_0598__r01.jpg	D:\Yolo_LPR_RK3568_FPGA_Project\2_Model_Conversion_PC_Simulation\yolov8_obb\model\obb_quant_dataset_800\quant_0478.jpg	D:\Yolo_LPR_RK3568_FPGA_Project\1_PC_Training\datasets\yolo_obb_640\labels\train\crpd_CRPD_multi_train_49_0598__r01.txt	3	6.674814	1.735843	0	0-5
479	2	yellow_single	0,2	blue,yellow_single	crpd	CRPD_multi	D:\Yolo_LPR_RK3568_FPGA_Project\1_PC_Training\datasets\CRPD\CRPD_multi\train\images\53_0137.jpg	D:\Yolo_LPR_RK3568_FPGA_Project\1_PC_Training\datasets\yolo_obb_640\images\train\crpd_CRPD_multi_train_53_0137__r01.jpg	D:\Yolo_LPR_RK3568_FPGA_Project\2_Model_Conversion_PC_Simulation\yolov8_obb\model\obb_quant_dataset_800\quant_0479.jpg	D:\Yolo_LPR_RK3568_FPGA_Project\1_PC_Training\datasets\yolo_obb_640\labels\train\crpd_CRPD_multi_train_53_0137__r01.txt	3	7.666560	1.636723	0	0-5
480	2	yellow_single	0,2	blue,yellow_single	crpd	CRPD_multi	D:\Yolo_LPR_RK3568_FPGA_Project\1_PC_Training\datasets\CRPD\CRPD_multi\train\images\54_0077.jpg	D:\Yolo_LPR_RK3568_FPGA_Project\1_PC_Training\datasets\yolo_obb_640\images\train\crpd_CRPD_multi_train_54_0077__r01.jpg	D:\Yolo_LPR_RK3568_FPGA_Project\2_Model_Conversion_PC_Simulation\yolov8_obb\model\obb_quant_dataset_800\quant_0480.jpg	D:\Yolo_LPR_RK3568_FPGA_Project\1_PC_Training\datasets\yolo_obb_640\labels\train\crpd_CRPD_multi_train_54_0077__r01.txt	3	15.666840	0.465850	2	0-5
481	2	yellow_single	0,2	blue,yellow_single	crpd	CRPD_multi	D:\Yolo_LPR_RK3568_FPGA_Project\1_PC_Training\datasets\CRPD\CRPD_multi\train\images\54_0096.jpg	D:\Yolo_LPR_RK3568_FPGA_Project\1_PC_Training\datasets\yolo_obb_640\images\train\crpd_CRPD_multi_train_54_0096__r01.jpg	D:\Yolo_LPR_RK3568_FPGA_Project\2_Model_Conversion_PC_Simulation\yolov8_obb\model\obb_quant_dataset_800\quant_0481.jpg	D:\Yolo_LPR_RK3568_FPGA_Project\1_PC_Training\datasets\yolo_obb_640\labels\train\crpd_CRPD_multi_train_54_0096__r01.txt	3	9.357154	6.340695	0	5-15
482	2	yellow_single	0,2	blue,yellow_single	crpd	CRPD_multi	D:\Yolo_LPR_RK3568_FPGA_Project\1_PC_Training\datasets\CRPD\CRPD_multi\train\images\56_0670.jpg	D:\Yolo_LPR_RK3568_FPGA_Project\1_PC_Training\datasets\yolo_obb_640\images\train\crpd_CRPD_multi_train_56_0670__r01.jpg	D:\Yolo_LPR_RK3568_FPGA_Project\2_Model_Conversion_PC_Simulation\yolov8_obb\model\obb_quant_dataset_800\quant_0482.jpg	D:\Yolo_LPR_RK3568_FPGA_Project\1_PC_Training\datasets\yolo_obb_640\labels\train\crpd_CRPD_multi_train_56_0670__r01.txt	3	13.333320	0.000000	1	0-5
483	2	yellow_single	0,2	blue,yellow_single	crpd	CRPD_multi	D:\Yolo_LPR_RK3568_FPGA_Project\1_PC_Training\datasets\CRPD\CRPD_multi\train\images\56_0671.jpg	D:\Yolo_LPR_RK3568_FPGA_Project\1_PC_Training\datasets\yolo_obb_640\images\train\crpd_CRPD_multi_train_56_0671__r01.jpg	D:\Yolo_LPR_RK3568_FPGA_Project\2_Model_Conversion_PC_Simulation\yolov8_obb\model\obb_quant_dataset_800\quant_0483.jpg	D:\Yolo_LPR_RK3568_FPGA_Project\1_PC_Training\datasets\yolo_obb_640\labels\train\crpd_CRPD_multi_train_56_0671__r01.txt	3	12.333600	0.000000	1	0-5
484	2	yellow_single	0,2	blue,yellow_single	crpd	CRPD_multi	D:\Yolo_LPR_RK3568_FPGA_Project\1_PC_Training\datasets\CRPD\CRPD_multi\train\images\56_0773.jpg	D:\Yolo_LPR_RK3568_FPGA_Project\1_PC_Training\datasets\yolo_obb_640\images\train\crpd_CRPD_multi_train_56_0773__r01.jpg	D:\Yolo_LPR_RK3568_FPGA_Project\2_Model_Conversion_PC_Simulation\yolov8_obb\model\obb_quant_dataset_800\quant_0484.jpg	D:\Yolo_LPR_RK3568_FPGA_Project\1_PC_Training\datasets\yolo_obb_640\labels\train\crpd_CRPD_multi_train_56_0773__r01.txt	3	14.000040	1.236504	2	0-5
485	2	yellow_single	0,2	blue,yellow_single	crpd	CRPD_multi	D:\Yolo_LPR_RK3568_FPGA_Project\1_PC_Training\datasets\CRPD\CRPD_multi\train\images\58_0228.jpg	D:\Yolo_LPR_RK3568_FPGA_Project\1_PC_Training\datasets\yolo_obb_640\images\train\crpd_CRPD_multi_train_58_0228__r01.jpg	D:\Yolo_LPR_RK3568_FPGA_Project\2_Model_Conversion_PC_Simulation\yolov8_obb\model\obb_quant_dataset_800\quant_0485.jpg	D:\Yolo_LPR_RK3568_FPGA_Project\1_PC_Training\datasets\yolo_obb_640\labels\train\crpd_CRPD_multi_train_58_0228__r01.txt	3	9.000000	0.753915	0	0-5
486	2	yellow_single	0,2	blue,yellow_single	crpd	CRPD_multi	D:\Yolo_LPR_RK3568_FPGA_Project\1_PC_Training\datasets\CRPD\CRPD_multi\train\images\60_0031.jpg	D:\Yolo_LPR_RK3568_FPGA_Project\1_PC_Training\datasets\yolo_obb_640\images\train\crpd_CRPD_multi_train_60_0031__r01.jpg	D:\Yolo_LPR_RK3568_FPGA_Project\2_Model_Conversion_PC_Simulation\yolov8_obb\model\obb_quant_dataset_800\quant_0486.jpg	D:\Yolo_LPR_RK3568_FPGA_Project\1_PC_Training\datasets\yolo_obb_640\labels\train\crpd_CRPD_multi_train_60_0031__r01.txt	3	14.337278	5.877354	2	5-15
487	2	yellow_single	0,2	blue,yellow_single	crpd	CRPD_multi	D:\Yolo_LPR_RK3568_FPGA_Project\1_PC_Training\datasets\CRPD\CRPD_multi\train\images\60_0873.jpg	D:\Yolo_LPR_RK3568_FPGA_Project\1_PC_Training\datasets\yolo_obb_640\images\train\crpd_CRPD_multi_train_60_0873__r01.jpg	D:\Yolo_LPR_RK3568_FPGA_Project\2_Model_Conversion_PC_Simulation\yolov8_obb\model\obb_quant_dataset_800\quant_0487.jpg	D:\Yolo_LPR_RK3568_FPGA_Project\1_PC_Training\datasets\yolo_obb_640\labels\train\crpd_CRPD_multi_train_60_0873__r01.txt	3	8.809406	3.522156	0	0-5
488	2	yellow_single	0,2	blue,yellow_single	crpd	CRPD_multi	D:\Yolo_LPR_RK3568_FPGA_Project\1_PC_Training\datasets\CRPD\CRPD_multi\train\images\61_0476.jpg	D:\Yolo_LPR_RK3568_FPGA_Project\1_PC_Training\datasets\yolo_obb_640\images\train\crpd_CRPD_multi_train_61_0476__r01.jpg	D:\Yolo_LPR_RK3568_FPGA_Project\2_Model_Conversion_PC_Simulation\yolov8_obb\model\obb_quant_dataset_800\quant_0488.jpg	D:\Yolo_LPR_RK3568_FPGA_Project\1_PC_Training\datasets\yolo_obb_640\labels\train\crpd_CRPD_multi_train_61_0476__r01.txt	3	10.049923	6.037647	0	5-15
489	2	yellow_single	0,2	blue,yellow_single	crpd	CRPD_multi	D:\Yolo_LPR_RK3568_FPGA_Project\1_PC_Training\datasets\CRPD\CRPD_multi\train\images\61_0768.jpg	D:\Yolo_LPR_RK3568_FPGA_Project\1_PC_Training\datasets\yolo_obb_640\images\train\crpd_CRPD_multi_train_61_0768__r01.jpg	D:\Yolo_LPR_RK3568_FPGA_Project\2_Model_Conversion_PC_Simulation\yolov8_obb\model\obb_quant_dataset_800\quant_0489.jpg	D:\Yolo_LPR_RK3568_FPGA_Project\1_PC_Training\datasets\yolo_obb_640\labels\train\crpd_CRPD_multi_train_61_0768__r01.txt	4	11.999880	0.000000	0	0-5
490	2	yellow_single	0,2	blue,yellow_single	crpd	CRPD_multi	D:\Yolo_LPR_RK3568_FPGA_Project\1_PC_Training\datasets\CRPD\CRPD_multi\train\images\61_0773.jpg	D:\Yolo_LPR_RK3568_FPGA_Project\1_PC_Training\datasets\yolo_obb_640\images\train\crpd_CRPD_multi_train_61_0773__r01.jpg	D:\Yolo_LPR_RK3568_FPGA_Project\2_Model_Conversion_PC_Simulation\yolov8_obb\model\obb_quant_dataset_800\quant_0490.jpg	D:\Yolo_LPR_RK3568_FPGA_Project\1_PC_Training\datasets\yolo_obb_640\labels\train\crpd_CRPD_multi_train_61_0773__r01.txt	3	5.333400	0.520895	0	0-5
491	2	yellow_single	0,2	blue,yellow_single	crpd	CRPD_multi	D:\Yolo_LPR_RK3568_FPGA_Project\1_PC_Training\datasets\CRPD\CRPD_multi\train\images\62_0300.jpg	D:\Yolo_LPR_RK3568_FPGA_Project\1_PC_Training\datasets\yolo_obb_640\images\train\crpd_CRPD_multi_train_62_0300__r01.jpg	D:\Yolo_LPR_RK3568_FPGA_Project\2_Model_Conversion_PC_Simulation\yolov8_obb\model\obb_quant_dataset_800\quant_0491.jpg	D:\Yolo_LPR_RK3568_FPGA_Project\1_PC_Training\datasets\yolo_obb_640\labels\train\crpd_CRPD_multi_train_62_0300__r01.txt	4	8.006839	1.569515	0	0-5
492	2	yellow_single	0,2	blue,yellow_single	crpd	CRPD_multi	D:\Yolo_LPR_RK3568_FPGA_Project\1_PC_Training\datasets\CRPD\CRPD_multi\train\images\62_0607.jpg	D:\Yolo_LPR_RK3568_FPGA_Project\1_PC_Training\datasets\yolo_obb_640\images\train\crpd_CRPD_multi_train_62_0607__r01.jpg	D:\Yolo_LPR_RK3568_FPGA_Project\2_Model_Conversion_PC_Simulation\yolov8_obb\model\obb_quant_dataset_800\quant_0492.jpg	D:\Yolo_LPR_RK3568_FPGA_Project\1_PC_Training\datasets\yolo_obb_640\labels\train\crpd_CRPD_multi_train_62_0607__r01.txt	3	8.667000	0.715455	0	0-5
493	2	yellow_single	0,2	blue,yellow_single	crpd	CRPD_multi	D:\Yolo_LPR_RK3568_FPGA_Project\1_PC_Training\datasets\CRPD\CRPD_multi\train\images\65_0188.jpg	D:\Yolo_LPR_RK3568_FPGA_Project\1_PC_Training\datasets\yolo_obb_640\images\train\crpd_CRPD_multi_train_65_0188__r01.jpg	D:\Yolo_LPR_RK3568_FPGA_Project\2_Model_Conversion_PC_Simulation\yolov8_obb\model\obb_quant_dataset_800\quant_0493.jpg	D:\Yolo_LPR_RK3568_FPGA_Project\1_PC_Training\datasets\yolo_obb_640\labels\train\crpd_CRPD_multi_train_65_0188__r01.txt	4	5.666760	0.000000	0	0-5
494	2	yellow_single	0,2	blue,yellow_single	crpd	CRPD_multi	D:\Yolo_LPR_RK3568_FPGA_Project\1_PC_Training\datasets\CRPD\CRPD_multi\train\images\65_0490.jpg	D:\Yolo_LPR_RK3568_FPGA_Project\1_PC_Training\datasets\yolo_obb_640\images\train\crpd_CRPD_multi_train_65_0490__r01.jpg	D:\Yolo_LPR_RK3568_FPGA_Project\2_Model_Conversion_PC_Simulation\yolov8_obb\model\obb_quant_dataset_800\quant_0494.jpg	D:\Yolo_LPR_RK3568_FPGA_Project\1_PC_Training\datasets\yolo_obb_640\labels\train\crpd_CRPD_multi_train_65_0490__r01.txt	4	8.666640	3.406716	0	0-5
495	2	yellow_single	0,2	blue,yellow_single	crpd	CRPD_multi	D:\Yolo_LPR_RK3568_FPGA_Project\1_PC_Training\datasets\CRPD\CRPD_multi\train\images\65_0493.jpg	D:\Yolo_LPR_RK3568_FPGA_Project\1_PC_Training\datasets\yolo_obb_640\images\train\crpd_CRPD_multi_train_65_0493__r01.jpg	D:\Yolo_LPR_RK3568_FPGA_Project\2_Model_Conversion_PC_Simulation\yolov8_obb\model\obb_quant_dataset_800\quant_0495.jpg	D:\Yolo_LPR_RK3568_FPGA_Project\1_PC_Training\datasets\yolo_obb_640\labels\train\crpd_CRPD_multi_train_65_0493__r01.txt	3	7.673780	0.734580	0	0-5
496	2	yellow_single	2	yellow_single	crpd	CRPD_single	D:\Yolo_LPR_RK3568_FPGA_Project\1_PC_Training\datasets\CRPD\CRPD_single\train\images\1 (227).jpg	D:\Yolo_LPR_RK3568_FPGA_Project\1_PC_Training\datasets\yolo_obb_640\images\train\crpd_CRPD_single_train_1 (227)__r01.jpg	D:\Yolo_LPR_RK3568_FPGA_Project\2_Model_Conversion_PC_Simulation\yolov8_obb\model\obb_quant_dataset_800\quant_0496.jpg	D:\Yolo_LPR_RK3568_FPGA_Project\1_PC_Training\datasets\yolo_obb_640\labels\train\crpd_CRPD_single_train_1 (227)__r01.txt	1	16.118169	0.895107	2	0-5
497	2	yellow_single	2	yellow_single	crpd	CRPD_single	D:\Yolo_LPR_RK3568_FPGA_Project\1_PC_Training\datasets\CRPD\CRPD_single\train\images\1 (333).jpg	D:\Yolo_LPR_RK3568_FPGA_Project\1_PC_Training\datasets\yolo_obb_640\images\train\crpd_CRPD_single_train_1 (333)__r01.jpg	D:\Yolo_LPR_RK3568_FPGA_Project\2_Model_Conversion_PC_Simulation\yolov8_obb\model\obb_quant_dataset_800\quant_0497.jpg	D:\Yolo_LPR_RK3568_FPGA_Project\1_PC_Training\datasets\yolo_obb_640\labels\train\crpd_CRPD_single_train_1 (333)__r01.txt	1	18.083136	0.353648	3	0-5
498	2	yellow_single	2	yellow_single	crpd	CRPD_single	D:\Yolo_LPR_RK3568_FPGA_Project\1_PC_Training\datasets\CRPD\CRPD_single\train\images\1 (443).jpg	D:\Yolo_LPR_RK3568_FPGA_Project\1_PC_Training\datasets\yolo_obb_640\images\train\crpd_CRPD_single_train_1 (443)__r01.jpg	D:\Yolo_LPR_RK3568_FPGA_Project\2_Model_Conversion_PC_Simulation\yolov8_obb\model\obb_quant_dataset_800\quant_0498.jpg	D:\Yolo_LPR_RK3568_FPGA_Project\1_PC_Training\datasets\yolo_obb_640\labels\train\crpd_CRPD_single_train_1 (443)__r01.txt	1	17.690531	0.702926	3	0-5
499	2	yellow_single	2	yellow_single	crpd	CRPD_single	D:\Yolo_LPR_RK3568_FPGA_Project\1_PC_Training\datasets\CRPD\CRPD_single\train\images\1 (460).jpg	D:\Yolo_LPR_RK3568_FPGA_Project\1_PC_Training\datasets\yolo_obb_640\images\train\crpd_CRPD_single_train_1 (460)__r01.jpg	D:\Yolo_LPR_RK3568_FPGA_Project\2_Model_Conversion_PC_Simulation\yolov8_obb\model\obb_quant_dataset_800\quant_0499.jpg	D:\Yolo_LPR_RK3568_FPGA_Project\1_PC_Training\datasets\yolo_obb_640\labels\train\crpd_CRPD_single_train_1 (460)__r01.txt	1	16.903864	1.123210	3	0-5
500	2	yellow_single	2	yellow_single	crpd	CRPD_single	D:\Yolo_LPR_RK3568_FPGA_Project\1_PC_Training\datasets\CRPD\CRPD_single\train\images\1 (505).jpg	D:\Yolo_LPR_RK3568_FPGA_Project\1_PC_Training\datasets\yolo_obb_640\images\train\crpd_CRPD_single_train_1 (505)__r01.jpg	D:\Yolo_LPR_RK3568_FPGA_Project\2_Model_Conversion_PC_Simulation\yolov8_obb\model\obb_quant_dataset_800\quant_0500.jpg	D:\Yolo_LPR_RK3568_FPGA_Project\1_PC_Training\datasets\yolo_obb_640\labels\train\crpd_CRPD_single_train_1 (505)__r01.txt	1	15.351633	0.888721	2	0-5
501	2	yellow_single	2	yellow_single	crpd	CRPD_single	D:\Yolo_LPR_RK3568_FPGA_Project\1_PC_Training\datasets\CRPD\CRPD_single\train\images\1 (528).jpg	D:\Yolo_LPR_RK3568_FPGA_Project\1_PC_Training\datasets\yolo_obb_640\images\train\crpd_CRPD_single_train_1 (528)__r01.jpg	D:\Yolo_LPR_RK3568_FPGA_Project\2_Model_Conversion_PC_Simulation\yolov8_obb\model\obb_quant_dataset_800\quant_0501.jpg	D:\Yolo_LPR_RK3568_FPGA_Project\1_PC_Training\datasets\yolo_obb_640\labels\train\crpd_CRPD_single_train_1 (528)__r01.txt	1	19.266901	0.970951	3	0-5
502	2	yellow_single	2	yellow_single	crpd	CRPD_single	D:\Yolo_LPR_RK3568_FPGA_Project\1_PC_Training\datasets\CRPD\CRPD_single\train\images\1 (558).jpg	D:\Yolo_LPR_RK3568_FPGA_Project\1_PC_Training\datasets\yolo_obb_640\images\train\crpd_CRPD_single_train_1 (558)__r01.jpg	D:\Yolo_LPR_RK3568_FPGA_Project\2_Model_Conversion_PC_Simulation\yolov8_obb\model\obb_quant_dataset_800\quant_0502.jpg	D:\Yolo_LPR_RK3568_FPGA_Project\1_PC_Training\datasets\yolo_obb_640\labels\train\crpd_CRPD_single_train_1 (558)__r01.txt	1	15.331502	0.916577	2	0-5
503	2	yellow_single	2	yellow_single	crpd	CRPD_single	D:\Yolo_LPR_RK3568_FPGA_Project\1_PC_Training\datasets\CRPD\CRPD_single\train\images\1 (589).jpg	D:\Yolo_LPR_RK3568_FPGA_Project\1_PC_Training\datasets\yolo_obb_640\images\train\crpd_CRPD_single_train_1 (589)__r01.jpg	D:\Yolo_LPR_RK3568_FPGA_Project\2_Model_Conversion_PC_Simulation\yolov8_obb\model\obb_quant_dataset_800\quant_0503.jpg	D:\Yolo_LPR_RK3568_FPGA_Project\1_PC_Training\datasets\yolo_obb_640\labels\train\crpd_CRPD_single_train_1 (589)__r01.txt	1	21.242889	5.469061	3	5-15
504	2	yellow_single	2	yellow_single	crpd	CRPD_single	D:\Yolo_LPR_RK3568_FPGA_Project\1_PC_Training\datasets\CRPD\CRPD_single\train\images\1 (634).jpg	D:\Yolo_LPR_RK3568_FPGA_Project\1_PC_Training\datasets\yolo_obb_640\images\train\crpd_CRPD_single_train_1 (634)__r01.jpg	D:\Yolo_LPR_RK3568_FPGA_Project\2_Model_Conversion_PC_Simulation\yolov8_obb\model\obb_quant_dataset_800\quant_0504.jpg	D:\Yolo_LPR_RK3568_FPGA_Project\1_PC_Training\datasets\yolo_obb_640\labels\train\crpd_CRPD_single_train_1 (634)__r01.txt	1	14.938411	0.462018	2	0-5
505	2	yellow_single	2	yellow_single	crpd	CRPD_single	D:\Yolo_LPR_RK3568_FPGA_Project\1_PC_Training\datasets\CRPD\CRPD_single\train\images\1 (651).jpg	D:\Yolo_LPR_RK3568_FPGA_Project\1_PC_Training\datasets\yolo_obb_640\images\train\crpd_CRPD_single_train_1 (651)__r01.jpg	D:\Yolo_LPR_RK3568_FPGA_Project\2_Model_Conversion_PC_Simulation\yolov8_obb\model\obb_quant_dataset_800\quant_0505.jpg	D:\Yolo_LPR_RK3568_FPGA_Project\1_PC_Training\datasets\yolo_obb_640\labels\train\crpd_CRPD_single_train_1 (651)__r01.txt	1	16.908932	0.000000	3	0-5
506	2	yellow_single	2	yellow_single	crpd	CRPD_single	D:\Yolo_LPR_RK3568_FPGA_Project\1_PC_Training\datasets\CRPD\CRPD_single\train\images\1 (725).jpg	D:\Yolo_LPR_RK3568_FPGA_Project\1_PC_Training\datasets\yolo_obb_640\images\train\crpd_CRPD_single_train_1 (725)__r01.jpg	D:\Yolo_LPR_RK3568_FPGA_Project\2_Model_Conversion_PC_Simulation\yolov8_obb\model\obb_quant_dataset_800\quant_0506.jpg	D:\Yolo_LPR_RK3568_FPGA_Project\1_PC_Training\datasets\yolo_obb_640\labels\train\crpd_CRPD_single_train_1 (725)__r01.txt	1	16.515935	1.123210	3	0-5
507	2	yellow_single	2	yellow_single	crpd	CRPD_single	D:\Yolo_LPR_RK3568_FPGA_Project\1_PC_Training\datasets\CRPD\CRPD_single\train\images\1 (728).jpg	D:\Yolo_LPR_RK3568_FPGA_Project\1_PC_Training\datasets\yolo_obb_640\images\train\crpd_CRPD_single_train_1 (728)__r01.jpg	D:\Yolo_LPR_RK3568_FPGA_Project\2_Model_Conversion_PC_Simulation\yolov8_obb\model\obb_quant_dataset_800\quant_0507.jpg	D:\Yolo_LPR_RK3568_FPGA_Project\1_PC_Training\datasets\yolo_obb_640\labels\train\crpd_CRPD_single_train_1 (728)__r01.txt	1	16.922610	0.376912	3	0-5
508	2	yellow_single	2	yellow_single	crpd	CRPD_single	D:\Yolo_LPR_RK3568_FPGA_Project\1_PC_Training\datasets\CRPD\CRPD_single\train\images\1 (750).jpg	D:\Yolo_LPR_RK3568_FPGA_Project\1_PC_Training\datasets\yolo_obb_640\images\train\crpd_CRPD_single_train_1 (750)__r01.jpg	D:\Yolo_LPR_RK3568_FPGA_Project\2_Model_Conversion_PC_Simulation\yolov8_obb\model\obb_quant_dataset_800\quant_0508.jpg	D:\Yolo_LPR_RK3568_FPGA_Project\1_PC_Training\datasets\yolo_obb_640\labels\train\crpd_CRPD_single_train_1 (750)__r01.txt	1	17.690531	0.707263	3	0-5
509	2	yellow_single	2	yellow_single	crpd	CRPD_single	D:\Yolo_LPR_RK3568_FPGA_Project\1_PC_Training\datasets\CRPD\CRPD_single\train\images\40_0044.jpg	D:\Yolo_LPR_RK3568_FPGA_Project\1_PC_Training\datasets\yolo_obb_640\images\train\crpd_CRPD_single_train_40_0044__r01.jpg	D:\Yolo_LPR_RK3568_FPGA_Project\2_Model_Conversion_PC_Simulation\yolov8_obb\model\obb_quant_dataset_800\quant_0509.jpg	D:\Yolo_LPR_RK3568_FPGA_Project\1_PC_Training\datasets\yolo_obb_640\labels\train\crpd_CRPD_single_train_40_0044__r01.txt	1	12.337747	1.606136	1	0-5
510	2	yellow_single	2	yellow_single	crpd	CRPD_single	D:\Yolo_LPR_RK3568_FPGA_Project\1_PC_Training\datasets\CRPD\CRPD_single\train\images\40_0453.jpg	D:\Yolo_LPR_RK3568_FPGA_Project\1_PC_Training\datasets\yolo_obb_640\images\train\crpd_CRPD_single_train_40_0453__r01.jpg	D:\Yolo_LPR_RK3568_FPGA_Project\2_Model_Conversion_PC_Simulation\yolov8_obb\model\obb_quant_dataset_800\quant_0510.jpg	D:\Yolo_LPR_RK3568_FPGA_Project\1_PC_Training\datasets\yolo_obb_640\labels\train\crpd_CRPD_single_train_40_0453__r01.txt	1	12.999960	0.485579	1	0-5
511	2	yellow_single	2	yellow_single	crpd	CRPD_single	D:\Yolo_LPR_RK3568_FPGA_Project\1_PC_Training\datasets\CRPD\CRPD_single\train\images\40_0515.jpg	D:\Yolo_LPR_RK3568_FPGA_Project\1_PC_Training\datasets\yolo_obb_640\images\train\crpd_CRPD_single_train_40_0515__r01.jpg	D:\Yolo_LPR_RK3568_FPGA_Project\2_Model_Conversion_PC_Simulation\yolov8_obb\model\obb_quant_dataset_800\quant_0511.jpg	D:\Yolo_LPR_RK3568_FPGA_Project\1_PC_Training\datasets\yolo_obb_640\labels\train\crpd_CRPD_single_train_40_0515__r01.txt	1	13.670731	1.468930	1	0-5
512	2	yellow_single	2	yellow_single	crpd	CRPD_single	D:\Yolo_LPR_RK3568_FPGA_Project\1_PC_Training\datasets\CRPD\CRPD_single\train\images\40_0638.jpg	D:\Yolo_LPR_RK3568_FPGA_Project\1_PC_Training\datasets\yolo_obb_640\images\train\crpd_CRPD_single_train_40_0638__r01.jpg	D:\Yolo_LPR_RK3568_FPGA_Project\2_Model_Conversion_PC_Simulation\yolov8_obb\model\obb_quant_dataset_800\quant_0512.jpg	D:\Yolo_LPR_RK3568_FPGA_Project\1_PC_Training\datasets\yolo_obb_640\labels\train\crpd_CRPD_single_train_40_0638__r01.txt	1	24.957723	5.797084	3	5-15
513	2	yellow_single	2	yellow_single	crpd	CRPD_single	D:\Yolo_LPR_RK3568_FPGA_Project\1_PC_Training\datasets\CRPD\CRPD_single\train\images\42_0257.jpg	D:\Yolo_LPR_RK3568_FPGA_Project\1_PC_Training\datasets\yolo_obb_640\images\train\crpd_CRPD_single_train_42_0257__r01.jpg	D:\Yolo_LPR_RK3568_FPGA_Project\2_Model_Conversion_PC_Simulation\yolov8_obb\model\obb_quant_dataset_800\quant_0513.jpg	D:\Yolo_LPR_RK3568_FPGA_Project\1_PC_Training\datasets\yolo_obb_640\labels\train\crpd_CRPD_single_train_42_0257__r01.txt	1	9.357154	1.193561	0	0-5
514	2	yellow_single	2	yellow_single	crpd	CRPD_single	D:\Yolo_LPR_RK3568_FPGA_Project\1_PC_Training\datasets\CRPD\CRPD_single\train\images\43_0096.jpg	D:\Yolo_LPR_RK3568_FPGA_Project\1_PC_Training\datasets\yolo_obb_640\images\train\crpd_CRPD_single_train_43_0096__r01.jpg	D:\Yolo_LPR_RK3568_FPGA_Project\2_Model_Conversion_PC_Simulation\yolov8_obb\model\obb_quant_dataset_800\quant_0514.jpg	D:\Yolo_LPR_RK3568_FPGA_Project\1_PC_Training\datasets\yolo_obb_640\labels\train\crpd_CRPD_single_train_43_0096__r01.txt	1	19.216659	1.812698	3	0-5
515	2	yellow_single	2	yellow_single	crpd	CRPD_single	D:\Yolo_LPR_RK3568_FPGA_Project\1_PC_Training\datasets\CRPD\CRPD_single\train\images\43_0495.jpg	D:\Yolo_LPR_RK3568_FPGA_Project\1_PC_Training\datasets\yolo_obb_640\images\train\crpd_CRPD_single_train_43_0495__r01.jpg	D:\Yolo_LPR_RK3568_FPGA_Project\2_Model_Conversion_PC_Simulation\yolov8_obb\model\obb_quant_dataset_800\quant_0515.jpg	D:\Yolo_LPR_RK3568_FPGA_Project\1_PC_Training\datasets\yolo_obb_640\labels\train\crpd_CRPD_single_train_43_0495__r01.txt	1	11.999880	1.958208	0	0-5
516	2	yellow_single	2	yellow_single	crpd	CRPD_single	D:\Yolo_LPR_RK3568_FPGA_Project\1_PC_Training\datasets\CRPD\CRPD_single\train\images\43_0829.jpg	D:\Yolo_LPR_RK3568_FPGA_Project\1_PC_Training\datasets\yolo_obb_640\images\train\crpd_CRPD_single_train_43_0829__r01.jpg	D:\Yolo_LPR_RK3568_FPGA_Project\2_Model_Conversion_PC_Simulation\yolov8_obb\model\obb_quant_dataset_800\quant_0516.jpg	D:\Yolo_LPR_RK3568_FPGA_Project\1_PC_Training\datasets\yolo_obb_640\labels\train\crpd_CRPD_single_train_43_0829__r01.txt	1	11.333160	1.005166	0	0-5
517	2	yellow_single	2	yellow_single	crpd	CRPD_single	D:\Yolo_LPR_RK3568_FPGA_Project\1_PC_Training\datasets\CRPD\CRPD_single\train\images\44_0053.jpg	D:\Yolo_LPR_RK3568_FPGA_Project\1_PC_Training\datasets\yolo_obb_640\images\train\crpd_CRPD_single_train_44_0053__r01.jpg	D:\Yolo_LPR_RK3568_FPGA_Project\2_Model_Conversion_PC_Simulation\yolov8_obb\model\obb_quant_dataset_800\quant_0517.jpg	D:\Yolo_LPR_RK3568_FPGA_Project\1_PC_Training\datasets\yolo_obb_640\labels\train\crpd_CRPD_single_train_44_0053__r01.txt	1	10.749783	2.064003	0	0-5
518	2	yellow_single	2	yellow_single	crpd	CRPD_single	D:\Yolo_LPR_RK3568_FPGA_Project\1_PC_Training\datasets\CRPD\CRPD_single\train\images\44_0268.jpg	D:\Yolo_LPR_RK3568_FPGA_Project\1_PC_Training\datasets\yolo_obb_640\images\train\crpd_CRPD_single_train_44_0268__r01.jpg	D:\Yolo_LPR_RK3568_FPGA_Project\2_Model_Conversion_PC_Simulation\yolov8_obb\model\obb_quant_dataset_800\quant_0518.jpg	D:\Yolo_LPR_RK3568_FPGA_Project\1_PC_Training\datasets\yolo_obb_640\labels\train\crpd_CRPD_single_train_44_0268__r01.txt	1	15.388465	9.385703	2	5-15
519	2	yellow_single	2	yellow_single	crpd	CRPD_single	D:\Yolo_LPR_RK3568_FPGA_Project\1_PC_Training\datasets\CRPD\CRPD_single\train\images\44_0563.jpg	D:\Yolo_LPR_RK3568_FPGA_Project\1_PC_Training\datasets\yolo_obb_640\images\train\crpd_CRPD_single_train_44_0563__r01.jpg	D:\Yolo_LPR_RK3568_FPGA_Project\2_Model_Conversion_PC_Simulation\yolov8_obb\model\obb_quant_dataset_800\quant_0519.jpg	D:\Yolo_LPR_RK3568_FPGA_Project\1_PC_Training\datasets\yolo_obb_640\labels\train\crpd_CRPD_single_train_44_0563__r01.txt	1	12.004512	1.023118	0	0-5
520	2	yellow_single	2	yellow_single	crpd	CRPD_single	D:\Yolo_LPR_RK3568_FPGA_Project\1_PC_Training\datasets\CRPD\CRPD_single\train\images\44_0962.jpg	D:\Yolo_LPR_RK3568_FPGA_Project\1_PC_Training\datasets\yolo_obb_640\images\train\crpd_CRPD_single_train_44_0962__r01.jpg	D:\Yolo_LPR_RK3568_FPGA_Project\2_Model_Conversion_PC_Simulation\yolov8_obb\model\obb_quant_dataset_800\quant_0520.jpg	D:\Yolo_LPR_RK3568_FPGA_Project\1_PC_Training\datasets\yolo_obb_640\labels\train\crpd_CRPD_single_train_44_0962__r01.txt	1	13.703240	5.440383	1	5-15
521	2	yellow_single	2	yellow_single	crpd	CRPD_single	D:\Yolo_LPR_RK3568_FPGA_Project\1_PC_Training\datasets\CRPD\CRPD_single\train\images\44_1016.jpg	D:\Yolo_LPR_RK3568_FPGA_Project\1_PC_Training\datasets\yolo_obb_640\images\train\crpd_CRPD_single_train_44_1016__r01.jpg	D:\Yolo_LPR_RK3568_FPGA_Project\2_Model_Conversion_PC_Simulation\yolov8_obb\model\obb_quant_dataset_800\quant_0521.jpg	D:\Yolo_LPR_RK3568_FPGA_Project\1_PC_Training\datasets\yolo_obb_640\labels\train\crpd_CRPD_single_train_44_1016__r01.txt	1	12.224650	6.340355	1	5-15
522	2	yellow_single	2	yellow_single	crpd	CRPD_single	D:\Yolo_LPR_RK3568_FPGA_Project\1_PC_Training\datasets\CRPD\CRPD_single\train\images\44_1598.jpg	D:\Yolo_LPR_RK3568_FPGA_Project\1_PC_Training\datasets\yolo_obb_640\images\train\crpd_CRPD_single_train_44_1598__r01.jpg	D:\Yolo_LPR_RK3568_FPGA_Project\2_Model_Conversion_PC_Simulation\yolov8_obb\model\obb_quant_dataset_800\quant_0522.jpg	D:\Yolo_LPR_RK3568_FPGA_Project\1_PC_Training\datasets\yolo_obb_640\labels\train\crpd_CRPD_single_train_44_1598__r01.txt	1	14.472262	5.233746	2	5-15
523	2	yellow_single	2	yellow_single	crpd	CRPD_single	D:\Yolo_LPR_RK3568_FPGA_Project\1_PC_Training\datasets\CRPD\CRPD_single\train\images\45_0138.jpg	D:\Yolo_LPR_RK3568_FPGA_Project\1_PC_Training\datasets\yolo_obb_640\images\train\crpd_CRPD_single_train_45_0138__r01.jpg	D:\Yolo_LPR_RK3568_FPGA_Project\2_Model_Conversion_PC_Simulation\yolov8_obb\model\obb_quant_dataset_800\quant_0523.jpg	D:\Yolo_LPR_RK3568_FPGA_Project\1_PC_Training\datasets\yolo_obb_640\labels\train\crpd_CRPD_single_train_45_0138__r01.txt	1	16.031399	5.511378	2	5-15
524	2	yellow_single	2	yellow_single	crpd	CRPD_single	D:\Yolo_LPR_RK3568_FPGA_Project\1_PC_Training\datasets\CRPD\CRPD_single\train\images\45_0162.jpg	D:\Yolo_LPR_RK3568_FPGA_Project\1_PC_Training\datasets\yolo_obb_640\images\train\crpd_CRPD_single_train_45_0162__r01.jpg	D:\Yolo_LPR_RK3568_FPGA_Project\2_Model_Conversion_PC_Simulation\yolov8_obb\model\obb_quant_dataset_800\quant_0524.jpg	D:\Yolo_LPR_RK3568_FPGA_Project\1_PC_Training\datasets\yolo_obb_640\labels\train\crpd_CRPD_single_train_45_0162__r01.txt	1	13.920396	0.451173	2	0-5
525	2	yellow_single	2	yellow_single	crpd	CRPD_single	D:\Yolo_LPR_RK3568_FPGA_Project\1_PC_Training\datasets\CRPD\CRPD_single\train\images\45_0195.jpg	D:\Yolo_LPR_RK3568_FPGA_Project\1_PC_Training\datasets\yolo_obb_640\images\train\crpd_CRPD_single_train_45_0195__r01.jpg	D:\Yolo_LPR_RK3568_FPGA_Project\2_Model_Conversion_PC_Simulation\yolov8_obb\model\obb_quant_dataset_800\quant_0525.jpg	D:\Yolo_LPR_RK3568_FPGA_Project\1_PC_Training\datasets\yolo_obb_640\labels\train\crpd_CRPD_single_train_45_0195__r01.txt	1	12.374099	5.247522	1	5-15
526	2	yellow_single	2	yellow_single	crpd	CRPD_single	D:\Yolo_LPR_RK3568_FPGA_Project\1_PC_Training\datasets\CRPD\CRPD_single\train\images\45_0212.jpg	D:\Yolo_LPR_RK3568_FPGA_Project\1_PC_Training\datasets\yolo_obb_640\images\train\crpd_CRPD_single_train_45_0212__r01.jpg	D:\Yolo_LPR_RK3568_FPGA_Project\2_Model_Conversion_PC_Simulation\yolov8_obb\model\obb_quant_dataset_800\quant_0526.jpg	D:\Yolo_LPR_RK3568_FPGA_Project\1_PC_Training\datasets\yolo_obb_640\labels\train\crpd_CRPD_single_train_45_0212__r01.txt	1	14.681913	1.988368	2	0-5
527	2	yellow_single	2	yellow_single	crpd	CRPD_single	D:\Yolo_LPR_RK3568_FPGA_Project\1_PC_Training\datasets\CRPD\CRPD_single\train\images\45_0255.jpg	D:\Yolo_LPR_RK3568_FPGA_Project\1_PC_Training\datasets\yolo_obb_640\images\train\crpd_CRPD_single_train_45_0255__r01.jpg	D:\Yolo_LPR_RK3568_FPGA_Project\2_Model_Conversion_PC_Simulation\yolov8_obb\model\obb_quant_dataset_800\quant_0527.jpg	D:\Yolo_LPR_RK3568_FPGA_Project\1_PC_Training\datasets\yolo_obb_640\labels\train\crpd_CRPD_single_train_45_0255__r01.txt	1	16.017125	5.161123	2	5-15
528	2	yellow_single	2	yellow_single	crpd	CRPD_single	D:\Yolo_LPR_RK3568_FPGA_Project\1_PC_Training\datasets\CRPD\CRPD_single\train\images\45_0387.jpg	D:\Yolo_LPR_RK3568_FPGA_Project\1_PC_Training\datasets\yolo_obb_640\images\train\crpd_CRPD_single_train_45_0387__r01.jpg	D:\Yolo_LPR_RK3568_FPGA_Project\2_Model_Conversion_PC_Simulation\yolov8_obb\model\obb_quant_dataset_800\quant_0528.jpg	D:\Yolo_LPR_RK3568_FPGA_Project\1_PC_Training\datasets\yolo_obb_640\labels\train\crpd_CRPD_single_train_45_0387__r01.txt	1	19.736927	6.988664	3	5-15
529	2	yellow_single	2	yellow_single	crpd	CRPD_single	D:\Yolo_LPR_RK3568_FPGA_Project\1_PC_Training\datasets\CRPD\CRPD_single\train\images\45_0389.jpg	D:\Yolo_LPR_RK3568_FPGA_Project\1_PC_Training\datasets\yolo_obb_640\images\train\crpd_CRPD_single_train_45_0389__r01.jpg	D:\Yolo_LPR_RK3568_FPGA_Project\2_Model_Conversion_PC_Simulation\yolov8_obb\model\obb_quant_dataset_800\quant_0529.jpg	D:\Yolo_LPR_RK3568_FPGA_Project\1_PC_Training\datasets\yolo_obb_640\labels\train\crpd_CRPD_single_train_45_0389__r01.txt	1	17.866797	6.509077	3	5-15
530	2	yellow_single	2	yellow_single	crpd	CRPD_single	D:\Yolo_LPR_RK3568_FPGA_Project\1_PC_Training\datasets\CRPD\CRPD_single\train\images\45_0493.jpg	D:\Yolo_LPR_RK3568_FPGA_Project\1_PC_Training\datasets\yolo_obb_640\images\train\crpd_CRPD_single_train_45_0493__r01.jpg	D:\Yolo_LPR_RK3568_FPGA_Project\2_Model_Conversion_PC_Simulation\yolov8_obb\model\obb_quant_dataset_800\quant_0530.jpg	D:\Yolo_LPR_RK3568_FPGA_Project\1_PC_Training\datasets\yolo_obb_640\labels\train\crpd_CRPD_single_train_45_0493__r01.txt	1	14.395262	6.581933	2	5-15
531	2	yellow_single	2	yellow_single	crpd	CRPD_single	D:\Yolo_LPR_RK3568_FPGA_Project\1_PC_Training\datasets\CRPD\CRPD_single\train\images\45_0494.jpg	D:\Yolo_LPR_RK3568_FPGA_Project\1_PC_Training\datasets\yolo_obb_640\images\train\crpd_CRPD_single_train_45_0494__r01.jpg	D:\Yolo_LPR_RK3568_FPGA_Project\2_Model_Conversion_PC_Simulation\yolov8_obb\model\obb_quant_dataset_800\quant_0531.jpg	D:\Yolo_LPR_RK3568_FPGA_Project\1_PC_Training\datasets\yolo_obb_640\labels\train\crpd_CRPD_single_train_45_0494__r01.txt	1	14.851222	5.228239	2	5-15
532	2	yellow_single	2	yellow_single	crpd	CRPD_single	D:\Yolo_LPR_RK3568_FPGA_Project\1_PC_Training\datasets\CRPD\CRPD_single\train\images\45_0509.jpg	D:\Yolo_LPR_RK3568_FPGA_Project\1_PC_Training\datasets\yolo_obb_640\images\train\crpd_CRPD_single_train_45_0509__r01.jpg	D:\Yolo_LPR_RK3568_FPGA_Project\2_Model_Conversion_PC_Simulation\yolov8_obb\model\obb_quant_dataset_800\quant_0532.jpg	D:\Yolo_LPR_RK3568_FPGA_Project\1_PC_Training\datasets\yolo_obb_640\labels\train\crpd_CRPD_single_train_45_0509__r01.txt	1	8.881283	8.379020	0	5-15
533	2	yellow_single	2	yellow_single	crpd	CRPD_single	D:\Yolo_LPR_RK3568_FPGA_Project\1_PC_Training\datasets\CRPD\CRPD_single\train\images\45_0543.jpg	D:\Yolo_LPR_RK3568_FPGA_Project\1_PC_Training\datasets\yolo_obb_640\images\train\crpd_CRPD_single_train_45_0543__r01.jpg	D:\Yolo_LPR_RK3568_FPGA_Project\2_Model_Conversion_PC_Simulation\yolov8_obb\model\obb_quant_dataset_800\quant_0533.jpg	D:\Yolo_LPR_RK3568_FPGA_Project\1_PC_Training\datasets\yolo_obb_640\labels\train\crpd_CRPD_single_train_45_0543__r01.txt	1	13.072735	6.897517	1	5-15
534	2	yellow_single	2	yellow_single	crpd	CRPD_single	D:\Yolo_LPR_RK3568_FPGA_Project\1_PC_Training\datasets\CRPD\CRPD_single\train\images\45_0689.jpg	D:\Yolo_LPR_RK3568_FPGA_Project\1_PC_Training\datasets\yolo_obb_640\images\train\crpd_CRPD_single_train_45_0689__r01.jpg	D:\Yolo_LPR_RK3568_FPGA_Project\2_Model_Conversion_PC_Simulation\yolov8_obb\model\obb_quant_dataset_800\quant_0534.jpg	D:\Yolo_LPR_RK3568_FPGA_Project\1_PC_Training\datasets\yolo_obb_640\labels\train\crpd_CRPD_single_train_45_0689__r01.txt	1	15.003466	5.042425	2	5-15
535	2	yellow_single	2	yellow_single	crpd	CRPD_single	D:\Yolo_LPR_RK3568_FPGA_Project\1_PC_Training\datasets\CRPD\CRPD_single\train\images\45_0694.jpg	D:\Yolo_LPR_RK3568_FPGA_Project\1_PC_Training\datasets\yolo_obb_640\images\train\crpd_CRPD_single_train_45_0694__r01.jpg	D:\Yolo_LPR_RK3568_FPGA_Project\2_Model_Conversion_PC_Simulation\yolov8_obb\model\obb_quant_dataset_800\quant_0535.jpg	D:\Yolo_LPR_RK3568_FPGA_Project\1_PC_Training\datasets\yolo_obb_640\labels\train\crpd_CRPD_single_train_45_0694__r01.txt	1	16.343687	8.801640	3	5-15
536	2	yellow_single	2	yellow_single	crpd	CRPD_single	D:\Yolo_LPR_RK3568_FPGA_Project\1_PC_Training\datasets\CRPD\CRPD_single\train\images\45_0783.jpg	D:\Yolo_LPR_RK3568_FPGA_Project\1_PC_Training\datasets\yolo_obb_640\images\train\crpd_CRPD_single_train_45_0783__r01.jpg	D:\Yolo_LPR_RK3568_FPGA_Project\2_Model_Conversion_PC_Simulation\yolov8_obb\model\obb_quant_dataset_800\quant_0536.jpg	D:\Yolo_LPR_RK3568_FPGA_Project\1_PC_Training\datasets\yolo_obb_640\labels\train\crpd_CRPD_single_train_45_0783__r01.txt	1	22.705849	6.339945	3	5-15
537	2	yellow_single	2	yellow_single	crpd	CRPD_single	D:\Yolo_LPR_RK3568_FPGA_Project\1_PC_Training\datasets\CRPD\CRPD_single\train\images\45_0934.jpg	D:\Yolo_LPR_RK3568_FPGA_Project\1_PC_Training\datasets\yolo_obb_640\images\train\crpd_CRPD_single_train_45_0934__r01.jpg	D:\Yolo_LPR_RK3568_FPGA_Project\2_Model_Conversion_PC_Simulation\yolov8_obb\model\obb_quant_dataset_800\quant_0537.jpg	D:\Yolo_LPR_RK3568_FPGA_Project\1_PC_Training\datasets\yolo_obb_640\labels\train\crpd_CRPD_single_train_45_0934__r01.txt	1	4.678577	9.161678	0	5-15
538	2	yellow_single	2	yellow_single	crpd	CRPD_single	D:\Yolo_LPR_RK3568_FPGA_Project\1_PC_Training\datasets\CRPD\CRPD_single\train\images\45_0938.jpg	D:\Yolo_LPR_RK3568_FPGA_Project\1_PC_Training\datasets\yolo_obb_640\images\train\crpd_CRPD_single_train_45_0938__r01.jpg	D:\Yolo_LPR_RK3568_FPGA_Project\2_Model_Conversion_PC_Simulation\yolov8_obb\model\obb_quant_dataset_800\quant_0538.jpg	D:\Yolo_LPR_RK3568_FPGA_Project\1_PC_Training\datasets\yolo_obb_640\labels\train\crpd_CRPD_single_train_45_0938__r01.txt	1	10.671870	6.072329	0	5-15
539	2	yellow_single	2	yellow_single	crpd	CRPD_single	D:\Yolo_LPR_RK3568_FPGA_Project\1_PC_Training\datasets\CRPD\CRPD_single\train\images\45_0941.jpg	D:\Yolo_LPR_RK3568_FPGA_Project\1_PC_Training\datasets\yolo_obb_640\images\train\crpd_CRPD_single_train_45_0941__r01.jpg	D:\Yolo_LPR_RK3568_FPGA_Project\2_Model_Conversion_PC_Simulation\yolov8_obb\model\obb_quant_dataset_800\quant_0539.jpg	D:\Yolo_LPR_RK3568_FPGA_Project\1_PC_Training\datasets\yolo_obb_640\labels\train\crpd_CRPD_single_train_45_0941__r01.txt	1	12.337747	6.215543	1	5-15
540	2	yellow_single	2	yellow_single	crpd	CRPD_single	D:\Yolo_LPR_RK3568_FPGA_Project\1_PC_Training\datasets\CRPD\CRPD_single\train\images\45_0978.jpg	D:\Yolo_LPR_RK3568_FPGA_Project\1_PC_Training\datasets\yolo_obb_640\images\train\crpd_CRPD_single_train_45_0978__r01.jpg	D:\Yolo_LPR_RK3568_FPGA_Project\2_Model_Conversion_PC_Simulation\yolov8_obb\model\obb_quant_dataset_800\quant_0540.jpg	D:\Yolo_LPR_RK3568_FPGA_Project\1_PC_Training\datasets\yolo_obb_640\labels\train\crpd_CRPD_single_train_45_0978__r01.txt	1	12.684143	5.233822	1	5-15
541	2	yellow_single	2	yellow_single	crpd	CRPD_single	D:\Yolo_LPR_RK3568_FPGA_Project\1_PC_Training\datasets\CRPD\CRPD_single\train\images\45_1076.jpg	D:\Yolo_LPR_RK3568_FPGA_Project\1_PC_Training\datasets\yolo_obb_640\images\train\crpd_CRPD_single_train_45_1076__r01.jpg	D:\Yolo_LPR_RK3568_FPGA_Project\2_Model_Conversion_PC_Simulation\yolov8_obb\model\obb_quant_dataset_800\quant_0541.jpg	D:\Yolo_LPR_RK3568_FPGA_Project\1_PC_Training\datasets\yolo_obb_640\labels\train\crpd_CRPD_single_train_45_1076__r01.txt	1	18.070971	6.881918	3	5-15
542	2	yellow_single	2	yellow_single	crpd	CRPD_single	D:\Yolo_LPR_RK3568_FPGA_Project\1_PC_Training\datasets\CRPD\CRPD_single\train\images\45_1275.jpg	D:\Yolo_LPR_RK3568_FPGA_Project\1_PC_Training\datasets\yolo_obb_640\images\train\crpd_CRPD_single_train_45_1275__r01.jpg	D:\Yolo_LPR_RK3568_FPGA_Project\2_Model_Conversion_PC_Simulation\yolov8_obb\model\obb_quant_dataset_800\quant_0542.jpg	D:\Yolo_LPR_RK3568_FPGA_Project\1_PC_Training\datasets\yolo_obb_640\labels\train\crpd_CRPD_single_train_45_1275__r01.txt	1	24.918766	7.907163	3	5-15
543	2	yellow_single	2	yellow_single	crpd	CRPD_single	D:\Yolo_LPR_RK3568_FPGA_Project\1_PC_Training\datasets\CRPD\CRPD_single\train\images\45_1277.jpg	D:\Yolo_LPR_RK3568_FPGA_Project\1_PC_Training\datasets\yolo_obb_640\images\train\crpd_CRPD_single_train_45_1277__r01.jpg	D:\Yolo_LPR_RK3568_FPGA_Project\2_Model_Conversion_PC_Simulation\yolov8_obb\model\obb_quant_dataset_800\quant_0543.jpg	D:\Yolo_LPR_RK3568_FPGA_Project\1_PC_Training\datasets\yolo_obb_640\labels\train\crpd_CRPD_single_train_45_1277__r01.txt	1	23.148066	10.209339	3	5-15
544	2	yellow_single	2	yellow_single	crpd	CRPD_single	D:\Yolo_LPR_RK3568_FPGA_Project\1_PC_Training\datasets\CRPD\CRPD_single\train\images\45_1279.jpg	D:\Yolo_LPR_RK3568_FPGA_Project\1_PC_Training\datasets\yolo_obb_640\images\train\crpd_CRPD_single_train_45_1279__r01.jpg	D:\Yolo_LPR_RK3568_FPGA_Project\2_Model_Conversion_PC_Simulation\yolov8_obb\model\obb_quant_dataset_800\quant_0544.jpg	D:\Yolo_LPR_RK3568_FPGA_Project\1_PC_Training\datasets\yolo_obb_640\labels\train\crpd_CRPD_single_train_45_1279__r01.txt	1	29.659242	5.599451	3	5-15
545	2	yellow_single	2	yellow_single	crpd	CRPD_single	D:\Yolo_LPR_RK3568_FPGA_Project\1_PC_Training\datasets\CRPD\CRPD_single\train\images\45_1365.jpg	D:\Yolo_LPR_RK3568_FPGA_Project\1_PC_Training\datasets\yolo_obb_640\images\train\crpd_CRPD_single_train_45_1365__r01.jpg	D:\Yolo_LPR_RK3568_FPGA_Project\2_Model_Conversion_PC_Simulation\yolov8_obb\model\obb_quant_dataset_800\quant_0545.jpg	D:\Yolo_LPR_RK3568_FPGA_Project\1_PC_Training\datasets\yolo_obb_640\labels\train\crpd_CRPD_single_train_45_1365__r01.txt	1	10.749426	7.057889	0	5-15
546	2	yellow_single	2	yellow_single	crpd	CRPD_single	D:\Yolo_LPR_RK3568_FPGA_Project\1_PC_Training\datasets\CRPD\CRPD_single\train\images\45_1378.jpg	D:\Yolo_LPR_RK3568_FPGA_Project\1_PC_Training\datasets\yolo_obb_640\images\train\crpd_CRPD_single_train_45_1378__r01.jpg	D:\Yolo_LPR_RK3568_FPGA_Project\2_Model_Conversion_PC_Simulation\yolov8_obb\model\obb_quant_dataset_800\quant_0546.jpg	D:\Yolo_LPR_RK3568_FPGA_Project\1_PC_Training\datasets\yolo_obb_640\labels\train\crpd_CRPD_single_train_45_1378__r01.txt	1	16.405037	6.604359	3	5-15
547	2	yellow_single	2	yellow_single	crpd	CRPD_single	D:\Yolo_LPR_RK3568_FPGA_Project\1_PC_Training\datasets\CRPD\CRPD_single\train\images\45_1465.jpg	D:\Yolo_LPR_RK3568_FPGA_Project\1_PC_Training\datasets\yolo_obb_640\images\train\crpd_CRPD_single_train_45_1465__r01.jpg	D:\Yolo_LPR_RK3568_FPGA_Project\2_Model_Conversion_PC_Simulation\yolov8_obb\model\obb_quant_dataset_800\quant_0547.jpg	D:\Yolo_LPR_RK3568_FPGA_Project\1_PC_Training\datasets\yolo_obb_640\labels\train\crpd_CRPD_single_train_45_1465__r01.txt	1	13.152907	1.520896	1	0-5
548	2	yellow_single	2	yellow_single	crpd	CRPD_single	D:\Yolo_LPR_RK3568_FPGA_Project\1_PC_Training\datasets\CRPD\CRPD_single\train\images\45_1475.jpg	D:\Yolo_LPR_RK3568_FPGA_Project\1_PC_Training\datasets\yolo_obb_640\images\train\crpd_CRPD_single_train_45_1475__r01.jpg	D:\Yolo_LPR_RK3568_FPGA_Project\2_Model_Conversion_PC_Simulation\yolov8_obb\model\obb_quant_dataset_800\quant_0548.jpg	D:\Yolo_LPR_RK3568_FPGA_Project\1_PC_Training\datasets\yolo_obb_640\labels\train\crpd_CRPD_single_train_45_1475__r01.txt	1	9.278089	5.397749	0	5-15
549	2	yellow_single	2	yellow_single	crpd	CRPD_single	D:\Yolo_LPR_RK3568_FPGA_Project\1_PC_Training\datasets\CRPD\CRPD_single\train\images\45_1491.jpg	D:\Yolo_LPR_RK3568_FPGA_Project\1_PC_Training\datasets\yolo_obb_640\images\train\crpd_CRPD_single_train_45_1491__r01.jpg	D:\Yolo_LPR_RK3568_FPGA_Project\2_Model_Conversion_PC_Simulation\yolov8_obb\model\obb_quant_dataset_800\quant_0549.jpg	D:\Yolo_LPR_RK3568_FPGA_Project\1_PC_Training\datasets\yolo_obb_640\labels\train\crpd_CRPD_single_train_45_1491__r01.txt	1	12.875205	5.617495	1	5-15
550	2	yellow_single	2	yellow_single	crpd	CRPD_single	D:\Yolo_LPR_RK3568_FPGA_Project\1_PC_Training\datasets\CRPD\CRPD_single\train\images\45_1561.jpg	D:\Yolo_LPR_RK3568_FPGA_Project\1_PC_Training\datasets\yolo_obb_640\images\train\crpd_CRPD_single_train_45_1561__r01.jpg	D:\Yolo_LPR_RK3568_FPGA_Project\2_Model_Conversion_PC_Simulation\yolov8_obb\model\obb_quant_dataset_800\quant_0550.jpg	D:\Yolo_LPR_RK3568_FPGA_Project\1_PC_Training\datasets\yolo_obb_640\labels\train\crpd_CRPD_single_train_45_1561__r01.txt	1	16.014092	6.009009	2	5-15
551	2	yellow_single	2	yellow_single	crpd	CRPD_single	D:\Yolo_LPR_RK3568_FPGA_Project\1_PC_Training\datasets\CRPD\CRPD_single\train\images\46_1077.jpg	D:\Yolo_LPR_RK3568_FPGA_Project\1_PC_Training\datasets\yolo_obb_640\images\train\crpd_CRPD_single_train_46_1077__r01.jpg	D:\Yolo_LPR_RK3568_FPGA_Project\2_Model_Conversion_PC_Simulation\yolov8_obb\model\obb_quant_dataset_800\quant_0551.jpg	D:\Yolo_LPR_RK3568_FPGA_Project\1_PC_Training\datasets\yolo_obb_640\labels\train\crpd_CRPD_single_train_46_1077__r01.txt	1	13.746589	6.286701	2	5-15
552	2	yellow_single	2	yellow_single	crpd	CRPD_single	D:\Yolo_LPR_RK3568_FPGA_Project\1_PC_Training\datasets\CRPD\CRPD_single\train\images\46_1325.jpg	D:\Yolo_LPR_RK3568_FPGA_Project\1_PC_Training\datasets\yolo_obb_640\images\train\crpd_CRPD_single_train_46_1325__r01.jpg	D:\Yolo_LPR_RK3568_FPGA_Project\2_Model_Conversion_PC_Simulation\yolov8_obb\model\obb_quant_dataset_800\quant_0552.jpg	D:\Yolo_LPR_RK3568_FPGA_Project\1_PC_Training\datasets\yolo_obb_640\labels\train\crpd_CRPD_single_train_46_1325__r01.txt	1	14.337263	0.855174	2	0-5
553	2	yellow_single	2	yellow_single	crpd	CRPD_single	D:\Yolo_LPR_RK3568_FPGA_Project\1_PC_Training\datasets\CRPD\CRPD_single\train\images\46_1388.jpg	D:\Yolo_LPR_RK3568_FPGA_Project\1_PC_Training\datasets\yolo_obb_640\images\train\crpd_CRPD_single_train_46_1388__r01.jpg	D:\Yolo_LPR_RK3568_FPGA_Project\2_Model_Conversion_PC_Simulation\yolov8_obb\model\obb_quant_dataset_800\quant_0553.jpg	D:\Yolo_LPR_RK3568_FPGA_Project\1_PC_Training\datasets\yolo_obb_640\labels\train\crpd_CRPD_single_train_46_1388__r01.txt	1	13.333320	0.000000	1	0-5
554	2	yellow_single	2	yellow_single	crpd	CRPD_single	D:\Yolo_LPR_RK3568_FPGA_Project\1_PC_Training\datasets\CRPD\CRPD_single\train\images\46_1418.jpg	D:\Yolo_LPR_RK3568_FPGA_Project\1_PC_Training\datasets\yolo_obb_640\images\train\crpd_CRPD_single_train_46_1418__r01.jpg	D:\Yolo_LPR_RK3568_FPGA_Project\2_Model_Conversion_PC_Simulation\yolov8_obb\model\obb_quant_dataset_800\quant_0554.jpg	D:\Yolo_LPR_RK3568_FPGA_Project\1_PC_Training\datasets\yolo_obb_640\labels\train\crpd_CRPD_single_train_46_1418__r01.txt	1	12.999960	1.660392	1	0-5
555	2	yellow_single	2	yellow_single	crpd	CRPD_single	D:\Yolo_LPR_RK3568_FPGA_Project\1_PC_Training\datasets\CRPD\CRPD_single\train\images\49_0924.jpg	D:\Yolo_LPR_RK3568_FPGA_Project\1_PC_Training\datasets\yolo_obb_640\images\train\crpd_CRPD_single_train_49_0924__r01.jpg	D:\Yolo_LPR_RK3568_FPGA_Project\2_Model_Conversion_PC_Simulation\yolov8_obb\model\obb_quant_dataset_800\quant_0555.jpg	D:\Yolo_LPR_RK3568_FPGA_Project\1_PC_Training\datasets\yolo_obb_640\labels\train\crpd_CRPD_single_train_49_0924__r01.txt	1	9.208851	3.416247	0	0-5
556	2	yellow_single	2	yellow_single	crpd	CRPD_single	D:\Yolo_LPR_RK3568_FPGA_Project\1_PC_Training\datasets\CRPD\CRPD_single\train\images\49_1148.jpg	D:\Yolo_LPR_RK3568_FPGA_Project\1_PC_Training\datasets\yolo_obb_640\images\train\crpd_CRPD_single_train_49_1148__r01.jpg	D:\Yolo_LPR_RK3568_FPGA_Project\2_Model_Conversion_PC_Simulation\yolov8_obb\model\obb_quant_dataset_800\quant_0556.jpg	D:\Yolo_LPR_RK3568_FPGA_Project\1_PC_Training\datasets\yolo_obb_640\labels\train\crpd_CRPD_single_train_49_1148__r01.txt	1	11.377221	6.863550	0	5-15
557	2	yellow_single	2	yellow_single	crpd	CRPD_single	D:\Yolo_LPR_RK3568_FPGA_Project\1_PC_Training\datasets\CRPD\CRPD_single\train\images\51_0169.jpg	D:\Yolo_LPR_RK3568_FPGA_Project\1_PC_Training\datasets\yolo_obb_640\images\train\crpd_CRPD_single_train_51_0169__r01.jpg	D:\Yolo_LPR_RK3568_FPGA_Project\2_Model_Conversion_PC_Simulation\yolov8_obb\model\obb_quant_dataset_800\quant_0557.jpg	D:\Yolo_LPR_RK3568_FPGA_Project\1_PC_Training\datasets\yolo_obb_640\labels\train\crpd_CRPD_single_train_51_0169__r01.txt	1	12.373689	5.483550	1	5-15
558	2	yellow_single	2	yellow_single	crpd	CRPD_single	D:\Yolo_LPR_RK3568_FPGA_Project\1_PC_Training\datasets\CRPD\CRPD_single\train\images\53_0660.jpg	D:\Yolo_LPR_RK3568_FPGA_Project\1_PC_Training\datasets\yolo_obb_640\images\train\crpd_CRPD_single_train_53_0660__r01.jpg	D:\Yolo_LPR_RK3568_FPGA_Project\2_Model_Conversion_PC_Simulation\yolov8_obb\model\obb_quant_dataset_800\quant_0558.jpg	D:\Yolo_LPR_RK3568_FPGA_Project\1_PC_Training\datasets\yolo_obb_640\labels\train\crpd_CRPD_single_train_53_0660__r01.txt	1	13.333320	0.909453	1	0-5
559	2	yellow_single	2	yellow_single	crpd	CRPD_single	D:\Yolo_LPR_RK3568_FPGA_Project\1_PC_Training\datasets\CRPD\CRPD_single\train\images\53_0679.jpg	D:\Yolo_LPR_RK3568_FPGA_Project\1_PC_Training\datasets\yolo_obb_640\images\train\crpd_CRPD_single_train_53_0679__r01.jpg	D:\Yolo_LPR_RK3568_FPGA_Project\2_Model_Conversion_PC_Simulation\yolov8_obb\model\obb_quant_dataset_800\quant_0559.jpg	D:\Yolo_LPR_RK3568_FPGA_Project\1_PC_Training\datasets\yolo_obb_640\labels\train\crpd_CRPD_single_train_53_0679__r01.txt	1	17.679198	1.432216	3	0-5
560	2	yellow_single	2	yellow_single	crpd	CRPD_single	D:\Yolo_LPR_RK3568_FPGA_Project\1_PC_Training\datasets\CRPD\CRPD_single\train\images\53_0696.jpg	D:\Yolo_LPR_RK3568_FPGA_Project\1_PC_Training\datasets\yolo_obb_640\images\train\crpd_CRPD_single_train_53_0696__r01.jpg	D:\Yolo_LPR_RK3568_FPGA_Project\2_Model_Conversion_PC_Simulation\yolov8_obb\model\obb_quant_dataset_800\quant_0560.jpg	D:\Yolo_LPR_RK3568_FPGA_Project\1_PC_Training\datasets\yolo_obb_640\labels\train\crpd_CRPD_single_train_53_0696__r01.txt	1	13.333320	1.548268	1	0-5
561	2	yellow_single	2	yellow_single	crpd	CRPD_single	D:\Yolo_LPR_RK3568_FPGA_Project\1_PC_Training\datasets\CRPD\CRPD_single\train\images\53_0697.jpg	D:\Yolo_LPR_RK3568_FPGA_Project\1_PC_Training\datasets\yolo_obb_640\images\train\crpd_CRPD_single_train_53_0697__r01.jpg	D:\Yolo_LPR_RK3568_FPGA_Project\2_Model_Conversion_PC_Simulation\yolov8_obb\model\obb_quant_dataset_800\quant_0561.jpg	D:\Yolo_LPR_RK3568_FPGA_Project\1_PC_Training\datasets\yolo_obb_640\labels\train\crpd_CRPD_single_train_53_0697__r01.txt	1	11.666880	2.120694	0	0-5
562	2	yellow_single	2	yellow_single	crpd	CRPD_single	D:\Yolo_LPR_RK3568_FPGA_Project\1_PC_Training\datasets\CRPD\CRPD_single\train\images\53_0761.jpg	D:\Yolo_LPR_RK3568_FPGA_Project\1_PC_Training\datasets\yolo_obb_640\images\train\crpd_CRPD_single_train_53_0761__r01.jpg	D:\Yolo_LPR_RK3568_FPGA_Project\2_Model_Conversion_PC_Simulation\yolov8_obb\model\obb_quant_dataset_800\quant_0562.jpg	D:\Yolo_LPR_RK3568_FPGA_Project\1_PC_Training\datasets\yolo_obb_640\labels\train\crpd_CRPD_single_train_53_0761__r01.txt	1	14.333040	0.454755	2	0-5
563	2	yellow_single	2	yellow_single	crpd	CRPD_single	D:\Yolo_LPR_RK3568_FPGA_Project\1_PC_Training\datasets\CRPD\CRPD_single\train\images\54_0650.jpg	D:\Yolo_LPR_RK3568_FPGA_Project\1_PC_Training\datasets\yolo_obb_640\images\train\crpd_CRPD_single_train_54_0650__r01.jpg	D:\Yolo_LPR_RK3568_FPGA_Project\2_Model_Conversion_PC_Simulation\yolov8_obb\model\obb_quant_dataset_800\quant_0563.jpg	D:\Yolo_LPR_RK3568_FPGA_Project\1_PC_Training\datasets\yolo_obb_640\labels\train\crpd_CRPD_single_train_54_0650__r01.txt	1	12.670971	1.023118	1	0-5
564	2	yellow_single	2	yellow_single	crpd	CRPD_single	D:\Yolo_LPR_RK3568_FPGA_Project\1_PC_Training\datasets\CRPD\CRPD_single\train\images\54_0712.jpg	D:\Yolo_LPR_RK3568_FPGA_Project\1_PC_Training\datasets\yolo_obb_640\images\train\crpd_CRPD_single_train_54_0712__r01.jpg	D:\Yolo_LPR_RK3568_FPGA_Project\2_Model_Conversion_PC_Simulation\yolov8_obb\model\obb_quant_dataset_800\quant_0564.jpg	D:\Yolo_LPR_RK3568_FPGA_Project\1_PC_Training\datasets\yolo_obb_640\labels\train\crpd_CRPD_single_train_54_0712__r01.txt	1	18.438929	6.545920	3	5-15
565	2	yellow_single	2	yellow_single	crpd	CRPD_single	D:\Yolo_LPR_RK3568_FPGA_Project\1_PC_Training\datasets\CRPD\CRPD_single\train\images\54_1089.jpg	D:\Yolo_LPR_RK3568_FPGA_Project\1_PC_Training\datasets\yolo_obb_640\images\train\crpd_CRPD_single_train_54_1089__r01.jpg	D:\Yolo_LPR_RK3568_FPGA_Project\2_Model_Conversion_PC_Simulation\yolov8_obb\model\obb_quant_dataset_800\quant_0565.jpg	D:\Yolo_LPR_RK3568_FPGA_Project\1_PC_Training\datasets\yolo_obb_640\labels\train\crpd_CRPD_single_train_54_1089__r01.txt	1	15.999840	0.902291	2	0-5
566	2	yellow_single	2	yellow_single	crpd	CRPD_single	D:\Yolo_LPR_RK3568_FPGA_Project\1_PC_Training\datasets\CRPD\CRPD_single\train\images\55_0903.jpg	D:\Yolo_LPR_RK3568_FPGA_Project\1_PC_Training\datasets\yolo_obb_640\images\train\crpd_CRPD_single_train_55_0903__r01.jpg	D:\Yolo_LPR_RK3568_FPGA_Project\2_Model_Conversion_PC_Simulation\yolov8_obb\model\obb_quant_dataset_800\quant_0566.jpg	D:\Yolo_LPR_RK3568_FPGA_Project\1_PC_Training\datasets\yolo_obb_640\labels\train\crpd_CRPD_single_train_55_0903__r01.txt	1	9.689696	5.505198	0	5-15
567	2	yellow_single	2	yellow_single	crpd	CRPD_single	D:\Yolo_LPR_RK3568_FPGA_Project\1_PC_Training\datasets\CRPD\CRPD_single\train\images\55_0904.jpg	D:\Yolo_LPR_RK3568_FPGA_Project\1_PC_Training\datasets\yolo_obb_640\images\train\crpd_CRPD_single_train_55_0904__r01.jpg	D:\Yolo_LPR_RK3568_FPGA_Project\2_Model_Conversion_PC_Simulation\yolov8_obb\model\obb_quant_dataset_800\quant_0567.jpg	D:\Yolo_LPR_RK3568_FPGA_Project\1_PC_Training\datasets\yolo_obb_640\labels\train\crpd_CRPD_single_train_55_0904__r01.txt	1	8.724105	10.145110	0	5-15
568	2	yellow_single	2	yellow_single	crpd	CRPD_single	D:\Yolo_LPR_RK3568_FPGA_Project\1_PC_Training\datasets\CRPD\CRPD_single\train\images\55_1199.jpg	D:\Yolo_LPR_RK3568_FPGA_Project\1_PC_Training\datasets\yolo_obb_640\images\train\crpd_CRPD_single_train_55_1199__r01.jpg	D:\Yolo_LPR_RK3568_FPGA_Project\2_Model_Conversion_PC_Simulation\yolov8_obb\model\obb_quant_dataset_800\quant_0568.jpg	D:\Yolo_LPR_RK3568_FPGA_Project\1_PC_Training\datasets\yolo_obb_640\labels\train\crpd_CRPD_single_train_55_1199__r01.txt	1	13.337489	2.747821	1	0-5
569	2	yellow_single	2	yellow_single	crpd	CRPD_single	D:\Yolo_LPR_RK3568_FPGA_Project\1_PC_Training\datasets\CRPD\CRPD_single\train\images\56_0055.jpg	D:\Yolo_LPR_RK3568_FPGA_Project\1_PC_Training\datasets\yolo_obb_640\images\train\crpd_CRPD_single_train_56_0055__r01.jpg	D:\Yolo_LPR_RK3568_FPGA_Project\2_Model_Conversion_PC_Simulation\yolov8_obb\model\obb_quant_dataset_800\quant_0569.jpg	D:\Yolo_LPR_RK3568_FPGA_Project\1_PC_Training\datasets\yolo_obb_640\labels\train\crpd_CRPD_single_train_56_0055__r01.txt	1	11.333160	0.000000	0	0-5
570	2	yellow_single	2	yellow_single	crpd	CRPD_single	D:\Yolo_LPR_RK3568_FPGA_Project\1_PC_Training\datasets\CRPD\CRPD_single\train\images\56_0123.jpg	D:\Yolo_LPR_RK3568_FPGA_Project\1_PC_Training\datasets\yolo_obb_640\images\train\crpd_CRPD_single_train_56_0123__r01.jpg	D:\Yolo_LPR_RK3568_FPGA_Project\2_Model_Conversion_PC_Simulation\yolov8_obb\model\obb_quant_dataset_800\quant_0570.jpg	D:\Yolo_LPR_RK3568_FPGA_Project\1_PC_Training\datasets\yolo_obb_640\labels\train\crpd_CRPD_single_train_56_0123__r01.txt	1	10.000080	0.000000	0	0-5
571	2	yellow_single	2	yellow_single	crpd	CRPD_single	D:\Yolo_LPR_RK3568_FPGA_Project\1_PC_Training\datasets\CRPD\CRPD_single\train\images\56_0240.jpg	D:\Yolo_LPR_RK3568_FPGA_Project\1_PC_Training\datasets\yolo_obb_640\images\train\crpd_CRPD_single_train_56_0240__r01.jpg	D:\Yolo_LPR_RK3568_FPGA_Project\2_Model_Conversion_PC_Simulation\yolov8_obb\model\obb_quant_dataset_800\quant_0571.jpg	D:\Yolo_LPR_RK3568_FPGA_Project\1_PC_Training\datasets\yolo_obb_640\labels\train\crpd_CRPD_single_train_56_0240__r01.txt	1	14.000040	5.440312	2	5-15
572	2	yellow_single	2	yellow_single	crpd	CRPD_single	D:\Yolo_LPR_RK3568_FPGA_Project\1_PC_Training\datasets\CRPD\CRPD_single\train\images\56_0368.jpg	D:\Yolo_LPR_RK3568_FPGA_Project\1_PC_Training\datasets\yolo_obb_640\images\train\crpd_CRPD_single_train_56_0368__r01.jpg	D:\Yolo_LPR_RK3568_FPGA_Project\2_Model_Conversion_PC_Simulation\yolov8_obb\model\obb_quant_dataset_800\quant_0572.jpg	D:\Yolo_LPR_RK3568_FPGA_Project\1_PC_Training\datasets\yolo_obb_640\labels\train\crpd_CRPD_single_train_56_0368__r01.txt	1	13.605721	8.054414	1	5-15
573	2	yellow_single	2	yellow_single	crpd	CRPD_single	D:\Yolo_LPR_RK3568_FPGA_Project\1_PC_Training\datasets\CRPD\CRPD_single\train\images\56_0434.jpg	D:\Yolo_LPR_RK3568_FPGA_Project\1_PC_Training\datasets\yolo_obb_640\images\train\crpd_CRPD_single_train_56_0434__r01.jpg	D:\Yolo_LPR_RK3568_FPGA_Project\2_Model_Conversion_PC_Simulation\yolov8_obb\model\obb_quant_dataset_800\quant_0573.jpg	D:\Yolo_LPR_RK3568_FPGA_Project\1_PC_Training\datasets\yolo_obb_640\labels\train\crpd_CRPD_single_train_56_0434__r01.txt	1	11.352764	6.863671	0	5-15
574	2	yellow_single	2	yellow_single	crpd	CRPD_single	D:\Yolo_LPR_RK3568_FPGA_Project\1_PC_Training\datasets\CRPD\CRPD_single\train\images\56_0436.jpg	D:\Yolo_LPR_RK3568_FPGA_Project\1_PC_Training\datasets\yolo_obb_640\images\train\crpd_CRPD_single_train_56_0436__r01.jpg	D:\Yolo_LPR_RK3568_FPGA_Project\2_Model_Conversion_PC_Simulation\yolov8_obb\model\obb_quant_dataset_800\quant_0574.jpg	D:\Yolo_LPR_RK3568_FPGA_Project\1_PC_Training\datasets\yolo_obb_640\labels\train\crpd_CRPD_single_train_56_0436__r01.txt	1	10.672010	5.241659	0	5-15
575	2	yellow_single	2	yellow_single	crpd	CRPD_single	D:\Yolo_LPR_RK3568_FPGA_Project\1_PC_Training\datasets\CRPD\CRPD_single\train\images\56_0440.jpg	D:\Yolo_LPR_RK3568_FPGA_Project\1_PC_Training\datasets\yolo_obb_640\images\train\crpd_CRPD_single_train_56_0440__r01.jpg	D:\Yolo_LPR_RK3568_FPGA_Project\2_Model_Conversion_PC_Simulation\yolov8_obb\model\obb_quant_dataset_800\quant_0575.jpg	D:\Yolo_LPR_RK3568_FPGA_Project\1_PC_Training\datasets\yolo_obb_640\labels\train\crpd_CRPD_single_train_56_0440__r01.txt	1	15.698383	8.841678	2	5-15
576	2	yellow_single	2	yellow_single	crpd	CRPD_single	D:\Yolo_LPR_RK3568_FPGA_Project\1_PC_Training\datasets\CRPD\CRPD_single\train\images\56_0723.jpg	D:\Yolo_LPR_RK3568_FPGA_Project\1_PC_Training\datasets\yolo_obb_640\images\train\crpd_CRPD_single_train_56_0723__r01.jpg	D:\Yolo_LPR_RK3568_FPGA_Project\2_Model_Conversion_PC_Simulation\yolov8_obb\model\obb_quant_dataset_800\quant_0576.jpg	D:\Yolo_LPR_RK3568_FPGA_Project\1_PC_Training\datasets\yolo_obb_640\labels\train\crpd_CRPD_single_train_56_0723__r01.txt	1	13.000320	0.000000	1	0-5
577	2	yellow_single	2	yellow_single	crpd	CRPD_single	D:\Yolo_LPR_RK3568_FPGA_Project\1_PC_Training\datasets\CRPD\CRPD_single\train\images\57_0214.jpg	D:\Yolo_LPR_RK3568_FPGA_Project\1_PC_Training\datasets\yolo_obb_640\images\train\crpd_CRPD_single_train_57_0214__r01.jpg	D:\Yolo_LPR_RK3568_FPGA_Project\2_Model_Conversion_PC_Simulation\yolov8_obb\model\obb_quant_dataset_800\quant_0577.jpg	D:\Yolo_LPR_RK3568_FPGA_Project\1_PC_Training\datasets\yolo_obb_640\labels\train\crpd_CRPD_single_train_57_0214__r01.txt	1	11.045491	5.654888	0	5-15
578	2	yellow_single	2	yellow_single	crpd	CRPD_single	D:\Yolo_LPR_RK3568_FPGA_Project\1_PC_Training\datasets\CRPD\CRPD_single\train\images\57_0527.jpg	D:\Yolo_LPR_RK3568_FPGA_Project\1_PC_Training\datasets\yolo_obb_640\images\train\crpd_CRPD_single_train_57_0527__r01.jpg	D:\Yolo_LPR_RK3568_FPGA_Project\2_Model_Conversion_PC_Simulation\yolov8_obb\model\obb_quant_dataset_800\quant_0578.jpg	D:\Yolo_LPR_RK3568_FPGA_Project\1_PC_Training\datasets\yolo_obb_640\labels\train\crpd_CRPD_single_train_57_0527__r01.txt	1	12.000240	0.000000	0	0-5
579	2	yellow_single	2	yellow_single	crpd	CRPD_single	D:\Yolo_LPR_RK3568_FPGA_Project\1_PC_Training\datasets\CRPD\CRPD_single\train\images\58_0523.jpg	D:\Yolo_LPR_RK3568_FPGA_Project\1_PC_Training\datasets\yolo_obb_640\images\train\crpd_CRPD_single_train_58_0523__r01.jpg	D:\Yolo_LPR_RK3568_FPGA_Project\2_Model_Conversion_PC_Simulation\yolov8_obb\model\obb_quant_dataset_800\quant_0579.jpg	D:\Yolo_LPR_RK3568_FPGA_Project\1_PC_Training\datasets\yolo_obb_640\labels\train\crpd_CRPD_single_train_58_0523__r01.txt	1	10.524854	9.893926	0	5-15
580	2	yellow_single	2	yellow_single	crpd	CRPD_single	D:\Yolo_LPR_RK3568_FPGA_Project\1_PC_Training\datasets\CRPD\CRPD_single\train\images\58_1096.jpg	D:\Yolo_LPR_RK3568_FPGA_Project\1_PC_Training\datasets\yolo_obb_640\images\train\crpd_CRPD_single_train_58_1096__r01.jpg	D:\Yolo_LPR_RK3568_FPGA_Project\2_Model_Conversion_PC_Simulation\yolov8_obb\model\obb_quant_dataset_800\quant_0580.jpg	D:\Yolo_LPR_RK3568_FPGA_Project\1_PC_Training\datasets\yolo_obb_640\labels\train\crpd_CRPD_single_train_58_1096__r01.txt	1	15.999840	4.085617	2	0-5
581	2	yellow_single	2	yellow_single	crpd	CRPD_single	D:\Yolo_LPR_RK3568_FPGA_Project\1_PC_Training\datasets\CRPD\CRPD_single\train\images\60_0160.jpg	D:\Yolo_LPR_RK3568_FPGA_Project\1_PC_Training\datasets\yolo_obb_640\images\train\crpd_CRPD_single_train_60_0160__r01.jpg	D:\Yolo_LPR_RK3568_FPGA_Project\2_Model_Conversion_PC_Simulation\yolov8_obb\model\obb_quant_dataset_800\quant_0581.jpg	D:\Yolo_LPR_RK3568_FPGA_Project\1_PC_Training\datasets\yolo_obb_640\labels\train\crpd_CRPD_single_train_60_0160__r01.txt	1	11.666520	0.525684	0	0-5
582	2	yellow_single	2	yellow_single	crpd	CRPD_single	D:\Yolo_LPR_RK3568_FPGA_Project\1_PC_Training\datasets\CRPD\CRPD_single\train\images\60_0878.jpg	D:\Yolo_LPR_RK3568_FPGA_Project\1_PC_Training\datasets\yolo_obb_640\images\train\crpd_CRPD_single_train_60_0878__r01.jpg	D:\Yolo_LPR_RK3568_FPGA_Project\2_Model_Conversion_PC_Simulation\yolov8_obb\model\obb_quant_dataset_800\quant_0582.jpg	D:\Yolo_LPR_RK3568_FPGA_Project\1_PC_Training\datasets\yolo_obb_640\labels\train\crpd_CRPD_single_train_60_0878__r01.txt	1	14.670175	0.440759	2	0-5
583	2	yellow_single	2	yellow_single	crpd	CRPD_single	D:\Yolo_LPR_RK3568_FPGA_Project\1_PC_Training\datasets\CRPD\CRPD_single\train\images\61_0011.jpg	D:\Yolo_LPR_RK3568_FPGA_Project\1_PC_Training\datasets\yolo_obb_640\images\train\crpd_CRPD_single_train_61_0011__r01.jpg	D:\Yolo_LPR_RK3568_FPGA_Project\2_Model_Conversion_PC_Simulation\yolov8_obb\model\obb_quant_dataset_800\quant_0583.jpg	D:\Yolo_LPR_RK3568_FPGA_Project\1_PC_Training\datasets\yolo_obb_640\labels\train\crpd_CRPD_single_train_61_0011__r01.txt	1	12.706038	5.440278	1	5-15
584	2	yellow_single	2	yellow_single	crpd	CRPD_single	D:\Yolo_LPR_RK3568_FPGA_Project\1_PC_Training\datasets\CRPD\CRPD_single\train\images\61_0407.jpg	D:\Yolo_LPR_RK3568_FPGA_Project\1_PC_Training\datasets\yolo_obb_640\images\train\crpd_CRPD_single_train_61_0407__r01.jpg	D:\Yolo_LPR_RK3568_FPGA_Project\2_Model_Conversion_PC_Simulation\yolov8_obb\model\obb_quant_dataset_800\quant_0584.jpg	D:\Yolo_LPR_RK3568_FPGA_Project\1_PC_Training\datasets\yolo_obb_640\labels\train\crpd_CRPD_single_train_61_0407__r01.txt	1	14.000040	0.000000	2	0-5
585	2	yellow_single	2	yellow_single	crpd	CRPD_single	D:\Yolo_LPR_RK3568_FPGA_Project\1_PC_Training\datasets\CRPD\CRPD_single\train\images\61_0670.jpg	D:\Yolo_LPR_RK3568_FPGA_Project\1_PC_Training\datasets\yolo_obb_640\images\train\crpd_CRPD_single_train_61_0670__r01.jpg	D:\Yolo_LPR_RK3568_FPGA_Project\2_Model_Conversion_PC_Simulation\yolov8_obb\model\obb_quant_dataset_800\quant_0585.jpg	D:\Yolo_LPR_RK3568_FPGA_Project\1_PC_Training\datasets\yolo_obb_640\labels\train\crpd_CRPD_single_train_61_0670__r01.txt	1	11.666520	5.101965	0	5-15
586	2	yellow_single	2	yellow_single	crpd	CRPD_single	D:\Yolo_LPR_RK3568_FPGA_Project\1_PC_Training\datasets\CRPD\CRPD_single\train\images\61_0792.jpg	D:\Yolo_LPR_RK3568_FPGA_Project\1_PC_Training\datasets\yolo_obb_640\images\train\crpd_CRPD_single_train_61_0792__r01.jpg	D:\Yolo_LPR_RK3568_FPGA_Project\2_Model_Conversion_PC_Simulation\yolov8_obb\model\obb_quant_dataset_800\quant_0586.jpg	D:\Yolo_LPR_RK3568_FPGA_Project\1_PC_Training\datasets\yolo_obb_640\labels\train\crpd_CRPD_single_train_61_0792__r01.txt	1	22.399680	2.740791	3	0-5
587	2	yellow_single	2	yellow_single	crpd	CRPD_single	D:\Yolo_LPR_RK3568_FPGA_Project\1_PC_Training\datasets\CRPD\CRPD_single\train\images\66_0193.jpg	D:\Yolo_LPR_RK3568_FPGA_Project\1_PC_Training\datasets\yolo_obb_640\images\train\crpd_CRPD_single_train_66_0193__r01.jpg	D:\Yolo_LPR_RK3568_FPGA_Project\2_Model_Conversion_PC_Simulation\yolov8_obb\model\obb_quant_dataset_800\quant_0587.jpg	D:\Yolo_LPR_RK3568_FPGA_Project\1_PC_Training\datasets\yolo_obb_640\labels\train\crpd_CRPD_single_train_66_0193__r01.txt	1	12.684143	2.236664	1	0-5
588	2	yellow_single	2	yellow_single	crpd	CRPD_single	D:\Yolo_LPR_RK3568_FPGA_Project\1_PC_Training\datasets\CRPD\CRPD_single\train\images\66_0240.jpg	D:\Yolo_LPR_RK3568_FPGA_Project\1_PC_Training\datasets\yolo_obb_640\images\train\crpd_CRPD_single_train_66_0240__r01.jpg	D:\Yolo_LPR_RK3568_FPGA_Project\2_Model_Conversion_PC_Simulation\yolov8_obb\model\obb_quant_dataset_800\quant_0588.jpg	D:\Yolo_LPR_RK3568_FPGA_Project\1_PC_Training\datasets\yolo_obb_640\labels\train\crpd_CRPD_single_train_66_0240__r01.txt	1	11.666880	0.987301	0	0-5
589	2	yellow_single	2	yellow_single	crpd	CRPD_single	D:\Yolo_LPR_RK3568_FPGA_Project\1_PC_Training\datasets\CRPD\CRPD_single\train\images\66_0333.jpg	D:\Yolo_LPR_RK3568_FPGA_Project\1_PC_Training\datasets\yolo_obb_640\images\train\crpd_CRPD_single_train_66_0333__r01.jpg	D:\Yolo_LPR_RK3568_FPGA_Project\2_Model_Conversion_PC_Simulation\yolov8_obb\model\obb_quant_dataset_800\quant_0589.jpg	D:\Yolo_LPR_RK3568_FPGA_Project\1_PC_Training\datasets\yolo_obb_640\labels\train\crpd_CRPD_single_train_66_0333__r01.txt	1	16.804761	0.000000	3	0-5
590	2	yellow_single	2	yellow_single	crpd	CRPD_single	D:\Yolo_LPR_RK3568_FPGA_Project\1_PC_Training\datasets\CRPD\CRPD_single\train\images\66_0401.jpg	D:\Yolo_LPR_RK3568_FPGA_Project\1_PC_Training\datasets\yolo_obb_640\images\train\crpd_CRPD_single_train_66_0401__r01.jpg	D:\Yolo_LPR_RK3568_FPGA_Project\2_Model_Conversion_PC_Simulation\yolov8_obb\model\obb_quant_dataset_800\quant_0590.jpg	D:\Yolo_LPR_RK3568_FPGA_Project\1_PC_Training\datasets\yolo_obb_640\labels\train\crpd_CRPD_single_train_66_0401__r01.txt	1	12.825135	7.480659	1	5-15
591	2	yellow_single	2	yellow_single	crpd	CRPD_single	D:\Yolo_LPR_RK3568_FPGA_Project\1_PC_Training\datasets\CRPD\CRPD_single\train\images\66_0573.jpg	D:\Yolo_LPR_RK3568_FPGA_Project\1_PC_Training\datasets\yolo_obb_640\images\train\crpd_CRPD_single_train_66_0573__r01.jpg	D:\Yolo_LPR_RK3568_FPGA_Project\2_Model_Conversion_PC_Simulation\yolov8_obb\model\obb_quant_dataset_800\quant_0591.jpg	D:\Yolo_LPR_RK3568_FPGA_Project\1_PC_Training\datasets\yolo_obb_640\labels\train\crpd_CRPD_single_train_66_0573__r01.txt	1	12.705987	5.483550	1	5-15
592	2	yellow_single	2	yellow_single	crpd	CRPD_single	D:\Yolo_LPR_RK3568_FPGA_Project\1_PC_Training\datasets\CRPD\CRPD_single\train\images\66_0705.jpg	D:\Yolo_LPR_RK3568_FPGA_Project\1_PC_Training\datasets\yolo_obb_640\images\train\crpd_CRPD_single_train_66_0705__r01.jpg	D:\Yolo_LPR_RK3568_FPGA_Project\2_Model_Conversion_PC_Simulation\yolov8_obb\model\obb_quant_dataset_800\quant_0592.jpg	D:\Yolo_LPR_RK3568_FPGA_Project\1_PC_Training\datasets\yolo_obb_640\labels\train\crpd_CRPD_single_train_66_0705__r01.txt	1	13.370744	5.617583	1	5-15
593	2	yellow_single	2	yellow_single	crpd	CRPD_single	D:\Yolo_LPR_RK3568_FPGA_Project\1_PC_Training\datasets\CRPD\CRPD_single\train\images\66_0722.jpg	D:\Yolo_LPR_RK3568_FPGA_Project\1_PC_Training\datasets\yolo_obb_640\images\train\crpd_CRPD_single_train_66_0722__r01.jpg	D:\Yolo_LPR_RK3568_FPGA_Project\2_Model_Conversion_PC_Simulation\yolov8_obb\model\obb_quant_dataset_800\quant_0593.jpg	D:\Yolo_LPR_RK3568_FPGA_Project\1_PC_Training\datasets\yolo_obb_640\labels\train\crpd_CRPD_single_train_66_0722__r01.txt	1	12.736560	2.967993	1	0-5
594	2	yellow_single	2	yellow_single	crpd	CRPD_single	D:\Yolo_LPR_RK3568_FPGA_Project\1_PC_Training\datasets\CRPD\CRPD_single\train\images\66_0933.jpg	D:\Yolo_LPR_RK3568_FPGA_Project\1_PC_Training\datasets\yolo_obb_640\images\train\crpd_CRPD_single_train_66_0933__r01.jpg	D:\Yolo_LPR_RK3568_FPGA_Project\2_Model_Conversion_PC_Simulation\yolov8_obb\model\obb_quant_dataset_800\quant_0594.jpg	D:\Yolo_LPR_RK3568_FPGA_Project\1_PC_Training\datasets\yolo_obb_640\labels\train\crpd_CRPD_single_train_66_0933__r01.txt	1	16.336603	1.101794	3	0-5
595	2	yellow_single	2	yellow_single	crpd	CRPD_single	D:\Yolo_LPR_RK3568_FPGA_Project\1_PC_Training\datasets\CRPD\CRPD_single\train\images\66_1052.jpg	D:\Yolo_LPR_RK3568_FPGA_Project\1_PC_Training\datasets\yolo_obb_640\images\train\crpd_CRPD_single_train_66_1052__r01.jpg	D:\Yolo_LPR_RK3568_FPGA_Project\2_Model_Conversion_PC_Simulation\yolov8_obb\model\obb_quant_dataset_800\quant_0595.jpg	D:\Yolo_LPR_RK3568_FPGA_Project\1_PC_Training\datasets\yolo_obb_640\labels\train\crpd_CRPD_single_train_66_1052__r01.txt	1	10.338459	0.550945	0	0-5
596	2	yellow_single	2	yellow_single	crpd	CRPD_single	D:\Yolo_LPR_RK3568_FPGA_Project\1_PC_Training\datasets\CRPD\CRPD_single\train\images\66_1430.jpg	D:\Yolo_LPR_RK3568_FPGA_Project\1_PC_Training\datasets\yolo_obb_640\images\train\crpd_CRPD_single_train_66_1430__r01.jpg	D:\Yolo_LPR_RK3568_FPGA_Project\2_Model_Conversion_PC_Simulation\yolov8_obb\model\obb_quant_dataset_800\quant_0596.jpg	D:\Yolo_LPR_RK3568_FPGA_Project\1_PC_Training\datasets\yolo_obb_640\labels\train\crpd_CRPD_single_train_66_1430__r01.txt	1	24.429810	5.739213	3	5-15
597	2	yellow_single	2	yellow_single	crpd	CRPD_single	D:\Yolo_LPR_RK3568_FPGA_Project\1_PC_Training\datasets\CRPD\CRPD_single\train\images\66_1474.jpg	D:\Yolo_LPR_RK3568_FPGA_Project\1_PC_Training\datasets\yolo_obb_640\images\train\crpd_CRPD_single_train_66_1474__r01.jpg	D:\Yolo_LPR_RK3568_FPGA_Project\2_Model_Conversion_PC_Simulation\yolov8_obb\model\obb_quant_dataset_800\quant_0597.jpg	D:\Yolo_LPR_RK3568_FPGA_Project\1_PC_Training\datasets\yolo_obb_640\labels\train\crpd_CRPD_single_train_66_1474__r01.txt	1	14.488616	5.194617	2	5-15
598	2	yellow_single	2	yellow_single	crpd	CRPD_single	D:\Yolo_LPR_RK3568_FPGA_Project\1_PC_Training\datasets\CRPD\CRPD_single\train\images\66_1476.jpg	D:\Yolo_LPR_RK3568_FPGA_Project\1_PC_Training\datasets\yolo_obb_640\images\train\crpd_CRPD_single_train_66_1476__r01.jpg	D:\Yolo_LPR_RK3568_FPGA_Project\2_Model_Conversion_PC_Simulation\yolov8_obb\model\obb_quant_dataset_800\quant_0598.jpg	D:\Yolo_LPR_RK3568_FPGA_Project\1_PC_Training\datasets\yolo_obb_640\labels\train\crpd_CRPD_single_train_66_1476__r01.txt	1	14.405554	5.416630	2	5-15
599	2	yellow_single	2	yellow_single	crpd	CRPD_single	D:\Yolo_LPR_RK3568_FPGA_Project\1_PC_Training\datasets\CRPD\CRPD_single\train\images\66_1757.jpg	D:\Yolo_LPR_RK3568_FPGA_Project\1_PC_Training\datasets\yolo_obb_640\images\train\crpd_CRPD_single_train_66_1757__r01.jpg	D:\Yolo_LPR_RK3568_FPGA_Project\2_Model_Conversion_PC_Simulation\yolov8_obb\model\obb_quant_dataset_800\quant_0599.jpg	D:\Yolo_LPR_RK3568_FPGA_Project\1_PC_Training\datasets\yolo_obb_640\labels\train\crpd_CRPD_single_train_66_1757__r01.txt	1	14.670550	0.000000	2	0-5
600	3	other	0,3	blue,other	crpd	CRPD_double	D:\Yolo_LPR_RK3568_FPGA_Project\1_PC_Training\datasets\CRPD\CRPD_double\train\images\45_0677.jpg	D:\Yolo_LPR_RK3568_FPGA_Project\1_PC_Training\datasets\yolo_obb_640\images\train\crpd_CRPD_double_train_45_0677__r01.jpg	D:\Yolo_LPR_RK3568_FPGA_Project\2_Model_Conversion_PC_Simulation\yolov8_obb\model\obb_quant_dataset_800\quant_0600.jpg	D:\Yolo_LPR_RK3568_FPGA_Project\1_PC_Training\datasets\yolo_obb_640\labels\train\crpd_CRPD_double_train_45_0677__r01.txt	2	10.540934	2.219849	0	0-5
601	3	other	0,3	blue,other	crpd	CRPD_double	D:\Yolo_LPR_RK3568_FPGA_Project\1_PC_Training\datasets\CRPD\CRPD_double\train\images\45_1355.jpg	D:\Yolo_LPR_RK3568_FPGA_Project\1_PC_Training\datasets\yolo_obb_640\images\train\crpd_CRPD_double_train_45_1355__r01.jpg	D:\Yolo_LPR_RK3568_FPGA_Project\2_Model_Conversion_PC_Simulation\yolov8_obb\model\obb_quant_dataset_800\quant_0601.jpg	D:\Yolo_LPR_RK3568_FPGA_Project\1_PC_Training\datasets\yolo_obb_640\labels\train\crpd_CRPD_double_train_45_1355__r01.txt	2	11.377221	0.550945	0	0-5
602	3	other	0,3	blue,other	crpd	CRPD_double	D:\Yolo_LPR_RK3568_FPGA_Project\1_PC_Training\datasets\CRPD\CRPD_double\train\images\55_1009.jpg	D:\Yolo_LPR_RK3568_FPGA_Project\1_PC_Training\datasets\yolo_obb_640\images\train\crpd_CRPD_double_train_55_1009__r01.jpg	D:\Yolo_LPR_RK3568_FPGA_Project\2_Model_Conversion_PC_Simulation\yolov8_obb\model\obb_quant_dataset_800\quant_0602.jpg	D:\Yolo_LPR_RK3568_FPGA_Project\1_PC_Training\datasets\yolo_obb_640\labels\train\crpd_CRPD_double_train_55_1009__r01.txt	2	11.377165	0.996441	0	0-5
603	3	other	0,3	blue,other	crpd	CRPD_double	D:\Yolo_LPR_RK3568_FPGA_Project\1_PC_Training\datasets\CRPD\CRPD_double\train\images\61_0112.jpg	D:\Yolo_LPR_RK3568_FPGA_Project\1_PC_Training\datasets\yolo_obb_640\images\train\crpd_CRPD_double_train_61_0112__r01.jpg	D:\Yolo_LPR_RK3568_FPGA_Project\2_Model_Conversion_PC_Simulation\yolov8_obb\model\obb_quant_dataset_800\quant_0603.jpg	D:\Yolo_LPR_RK3568_FPGA_Project\1_PC_Training\datasets\yolo_obb_640\labels\train\crpd_CRPD_double_train_61_0112__r01.txt	2	15.999840	2.267728	2	0-5
604	3	other	0,3	blue,other	crpd	CRPD_double	D:\Yolo_LPR_RK3568_FPGA_Project\1_PC_Training\datasets\CRPD\CRPD_double\train\images\61_0203.jpg	D:\Yolo_LPR_RK3568_FPGA_Project\1_PC_Training\datasets\yolo_obb_640\images\train\crpd_CRPD_double_train_61_0203__r01.jpg	D:\Yolo_LPR_RK3568_FPGA_Project\2_Model_Conversion_PC_Simulation\yolov8_obb\model\obb_quant_dataset_800\quant_0604.jpg	D:\Yolo_LPR_RK3568_FPGA_Project\1_PC_Training\datasets\yolo_obb_640\labels\train\crpd_CRPD_double_train_61_0203__r01.txt	2	16.336603	1.613675	2	0-5
605	3	other	0,3	blue,other	crpd	CRPD_double	D:\Yolo_LPR_RK3568_FPGA_Project\1_PC_Training\datasets\CRPD\CRPD_double\train\images\61_0226.jpg	D:\Yolo_LPR_RK3568_FPGA_Project\1_PC_Training\datasets\yolo_obb_640\images\train\crpd_CRPD_double_train_61_0226__r01.jpg	D:\Yolo_LPR_RK3568_FPGA_Project\2_Model_Conversion_PC_Simulation\yolov8_obb\model\obb_quant_dataset_800\quant_0605.jpg	D:\Yolo_LPR_RK3568_FPGA_Project\1_PC_Training\datasets\yolo_obb_640\labels\train\crpd_CRPD_double_train_61_0226__r01.txt	2	12.670988	0.000000	1	0-5
606	3	other	0,3	blue,other	crpd	CRPD_double	D:\Yolo_LPR_RK3568_FPGA_Project\1_PC_Training\datasets\CRPD\CRPD_double\train\images\62_0047.jpg	D:\Yolo_LPR_RK3568_FPGA_Project\1_PC_Training\datasets\yolo_obb_640\images\train\crpd_CRPD_double_train_62_0047__r01.jpg	D:\Yolo_LPR_RK3568_FPGA_Project\2_Model_Conversion_PC_Simulation\yolov8_obb\model\obb_quant_dataset_800\quant_0606.jpg	D:\Yolo_LPR_RK3568_FPGA_Project\1_PC_Training\datasets\yolo_obb_640\labels\train\crpd_CRPD_double_train_62_0047__r01.txt	2	14.337263	2.525876	1	0-5
607	3	other	0,3	blue,other	crpd	CRPD_double	D:\Yolo_LPR_RK3568_FPGA_Project\1_PC_Training\datasets\CRPD\CRPD_double\train\images\62_0168.jpg	D:\Yolo_LPR_RK3568_FPGA_Project\1_PC_Training\datasets\yolo_obb_640\images\train\crpd_CRPD_double_train_62_0168__r01.jpg	D:\Yolo_LPR_RK3568_FPGA_Project\2_Model_Conversion_PC_Simulation\yolov8_obb\model\obb_quant_dataset_800\quant_0607.jpg	D:\Yolo_LPR_RK3568_FPGA_Project\1_PC_Training\datasets\yolo_obb_640\labels\train\crpd_CRPD_double_train_62_0168__r01.txt	2	16.000320	0.450958	2	0-5
608	3	other	0,3	blue,other	crpd	CRPD_double	D:\Yolo_LPR_RK3568_FPGA_Project\1_PC_Training\datasets\CRPD\CRPD_double\train\images\62_0513.jpg	D:\Yolo_LPR_RK3568_FPGA_Project\1_PC_Training\datasets\yolo_obb_640\images\train\crpd_CRPD_double_train_62_0513__r01.jpg	D:\Yolo_LPR_RK3568_FPGA_Project\2_Model_Conversion_PC_Simulation\yolov8_obb\model\obb_quant_dataset_800\quant_0608.jpg	D:\Yolo_LPR_RK3568_FPGA_Project\1_PC_Training\datasets\yolo_obb_640\labels\train\crpd_CRPD_double_train_62_0513__r01.txt	2	11.000160	1.133882	0	0-5
609	3	other	0,3	blue,other	crpd	CRPD_double	D:\Yolo_LPR_RK3568_FPGA_Project\1_PC_Training\datasets\CRPD\CRPD_double\train\images\62_0540.jpg	D:\Yolo_LPR_RK3568_FPGA_Project\1_PC_Training\datasets\yolo_obb_640\images\train\crpd_CRPD_double_train_62_0540__r01.jpg	D:\Yolo_LPR_RK3568_FPGA_Project\2_Model_Conversion_PC_Simulation\yolov8_obb\model\obb_quant_dataset_800\quant_0609.jpg	D:\Yolo_LPR_RK3568_FPGA_Project\1_PC_Training\datasets\yolo_obb_640\labels\train\crpd_CRPD_double_train_62_0540__r01.txt	2	15.014937	6.072464	1	5-15
610	3	other	0,3	blue,other	crpd	CRPD_double	D:\Yolo_LPR_RK3568_FPGA_Project\1_PC_Training\datasets\CRPD\CRPD_double\train\images\62_0872.jpg	D:\Yolo_LPR_RK3568_FPGA_Project\1_PC_Training\datasets\yolo_obb_640\images\train\crpd_CRPD_double_train_62_0872__r01.jpg	D:\Yolo_LPR_RK3568_FPGA_Project\2_Model_Conversion_PC_Simulation\yolov8_obb\model\obb_quant_dataset_800\quant_0610.jpg	D:\Yolo_LPR_RK3568_FPGA_Project\1_PC_Training\datasets\yolo_obb_640\labels\train\crpd_CRPD_double_train_62_0872__r01.txt	2	12.666600	0.000000	0	0-5
611	3	other	0,3	blue,other	crpd	CRPD_double	D:\Yolo_LPR_RK3568_FPGA_Project\1_PC_Training\datasets\CRPD\CRPD_double\train\images\62_0903.jpg	D:\Yolo_LPR_RK3568_FPGA_Project\1_PC_Training\datasets\yolo_obb_640\images\train\crpd_CRPD_double_train_62_0903__r01.jpg	D:\Yolo_LPR_RK3568_FPGA_Project\2_Model_Conversion_PC_Simulation\yolov8_obb\model\obb_quant_dataset_800\quant_0611.jpg	D:\Yolo_LPR_RK3568_FPGA_Project\1_PC_Training\datasets\yolo_obb_640\labels\train\crpd_CRPD_double_train_62_0903__r01.txt	2	14.400000	1.591140	1	0-5
612	3	other	0,3	blue,other	crpd	CRPD_double	D:\Yolo_LPR_RK3568_FPGA_Project\1_PC_Training\datasets\CRPD\CRPD_double\train\images\62_1887.jpg	D:\Yolo_LPR_RK3568_FPGA_Project\1_PC_Training\datasets\yolo_obb_640\images\train\crpd_CRPD_double_train_62_1887__r01.jpg	D:\Yolo_LPR_RK3568_FPGA_Project\2_Model_Conversion_PC_Simulation\yolov8_obb\model\obb_quant_dataset_800\quant_0612.jpg	D:\Yolo_LPR_RK3568_FPGA_Project\1_PC_Training\datasets\yolo_obb_640\labels\train\crpd_CRPD_double_train_62_1887__r01.txt	2	8.427663	5.869768	0	5-15
613	3	other	0,3	blue,other	crpd	CRPD_double	D:\Yolo_LPR_RK3568_FPGA_Project\1_PC_Training\datasets\CRPD\CRPD_double\train\images\62_1906.jpg	D:\Yolo_LPR_RK3568_FPGA_Project\1_PC_Training\datasets\yolo_obb_640\images\train\crpd_CRPD_double_train_62_1906__r01.jpg	D:\Yolo_LPR_RK3568_FPGA_Project\2_Model_Conversion_PC_Simulation\yolov8_obb\model\obb_quant_dataset_800\quant_0613.jpg	D:\Yolo_LPR_RK3568_FPGA_Project\1_PC_Training\datasets\yolo_obb_640\labels\train\crpd_CRPD_double_train_62_1906__r01.txt	2	10.628389	5.042183	0	5-15
614	3	other	0,3	blue,other	crpd	CRPD_double	D:\Yolo_LPR_RK3568_FPGA_Project\1_PC_Training\datasets\CRPD\CRPD_double\train\images\62_2037.jpg	D:\Yolo_LPR_RK3568_FPGA_Project\1_PC_Training\datasets\yolo_obb_640\images\train\crpd_CRPD_double_train_62_2037__r01.jpg	D:\Yolo_LPR_RK3568_FPGA_Project\2_Model_Conversion_PC_Simulation\yolov8_obb\model\obb_quant_dataset_800\quant_0614.jpg	D:\Yolo_LPR_RK3568_FPGA_Project\1_PC_Training\datasets\yolo_obb_640\labels\train\crpd_CRPD_double_train_62_2037__r01.txt	2	9.876946	7.352049	0	5-15
615	3	other	0,3	blue,other	crpd	CRPD_double	D:\Yolo_LPR_RK3568_FPGA_Project\1_PC_Training\datasets\CRPD\CRPD_double\train\images\62_2086.jpg	D:\Yolo_LPR_RK3568_FPGA_Project\1_PC_Training\datasets\yolo_obb_640\images\train\crpd_CRPD_double_train_62_2086__r01.jpg	D:\Yolo_LPR_RK3568_FPGA_Project\2_Model_Conversion_PC_Simulation\yolov8_obb\model\obb_quant_dataset_800\quant_0615.jpg	D:\Yolo_LPR_RK3568_FPGA_Project\1_PC_Training\datasets\yolo_obb_640\labels\train\crpd_CRPD_double_train_62_2086__r01.txt	2	10.373688	5.937563	0	5-15
616	3	other	0,3	blue,other	crpd	CRPD_double	D:\Yolo_LPR_RK3568_FPGA_Project\1_PC_Training\datasets\CRPD\CRPD_double\train\images\62_2326.jpg	D:\Yolo_LPR_RK3568_FPGA_Project\1_PC_Training\datasets\yolo_obb_640\images\train\crpd_CRPD_double_train_62_2326__r01.jpg	D:\Yolo_LPR_RK3568_FPGA_Project\2_Model_Conversion_PC_Simulation\yolov8_obb\model\obb_quant_dataset_800\quant_0616.jpg	D:\Yolo_LPR_RK3568_FPGA_Project\1_PC_Training\datasets\yolo_obb_640\labels\train\crpd_CRPD_double_train_62_2326__r01.txt	2	18.811644	4.763701	2	0-5
617	3	other	0,3	blue,other	crpd	CRPD_double	D:\Yolo_LPR_RK3568_FPGA_Project\1_PC_Training\datasets\CRPD\CRPD_double\train\images\62_2330.jpg	D:\Yolo_LPR_RK3568_FPGA_Project\1_PC_Training\datasets\yolo_obb_640\images\train\crpd_CRPD_double_train_62_2330__r01.jpg	D:\Yolo_LPR_RK3568_FPGA_Project\2_Model_Conversion_PC_Simulation\yolov8_obb\model\obb_quant_dataset_800\quant_0617.jpg	D:\Yolo_LPR_RK3568_FPGA_Project\1_PC_Training\datasets\yolo_obb_640\labels\train\crpd_CRPD_double_train_62_2330__r01.txt	2	14.799840	0.506826	1	0-5
618	3	other	0,3	blue,other	crpd	CRPD_double	D:\Yolo_LPR_RK3568_FPGA_Project\1_PC_Training\datasets\CRPD\CRPD_double\train\images\65_0376.jpg	D:\Yolo_LPR_RK3568_FPGA_Project\1_PC_Training\datasets\yolo_obb_640\images\train\crpd_CRPD_double_train_65_0376__r01.jpg	D:\Yolo_LPR_RK3568_FPGA_Project\2_Model_Conversion_PC_Simulation\yolov8_obb\model\obb_quant_dataset_800\quant_0618.jpg	D:\Yolo_LPR_RK3568_FPGA_Project\1_PC_Training\datasets\yolo_obb_640\labels\train\crpd_CRPD_double_train_65_0376__r01.txt	2	8.673027	2.935980	0	0-5
619	3	other	0,3	blue,other	crpd	CRPD_double	D:\Yolo_LPR_RK3568_FPGA_Project\1_PC_Training\datasets\CRPD\CRPD_double\train\images\65_0425.jpg	D:\Yolo_LPR_RK3568_FPGA_Project\1_PC_Training\datasets\yolo_obb_640\images\train\crpd_CRPD_double_train_65_0425__r01.jpg	D:\Yolo_LPR_RK3568_FPGA_Project\2_Model_Conversion_PC_Simulation\yolov8_obb\model\obb_quant_dataset_800\quant_0619.jpg	D:\Yolo_LPR_RK3568_FPGA_Project\1_PC_Training\datasets\yolo_obb_640\labels\train\crpd_CRPD_double_train_65_0425__r01.txt	2	7.999680	0.000000	0	0-5
620	3	other	0,3	blue,other	crpd	CRPD_double	D:\Yolo_LPR_RK3568_FPGA_Project\1_PC_Training\datasets\CRPD\CRPD_double\train\images\65_0439.jpg	D:\Yolo_LPR_RK3568_FPGA_Project\1_PC_Training\datasets\yolo_obb_640\images\train\crpd_CRPD_double_train_65_0439__r01.jpg	D:\Yolo_LPR_RK3568_FPGA_Project\2_Model_Conversion_PC_Simulation\yolov8_obb\model\obb_quant_dataset_800\quant_0620.jpg	D:\Yolo_LPR_RK3568_FPGA_Project\1_PC_Training\datasets\yolo_obb_640\labels\train\crpd_CRPD_double_train_65_0439__r01.txt	2	10.333080	1.112485	0	0-5
621	3	other	0,3	blue,other	crpd	CRPD_double	D:\Yolo_LPR_RK3568_FPGA_Project\1_PC_Training\datasets\CRPD\CRPD_double\train\images\65_0712.jpg	D:\Yolo_LPR_RK3568_FPGA_Project\1_PC_Training\datasets\yolo_obb_640\images\train\crpd_CRPD_double_train_65_0712__r01.jpg	D:\Yolo_LPR_RK3568_FPGA_Project\2_Model_Conversion_PC_Simulation\yolov8_obb\model\obb_quant_dataset_800\quant_0621.jpg	D:\Yolo_LPR_RK3568_FPGA_Project\1_PC_Training\datasets\yolo_obb_640\labels\train\crpd_CRPD_double_train_65_0712__r01.txt	2	7.999920	0.000000	0	0-5
622	3	other	0,3	blue,other	crpd	CRPD_double	D:\Yolo_LPR_RK3568_FPGA_Project\1_PC_Training\datasets\CRPD\CRPD_double\train\images\66_0293.jpg	D:\Yolo_LPR_RK3568_FPGA_Project\1_PC_Training\datasets\yolo_obb_640\images\train\crpd_CRPD_double_train_66_0293__r01.jpg	D:\Yolo_LPR_RK3568_FPGA_Project\2_Model_Conversion_PC_Simulation\yolov8_obb\model\obb_quant_dataset_800\quant_0622.jpg	D:\Yolo_LPR_RK3568_FPGA_Project\1_PC_Training\datasets\yolo_obb_640\labels\train\crpd_CRPD_double_train_66_0293__r01.txt	2	11.020317	5.079330	0	5-15
623	3	other	0,3	blue,other	crpd	CRPD_double	D:\Yolo_LPR_RK3568_FPGA_Project\1_PC_Training\datasets\CRPD\CRPD_double\train\images\66_0636.jpg	D:\Yolo_LPR_RK3568_FPGA_Project\1_PC_Training\datasets\yolo_obb_640\images\train\crpd_CRPD_double_train_66_0636__r01.jpg	D:\Yolo_LPR_RK3568_FPGA_Project\2_Model_Conversion_PC_Simulation\yolov8_obb\model\obb_quant_dataset_800\quant_0623.jpg	D:\Yolo_LPR_RK3568_FPGA_Project\1_PC_Training\datasets\yolo_obb_640\labels\train\crpd_CRPD_double_train_66_0636__r01.txt	2	12.684109	0.000000	1	0-5
624	3	other	0,3	blue,other	crpd	CRPD_double	D:\Yolo_LPR_RK3568_FPGA_Project\1_PC_Training\datasets\CRPD\CRPD_double\train\images\66_0677.jpg	D:\Yolo_LPR_RK3568_FPGA_Project\1_PC_Training\datasets\yolo_obb_640\images\train\crpd_CRPD_double_train_66_0677__r01.jpg	D:\Yolo_LPR_RK3568_FPGA_Project\2_Model_Conversion_PC_Simulation\yolov8_obb\model\obb_quant_dataset_800\quant_0624.jpg	D:\Yolo_LPR_RK3568_FPGA_Project\1_PC_Training\datasets\yolo_obb_640\labels\train\crpd_CRPD_double_train_66_0677__r01.txt	2	12.337747	2.769953	0	0-5
625	3	other	0,3	blue,other	crpd	CRPD_double	D:\Yolo_LPR_RK3568_FPGA_Project\1_PC_Training\datasets\CRPD\CRPD_double\train\images\66_0716.jpg	D:\Yolo_LPR_RK3568_FPGA_Project\1_PC_Training\datasets\yolo_obb_640\images\train\crpd_CRPD_double_train_66_0716__r01.jpg	D:\Yolo_LPR_RK3568_FPGA_Project\2_Model_Conversion_PC_Simulation\yolov8_obb\model\obb_quant_dataset_800\quant_0625.jpg	D:\Yolo_LPR_RK3568_FPGA_Project\1_PC_Training\datasets\yolo_obb_640\labels\train\crpd_CRPD_double_train_66_0716__r01.txt	2	15.246976	0.000000	2	0-5
626	3	other	2,3	yellow_single,other	crpd	CRPD_double	D:\Yolo_LPR_RK3568_FPGA_Project\1_PC_Training\datasets\CRPD\CRPD_double\train\images\66_0725.jpg	D:\Yolo_LPR_RK3568_FPGA_Project\1_PC_Training\datasets\yolo_obb_640\images\train\crpd_CRPD_double_train_66_0725__r01.jpg	D:\Yolo_LPR_RK3568_FPGA_Project\2_Model_Conversion_PC_Simulation\yolov8_obb\model\obb_quant_dataset_800\quant_0626.jpg	D:\Yolo_LPR_RK3568_FPGA_Project\1_PC_Training\datasets\yolo_obb_640\labels\train\crpd_CRPD_double_train_66_0725__r01.txt	2	12.670988	1.374948	1	0-5
627	3	other	0,3	blue,other	crpd	CRPD_double	D:\Yolo_LPR_RK3568_FPGA_Project\1_PC_Training\datasets\CRPD\CRPD_double\train\images\66_0845.jpg	D:\Yolo_LPR_RK3568_FPGA_Project\1_PC_Training\datasets\yolo_obb_640\images\train\crpd_CRPD_double_train_66_0845__r01.jpg	D:\Yolo_LPR_RK3568_FPGA_Project\2_Model_Conversion_PC_Simulation\yolov8_obb\model\obb_quant_dataset_800\quant_0627.jpg	D:\Yolo_LPR_RK3568_FPGA_Project\1_PC_Training\datasets\yolo_obb_640\labels\train\crpd_CRPD_double_train_66_0845__r01.txt	2	12.666600	0.485587	0	0-5
628	3	other	0,3	blue,other	crpd	CRPD_double	D:\Yolo_LPR_RK3568_FPGA_Project\1_PC_Training\datasets\CRPD\CRPD_double\train\images\66_0883.jpg	D:\Yolo_LPR_RK3568_FPGA_Project\1_PC_Training\datasets\yolo_obb_640\images\train\crpd_CRPD_double_train_66_0883__r01.jpg	D:\Yolo_LPR_RK3568_FPGA_Project\2_Model_Conversion_PC_Simulation\yolov8_obb\model\obb_quant_dataset_800\quant_0628.jpg	D:\Yolo_LPR_RK3568_FPGA_Project\1_PC_Training\datasets\yolo_obb_640\labels\train\crpd_CRPD_double_train_66_0883__r01.txt	2	16.679871	0.000000	2	0-5
629	3	other	0,3	blue,other	crpd	CRPD_double	D:\Yolo_LPR_RK3568_FPGA_Project\1_PC_Training\datasets\CRPD\CRPD_double\train\images\66_0896.jpg	D:\Yolo_LPR_RK3568_FPGA_Project\1_PC_Training\datasets\yolo_obb_640\images\train\crpd_CRPD_double_train_66_0896__r01.jpg	D:\Yolo_LPR_RK3568_FPGA_Project\2_Model_Conversion_PC_Simulation\yolov8_obb\model\obb_quant_dataset_800\quant_0629.jpg	D:\Yolo_LPR_RK3568_FPGA_Project\1_PC_Training\datasets\yolo_obb_640\labels\train\crpd_CRPD_double_train_66_0896__r01.txt	2	13.004219	2.327983	1	0-5
630	3	other	0,3	blue,other	crpd	CRPD_double	D:\Yolo_LPR_RK3568_FPGA_Project\1_PC_Training\datasets\CRPD\CRPD_double\train\images\66_1101.jpg	D:\Yolo_LPR_RK3568_FPGA_Project\1_PC_Training\datasets\yolo_obb_640\images\train\crpd_CRPD_double_train_66_1101__r01.jpg	D:\Yolo_LPR_RK3568_FPGA_Project\2_Model_Conversion_PC_Simulation\yolov8_obb\model\obb_quant_dataset_800\quant_0630.jpg	D:\Yolo_LPR_RK3568_FPGA_Project\1_PC_Training\datasets\yolo_obb_640\labels\train\crpd_CRPD_double_train_66_1101__r01.txt	2	21.002517	3.853462	3	0-5
631	3	other	0,3	blue,other	crpd	CRPD_double	D:\Yolo_LPR_RK3568_FPGA_Project\1_PC_Training\datasets\CRPD\CRPD_double\train\images\66_1360.jpg	D:\Yolo_LPR_RK3568_FPGA_Project\1_PC_Training\datasets\yolo_obb_640\images\train\crpd_CRPD_double_train_66_1360__r01.jpg	D:\Yolo_LPR_RK3568_FPGA_Project\2_Model_Conversion_PC_Simulation\yolov8_obb\model\obb_quant_dataset_800\quant_0631.jpg	D:\Yolo_LPR_RK3568_FPGA_Project\1_PC_Training\datasets\yolo_obb_640\labels\train\crpd_CRPD_double_train_66_1360__r01.txt	2	13.000320	6.234992	1	5-15
632	3	other	0,3	blue,other	crpd	CRPD_double	D:\Yolo_LPR_RK3568_FPGA_Project\1_PC_Training\datasets\CRPD\CRPD_double\train\images\66_1495.jpg	D:\Yolo_LPR_RK3568_FPGA_Project\1_PC_Training\datasets\yolo_obb_640\images\train\crpd_CRPD_double_train_66_1495__r01.jpg	D:\Yolo_LPR_RK3568_FPGA_Project\2_Model_Conversion_PC_Simulation\yolov8_obb\model\obb_quant_dataset_800\quant_0632.jpg	D:\Yolo_LPR_RK3568_FPGA_Project\1_PC_Training\datasets\yolo_obb_640\labels\train\crpd_CRPD_double_train_66_1495__r01.txt	2	12.670988	0.451173	0	0-5
633	3	other	2,3	yellow_single,other	crpd	CRPD_double	D:\Yolo_LPR_RK3568_FPGA_Project\1_PC_Training\datasets\CRPD\CRPD_double\train\images\66_1563.jpg	D:\Yolo_LPR_RK3568_FPGA_Project\1_PC_Training\datasets\yolo_obb_640\images\train\crpd_CRPD_double_train_66_1563__r01.jpg	D:\Yolo_LPR_RK3568_FPGA_Project\2_Model_Conversion_PC_Simulation\yolov8_obb\model\obb_quant_dataset_800\quant_0633.jpg	D:\Yolo_LPR_RK3568_FPGA_Project\1_PC_Training\datasets\yolo_obb_640\labels\train\crpd_CRPD_double_train_66_1563__r01.txt	2	12.670988	0.447648	1	0-5
634	3	other	0,3	blue,other	crpd	CRPD_double	D:\Yolo_LPR_RK3568_FPGA_Project\1_PC_Training\datasets\CRPD\CRPD_double\train\images\66_1695.jpg	D:\Yolo_LPR_RK3568_FPGA_Project\1_PC_Training\datasets\yolo_obb_640\images\train\crpd_CRPD_double_train_66_1695__r01.jpg	D:\Yolo_LPR_RK3568_FPGA_Project\2_Model_Conversion_PC_Simulation\yolov8_obb\model\obb_quant_dataset_800\quant_0634.jpg	D:\Yolo_LPR_RK3568_FPGA_Project\1_PC_Training\datasets\yolo_obb_640\labels\train\crpd_CRPD_double_train_66_1695__r01.txt	2	16.999920	0.678078	2	0-5
635	3	other	0,3	blue,other	crpd	CRPD_double	D:\Yolo_LPR_RK3568_FPGA_Project\1_PC_Training\datasets\CRPD\CRPD_double\train\images\66_1748.jpg	D:\Yolo_LPR_RK3568_FPGA_Project\1_PC_Training\datasets\yolo_obb_640\images\train\crpd_CRPD_double_train_66_1748__r01.jpg	D:\Yolo_LPR_RK3568_FPGA_Project\2_Model_Conversion_PC_Simulation\yolov8_obb\model\obb_quant_dataset_800\quant_0635.jpg	D:\Yolo_LPR_RK3568_FPGA_Project\1_PC_Training\datasets\yolo_obb_640\labels\train\crpd_CRPD_double_train_66_1748__r01.txt	2	15.681027	1.537484	2	0-5
636	3	other	0,3	blue,other	crpd	CRPD_double	D:\Yolo_LPR_RK3568_FPGA_Project\1_PC_Training\datasets\CRPD\CRPD_double\train\images\66_1750.jpg	D:\Yolo_LPR_RK3568_FPGA_Project\1_PC_Training\datasets\yolo_obb_640\images\train\crpd_CRPD_double_train_66_1750__r01.jpg	D:\Yolo_LPR_RK3568_FPGA_Project\2_Model_Conversion_PC_Simulation\yolov8_obb\model\obb_quant_dataset_800\quant_0636.jpg	D:\Yolo_LPR_RK3568_FPGA_Project\1_PC_Training\datasets\yolo_obb_640\labels\train\crpd_CRPD_double_train_66_1750__r01.txt	2	12.333240	5.792813	0	5-15
637	3	other	0,3	blue,other	crpd	CRPD_multi	D:\Yolo_LPR_RK3568_FPGA_Project\1_PC_Training\datasets\CRPD\CRPD_multi\train\images\36_0453.jpg	D:\Yolo_LPR_RK3568_FPGA_Project\1_PC_Training\datasets\yolo_obb_640\images\train\crpd_CRPD_multi_train_36_0453__r01.jpg	D:\Yolo_LPR_RK3568_FPGA_Project\2_Model_Conversion_PC_Simulation\yolov8_obb\model\obb_quant_dataset_800\quant_0637.jpg	D:\Yolo_LPR_RK3568_FPGA_Project\1_PC_Training\datasets\yolo_obb_640\labels\train\crpd_CRPD_multi_train_36_0453__r01.txt	3	15.646086	3.708851	2	0-5
638	3	other	0,3	blue,other	crpd	CRPD_multi	D:\Yolo_LPR_RK3568_FPGA_Project\1_PC_Training\datasets\CRPD\CRPD_multi\train\images\56_0536.jpg	D:\Yolo_LPR_RK3568_FPGA_Project\1_PC_Training\datasets\yolo_obb_640\images\train\crpd_CRPD_multi_train_56_0536__r01.jpg	D:\Yolo_LPR_RK3568_FPGA_Project\2_Model_Conversion_PC_Simulation\yolov8_obb\model\obb_quant_dataset_800\quant_0638.jpg	D:\Yolo_LPR_RK3568_FPGA_Project\1_PC_Training\datasets\yolo_obb_640\labels\train\crpd_CRPD_multi_train_56_0536__r01.txt	3	7.333200	0.000000	0	0-5
639	3	other	0,3	blue,other	crpd	CRPD_multi	D:\Yolo_LPR_RK3568_FPGA_Project\1_PC_Training\datasets\CRPD\CRPD_multi\train\images\58_0922.jpg	D:\Yolo_LPR_RK3568_FPGA_Project\1_PC_Training\datasets\yolo_obb_640\images\train\crpd_CRPD_multi_train_58_0922__r01.jpg	D:\Yolo_LPR_RK3568_FPGA_Project\2_Model_Conversion_PC_Simulation\yolov8_obb\model\obb_quant_dataset_800\quant_0639.jpg	D:\Yolo_LPR_RK3568_FPGA_Project\1_PC_Training\datasets\yolo_obb_640\labels\train\crpd_CRPD_multi_train_58_0922__r01.txt	4	7.000200	3.576548	0	0-5
640	3	other	0,3	blue,other	crpd	CRPD_multi	D:\Yolo_LPR_RK3568_FPGA_Project\1_PC_Training\datasets\CRPD\CRPD_multi\train\images\60_0318.jpg	D:\Yolo_LPR_RK3568_FPGA_Project\1_PC_Training\datasets\yolo_obb_640\images\train\crpd_CRPD_multi_train_60_0318__r01.jpg	D:\Yolo_LPR_RK3568_FPGA_Project\2_Model_Conversion_PC_Simulation\yolov8_obb\model\obb_quant_dataset_800\quant_0640.jpg	D:\Yolo_LPR_RK3568_FPGA_Project\1_PC_Training\datasets\yolo_obb_640\labels\train\crpd_CRPD_multi_train_60_0318__r01.txt	3	7.999920	0.795787	0	0-5
641	3	other	0,3	blue,other	crpd	CRPD_multi	D:\Yolo_LPR_RK3568_FPGA_Project\1_PC_Training\datasets\CRPD\CRPD_multi\train\images\60_0420.jpg	D:\Yolo_LPR_RK3568_FPGA_Project\1_PC_Training\datasets\yolo_obb_640\images\train\crpd_CRPD_multi_train_60_0420__r01.jpg	D:\Yolo_LPR_RK3568_FPGA_Project\2_Model_Conversion_PC_Simulation\yolov8_obb\model\obb_quant_dataset_800\quant_0641.jpg	D:\Yolo_LPR_RK3568_FPGA_Project\1_PC_Training\datasets\yolo_obb_640\labels\train\crpd_CRPD_multi_train_60_0420__r01.txt	3	7.673808	1.507531	0	0-5
642	3	other	0,3	blue,other	crpd	CRPD_multi	D:\Yolo_LPR_RK3568_FPGA_Project\1_PC_Training\datasets\CRPD\CRPD_multi\train\images\62_0512.jpg	D:\Yolo_LPR_RK3568_FPGA_Project\1_PC_Training\datasets\yolo_obb_640\images\train\crpd_CRPD_multi_train_62_0512__r01.jpg	D:\Yolo_LPR_RK3568_FPGA_Project\2_Model_Conversion_PC_Simulation\yolov8_obb\model\obb_quant_dataset_800\quant_0642.jpg	D:\Yolo_LPR_RK3568_FPGA_Project\1_PC_Training\datasets\yolo_obb_640\labels\train\crpd_CRPD_multi_train_62_0512__r01.txt	3	12.666600	0.000000	0	0-5
643	3	other	0,3	blue,other	crpd	CRPD_multi	D:\Yolo_LPR_RK3568_FPGA_Project\1_PC_Training\datasets\CRPD\CRPD_multi\train\images\62_0778.jpg	D:\Yolo_LPR_RK3568_FPGA_Project\1_PC_Training\datasets\yolo_obb_640\images\train\crpd_CRPD_multi_train_62_0778__r01.jpg	D:\Yolo_LPR_RK3568_FPGA_Project\2_Model_Conversion_PC_Simulation\yolov8_obb\model\obb_quant_dataset_800\quant_0643.jpg	D:\Yolo_LPR_RK3568_FPGA_Project\1_PC_Training\datasets\yolo_obb_640\labels\train\crpd_CRPD_multi_train_62_0778__r01.txt	4	11.005213	2.700279	0	0-5
644	3	other	0,3	blue,other	crpd	CRPD_multi	D:\Yolo_LPR_RK3568_FPGA_Project\1_PC_Training\datasets\CRPD\CRPD_multi\train\images\62_0826.jpg	D:\Yolo_LPR_RK3568_FPGA_Project\1_PC_Training\datasets\yolo_obb_640\images\train\crpd_CRPD_multi_train_62_0826__r01.jpg	D:\Yolo_LPR_RK3568_FPGA_Project\2_Model_Conversion_PC_Simulation\yolov8_obb\model\obb_quant_dataset_800\quant_0644.jpg	D:\Yolo_LPR_RK3568_FPGA_Project\1_PC_Training\datasets\yolo_obb_640\labels\train\crpd_CRPD_multi_train_62_0826__r01.txt	3	10.672010	3.691642	0	0-5
645	3	other	0,3	blue,other	crpd	CRPD_multi	D:\Yolo_LPR_RK3568_FPGA_Project\1_PC_Training\datasets\CRPD\CRPD_multi\train\images\62_2314.jpg	D:\Yolo_LPR_RK3568_FPGA_Project\1_PC_Training\datasets\yolo_obb_640\images\train\crpd_CRPD_multi_train_62_2314__r01.jpg	D:\Yolo_LPR_RK3568_FPGA_Project\2_Model_Conversion_PC_Simulation\yolov8_obb\model\obb_quant_dataset_800\quant_0645.jpg	D:\Yolo_LPR_RK3568_FPGA_Project\1_PC_Training\datasets\yolo_obb_640\labels\train\crpd_CRPD_multi_train_62_2314__r01.txt	4	11.333160	0.540557	0	0-5
646	3	other	0,3	blue,other	crpd	CRPD_multi	D:\Yolo_LPR_RK3568_FPGA_Project\1_PC_Training\datasets\CRPD\CRPD_multi\train\images\65_0362.jpg	D:\Yolo_LPR_RK3568_FPGA_Project\1_PC_Training\datasets\yolo_obb_640\images\train\crpd_CRPD_multi_train_65_0362__r01.jpg	D:\Yolo_LPR_RK3568_FPGA_Project\2_Model_Conversion_PC_Simulation\yolov8_obb\model\obb_quant_dataset_800\quant_0646.jpg	D:\Yolo_LPR_RK3568_FPGA_Project\1_PC_Training\datasets\yolo_obb_640\labels\train\crpd_CRPD_multi_train_65_0362__r01.txt	3	7.000200	1.487993	0	0-5
647	3	other	0,3	blue,other	crpd	CRPD_multi	D:\Yolo_LPR_RK3568_FPGA_Project\1_PC_Training\datasets\CRPD\CRPD_multi\train\images\66_0965.jpg	D:\Yolo_LPR_RK3568_FPGA_Project\1_PC_Training\datasets\yolo_obb_640\images\train\crpd_CRPD_multi_train_66_0965__r01.jpg	D:\Yolo_LPR_RK3568_FPGA_Project\2_Model_Conversion_PC_Simulation\yolov8_obb\model\obb_quant_dataset_800\quant_0647.jpg	D:\Yolo_LPR_RK3568_FPGA_Project\1_PC_Training\datasets\yolo_obb_640\labels\train\crpd_CRPD_multi_train_66_0965__r01.txt	3	10.672010	4.666572	0	0-5
648	3	other	3	other	crpd	CRPD_single	D:\Yolo_LPR_RK3568_FPGA_Project\1_PC_Training\datasets\CRPD\CRPD_single\train\images\44_1571.jpg	D:\Yolo_LPR_RK3568_FPGA_Project\1_PC_Training\datasets\yolo_obb_640\images\train\crpd_CRPD_single_train_44_1571__r01.jpg	D:\Yolo_LPR_RK3568_FPGA_Project\2_Model_Conversion_PC_Simulation\yolov8_obb\model\obb_quant_dataset_800\quant_0648.jpg	D:\Yolo_LPR_RK3568_FPGA_Project\1_PC_Training\datasets\yolo_obb_640\labels\train\crpd_CRPD_single_train_44_1571__r01.txt	1	11.685924	1.735827	0	0-5
649	3	other	3	other	crpd	CRPD_single	D:\Yolo_LPR_RK3568_FPGA_Project\1_PC_Training\datasets\CRPD\CRPD_single\train\images\54_0018.jpg	D:\Yolo_LPR_RK3568_FPGA_Project\1_PC_Training\datasets\yolo_obb_640\images\train\crpd_CRPD_single_train_54_0018__r01.jpg	D:\Yolo_LPR_RK3568_FPGA_Project\2_Model_Conversion_PC_Simulation\yolov8_obb\model\obb_quant_dataset_800\quant_0649.jpg	D:\Yolo_LPR_RK3568_FPGA_Project\1_PC_Training\datasets\yolo_obb_640\labels\train\crpd_CRPD_single_train_54_0018__r01.txt	1	18.803935	0.485934	2	0-5
650	3	other	3	other	crpd	CRPD_single	D:\Yolo_LPR_RK3568_FPGA_Project\1_PC_Training\datasets\CRPD\CRPD_single\train\images\54_0182.jpg	D:\Yolo_LPR_RK3568_FPGA_Project\1_PC_Training\datasets\yolo_obb_640\images\train\crpd_CRPD_single_train_54_0182__r01.jpg	D:\Yolo_LPR_RK3568_FPGA_Project\2_Model_Conversion_PC_Simulation\yolov8_obb\model\obb_quant_dataset_800\quant_0650.jpg	D:\Yolo_LPR_RK3568_FPGA_Project\1_PC_Training\datasets\yolo_obb_640\labels\train\crpd_CRPD_single_train_54_0182__r01.txt	1	18.404187	1.385918	2	0-5
651	3	other	3	other	crpd	CRPD_single	D:\Yolo_LPR_RK3568_FPGA_Project\1_PC_Training\datasets\CRPD\CRPD_single\train\images\61_0204.jpg	D:\Yolo_LPR_RK3568_FPGA_Project\1_PC_Training\datasets\yolo_obb_640\images\train\crpd_CRPD_single_train_61_0204__r01.jpg	D:\Yolo_LPR_RK3568_FPGA_Project\2_Model_Conversion_PC_Simulation\yolov8_obb\model\obb_quant_dataset_800\quant_0651.jpg	D:\Yolo_LPR_RK3568_FPGA_Project\1_PC_Training\datasets\yolo_obb_640\labels\train\crpd_CRPD_single_train_61_0204__r01.txt	1	16.363803	1.684803	2	0-5
652	3	other	3	other	crpd	CRPD_single	D:\Yolo_LPR_RK3568_FPGA_Project\1_PC_Training\datasets\CRPD\CRPD_single\train\images\62_0114.jpg	D:\Yolo_LPR_RK3568_FPGA_Project\1_PC_Training\datasets\yolo_obb_640\images\train\crpd_CRPD_single_train_62_0114__r01.jpg	D:\Yolo_LPR_RK3568_FPGA_Project\2_Model_Conversion_PC_Simulation\yolov8_obb\model\obb_quant_dataset_800\quant_0652.jpg	D:\Yolo_LPR_RK3568_FPGA_Project\1_PC_Training\datasets\yolo_obb_640\labels\train\crpd_CRPD_single_train_62_0114__r01.txt	1	21.707613	4.236428	3	0-5
653	3	other	3	other	crpd	CRPD_single	D:\Yolo_LPR_RK3568_FPGA_Project\1_PC_Training\datasets\CRPD\CRPD_single\train\images\62_0118.jpg	D:\Yolo_LPR_RK3568_FPGA_Project\1_PC_Training\datasets\yolo_obb_640\images\train\crpd_CRPD_single_train_62_0118__r01.jpg	D:\Yolo_LPR_RK3568_FPGA_Project\2_Model_Conversion_PC_Simulation\yolov8_obb\model\obb_quant_dataset_800\quant_0653.jpg	D:\Yolo_LPR_RK3568_FPGA_Project\1_PC_Training\datasets\yolo_obb_640\labels\train\crpd_CRPD_single_train_62_0118__r01.txt	1	23.060340	5.527689	3	5-15
654	3	other	3	other	crpd	CRPD_single	D:\Yolo_LPR_RK3568_FPGA_Project\1_PC_Training\datasets\CRPD\CRPD_single\train\images\62_0187.jpg	D:\Yolo_LPR_RK3568_FPGA_Project\1_PC_Training\datasets\yolo_obb_640\images\train\crpd_CRPD_single_train_62_0187__r01.jpg	D:\Yolo_LPR_RK3568_FPGA_Project\2_Model_Conversion_PC_Simulation\yolov8_obb\model\obb_quant_dataset_800\quant_0654.jpg	D:\Yolo_LPR_RK3568_FPGA_Project\1_PC_Training\datasets\yolo_obb_640\labels\train\crpd_CRPD_single_train_62_0187__r01.txt	1	19.669626	2.143929	3	0-5
655	3	other	3	other	crpd	CRPD_single	D:\Yolo_LPR_RK3568_FPGA_Project\1_PC_Training\datasets\CRPD\CRPD_single\train\images\62_0294.jpg	D:\Yolo_LPR_RK3568_FPGA_Project\1_PC_Training\datasets\yolo_obb_640\images\train\crpd_CRPD_single_train_62_0294__r01.jpg	D:\Yolo_LPR_RK3568_FPGA_Project\2_Model_Conversion_PC_Simulation\yolov8_obb\model\obb_quant_dataset_800\quant_0655.jpg	D:\Yolo_LPR_RK3568_FPGA_Project\1_PC_Training\datasets\yolo_obb_640\labels\train\crpd_CRPD_single_train_62_0294__r01.txt	1	13.206059	2.182077	1	0-5
656	3	other	3	other	crpd	CRPD_single	D:\Yolo_LPR_RK3568_FPGA_Project\1_PC_Training\datasets\CRPD\CRPD_single\train\images\62_0670.jpg	D:\Yolo_LPR_RK3568_FPGA_Project\1_PC_Training\datasets\yolo_obb_640\images\train\crpd_CRPD_single_train_62_0670__r01.jpg	D:\Yolo_LPR_RK3568_FPGA_Project\2_Model_Conversion_PC_Simulation\yolov8_obb\model\obb_quant_dataset_800\quant_0656.jpg	D:\Yolo_LPR_RK3568_FPGA_Project\1_PC_Training\datasets\yolo_obb_640\labels\train\crpd_CRPD_single_train_62_0670__r01.txt	1	12.004512	1.080998	0	0-5
657	3	other	3	other	crpd	CRPD_single	D:\Yolo_LPR_RK3568_FPGA_Project\1_PC_Training\datasets\CRPD\CRPD_single\train\images\62_0724.jpg	D:\Yolo_LPR_RK3568_FPGA_Project\1_PC_Training\datasets\yolo_obb_640\images\train\crpd_CRPD_single_train_62_0724__r01.jpg	D:\Yolo_LPR_RK3568_FPGA_Project\2_Model_Conversion_PC_Simulation\yolov8_obb\model\obb_quant_dataset_800\quant_0657.jpg	D:\Yolo_LPR_RK3568_FPGA_Project\1_PC_Training\datasets\yolo_obb_640\labels\train\crpd_CRPD_single_train_62_0724__r01.txt	1	19.616160	2.935820	3	0-5
658	3	other	3	other	crpd	CRPD_single	D:\Yolo_LPR_RK3568_FPGA_Project\1_PC_Training\datasets\CRPD\CRPD_single\train\images\62_0897.jpg	D:\Yolo_LPR_RK3568_FPGA_Project\1_PC_Training\datasets\yolo_obb_640\images\train\crpd_CRPD_single_train_62_0897__r01.jpg	D:\Yolo_LPR_RK3568_FPGA_Project\2_Model_Conversion_PC_Simulation\yolov8_obb\model\obb_quant_dataset_800\quant_0658.jpg	D:\Yolo_LPR_RK3568_FPGA_Project\1_PC_Training\datasets\yolo_obb_640\labels\train\crpd_CRPD_single_train_62_0897__r01.txt	1	20.044181	3.955620	3	0-5
659	3	other	3	other	crpd	CRPD_single	D:\Yolo_LPR_RK3568_FPGA_Project\1_PC_Training\datasets\CRPD\CRPD_single\train\images\62_2279.jpg	D:\Yolo_LPR_RK3568_FPGA_Project\1_PC_Training\datasets\yolo_obb_640\images\train\crpd_CRPD_single_train_62_2279__r01.jpg	D:\Yolo_LPR_RK3568_FPGA_Project\2_Model_Conversion_PC_Simulation\yolov8_obb\model\obb_quant_dataset_800\quant_0659.jpg	D:\Yolo_LPR_RK3568_FPGA_Project\1_PC_Training\datasets\yolo_obb_640\labels\train\crpd_CRPD_single_train_62_2279__r01.txt	1	16.333560	0.369671	2	0-5
660	3	other	3	other	crpd	CRPD_single	D:\Yolo_LPR_RK3568_FPGA_Project\1_PC_Training\datasets\CRPD\CRPD_single\train\images\66_0048.jpg	D:\Yolo_LPR_RK3568_FPGA_Project\1_PC_Training\datasets\yolo_obb_640\images\train\crpd_CRPD_single_train_66_0048__r01.jpg	D:\Yolo_LPR_RK3568_FPGA_Project\2_Model_Conversion_PC_Simulation\yolov8_obb\model\obb_quant_dataset_800\quant_0660.jpg	D:\Yolo_LPR_RK3568_FPGA_Project\1_PC_Training\datasets\yolo_obb_640\labels\train\crpd_CRPD_single_train_66_0048__r01.txt	1	14.681913	0.444177	1	0-5
661	3	other	3	other	crpd	CRPD_single	D:\Yolo_LPR_RK3568_FPGA_Project\1_PC_Training\datasets\CRPD\CRPD_single\train\images\66_0114.jpg	D:\Yolo_LPR_RK3568_FPGA_Project\1_PC_Training\datasets\yolo_obb_640\images\train\crpd_CRPD_single_train_66_0114__r01.jpg	D:\Yolo_LPR_RK3568_FPGA_Project\2_Model_Conversion_PC_Simulation\yolov8_obb\model\obb_quant_dataset_800\quant_0661.jpg	D:\Yolo_LPR_RK3568_FPGA_Project\1_PC_Training\datasets\yolo_obb_640\labels\train\crpd_CRPD_single_train_66_0114__r01.txt	1	13.017054	1.236504	1	0-5
662	3	other	3	other	crpd	CRPD_single	D:\Yolo_LPR_RK3568_FPGA_Project\1_PC_Training\datasets\CRPD\CRPD_single\train\images\66_0152.jpg	D:\Yolo_LPR_RK3568_FPGA_Project\1_PC_Training\datasets\yolo_obb_640\images\train\crpd_CRPD_single_train_66_0152__r01.jpg	D:\Yolo_LPR_RK3568_FPGA_Project\2_Model_Conversion_PC_Simulation\yolov8_obb\model\obb_quant_dataset_800\quant_0662.jpg	D:\Yolo_LPR_RK3568_FPGA_Project\1_PC_Training\datasets\yolo_obb_640\labels\train\crpd_CRPD_single_train_66_0152__r01.txt	1	10.687586	5.586983	0	5-15
663	3	other	3	other	crpd	CRPD_single	D:\Yolo_LPR_RK3568_FPGA_Project\1_PC_Training\datasets\CRPD\CRPD_single\train\images\66_0159.jpg	D:\Yolo_LPR_RK3568_FPGA_Project\1_PC_Training\datasets\yolo_obb_640\images\train\crpd_CRPD_single_train_66_0159__r01.jpg	D:\Yolo_LPR_RK3568_FPGA_Project\2_Model_Conversion_PC_Simulation\yolov8_obb\model\obb_quant_dataset_800\quant_0663.jpg	D:\Yolo_LPR_RK3568_FPGA_Project\1_PC_Training\datasets\yolo_obb_640\labels\train\crpd_CRPD_single_train_66_0159__r01.txt	1	10.022292	1.169225	0	0-5
664	3	other	3	other	crpd	CRPD_single	D:\Yolo_LPR_RK3568_FPGA_Project\1_PC_Training\datasets\CRPD\CRPD_single\train\images\66_0194.jpg	D:\Yolo_LPR_RK3568_FPGA_Project\1_PC_Training\datasets\yolo_obb_640\images\train\crpd_CRPD_single_train_66_0194__r01.jpg	D:\Yolo_LPR_RK3568_FPGA_Project\2_Model_Conversion_PC_Simulation\yolov8_obb\model\obb_quant_dataset_800\quant_0664.jpg	D:\Yolo_LPR_RK3568_FPGA_Project\1_PC_Training\datasets\yolo_obb_640\labels\train\crpd_CRPD_single_train_66_0194__r01.txt	1	16.044777	5.957131	2	5-15
665	3	other	3	other	crpd	CRPD_single	D:\Yolo_LPR_RK3568_FPGA_Project\1_PC_Training\datasets\CRPD\CRPD_single\train\images\66_0218.jpg	D:\Yolo_LPR_RK3568_FPGA_Project\1_PC_Training\datasets\yolo_obb_640\images\train\crpd_CRPD_single_train_66_0218__r01.jpg	D:\Yolo_LPR_RK3568_FPGA_Project\2_Model_Conversion_PC_Simulation\yolov8_obb\model\obb_quant_dataset_800\quant_0665.jpg	D:\Yolo_LPR_RK3568_FPGA_Project\1_PC_Training\datasets\yolo_obb_640\labels\train\crpd_CRPD_single_train_66_0218__r01.txt	1	23.725365	4.105138	3	0-5
666	3	other	3	other	crpd	CRPD_single	D:\Yolo_LPR_RK3568_FPGA_Project\1_PC_Training\datasets\CRPD\CRPD_single\train\images\66_0219.jpg	D:\Yolo_LPR_RK3568_FPGA_Project\1_PC_Training\datasets\yolo_obb_640\images\train\crpd_CRPD_single_train_66_0219__r01.jpg	D:\Yolo_LPR_RK3568_FPGA_Project\2_Model_Conversion_PC_Simulation\yolov8_obb\model\obb_quant_dataset_800\quant_0666.jpg	D:\Yolo_LPR_RK3568_FPGA_Project\1_PC_Training\datasets\yolo_obb_640\labels\train\crpd_CRPD_single_train_66_0219__r01.txt	1	22.886109	8.357854	3	5-15
667	3	other	3	other	crpd	CRPD_single	D:\Yolo_LPR_RK3568_FPGA_Project\1_PC_Training\datasets\CRPD\CRPD_single\train\images\66_0220.jpg	D:\Yolo_LPR_RK3568_FPGA_Project\1_PC_Training\datasets\yolo_obb_640\images\train\crpd_CRPD_single_train_66_0220__r01.jpg	D:\Yolo_LPR_RK3568_FPGA_Project\2_Model_Conversion_PC_Simulation\yolov8_obb\model\obb_quant_dataset_800\quant_0667.jpg	D:\Yolo_LPR_RK3568_FPGA_Project\1_PC_Training\datasets\yolo_obb_640\labels\train\crpd_CRPD_single_train_66_0220__r01.txt	1	23.344920	7.091262	3	5-15
668	3	other	3	other	crpd	CRPD_single	D:\Yolo_LPR_RK3568_FPGA_Project\1_PC_Training\datasets\CRPD\CRPD_single\train\images\66_0221.jpg	D:\Yolo_LPR_RK3568_FPGA_Project\1_PC_Training\datasets\yolo_obb_640\images\train\crpd_CRPD_single_train_66_0221__r01.jpg	D:\Yolo_LPR_RK3568_FPGA_Project\2_Model_Conversion_PC_Simulation\yolov8_obb\model\obb_quant_dataset_800\quant_0668.jpg	D:\Yolo_LPR_RK3568_FPGA_Project\1_PC_Training\datasets\yolo_obb_640\labels\train\crpd_CRPD_single_train_66_0221__r01.txt	1	14.666400	1.094382	1	0-5
669	3	other	3	other	crpd	CRPD_single	D:\Yolo_LPR_RK3568_FPGA_Project\1_PC_Training\datasets\CRPD\CRPD_single\train\images\66_0226.jpg	D:\Yolo_LPR_RK3568_FPGA_Project\1_PC_Training\datasets\yolo_obb_640\images\train\crpd_CRPD_single_train_66_0226__r01.jpg	D:\Yolo_LPR_RK3568_FPGA_Project\2_Model_Conversion_PC_Simulation\yolov8_obb\model\obb_quant_dataset_800\quant_0669.jpg	D:\Yolo_LPR_RK3568_FPGA_Project\1_PC_Training\datasets\yolo_obb_640\labels\train\crpd_CRPD_single_train_66_0226__r01.txt	1	12.457770	1.112622	0	0-5
670	3	other	3	other	crpd	CRPD_single	D:\Yolo_LPR_RK3568_FPGA_Project\1_PC_Training\datasets\CRPD\CRPD_single\train\images\66_0279.jpg	D:\Yolo_LPR_RK3568_FPGA_Project\1_PC_Training\datasets\yolo_obb_640\images\train\crpd_CRPD_single_train_66_0279__r01.jpg	D:\Yolo_LPR_RK3568_FPGA_Project\2_Model_Conversion_PC_Simulation\yolov8_obb\model\obb_quant_dataset_800\quant_0670.jpg	D:\Yolo_LPR_RK3568_FPGA_Project\1_PC_Training\datasets\yolo_obb_640\labels\train\crpd_CRPD_single_train_66_0279__r01.txt	1	14.821446	0.535887	1	0-5
671	3	other	3	other	crpd	CRPD_single	D:\Yolo_LPR_RK3568_FPGA_Project\1_PC_Training\datasets\CRPD\CRPD_single\train\images\66_0296.jpg	D:\Yolo_LPR_RK3568_FPGA_Project\1_PC_Training\datasets\yolo_obb_640\images\train\crpd_CRPD_single_train_66_0296__r01.jpg	D:\Yolo_LPR_RK3568_FPGA_Project\2_Model_Conversion_PC_Simulation\yolov8_obb\model\obb_quant_dataset_800\quant_0671.jpg	D:\Yolo_LPR_RK3568_FPGA_Project\1_PC_Training\datasets\yolo_obb_640\labels\train\crpd_CRPD_single_train_66_0296__r01.txt	1	10.666440	2.202761	0	0-5
672	3	other	3	other	crpd	CRPD_single	D:\Yolo_LPR_RK3568_FPGA_Project\1_PC_Training\datasets\CRPD\CRPD_single\train\images\66_0389.jpg	D:\Yolo_LPR_RK3568_FPGA_Project\1_PC_Training\datasets\yolo_obb_640\images\train\crpd_CRPD_single_train_66_0389__r01.jpg	D:\Yolo_LPR_RK3568_FPGA_Project\2_Model_Conversion_PC_Simulation\yolov8_obb\model\obb_quant_dataset_800\quant_0672.jpg	D:\Yolo_LPR_RK3568_FPGA_Project\1_PC_Training\datasets\yolo_obb_640\labels\train\crpd_CRPD_single_train_66_0389__r01.txt	1	15.221198	0.924230	2	0-5
673	3	other	3	other	crpd	CRPD_single	D:\Yolo_LPR_RK3568_FPGA_Project\1_PC_Training\datasets\CRPD\CRPD_single\train\images\66_0400.jpg	D:\Yolo_LPR_RK3568_FPGA_Project\1_PC_Training\datasets\yolo_obb_640\images\train\crpd_CRPD_single_train_66_0400__r01.jpg	D:\Yolo_LPR_RK3568_FPGA_Project\2_Model_Conversion_PC_Simulation\yolov8_obb\model\obb_quant_dataset_800\quant_0673.jpg	D:\Yolo_LPR_RK3568_FPGA_Project\1_PC_Training\datasets\yolo_obb_640\labels\train\crpd_CRPD_single_train_66_0400__r01.txt	1	14.400000	0.000000	1	0-5
674	3	other	3	other	crpd	CRPD_single	D:\Yolo_LPR_RK3568_FPGA_Project\1_PC_Training\datasets\CRPD\CRPD_single\train\images\66_0428.jpg	D:\Yolo_LPR_RK3568_FPGA_Project\1_PC_Training\datasets\yolo_obb_640\images\train\crpd_CRPD_single_train_66_0428__r01.jpg	D:\Yolo_LPR_RK3568_FPGA_Project\2_Model_Conversion_PC_Simulation\yolov8_obb\model\obb_quant_dataset_800\quant_0674.jpg	D:\Yolo_LPR_RK3568_FPGA_Project\1_PC_Training\datasets\yolo_obb_640\labels\train\crpd_CRPD_single_train_66_0428__r01.txt	1	21.343641	1.128927	3	0-5
675	3	other	3	other	crpd	CRPD_single	D:\Yolo_LPR_RK3568_FPGA_Project\1_PC_Training\datasets\CRPD\CRPD_single\train\images\66_0465.jpg	D:\Yolo_LPR_RK3568_FPGA_Project\1_PC_Training\datasets\yolo_obb_640\images\train\crpd_CRPD_single_train_66_0465__r01.jpg	D:\Yolo_LPR_RK3568_FPGA_Project\2_Model_Conversion_PC_Simulation\yolov8_obb\model\obb_quant_dataset_800\quant_0675.jpg	D:\Yolo_LPR_RK3568_FPGA_Project\1_PC_Training\datasets\yolo_obb_640\labels\train\crpd_CRPD_single_train_66_0465__r01.txt	1	14.333400	0.818528	1	0-5
676	3	other	3	other	crpd	CRPD_single	D:\Yolo_LPR_RK3568_FPGA_Project\1_PC_Training\datasets\CRPD\CRPD_single\train\images\66_0521.jpg	D:\Yolo_LPR_RK3568_FPGA_Project\1_PC_Training\datasets\yolo_obb_640\images\train\crpd_CRPD_single_train_66_0521__r01.jpg	D:\Yolo_LPR_RK3568_FPGA_Project\2_Model_Conversion_PC_Simulation\yolov8_obb\model\obb_quant_dataset_800\quant_0676.jpg	D:\Yolo_LPR_RK3568_FPGA_Project\1_PC_Training\datasets\yolo_obb_640\labels\train\crpd_CRPD_single_train_66_0521__r01.txt	1	19.736927	2.132532	3	0-5
677	3	other	3	other	crpd	CRPD_single	D:\Yolo_LPR_RK3568_FPGA_Project\1_PC_Training\datasets\CRPD\CRPD_single\train\images\66_0551.jpg	D:\Yolo_LPR_RK3568_FPGA_Project\1_PC_Training\datasets\yolo_obb_640\images\train\crpd_CRPD_single_train_66_0551__r01.jpg	D:\Yolo_LPR_RK3568_FPGA_Project\2_Model_Conversion_PC_Simulation\yolov8_obb\model\obb_quant_dataset_800\quant_0677.jpg	D:\Yolo_LPR_RK3568_FPGA_Project\1_PC_Training\datasets\yolo_obb_640\labels\train\crpd_CRPD_single_train_66_0551__r01.txt	1	11.005213	0.000000	0	0-5
678	3	other	3	other	crpd	CRPD_single	D:\Yolo_LPR_RK3568_FPGA_Project\1_PC_Training\datasets\CRPD\CRPD_single\train\images\66_0579.jpg	D:\Yolo_LPR_RK3568_FPGA_Project\1_PC_Training\datasets\yolo_obb_640\images\train\crpd_CRPD_single_train_66_0579__r01.jpg	D:\Yolo_LPR_RK3568_FPGA_Project\2_Model_Conversion_PC_Simulation\yolov8_obb\model\obb_quant_dataset_800\quant_0678.jpg	D:\Yolo_LPR_RK3568_FPGA_Project\1_PC_Training\datasets\yolo_obb_640\labels\train\crpd_CRPD_single_train_66_0579__r01.txt	1	15.205422	0.465623	2	0-5
679	3	other	3	other	crpd	CRPD_single	D:\Yolo_LPR_RK3568_FPGA_Project\1_PC_Training\datasets\CRPD\CRPD_single\train\images\66_0581.jpg	D:\Yolo_LPR_RK3568_FPGA_Project\1_PC_Training\datasets\yolo_obb_640\images\train\crpd_CRPD_single_train_66_0581__r01.jpg	D:\Yolo_LPR_RK3568_FPGA_Project\2_Model_Conversion_PC_Simulation\yolov8_obb\model\obb_quant_dataset_800\quant_0679.jpg	D:\Yolo_LPR_RK3568_FPGA_Project\1_PC_Training\datasets\yolo_obb_640\labels\train\crpd_CRPD_single_train_66_0581__r01.txt	1	16.749676	5.636033	2	5-15
680	3	other	3	other	crpd	CRPD_single	D:\Yolo_LPR_RK3568_FPGA_Project\1_PC_Training\datasets\CRPD\CRPD_single\train\images\66_0588.jpg	D:\Yolo_LPR_RK3568_FPGA_Project\1_PC_Training\datasets\yolo_obb_640\images\train\crpd_CRPD_single_train_66_0588__r01.jpg	D:\Yolo_LPR_RK3568_FPGA_Project\2_Model_Conversion_PC_Simulation\yolov8_obb\model\obb_quant_dataset_800\quant_0680.jpg	D:\Yolo_LPR_RK3568_FPGA_Project\1_PC_Training\datasets\yolo_obb_640\labels\train\crpd_CRPD_single_train_66_0588__r01.txt	1	15.347615	2.619774	2	0-5
681	3	other	3	other	crpd	CRPD_single	D:\Yolo_LPR_RK3568_FPGA_Project\1_PC_Training\datasets\CRPD\CRPD_single\train\images\66_0590.jpg	D:\Yolo_LPR_RK3568_FPGA_Project\1_PC_Training\datasets\yolo_obb_640\images\train\crpd_CRPD_single_train_66_0590__r01.jpg	D:\Yolo_LPR_RK3568_FPGA_Project\2_Model_Conversion_PC_Simulation\yolov8_obb\model\obb_quant_dataset_800\quant_0681.jpg	D:\Yolo_LPR_RK3568_FPGA_Project\1_PC_Training\datasets\yolo_obb_640\labels\train\crpd_CRPD_single_train_66_0590__r01.txt	1	22.456751	0.658280	3	0-5
682	3	other	3	other	crpd	CRPD_single	D:\Yolo_LPR_RK3568_FPGA_Project\1_PC_Training\datasets\CRPD\CRPD_single\train\images\66_0634.jpg	D:\Yolo_LPR_RK3568_FPGA_Project\1_PC_Training\datasets\yolo_obb_640\images\train\crpd_CRPD_single_train_66_0634__r01.jpg	D:\Yolo_LPR_RK3568_FPGA_Project\2_Model_Conversion_PC_Simulation\yolov8_obb\model\obb_quant_dataset_800\quant_0682.jpg	D:\Yolo_LPR_RK3568_FPGA_Project\1_PC_Training\datasets\yolo_obb_640\labels\train\crpd_CRPD_single_train_66_0634__r01.txt	1	14.004010	0.444177	1	0-5
683	3	other	3	other	crpd	CRPD_single	D:\Yolo_LPR_RK3568_FPGA_Project\1_PC_Training\datasets\CRPD\CRPD_single\train\images\66_0746.jpg	D:\Yolo_LPR_RK3568_FPGA_Project\1_PC_Training\datasets\yolo_obb_640\images\train\crpd_CRPD_single_train_66_0746__r01.jpg	D:\Yolo_LPR_RK3568_FPGA_Project\2_Model_Conversion_PC_Simulation\yolov8_obb\model\obb_quant_dataset_800\quant_0683.jpg	D:\Yolo_LPR_RK3568_FPGA_Project\1_PC_Training\datasets\yolo_obb_640\labels\train\crpd_CRPD_single_train_66_0746__r01.txt	1	18.404667	1.722490	2	0-5
684	3	other	3	other	crpd	CRPD_single	D:\Yolo_LPR_RK3568_FPGA_Project\1_PC_Training\datasets\CRPD\CRPD_single\train\images\66_0753.jpg	D:\Yolo_LPR_RK3568_FPGA_Project\1_PC_Training\datasets\yolo_obb_640\images\train\crpd_CRPD_single_train_66_0753__r01.jpg	D:\Yolo_LPR_RK3568_FPGA_Project\2_Model_Conversion_PC_Simulation\yolov8_obb\model\obb_quant_dataset_800\quant_0684.jpg	D:\Yolo_LPR_RK3568_FPGA_Project\1_PC_Training\datasets\yolo_obb_640\labels\train\crpd_CRPD_single_train_66_0753__r01.txt	1	12.666600	5.012974	0	5-15
685	3	other	3	other	crpd	CRPD_single	D:\Yolo_LPR_RK3568_FPGA_Project\1_PC_Training\datasets\CRPD\CRPD_single\train\images\66_0772.jpg	D:\Yolo_LPR_RK3568_FPGA_Project\1_PC_Training\datasets\yolo_obb_640\images\train\crpd_CRPD_single_train_66_0772__r01.jpg	D:\Yolo_LPR_RK3568_FPGA_Project\2_Model_Conversion_PC_Simulation\yolov8_obb\model\obb_quant_dataset_800\quant_0685.jpg	D:\Yolo_LPR_RK3568_FPGA_Project\1_PC_Training\datasets\yolo_obb_640\labels\train\crpd_CRPD_single_train_66_0772__r01.txt	1	14.337278	0.779544	1	0-5
686	3	other	3	other	crpd	CRPD_single	D:\Yolo_LPR_RK3568_FPGA_Project\1_PC_Training\datasets\CRPD\CRPD_single\train\images\66_0962.jpg	D:\Yolo_LPR_RK3568_FPGA_Project\1_PC_Training\datasets\yolo_obb_640\images\train\crpd_CRPD_single_train_66_0962__r01.jpg	D:\Yolo_LPR_RK3568_FPGA_Project\2_Model_Conversion_PC_Simulation\yolov8_obb\model\obb_quant_dataset_800\quant_0686.jpg	D:\Yolo_LPR_RK3568_FPGA_Project\1_PC_Training\datasets\yolo_obb_640\labels\train\crpd_CRPD_single_train_66_0962__r01.txt	1	12.736560	5.754590	1	5-15
687	3	other	3	other	crpd	CRPD_single	D:\Yolo_LPR_RK3568_FPGA_Project\1_PC_Training\datasets\CRPD\CRPD_single\train\images\66_1094.jpg	D:\Yolo_LPR_RK3568_FPGA_Project\1_PC_Training\datasets\yolo_obb_640\images\train\crpd_CRPD_single_train_66_1094__r01.jpg	D:\Yolo_LPR_RK3568_FPGA_Project\2_Model_Conversion_PC_Simulation\yolov8_obb\model\obb_quant_dataset_800\quant_0687.jpg	D:\Yolo_LPR_RK3568_FPGA_Project\1_PC_Training\datasets\yolo_obb_640\labels\train\crpd_CRPD_single_train_66_1094__r01.txt	1	13.068201	5.397682	1	5-15
688	3	other	3	other	crpd	CRPD_single	D:\Yolo_LPR_RK3568_FPGA_Project\1_PC_Training\datasets\CRPD\CRPD_single\train\images\66_1095.jpg	D:\Yolo_LPR_RK3568_FPGA_Project\1_PC_Training\datasets\yolo_obb_640\images\train\crpd_CRPD_single_train_66_1095__r01.jpg	D:\Yolo_LPR_RK3568_FPGA_Project\2_Model_Conversion_PC_Simulation\yolov8_obb\model\obb_quant_dataset_800\quant_0688.jpg	D:\Yolo_LPR_RK3568_FPGA_Project\1_PC_Training\datasets\yolo_obb_640\labels\train\crpd_CRPD_single_train_66_1095__r01.txt	1	14.395262	6.294028	1	5-15
689	3	other	3	other	crpd	CRPD_single	D:\Yolo_LPR_RK3568_FPGA_Project\1_PC_Training\datasets\CRPD\CRPD_single\train\images\66_1096.jpg	D:\Yolo_LPR_RK3568_FPGA_Project\1_PC_Training\datasets\yolo_obb_640\images\train\crpd_CRPD_single_train_66_1096__r01.jpg	D:\Yolo_LPR_RK3568_FPGA_Project\2_Model_Conversion_PC_Simulation\yolov8_obb\model\obb_quant_dataset_800\quant_0689.jpg	D:\Yolo_LPR_RK3568_FPGA_Project\1_PC_Training\datasets\yolo_obb_640\labels\train\crpd_CRPD_single_train_66_1096__r01.txt	1	13.370744	5.028919	1	5-15
690	3	other	3	other	crpd	CRPD_single	D:\Yolo_LPR_RK3568_FPGA_Project\1_PC_Training\datasets\CRPD\CRPD_single\train\images\66_1097.jpg	D:\Yolo_LPR_RK3568_FPGA_Project\1_PC_Training\datasets\yolo_obb_640\images\train\crpd_CRPD_single_train_66_1097__r01.jpg	D:\Yolo_LPR_RK3568_FPGA_Project\2_Model_Conversion_PC_Simulation\yolov8_obb\model\obb_quant_dataset_800\quant_0690.jpg	D:\Yolo_LPR_RK3568_FPGA_Project\1_PC_Training\datasets\yolo_obb_640\labels\train\crpd_CRPD_single_train_66_1097__r01.txt	1	12.351257	5.806607	0	5-15
691	3	other	3	other	crpd	CRPD_single	D:\Yolo_LPR_RK3568_FPGA_Project\1_PC_Training\datasets\CRPD\CRPD_single\train\images\66_1105.jpg	D:\Yolo_LPR_RK3568_FPGA_Project\1_PC_Training\datasets\yolo_obb_640\images\train\crpd_CRPD_single_train_66_1105__r01.jpg	D:\Yolo_LPR_RK3568_FPGA_Project\2_Model_Conversion_PC_Simulation\yolov8_obb\model\obb_quant_dataset_800\quant_0691.jpg	D:\Yolo_LPR_RK3568_FPGA_Project\1_PC_Training\datasets\yolo_obb_640\labels\train\crpd_CRPD_single_train_66_1105__r01.txt	1	12.006665	3.215741	0	0-5
692	3	other	3	other	crpd	CRPD_single	D:\Yolo_LPR_RK3568_FPGA_Project\1_PC_Training\datasets\CRPD\CRPD_single\train\images\66_1139.jpg	D:\Yolo_LPR_RK3568_FPGA_Project\1_PC_Training\datasets\yolo_obb_640\images\train\crpd_CRPD_single_train_66_1139__r01.jpg	D:\Yolo_LPR_RK3568_FPGA_Project\2_Model_Conversion_PC_Simulation\yolov8_obb\model\obb_quant_dataset_800\quant_0692.jpg	D:\Yolo_LPR_RK3568_FPGA_Project\1_PC_Training\datasets\yolo_obb_640\labels\train\crpd_CRPD_single_train_66_1139__r01.txt	1	16.005319	0.970634	2	0-5
693	3	other	3	other	crpd	CRPD_single	D:\Yolo_LPR_RK3568_FPGA_Project\1_PC_Training\datasets\CRPD\CRPD_single\train\images\66_1144.jpg	D:\Yolo_LPR_RK3568_FPGA_Project\1_PC_Training\datasets\yolo_obb_640\images\train\crpd_CRPD_single_train_66_1144__r01.jpg	D:\Yolo_LPR_RK3568_FPGA_Project\2_Model_Conversion_PC_Simulation\yolov8_obb\model\obb_quant_dataset_800\quant_0693.jpg	D:\Yolo_LPR_RK3568_FPGA_Project\1_PC_Training\datasets\yolo_obb_640\labels\train\crpd_CRPD_single_train_66_1144__r01.txt	1	12.806408	0.609994	1	0-5
694	3	other	3	other	crpd	CRPD_single	D:\Yolo_LPR_RK3568_FPGA_Project\1_PC_Training\datasets\CRPD\CRPD_single\train\images\66_1286.jpg	D:\Yolo_LPR_RK3568_FPGA_Project\1_PC_Training\datasets\yolo_obb_640\images\train\crpd_CRPD_single_train_66_1286__r01.jpg	D:\Yolo_LPR_RK3568_FPGA_Project\2_Model_Conversion_PC_Simulation\yolov8_obb\model\obb_quant_dataset_800\quant_0694.jpg	D:\Yolo_LPR_RK3568_FPGA_Project\1_PC_Training\datasets\yolo_obb_640\labels\train\crpd_CRPD_single_train_66_1286__r01.txt	1	17.679198	2.143598	2	0-5
695	3	other	3	other	crpd	CRPD_single	D:\Yolo_LPR_RK3568_FPGA_Project\1_PC_Training\datasets\CRPD\CRPD_single\train\images\66_1315.jpg	D:\Yolo_LPR_RK3568_FPGA_Project\1_PC_Training\datasets\yolo_obb_640\images\train\crpd_CRPD_single_train_66_1315__r01.jpg	D:\Yolo_LPR_RK3568_FPGA_Project\2_Model_Conversion_PC_Simulation\yolov8_obb\model\obb_quant_dataset_800\quant_0695.jpg	D:\Yolo_LPR_RK3568_FPGA_Project\1_PC_Training\datasets\yolo_obb_640\labels\train\crpd_CRPD_single_train_66_1315__r01.txt	1	15.680640	0.384561	2	0-5
696	3	other	3	other	crpd	CRPD_single	D:\Yolo_LPR_RK3568_FPGA_Project\1_PC_Training\datasets\CRPD\CRPD_single\train\images\66_1362.jpg	D:\Yolo_LPR_RK3568_FPGA_Project\1_PC_Training\datasets\yolo_obb_640\images\train\crpd_CRPD_single_train_66_1362__r01.jpg	D:\Yolo_LPR_RK3568_FPGA_Project\2_Model_Conversion_PC_Simulation\yolov8_obb\model\obb_quant_dataset_800\quant_0696.jpg	D:\Yolo_LPR_RK3568_FPGA_Project\1_PC_Training\datasets\yolo_obb_640\labels\train\crpd_CRPD_single_train_66_1362__r01.txt	1	11.333520	5.511378	0	5-15
697	3	other	3	other	crpd	CRPD_single	D:\Yolo_LPR_RK3568_FPGA_Project\1_PC_Training\datasets\CRPD\CRPD_single\train\images\66_1366.jpg	D:\Yolo_LPR_RK3568_FPGA_Project\1_PC_Training\datasets\yolo_obb_640\images\train\crpd_CRPD_single_train_66_1366__r01.jpg	D:\Yolo_LPR_RK3568_FPGA_Project\2_Model_Conversion_PC_Simulation\yolov8_obb\model\obb_quant_dataset_800\quant_0697.jpg	D:\Yolo_LPR_RK3568_FPGA_Project\1_PC_Training\datasets\yolo_obb_640\labels\train\crpd_CRPD_single_train_66_1366__r01.txt	1	22.489268	2.024649	3	0-5
698	3	other	3	other	crpd	CRPD_single	D:\Yolo_LPR_RK3568_FPGA_Project\1_PC_Training\datasets\CRPD\CRPD_single\train\images\66_1414.jpg	D:\Yolo_LPR_RK3568_FPGA_Project\1_PC_Training\datasets\yolo_obb_640\images\train\crpd_CRPD_single_train_66_1414__r01.jpg	D:\Yolo_LPR_RK3568_FPGA_Project\2_Model_Conversion_PC_Simulation\yolov8_obb\model\obb_quant_dataset_800\quant_0698.jpg	D:\Yolo_LPR_RK3568_FPGA_Project\1_PC_Training\datasets\yolo_obb_640\labels\train\crpd_CRPD_single_train_66_1414__r01.txt	1	19.266551	4.733293	3	0-5
699	3	other	3	other	crpd	CRPD_single	D:\Yolo_LPR_RK3568_FPGA_Project\1_PC_Training\datasets\CRPD\CRPD_single\train\images\66_1429.jpg	D:\Yolo_LPR_RK3568_FPGA_Project\1_PC_Training\datasets\yolo_obb_640\images\train\crpd_CRPD_single_train_66_1429__r01.jpg	D:\Yolo_LPR_RK3568_FPGA_Project\2_Model_Conversion_PC_Simulation\yolov8_obb\model\obb_quant_dataset_800\quant_0699.jpg	D:\Yolo_LPR_RK3568_FPGA_Project\1_PC_Training\datasets\yolo_obb_640\labels\train\crpd_CRPD_single_train_66_1429__r01.txt	1	23.254947	4.019459	3	0-5
700	3	other	3	other	crpd	CRPD_single	D:\Yolo_LPR_RK3568_FPGA_Project\1_PC_Training\datasets\CRPD\CRPD_single\train\images\66_1437.jpg	D:\Yolo_LPR_RK3568_FPGA_Project\1_PC_Training\datasets\yolo_obb_640\images\train\crpd_CRPD_single_train_66_1437__r01.jpg	D:\Yolo_LPR_RK3568_FPGA_Project\2_Model_Conversion_PC_Simulation\yolov8_obb\model\obb_quant_dataset_800\quant_0700.jpg	D:\Yolo_LPR_RK3568_FPGA_Project\1_PC_Training\datasets\yolo_obb_640\labels\train\crpd_CRPD_single_train_66_1437__r01.txt	1	21.669166	0.584679	3	0-5
701	3	other	3	other	crpd	CRPD_single	D:\Yolo_LPR_RK3568_FPGA_Project\1_PC_Training\datasets\CRPD\CRPD_single\train\images\66_1439.jpg	D:\Yolo_LPR_RK3568_FPGA_Project\1_PC_Training\datasets\yolo_obb_640\images\train\crpd_CRPD_single_train_66_1439__r01.jpg	D:\Yolo_LPR_RK3568_FPGA_Project\2_Model_Conversion_PC_Simulation\yolov8_obb\model\obb_quant_dataset_800\quant_0701.jpg	D:\Yolo_LPR_RK3568_FPGA_Project\1_PC_Training\datasets\yolo_obb_640\labels\train\crpd_CRPD_single_train_66_1439__r01.txt	1	18.678606	6.594344	2	5-15
702	3	other	3	other	crpd	CRPD_single	D:\Yolo_LPR_RK3568_FPGA_Project\1_PC_Training\datasets\CRPD\CRPD_single\train\images\66_1459.jpg	D:\Yolo_LPR_RK3568_FPGA_Project\1_PC_Training\datasets\yolo_obb_640\images\train\crpd_CRPD_single_train_66_1459__r01.jpg	D:\Yolo_LPR_RK3568_FPGA_Project\2_Model_Conversion_PC_Simulation\yolov8_obb\model\obb_quant_dataset_800\quant_0702.jpg	D:\Yolo_LPR_RK3568_FPGA_Project\1_PC_Training\datasets\yolo_obb_640\labels\train\crpd_CRPD_single_train_66_1459__r01.txt	1	14.400000	0.000000	1	0-5
703	3	other	3	other	crpd	CRPD_single	D:\Yolo_LPR_RK3568_FPGA_Project\1_PC_Training\datasets\CRPD\CRPD_single\train\images\66_1477.jpg	D:\Yolo_LPR_RK3568_FPGA_Project\1_PC_Training\datasets\yolo_obb_640\images\train\crpd_CRPD_single_train_66_1477__r01.jpg	D:\Yolo_LPR_RK3568_FPGA_Project\2_Model_Conversion_PC_Simulation\yolov8_obb\model\obb_quant_dataset_800\quant_0703.jpg	D:\Yolo_LPR_RK3568_FPGA_Project\1_PC_Training\datasets\yolo_obb_640\labels\train\crpd_CRPD_single_train_66_1477__r01.txt	1	18.952731	6.387117	2	5-15
704	3	other	3	other	crpd	CRPD_single	D:\Yolo_LPR_RK3568_FPGA_Project\1_PC_Training\datasets\CRPD\CRPD_single\train\images\66_1540.jpg	D:\Yolo_LPR_RK3568_FPGA_Project\1_PC_Training\datasets\yolo_obb_640\images\train\crpd_CRPD_single_train_66_1540__r01.jpg	D:\Yolo_LPR_RK3568_FPGA_Project\2_Model_Conversion_PC_Simulation\yolov8_obb\model\obb_quant_dataset_800\quant_0704.jpg	D:\Yolo_LPR_RK3568_FPGA_Project\1_PC_Training\datasets\yolo_obb_640\labels\train\crpd_CRPD_single_train_66_1540__r01.txt	1	11.004853	0.000000	0	0-5
705	3	other	3	other	crpd	CRPD_single	D:\Yolo_LPR_RK3568_FPGA_Project\1_PC_Training\datasets\CRPD\CRPD_single\train\images\66_1616.jpg	D:\Yolo_LPR_RK3568_FPGA_Project\1_PC_Training\datasets\yolo_obb_640\images\train\crpd_CRPD_single_train_66_1616__r01.jpg	D:\Yolo_LPR_RK3568_FPGA_Project\2_Model_Conversion_PC_Simulation\yolov8_obb\model\obb_quant_dataset_800\quant_0705.jpg	D:\Yolo_LPR_RK3568_FPGA_Project\1_PC_Training\datasets\yolo_obb_640\labels\train\crpd_CRPD_single_train_66_1616__r01.txt	1	12.351257	0.550945	0	0-5
706	3	other	3	other	crpd	CRPD_single	D:\Yolo_LPR_RK3568_FPGA_Project\1_PC_Training\datasets\CRPD\CRPD_single\train\images\66_1628.jpg	D:\Yolo_LPR_RK3568_FPGA_Project\1_PC_Training\datasets\yolo_obb_640\images\train\crpd_CRPD_single_train_66_1628__r01.jpg	D:\Yolo_LPR_RK3568_FPGA_Project\2_Model_Conversion_PC_Simulation\yolov8_obb\model\obb_quant_dataset_800\quant_0706.jpg	D:\Yolo_LPR_RK3568_FPGA_Project\1_PC_Training\datasets\yolo_obb_640\labels\train\crpd_CRPD_single_train_66_1628__r01.txt	1	13.349987	5.069772	1	5-15
707	3	other	3	other	crpd	CRPD_single	D:\Yolo_LPR_RK3568_FPGA_Project\1_PC_Training\datasets\CRPD\CRPD_single\train\images\66_1649.jpg	D:\Yolo_LPR_RK3568_FPGA_Project\1_PC_Training\datasets\yolo_obb_640\images\train\crpd_CRPD_single_train_66_1649__r01.jpg	D:\Yolo_LPR_RK3568_FPGA_Project\2_Model_Conversion_PC_Simulation\yolov8_obb\model\obb_quant_dataset_800\quant_0707.jpg	D:\Yolo_LPR_RK3568_FPGA_Project\1_PC_Training\datasets\yolo_obb_640\labels\train\crpd_CRPD_single_train_66_1649__r01.txt	1	12.666600	3.180084	0	0-5
708	3	other	3	other	crpd	CRPD_single	D:\Yolo_LPR_RK3568_FPGA_Project\1_PC_Training\datasets\CRPD\CRPD_single\train\images\66_1665.jpg	D:\Yolo_LPR_RK3568_FPGA_Project\1_PC_Training\datasets\yolo_obb_640\images\train\crpd_CRPD_single_train_66_1665__r01.jpg	D:\Yolo_LPR_RK3568_FPGA_Project\2_Model_Conversion_PC_Simulation\yolov8_obb\model\obb_quant_dataset_800\quant_0708.jpg	D:\Yolo_LPR_RK3568_FPGA_Project\1_PC_Training\datasets\yolo_obb_640\labels\train\crpd_CRPD_single_train_66_1665__r01.txt	1	11.004853	2.411231	0	0-5
709	3	other	3	other	crpd	CRPD_single	D:\Yolo_LPR_RK3568_FPGA_Project\1_PC_Training\datasets\CRPD\CRPD_single\train\images\66_1696.jpg	D:\Yolo_LPR_RK3568_FPGA_Project\1_PC_Training\datasets\yolo_obb_640\images\train\crpd_CRPD_single_train_66_1696__r01.jpg	D:\Yolo_LPR_RK3568_FPGA_Project\2_Model_Conversion_PC_Simulation\yolov8_obb\model\obb_quant_dataset_800\quant_0709.jpg	D:\Yolo_LPR_RK3568_FPGA_Project\1_PC_Training\datasets\yolo_obb_640\labels\train\crpd_CRPD_single_train_66_1696__r01.txt	1	17.336487	2.400041	2	0-5
710	3	other	3	other	crpd	CRPD_single	D:\Yolo_LPR_RK3568_FPGA_Project\1_PC_Training\datasets\CRPD\CRPD_single\train\images\66_1712.jpg	D:\Yolo_LPR_RK3568_FPGA_Project\1_PC_Training\datasets\yolo_obb_640\images\train\crpd_CRPD_single_train_66_1712__r01.jpg	D:\Yolo_LPR_RK3568_FPGA_Project\2_Model_Conversion_PC_Simulation\yolov8_obb\model\obb_quant_dataset_800\quant_0710.jpg	D:\Yolo_LPR_RK3568_FPGA_Project\1_PC_Training\datasets\yolo_obb_640\labels\train\crpd_CRPD_single_train_66_1712__r01.txt	1	12.351257	1.456483	0	0-5
711	3	other	3	other	crpd	CRPD_single	D:\Yolo_LPR_RK3568_FPGA_Project\1_PC_Training\datasets\CRPD\CRPD_single\train\images\66_1730.jpg	D:\Yolo_LPR_RK3568_FPGA_Project\1_PC_Training\datasets\yolo_obb_640\images\train\crpd_CRPD_single_train_66_1730__r01.jpg	D:\Yolo_LPR_RK3568_FPGA_Project\2_Model_Conversion_PC_Simulation\yolov8_obb\model\obb_quant_dataset_800\quant_0711.jpg	D:\Yolo_LPR_RK3568_FPGA_Project\1_PC_Training\datasets\yolo_obb_640\labels\train\crpd_CRPD_single_train_66_1730__r01.txt	1	11.666520	2.161265	0	0-5
712	3	other	3	other	crpd	CRPD_single	D:\Yolo_LPR_RK3568_FPGA_Project\1_PC_Training\datasets\CRPD\CRPD_single\train\images\66_1747.jpg	D:\Yolo_LPR_RK3568_FPGA_Project\1_PC_Training\datasets\yolo_obb_640\images\train\crpd_CRPD_single_train_66_1747__r01.jpg	D:\Yolo_LPR_RK3568_FPGA_Project\2_Model_Conversion_PC_Simulation\yolov8_obb\model\obb_quant_dataset_800\quant_0712.jpg	D:\Yolo_LPR_RK3568_FPGA_Project\1_PC_Training\datasets\yolo_obb_640\labels\train\crpd_CRPD_single_train_66_1747__r01.txt	1	14.681913	5.670335	1	5-15
713	3	other	3	other	crpd	CRPD_single	D:\Yolo_LPR_RK3568_FPGA_Project\1_PC_Training\datasets\CRPD\CRPD_single\train\images\66_1767.jpg	D:\Yolo_LPR_RK3568_FPGA_Project\1_PC_Training\datasets\yolo_obb_640\images\train\crpd_CRPD_single_train_66_1767__r01.jpg	D:\Yolo_LPR_RK3568_FPGA_Project\2_Model_Conversion_PC_Simulation\yolov8_obb\model\obb_quant_dataset_800\quant_0713.jpg	D:\Yolo_LPR_RK3568_FPGA_Project\1_PC_Training\datasets\yolo_obb_640\labels\train\crpd_CRPD_single_train_66_1767__r01.txt	1	13.670747	0.421321	1	0-5
714	3	other	3	other	special	香港出入境车牌	D:\Yolo_LPR_RK3568_FPGA_Project\1_PC_Training\datasets\特殊车牌\image\香港出入境车牌\粤Z272M港.jpg	D:\Yolo_LPR_RK3568_FPGA_Project\1_PC_Training\datasets\yolo_obb_640\images\train\special_hongkong_粤Z272M港__r01.jpg	D:\Yolo_LPR_RK3568_FPGA_Project\2_Model_Conversion_PC_Simulation\yolov8_obb\model\obb_quant_dataset_800\quant_0714.jpg	D:\Yolo_LPR_RK3568_FPGA_Project\1_PC_Training\datasets\yolo_obb_640\labels\train\special_hongkong_粤Z272M港__r01.txt	1	19.200000	0.000000	2	0-5
715	3	other	3	other	special	香港出入境车牌	D:\Yolo_LPR_RK3568_FPGA_Project\1_PC_Training\datasets\特殊车牌\image\香港出入境车牌\粤Z2779港.jpg	D:\Yolo_LPR_RK3568_FPGA_Project\1_PC_Training\datasets\yolo_obb_640\images\train\special_hongkong_粤Z2779港__r01.jpg	D:\Yolo_LPR_RK3568_FPGA_Project\2_Model_Conversion_PC_Simulation\yolov8_obb\model\obb_quant_dataset_800\quant_0715.jpg	D:\Yolo_LPR_RK3568_FPGA_Project\1_PC_Training\datasets\yolo_obb_640\labels\train\special_hongkong_粤Z2779港__r01.txt	1	18.000000	0.000000	2	0-5
716	3	other	3	other	special	香港出入境车牌	D:\Yolo_LPR_RK3568_FPGA_Project\1_PC_Training\datasets\特殊车牌\image\香港出入境车牌\粤Z3130港.jpg	D:\Yolo_LPR_RK3568_FPGA_Project\1_PC_Training\datasets\yolo_obb_640\images\train\special_hongkong_粤Z3130港__r01.jpg	D:\Yolo_LPR_RK3568_FPGA_Project\2_Model_Conversion_PC_Simulation\yolov8_obb\model\obb_quant_dataset_800\quant_0716.jpg	D:\Yolo_LPR_RK3568_FPGA_Project\1_PC_Training\datasets\yolo_obb_640\labels\train\special_hongkong_粤Z3130港__r01.txt	1	18.399360	0.000000	2	0-5
717	3	other	3	other	special	香港出入境车牌	D:\Yolo_LPR_RK3568_FPGA_Project\1_PC_Training\datasets\特殊车牌\image\香港出入境车牌\粤Z3357港.jpg	D:\Yolo_LPR_RK3568_FPGA_Project\1_PC_Training\datasets\yolo_obb_640\images\train\special_hongkong_粤Z3357港__r01.jpg	D:\Yolo_LPR_RK3568_FPGA_Project\2_Model_Conversion_PC_Simulation\yolov8_obb\model\obb_quant_dataset_800\quant_0717.jpg	D:\Yolo_LPR_RK3568_FPGA_Project\1_PC_Training\datasets\yolo_obb_640\labels\train\special_hongkong_粤Z3357港__r01.txt	1	19.200000	0.000000	2	0-5
718	3	other	3	other	special	香港出入境车牌	D:\Yolo_LPR_RK3568_FPGA_Project\1_PC_Training\datasets\特殊车牌\image\香港出入境车牌\粤Z474D港.jpg	D:\Yolo_LPR_RK3568_FPGA_Project\1_PC_Training\datasets\yolo_obb_640\images\train\special_hongkong_粤Z474D港__r01.jpg	D:\Yolo_LPR_RK3568_FPGA_Project\2_Model_Conversion_PC_Simulation\yolov8_obb\model\obb_quant_dataset_800\quant_0718.jpg	D:\Yolo_LPR_RK3568_FPGA_Project\1_PC_Training\datasets\yolo_obb_640\labels\train\special_hongkong_粤Z474D港__r01.txt	1	18.399360	0.000000	2	0-5
719	3	other	3	other	special	香港出入境车牌	D:\Yolo_LPR_RK3568_FPGA_Project\1_PC_Training\datasets\特殊车牌\image\香港出入境车牌\粤Z5542港.jpg	D:\Yolo_LPR_RK3568_FPGA_Project\1_PC_Training\datasets\yolo_obb_640\images\train\special_hongkong_粤Z5542港__r01.jpg	D:\Yolo_LPR_RK3568_FPGA_Project\2_Model_Conversion_PC_Simulation\yolov8_obb\model\obb_quant_dataset_800\quant_0719.jpg	D:\Yolo_LPR_RK3568_FPGA_Project\1_PC_Training\datasets\yolo_obb_640\labels\train\special_hongkong_粤Z5542港__r01.txt	1	20.800320	0.000000	3	0-5
720	3	other	3	other	special	香港出入境车牌	D:\Yolo_LPR_RK3568_FPGA_Project\1_PC_Training\datasets\特殊车牌\image\香港出入境车牌\粤Z55A5港.jpg	D:\Yolo_LPR_RK3568_FPGA_Project\1_PC_Training\datasets\yolo_obb_640\images\train\special_hongkong_粤Z55A5港__r01.jpg	D:\Yolo_LPR_RK3568_FPGA_Project\2_Model_Conversion_PC_Simulation\yolov8_obb\model\obb_quant_dataset_800\quant_0720.jpg	D:\Yolo_LPR_RK3568_FPGA_Project\1_PC_Training\datasets\yolo_obb_640\labels\train\special_hongkong_粤Z55A5港__r01.txt	1	19.599360	0.000000	3	0-5
721	3	other	3	other	special	香港出入境车牌	D:\Yolo_LPR_RK3568_FPGA_Project\1_PC_Training\datasets\特殊车牌\image\香港出入境车牌\粤Z775G港.jpg	D:\Yolo_LPR_RK3568_FPGA_Project\1_PC_Training\datasets\yolo_obb_640\images\train\special_hongkong_粤Z775G港__r01.jpg	D:\Yolo_LPR_RK3568_FPGA_Project\2_Model_Conversion_PC_Simulation\yolov8_obb\model\obb_quant_dataset_800\quant_0721.jpg	D:\Yolo_LPR_RK3568_FPGA_Project\1_PC_Training\datasets\yolo_obb_640\labels\train\special_hongkong_粤Z775G港__r01.txt	1	22.800000	0.000000	3	0-5
722	3	other	3	other	special	香港出入境车牌	D:\Yolo_LPR_RK3568_FPGA_Project\1_PC_Training\datasets\特殊车牌\image\香港出入境车牌\粤Z796B港.jpg	D:\Yolo_LPR_RK3568_FPGA_Project\1_PC_Training\datasets\yolo_obb_640\images\train\special_hongkong_粤Z796B港__r01.jpg	D:\Yolo_LPR_RK3568_FPGA_Project\2_Model_Conversion_PC_Simulation\yolov8_obb\model\obb_quant_dataset_800\quant_0722.jpg	D:\Yolo_LPR_RK3568_FPGA_Project\1_PC_Training\datasets\yolo_obb_640\labels\train\special_hongkong_粤Z796B港__r01.txt	1	23.600160	0.000000	3	0-5
723	3	other	3	other	special	香港出入境车牌	D:\Yolo_LPR_RK3568_FPGA_Project\1_PC_Training\datasets\特殊车牌\image\香港出入境车牌\粤Z878L港.jpg	D:\Yolo_LPR_RK3568_FPGA_Project\1_PC_Training\datasets\yolo_obb_640\images\train\special_hongkong_粤Z878L港__r01.jpg	D:\Yolo_LPR_RK3568_FPGA_Project\2_Model_Conversion_PC_Simulation\yolov8_obb\model\obb_quant_dataset_800\quant_0723.jpg	D:\Yolo_LPR_RK3568_FPGA_Project\1_PC_Training\datasets\yolo_obb_640\labels\train\special_hongkong_粤Z878L港__r01.txt	1	21.600000	0.000000	3	0-5
724	3	other	3	other	special	香港出入境车牌	D:\Yolo_LPR_RK3568_FPGA_Project\1_PC_Training\datasets\特殊车牌\image\香港出入境车牌\粤Z9303港.jpg	D:\Yolo_LPR_RK3568_FPGA_Project\1_PC_Training\datasets\yolo_obb_640\images\train\special_hongkong_粤Z9303港__r01.jpg	D:\Yolo_LPR_RK3568_FPGA_Project\2_Model_Conversion_PC_Simulation\yolov8_obb\model\obb_quant_dataset_800\quant_0724.jpg	D:\Yolo_LPR_RK3568_FPGA_Project\1_PC_Training\datasets\yolo_obb_640\labels\train\special_hongkong_粤Z9303港__r01.txt	1	21.200640	0.000000	3	0-5
725	3	other	3	other	special	香港出入境车牌	D:\Yolo_LPR_RK3568_FPGA_Project\1_PC_Training\datasets\特殊车牌\image\香港出入境车牌\粤Z9646港.jpg	D:\Yolo_LPR_RK3568_FPGA_Project\1_PC_Training\datasets\yolo_obb_640\images\train\special_hongkong_粤Z9646港__r01.jpg	D:\Yolo_LPR_RK3568_FPGA_Project\2_Model_Conversion_PC_Simulation\yolov8_obb\model\obb_quant_dataset_800\quant_0725.jpg	D:\Yolo_LPR_RK3568_FPGA_Project\1_PC_Training\datasets\yolo_obb_640\labels\train\special_hongkong_粤Z9646港__r01.txt	1	17.600160	0.000000	2	0-5
726	3	other	3	other	special	香港出入境车牌	D:\Yolo_LPR_RK3568_FPGA_Project\1_PC_Training\datasets\特殊车牌\image\香港出入境车牌\粤Z9887港.jpg	D:\Yolo_LPR_RK3568_FPGA_Project\1_PC_Training\datasets\yolo_obb_640\images\train\special_hongkong_粤Z9887港__r01.jpg	D:\Yolo_LPR_RK3568_FPGA_Project\2_Model_Conversion_PC_Simulation\yolov8_obb\model\obb_quant_dataset_800\quant_0726.jpg	D:\Yolo_LPR_RK3568_FPGA_Project\1_PC_Training\datasets\yolo_obb_640\labels\train\special_hongkong_粤Z9887港__r01.txt	1	21.999840	0.000000	3	0-5
727	3	other	3	other	special	香港出入境车牌	D:\Yolo_LPR_RK3568_FPGA_Project\1_PC_Training\datasets\特殊车牌\image\香港出入境车牌\粤Z9L71港.jpg	D:\Yolo_LPR_RK3568_FPGA_Project\1_PC_Training\datasets\yolo_obb_640\images\train\special_hongkong_粤Z9L71港__r01.jpg	D:\Yolo_LPR_RK3568_FPGA_Project\2_Model_Conversion_PC_Simulation\yolov8_obb\model\obb_quant_dataset_800\quant_0727.jpg	D:\Yolo_LPR_RK3568_FPGA_Project\1_PC_Training\datasets\yolo_obb_640\labels\train\special_hongkong_粤Z9L71港__r01.txt	1	18.399840	0.000000	2	0-5
728	3	other	3	other	special	香港出入境车牌	D:\Yolo_LPR_RK3568_FPGA_Project\1_PC_Training\datasets\特殊车牌\image\香港出入境车牌\粤ZAA66港.jpg	D:\Yolo_LPR_RK3568_FPGA_Project\1_PC_Training\datasets\yolo_obb_640\images\train\special_hongkong_粤ZAA66港__r01.jpg	D:\Yolo_LPR_RK3568_FPGA_Project\2_Model_Conversion_PC_Simulation\yolov8_obb\model\obb_quant_dataset_800\quant_0728.jpg	D:\Yolo_LPR_RK3568_FPGA_Project\1_PC_Training\datasets\yolo_obb_640\labels\train\special_hongkong_粤ZAA66港__r01.txt	1	17.600160	0.000000	2	0-5
729	3	other	3	other	special	香港出入境车牌	D:\Yolo_LPR_RK3568_FPGA_Project\1_PC_Training\datasets\特殊车牌\image\香港出入境车牌\粤ZD545港.jpg	D:\Yolo_LPR_RK3568_FPGA_Project\1_PC_Training\datasets\yolo_obb_640\images\train\special_hongkong_粤ZD545港__r01.jpg	D:\Yolo_LPR_RK3568_FPGA_Project\2_Model_Conversion_PC_Simulation\yolov8_obb\model\obb_quant_dataset_800\quant_0729.jpg	D:\Yolo_LPR_RK3568_FPGA_Project\1_PC_Training\datasets\yolo_obb_640\labels\train\special_hongkong_粤ZD545港__r01.txt	1	21.600000	0.000000	3	0-5
730	3	other	3	other	special	香港出入境车牌	D:\Yolo_LPR_RK3568_FPGA_Project\1_PC_Training\datasets\特殊车牌\image\香港出入境车牌\粤ZE091港.jpg	D:\Yolo_LPR_RK3568_FPGA_Project\1_PC_Training\datasets\yolo_obb_640\images\train\special_hongkong_粤ZE091港__r01.jpg	D:\Yolo_LPR_RK3568_FPGA_Project\2_Model_Conversion_PC_Simulation\yolov8_obb\model\obb_quant_dataset_800\quant_0730.jpg	D:\Yolo_LPR_RK3568_FPGA_Project\1_PC_Training\datasets\yolo_obb_640\labels\train\special_hongkong_粤ZE091港__r01.txt	1	20.400000	0.000000	3	0-5
731	3	other	3	other	special	香港出入境车牌	D:\Yolo_LPR_RK3568_FPGA_Project\1_PC_Training\datasets\特殊车牌\image\香港出入境车牌\粤ZEN22港.jpg	D:\Yolo_LPR_RK3568_FPGA_Project\1_PC_Training\datasets\yolo_obb_640\images\train\special_hongkong_粤ZEN22港__r01.jpg	D:\Yolo_LPR_RK3568_FPGA_Project\2_Model_Conversion_PC_Simulation\yolov8_obb\model\obb_quant_dataset_800\quant_0731.jpg	D:\Yolo_LPR_RK3568_FPGA_Project\1_PC_Training\datasets\yolo_obb_640\labels\train\special_hongkong_粤ZEN22港__r01.txt	1	16.800000	0.000000	2	0-5
732	3	other	3	other	special	香港出入境车牌	D:\Yolo_LPR_RK3568_FPGA_Project\1_PC_Training\datasets\特殊车牌\image\香港出入境车牌\粤ZGG44港.jpg	D:\Yolo_LPR_RK3568_FPGA_Project\1_PC_Training\datasets\yolo_obb_640\images\train\special_hongkong_粤ZGG44港__r01.jpg	D:\Yolo_LPR_RK3568_FPGA_Project\2_Model_Conversion_PC_Simulation\yolov8_obb\model\obb_quant_dataset_800\quant_0732.jpg	D:\Yolo_LPR_RK3568_FPGA_Project\1_PC_Training\datasets\yolo_obb_640\labels\train\special_hongkong_粤ZGG44港__r01.txt	1	18.800160	0.000000	2	0-5
733	3	other	3	other	special	香港出入境车牌	D:\Yolo_LPR_RK3568_FPGA_Project\1_PC_Training\datasets\特殊车牌\image\香港出入境车牌\粤ZH220港.jpg	D:\Yolo_LPR_RK3568_FPGA_Project\1_PC_Training\datasets\yolo_obb_640\images\train\special_hongkong_粤ZH220港__r01.jpg	D:\Yolo_LPR_RK3568_FPGA_Project\2_Model_Conversion_PC_Simulation\yolov8_obb\model\obb_quant_dataset_800\quant_0733.jpg	D:\Yolo_LPR_RK3568_FPGA_Project\1_PC_Training\datasets\yolo_obb_640\labels\train\special_hongkong_粤ZH220港__r01.txt	1	20.400000	0.000000	3	0-5
734	3	other	3	other	special	香港出入境车牌	D:\Yolo_LPR_RK3568_FPGA_Project\1_PC_Training\datasets\特殊车牌\image\香港出入境车牌\粤ZH474港.jpg	D:\Yolo_LPR_RK3568_FPGA_Project\1_PC_Training\datasets\yolo_obb_640\images\train\special_hongkong_粤ZH474港__r01.jpg	D:\Yolo_LPR_RK3568_FPGA_Project\2_Model_Conversion_PC_Simulation\yolov8_obb\model\obb_quant_dataset_800\quant_0734.jpg	D:\Yolo_LPR_RK3568_FPGA_Project\1_PC_Training\datasets\yolo_obb_640\labels\train\special_hongkong_粤ZH474港__r01.txt	1	18.000000	0.000000	2	0-5
735	3	other	3	other	special	香港出入境车牌	D:\Yolo_LPR_RK3568_FPGA_Project\1_PC_Training\datasets\特殊车牌\image\香港出入境车牌\粤ZPP71港.jpg	D:\Yolo_LPR_RK3568_FPGA_Project\1_PC_Training\datasets\yolo_obb_640\images\train\special_hongkong_粤ZPP71港__r01.jpg	D:\Yolo_LPR_RK3568_FPGA_Project\2_Model_Conversion_PC_Simulation\yolov8_obb\model\obb_quant_dataset_800\quant_0735.jpg	D:\Yolo_LPR_RK3568_FPGA_Project\1_PC_Training\datasets\yolo_obb_640\labels\train\special_hongkong_粤ZPP71港__r01.txt	1	15.600000	0.000000	2	0-5
736	3	other	3	other	special	香港出入境车牌	D:\Yolo_LPR_RK3568_FPGA_Project\1_PC_Training\datasets\特殊车牌\image\香港出入境车牌\粤ZT660港.jpg	D:\Yolo_LPR_RK3568_FPGA_Project\1_PC_Training\datasets\yolo_obb_640\images\train\special_hongkong_粤ZT660港__r01.jpg	D:\Yolo_LPR_RK3568_FPGA_Project\2_Model_Conversion_PC_Simulation\yolov8_obb\model\obb_quant_dataset_800\quant_0736.jpg	D:\Yolo_LPR_RK3568_FPGA_Project\1_PC_Training\datasets\yolo_obb_640\labels\train\special_hongkong_粤ZT660港__r01.txt	1	21.200640	0.000000	3	0-5
737	3	other	3	other	special	香港出入境车牌	D:\Yolo_LPR_RK3568_FPGA_Project\1_PC_Training\datasets\特殊车牌\image\香港出入境车牌\粤ZY722港.jpg	D:\Yolo_LPR_RK3568_FPGA_Project\1_PC_Training\datasets\yolo_obb_640\images\train\special_hongkong_粤ZY722港__r01.jpg	D:\Yolo_LPR_RK3568_FPGA_Project\2_Model_Conversion_PC_Simulation\yolov8_obb\model\obb_quant_dataset_800\quant_0737.jpg	D:\Yolo_LPR_RK3568_FPGA_Project\1_PC_Training\datasets\yolo_obb_640\labels\train\special_hongkong_粤ZY722港__r01.txt	1	23.199360	0.000000	3	0-5
738	3	other	3	other	special	教练车牌	D:\Yolo_LPR_RK3568_FPGA_Project\1_PC_Training\datasets\特殊车牌\image\教练车牌\粤C1335学.jpg	D:\Yolo_LPR_RK3568_FPGA_Project\1_PC_Training\datasets\yolo_obb_640\images\train\special_learner_粤C1335学__r01.jpg	D:\Yolo_LPR_RK3568_FPGA_Project\2_Model_Conversion_PC_Simulation\yolov8_obb\model\obb_quant_dataset_800\quant_0738.jpg	D:\Yolo_LPR_RK3568_FPGA_Project\1_PC_Training\datasets\yolo_obb_640\labels\train\special_learner_粤C1335学__r01.txt	1	23.599680	0.000000	3	0-5
739	3	other	3	other	special	教练车牌	D:\Yolo_LPR_RK3568_FPGA_Project\1_PC_Training\datasets\特殊车牌\image\教练车牌\粤C2011学.jpg	D:\Yolo_LPR_RK3568_FPGA_Project\1_PC_Training\datasets\yolo_obb_640\images\train\special_learner_粤C2011学__r01.jpg	D:\Yolo_LPR_RK3568_FPGA_Project\2_Model_Conversion_PC_Simulation\yolov8_obb\model\obb_quant_dataset_800\quant_0739.jpg	D:\Yolo_LPR_RK3568_FPGA_Project\1_PC_Training\datasets\yolo_obb_640\labels\train\special_learner_粤C2011学__r01.txt	1	21.600000	0.000000	3	0-5
740	3	other	3	other	special	教练车牌	D:\Yolo_LPR_RK3568_FPGA_Project\1_PC_Training\datasets\特殊车牌\image\教练车牌\粤C2145学.jpg	D:\Yolo_LPR_RK3568_FPGA_Project\1_PC_Training\datasets\yolo_obb_640\images\train\special_learner_粤C2145学__r01.jpg	D:\Yolo_LPR_RK3568_FPGA_Project\2_Model_Conversion_PC_Simulation\yolov8_obb\model\obb_quant_dataset_800\quant_0740.jpg	D:\Yolo_LPR_RK3568_FPGA_Project\1_PC_Training\datasets\yolo_obb_640\labels\train\special_learner_粤C2145学__r01.txt	1	21.200160	0.000000	3	0-5
741	3	other	3	other	special	教练车牌	D:\Yolo_LPR_RK3568_FPGA_Project\1_PC_Training\datasets\特殊车牌\image\教练车牌\粤C2275学.jpg	D:\Yolo_LPR_RK3568_FPGA_Project\1_PC_Training\datasets\yolo_obb_640\images\train\special_learner_粤C2275学__r01.jpg	D:\Yolo_LPR_RK3568_FPGA_Project\2_Model_Conversion_PC_Simulation\yolov8_obb\model\obb_quant_dataset_800\quant_0741.jpg	D:\Yolo_LPR_RK3568_FPGA_Project\1_PC_Training\datasets\yolo_obb_640\labels\train\special_learner_粤C2275学__r01.txt	1	21.600000	0.000000	3	0-5
742	3	other	3	other	special	教练车牌	D:\Yolo_LPR_RK3568_FPGA_Project\1_PC_Training\datasets\特殊车牌\image\教练车牌\粤C2403学.jpg	D:\Yolo_LPR_RK3568_FPGA_Project\1_PC_Training\datasets\yolo_obb_640\images\train\special_learner_粤C2403学__r01.jpg	D:\Yolo_LPR_RK3568_FPGA_Project\2_Model_Conversion_PC_Simulation\yolov8_obb\model\obb_quant_dataset_800\quant_0742.jpg	D:\Yolo_LPR_RK3568_FPGA_Project\1_PC_Training\datasets\yolo_obb_640\labels\train\special_learner_粤C2403学__r01.txt	1	21.200640	0.000000	3	0-5
743	3	other	3	other	special	教练车牌	D:\Yolo_LPR_RK3568_FPGA_Project\1_PC_Training\datasets\特殊车牌\image\教练车牌\粤C2723学.jpg	D:\Yolo_LPR_RK3568_FPGA_Project\1_PC_Training\datasets\yolo_obb_640\images\train\special_learner_粤C2723学__r01.jpg	D:\Yolo_LPR_RK3568_FPGA_Project\2_Model_Conversion_PC_Simulation\yolov8_obb\model\obb_quant_dataset_800\quant_0743.jpg	D:\Yolo_LPR_RK3568_FPGA_Project\1_PC_Training\datasets\yolo_obb_640\labels\train\special_learner_粤C2723学__r01.txt	1	22.800000	0.000000	3	0-5
744	3	other	3	other	special	教练车牌	D:\Yolo_LPR_RK3568_FPGA_Project\1_PC_Training\datasets\特殊车牌\image\教练车牌\粤C2778学.jpg	D:\Yolo_LPR_RK3568_FPGA_Project\1_PC_Training\datasets\yolo_obb_640\images\train\special_learner_粤C2778学__r01.jpg	D:\Yolo_LPR_RK3568_FPGA_Project\2_Model_Conversion_PC_Simulation\yolov8_obb\model\obb_quant_dataset_800\quant_0744.jpg	D:\Yolo_LPR_RK3568_FPGA_Project\1_PC_Training\datasets\yolo_obb_640\labels\train\special_learner_粤C2778学__r01.txt	1	19.599360	0.000000	3	0-5
745	3	other	3	other	special	教练车牌	D:\Yolo_LPR_RK3568_FPGA_Project\1_PC_Training\datasets\特殊车牌\image\教练车牌\粤C2789学.jpg	D:\Yolo_LPR_RK3568_FPGA_Project\1_PC_Training\datasets\yolo_obb_640\images\train\special_learner_粤C2789学__r01.jpg	D:\Yolo_LPR_RK3568_FPGA_Project\2_Model_Conversion_PC_Simulation\yolov8_obb\model\obb_quant_dataset_800\quant_0745.jpg	D:\Yolo_LPR_RK3568_FPGA_Project\1_PC_Training\datasets\yolo_obb_640\labels\train\special_learner_粤C2789学__r01.txt	1	20.400000	0.000000	3	0-5
746	3	other	3	other	special	教练车牌	D:\Yolo_LPR_RK3568_FPGA_Project\1_PC_Training\datasets\特殊车牌\image\教练车牌\粤C2926学.jpg	D:\Yolo_LPR_RK3568_FPGA_Project\1_PC_Training\datasets\yolo_obb_640\images\train\special_learner_粤C2926学__r01.jpg	D:\Yolo_LPR_RK3568_FPGA_Project\2_Model_Conversion_PC_Simulation\yolov8_obb\model\obb_quant_dataset_800\quant_0746.jpg	D:\Yolo_LPR_RK3568_FPGA_Project\1_PC_Training\datasets\yolo_obb_640\labels\train\special_learner_粤C2926学__r01.txt	1	22.000320	0.000000	3	0-5
747	3	other	3	other	special	教练车牌	D:\Yolo_LPR_RK3568_FPGA_Project\1_PC_Training\datasets\特殊车牌\image\教练车牌\粤S2429学.jpg	D:\Yolo_LPR_RK3568_FPGA_Project\1_PC_Training\datasets\yolo_obb_640\images\train\special_learner_粤S2429学__r01.jpg	D:\Yolo_LPR_RK3568_FPGA_Project\2_Model_Conversion_PC_Simulation\yolov8_obb\model\obb_quant_dataset_800\quant_0747.jpg	D:\Yolo_LPR_RK3568_FPGA_Project\1_PC_Training\datasets\yolo_obb_640\labels\train\special_learner_粤S2429学__r01.txt	1	19.200000	0.000000	2	0-5
748	3	other	3	other	special	教练车牌	D:\Yolo_LPR_RK3568_FPGA_Project\1_PC_Training\datasets\特殊车牌\image\教练车牌\粤S3930学.jpg	D:\Yolo_LPR_RK3568_FPGA_Project\1_PC_Training\datasets\yolo_obb_640\images\train\special_learner_粤S3930学__r01.jpg	D:\Yolo_LPR_RK3568_FPGA_Project\2_Model_Conversion_PC_Simulation\yolov8_obb\model\obb_quant_dataset_800\quant_0748.jpg	D:\Yolo_LPR_RK3568_FPGA_Project\1_PC_Training\datasets\yolo_obb_640\labels\train\special_learner_粤S3930学__r01.txt	1	19.599840	0.000000	3	0-5
749	3	other	3	other	special	教练车牌	D:\Yolo_LPR_RK3568_FPGA_Project\1_PC_Training\datasets\特殊车牌\image\教练车牌\粤S4646学.jpg	D:\Yolo_LPR_RK3568_FPGA_Project\1_PC_Training\datasets\yolo_obb_640\images\train\special_learner_粤S4646学__r01.jpg	D:\Yolo_LPR_RK3568_FPGA_Project\2_Model_Conversion_PC_Simulation\yolov8_obb\model\obb_quant_dataset_800\quant_0749.jpg	D:\Yolo_LPR_RK3568_FPGA_Project\1_PC_Training\datasets\yolo_obb_640\labels\train\special_learner_粤S4646学__r01.txt	1	18.399840	0.000000	2	0-5
750	3	other	3	other	special	教练车牌	D:\Yolo_LPR_RK3568_FPGA_Project\1_PC_Training\datasets\特殊车牌\image\教练车牌\粤S5578学.jpg	D:\Yolo_LPR_RK3568_FPGA_Project\1_PC_Training\datasets\yolo_obb_640\images\train\special_learner_粤S5578学__r01.jpg	D:\Yolo_LPR_RK3568_FPGA_Project\2_Model_Conversion_PC_Simulation\yolov8_obb\model\obb_quant_dataset_800\quant_0750.jpg	D:\Yolo_LPR_RK3568_FPGA_Project\1_PC_Training\datasets\yolo_obb_640\labels\train\special_learner_粤S5578学__r01.txt	1	18.800160	0.000000	2	0-5
751	3	other	3	other	special	教练车牌	D:\Yolo_LPR_RK3568_FPGA_Project\1_PC_Training\datasets\特殊车牌\image\教练车牌\粤S6625学.jpg	D:\Yolo_LPR_RK3568_FPGA_Project\1_PC_Training\datasets\yolo_obb_640\images\train\special_learner_粤S6625学__r01.jpg	D:\Yolo_LPR_RK3568_FPGA_Project\2_Model_Conversion_PC_Simulation\yolov8_obb\model\obb_quant_dataset_800\quant_0751.jpg	D:\Yolo_LPR_RK3568_FPGA_Project\1_PC_Training\datasets\yolo_obb_640\labels\train\special_learner_粤S6625学__r01.txt	1	21.999840	0.000000	3	0-5
752	3	other	3	other	special	教练车牌	D:\Yolo_LPR_RK3568_FPGA_Project\1_PC_Training\datasets\特殊车牌\image\教练车牌\粤S7877学.jpg	D:\Yolo_LPR_RK3568_FPGA_Project\1_PC_Training\datasets\yolo_obb_640\images\train\special_learner_粤S7877学__r01.jpg	D:\Yolo_LPR_RK3568_FPGA_Project\2_Model_Conversion_PC_Simulation\yolov8_obb\model\obb_quant_dataset_800\quant_0752.jpg	D:\Yolo_LPR_RK3568_FPGA_Project\1_PC_Training\datasets\yolo_obb_640\labels\train\special_learner_粤S7877学__r01.txt	1	22.400160	0.000000	3	0-5
753	3	other	3	other	special	教练车牌	D:\Yolo_LPR_RK3568_FPGA_Project\1_PC_Training\datasets\特殊车牌\image\教练车牌\粤S8380学.jpg	D:\Yolo_LPR_RK3568_FPGA_Project\1_PC_Training\datasets\yolo_obb_640\images\train\special_learner_粤S8380学__r01.jpg	D:\Yolo_LPR_RK3568_FPGA_Project\2_Model_Conversion_PC_Simulation\yolov8_obb\model\obb_quant_dataset_800\quant_0753.jpg	D:\Yolo_LPR_RK3568_FPGA_Project\1_PC_Training\datasets\yolo_obb_640\labels\train\special_learner_粤S8380学__r01.txt	1	18.000000	0.000000	2	0-5
754	3	other	3	other	special	澳门出入境车牌	D:\Yolo_LPR_RK3568_FPGA_Project\1_PC_Training\datasets\特殊车牌\image\澳门出入境车牌\粤Z043D澳.jpg	D:\Yolo_LPR_RK3568_FPGA_Project\1_PC_Training\datasets\yolo_obb_640\images\train\special_macau_粤Z043D澳__r01.jpg	D:\Yolo_LPR_RK3568_FPGA_Project\2_Model_Conversion_PC_Simulation\yolov8_obb\model\obb_quant_dataset_800\quant_0754.jpg	D:\Yolo_LPR_RK3568_FPGA_Project\1_PC_Training\datasets\yolo_obb_640\labels\train\special_macau_粤Z043D澳__r01.txt	1	18.799680	0.000000	2	0-5
755	3	other	3	other	special	澳门出入境车牌	D:\Yolo_LPR_RK3568_FPGA_Project\1_PC_Training\datasets\特殊车牌\image\澳门出入境车牌\粤Z1618澳.jpg	D:\Yolo_LPR_RK3568_FPGA_Project\1_PC_Training\datasets\yolo_obb_640\images\train\special_macau_粤Z1618澳__r01.jpg	D:\Yolo_LPR_RK3568_FPGA_Project\2_Model_Conversion_PC_Simulation\yolov8_obb\model\obb_quant_dataset_800\quant_0755.jpg	D:\Yolo_LPR_RK3568_FPGA_Project\1_PC_Training\datasets\yolo_obb_640\labels\train\special_macau_粤Z1618澳__r01.txt	1	19.599360	0.000000	3	0-5
756	3	other	3	other	special	澳门出入境车牌	D:\Yolo_LPR_RK3568_FPGA_Project\1_PC_Training\datasets\特殊车牌\image\澳门出入境车牌\粤Z233A澳.jpg	D:\Yolo_LPR_RK3568_FPGA_Project\1_PC_Training\datasets\yolo_obb_640\images\train\special_macau_粤Z233A澳__r01.jpg	D:\Yolo_LPR_RK3568_FPGA_Project\2_Model_Conversion_PC_Simulation\yolov8_obb\model\obb_quant_dataset_800\quant_0756.jpg	D:\Yolo_LPR_RK3568_FPGA_Project\1_PC_Training\datasets\yolo_obb_640\labels\train\special_macau_粤Z233A澳__r01.txt	1	23.199840	0.000000	3	0-5
757	3	other	3	other	special	澳门出入境车牌	D:\Yolo_LPR_RK3568_FPGA_Project\1_PC_Training\datasets\特殊车牌\image\澳门出入境车牌\粤Z2775澳.jpg	D:\Yolo_LPR_RK3568_FPGA_Project\1_PC_Training\datasets\yolo_obb_640\images\train\special_macau_粤Z2775澳__r01.jpg	D:\Yolo_LPR_RK3568_FPGA_Project\2_Model_Conversion_PC_Simulation\yolov8_obb\model\obb_quant_dataset_800\quant_0757.jpg	D:\Yolo_LPR_RK3568_FPGA_Project\1_PC_Training\datasets\yolo_obb_640\labels\train\special_macau_粤Z2775澳__r01.txt	1	18.799680	0.000000	2	0-5
758	3	other	3	other	special	澳门出入境车牌	D:\Yolo_LPR_RK3568_FPGA_Project\1_PC_Training\datasets\特殊车牌\image\澳门出入境车牌\粤Z3180澳.jpg	D:\Yolo_LPR_RK3568_FPGA_Project\1_PC_Training\datasets\yolo_obb_640\images\train\special_macau_粤Z3180澳__r01.jpg	D:\Yolo_LPR_RK3568_FPGA_Project\2_Model_Conversion_PC_Simulation\yolov8_obb\model\obb_quant_dataset_800\quant_0758.jpg	D:\Yolo_LPR_RK3568_FPGA_Project\1_PC_Training\datasets\yolo_obb_640\labels\train\special_macau_粤Z3180澳__r01.txt	1	20.000160	0.000000	3	0-5
759	3	other	3	other	special	澳门出入境车牌	D:\Yolo_LPR_RK3568_FPGA_Project\1_PC_Training\datasets\特殊车牌\image\澳门出入境车牌\粤Z33A5澳.jpg	D:\Yolo_LPR_RK3568_FPGA_Project\1_PC_Training\datasets\yolo_obb_640\images\train\special_macau_粤Z33A5澳__r01.jpg	D:\Yolo_LPR_RK3568_FPGA_Project\2_Model_Conversion_PC_Simulation\yolov8_obb\model\obb_quant_dataset_800\quant_0759.jpg	D:\Yolo_LPR_RK3568_FPGA_Project\1_PC_Training\datasets\yolo_obb_640\labels\train\special_macau_粤Z33A5澳__r01.txt	1	18.800160	0.000000	2	0-5
760	3	other	3	other	special	澳门出入境车牌	D:\Yolo_LPR_RK3568_FPGA_Project\1_PC_Training\datasets\特殊车牌\image\澳门出入境车牌\粤Z3831澳.jpg	D:\Yolo_LPR_RK3568_FPGA_Project\1_PC_Training\datasets\yolo_obb_640\images\train\special_macau_粤Z3831澳__r01.jpg	D:\Yolo_LPR_RK3568_FPGA_Project\2_Model_Conversion_PC_Simulation\yolov8_obb\model\obb_quant_dataset_800\quant_0760.jpg	D:\Yolo_LPR_RK3568_FPGA_Project\1_PC_Training\datasets\yolo_obb_640\labels\train\special_macau_粤Z3831澳__r01.txt	1	19.599360	0.000000	3	0-5
761	3	other	3	other	special	澳门出入境车牌	D:\Yolo_LPR_RK3568_FPGA_Project\1_PC_Training\datasets\特殊车牌\image\澳门出入境车牌\粤Z4746澳.jpg	D:\Yolo_LPR_RK3568_FPGA_Project\1_PC_Training\datasets\yolo_obb_640\images\train\special_macau_粤Z4746澳__r01.jpg	D:\Yolo_LPR_RK3568_FPGA_Project\2_Model_Conversion_PC_Simulation\yolov8_obb\model\obb_quant_dataset_800\quant_0761.jpg	D:\Yolo_LPR_RK3568_FPGA_Project\1_PC_Training\datasets\yolo_obb_640\labels\train\special_macau_粤Z4746澳__r01.txt	1	19.599360	0.000000	3	0-5
762	3	other	3	other	special	澳门出入境车牌	D:\Yolo_LPR_RK3568_FPGA_Project\1_PC_Training\datasets\特殊车牌\image\澳门出入境车牌\粤Z5118澳.jpg	D:\Yolo_LPR_RK3568_FPGA_Project\1_PC_Training\datasets\yolo_obb_640\images\train\special_macau_粤Z5118澳__r01.jpg	D:\Yolo_LPR_RK3568_FPGA_Project\2_Model_Conversion_PC_Simulation\yolov8_obb\model\obb_quant_dataset_800\quant_0762.jpg	D:\Yolo_LPR_RK3568_FPGA_Project\1_PC_Training\datasets\yolo_obb_640\labels\train\special_macau_粤Z5118澳__r01.txt	1	15.199680	0.000000	1	0-5
763	3	other	3	other	special	澳门出入境车牌	D:\Yolo_LPR_RK3568_FPGA_Project\1_PC_Training\datasets\特殊车牌\image\澳门出入境车牌\粤Z5665澳.jpg	D:\Yolo_LPR_RK3568_FPGA_Project\1_PC_Training\datasets\yolo_obb_640\images\train\special_macau_粤Z5665澳__r01.jpg	D:\Yolo_LPR_RK3568_FPGA_Project\2_Model_Conversion_PC_Simulation\yolov8_obb\model\obb_quant_dataset_800\quant_0763.jpg	D:\Yolo_LPR_RK3568_FPGA_Project\1_PC_Training\datasets\yolo_obb_640\labels\train\special_macau_粤Z5665澳__r01.txt	1	20.800320	0.000000	3	0-5
764	3	other	3	other	special	澳门出入境车牌	D:\Yolo_LPR_RK3568_FPGA_Project\1_PC_Training\datasets\特殊车牌\image\澳门出入境车牌\粤Z5933澳.jpg	D:\Yolo_LPR_RK3568_FPGA_Project\1_PC_Training\datasets\yolo_obb_640\images\train\special_macau_粤Z5933澳__r01.jpg	D:\Yolo_LPR_RK3568_FPGA_Project\2_Model_Conversion_PC_Simulation\yolov8_obb\model\obb_quant_dataset_800\quant_0764.jpg	D:\Yolo_LPR_RK3568_FPGA_Project\1_PC_Training\datasets\yolo_obb_640\labels\train\special_macau_粤Z5933澳__r01.txt	1	20.400000	0.000000	3	0-5
765	3	other	3	other	special	澳门出入境车牌	D:\Yolo_LPR_RK3568_FPGA_Project\1_PC_Training\datasets\特殊车牌\image\澳门出入境车牌\粤Z6419澳.jpg	D:\Yolo_LPR_RK3568_FPGA_Project\1_PC_Training\datasets\yolo_obb_640\images\train\special_macau_粤Z6419澳__r01.jpg	D:\Yolo_LPR_RK3568_FPGA_Project\2_Model_Conversion_PC_Simulation\yolov8_obb\model\obb_quant_dataset_800\quant_0765.jpg	D:\Yolo_LPR_RK3568_FPGA_Project\1_PC_Training\datasets\yolo_obb_640\labels\train\special_macau_粤Z6419澳__r01.txt	1	19.999680	0.000000	3	0-5
766	3	other	3	other	special	澳门出入境车牌	D:\Yolo_LPR_RK3568_FPGA_Project\1_PC_Training\datasets\特殊车牌\image\澳门出入境车牌\粤Z7367澳.jpg	D:\Yolo_LPR_RK3568_FPGA_Project\1_PC_Training\datasets\yolo_obb_640\images\train\special_macau_粤Z7367澳__r01.jpg	D:\Yolo_LPR_RK3568_FPGA_Project\2_Model_Conversion_PC_Simulation\yolov8_obb\model\obb_quant_dataset_800\quant_0766.jpg	D:\Yolo_LPR_RK3568_FPGA_Project\1_PC_Training\datasets\yolo_obb_640\labels\train\special_macau_粤Z7367澳__r01.txt	1	22.800000	0.000000	3	0-5
767	3	other	3	other	special	澳门出入境车牌	D:\Yolo_LPR_RK3568_FPGA_Project\1_PC_Training\datasets\特殊车牌\image\澳门出入境车牌\粤Z8318澳.jpg	D:\Yolo_LPR_RK3568_FPGA_Project\1_PC_Training\datasets\yolo_obb_640\images\train\special_macau_粤Z8318澳__r01.jpg	D:\Yolo_LPR_RK3568_FPGA_Project\2_Model_Conversion_PC_Simulation\yolov8_obb\model\obb_quant_dataset_800\quant_0767.jpg	D:\Yolo_LPR_RK3568_FPGA_Project\1_PC_Training\datasets\yolo_obb_640\labels\train\special_macau_粤Z8318澳__r01.txt	1	20.799840	0.000000	3	0-5
768	3	other	3	other	special	澳门出入境车牌	D:\Yolo_LPR_RK3568_FPGA_Project\1_PC_Training\datasets\特殊车牌\image\澳门出入境车牌\粤Z9008澳.jpg	D:\Yolo_LPR_RK3568_FPGA_Project\1_PC_Training\datasets\yolo_obb_640\images\train\special_macau_粤Z9008澳__r01.jpg	D:\Yolo_LPR_RK3568_FPGA_Project\2_Model_Conversion_PC_Simulation\yolov8_obb\model\obb_quant_dataset_800\quant_0768.jpg	D:\Yolo_LPR_RK3568_FPGA_Project\1_PC_Training\datasets\yolo_obb_640\labels\train\special_macau_粤Z9008澳__r01.txt	1	20.800320	0.000000	3	0-5
769	3	other	3	other	special	澳门出入境车牌	D:\Yolo_LPR_RK3568_FPGA_Project\1_PC_Training\datasets\特殊车牌\image\澳门出入境车牌\粤Z9584澳.jpg	D:\Yolo_LPR_RK3568_FPGA_Project\1_PC_Training\datasets\yolo_obb_640\images\train\special_macau_粤Z9584澳__r01.jpg	D:\Yolo_LPR_RK3568_FPGA_Project\2_Model_Conversion_PC_Simulation\yolov8_obb\model\obb_quant_dataset_800\quant_0769.jpg	D:\Yolo_LPR_RK3568_FPGA_Project\1_PC_Training\datasets\yolo_obb_640\labels\train\special_macau_粤Z9584澳__r01.txt	1	20.799840	0.000000	3	0-5
770	3	other	3	other	special	澳门出入境车牌	D:\Yolo_LPR_RK3568_FPGA_Project\1_PC_Training\datasets\特殊车牌\image\澳门出入境车牌\粤ZA515澳.jpg	D:\Yolo_LPR_RK3568_FPGA_Project\1_PC_Training\datasets\yolo_obb_640\images\train\special_macau_粤ZA515澳__r01.jpg	D:\Yolo_LPR_RK3568_FPGA_Project\2_Model_Conversion_PC_Simulation\yolov8_obb\model\obb_quant_dataset_800\quant_0770.jpg	D:\Yolo_LPR_RK3568_FPGA_Project\1_PC_Training\datasets\yolo_obb_640\labels\train\special_macau_粤ZA515澳__r01.txt	1	15.999840	0.000000	2	0-5
771	3	other	3	other	special	澳门出入境车牌	D:\Yolo_LPR_RK3568_FPGA_Project\1_PC_Training\datasets\特殊车牌\image\澳门出入境车牌\粤ZC335澳.jpg	D:\Yolo_LPR_RK3568_FPGA_Project\1_PC_Training\datasets\yolo_obb_640\images\train\special_macau_粤ZC335澳__r01.jpg	D:\Yolo_LPR_RK3568_FPGA_Project\2_Model_Conversion_PC_Simulation\yolov8_obb\model\obb_quant_dataset_800\quant_0771.jpg	D:\Yolo_LPR_RK3568_FPGA_Project\1_PC_Training\datasets\yolo_obb_640\labels\train\special_macau_粤ZC335澳__r01.txt	1	17.600160	0.000000	2	0-5
772	3	other	3	other	special	澳门出入境车牌	D:\Yolo_LPR_RK3568_FPGA_Project\1_PC_Training\datasets\特殊车牌\image\澳门出入境车牌\粤ZD110澳.jpg	D:\Yolo_LPR_RK3568_FPGA_Project\1_PC_Training\datasets\yolo_obb_640\images\train\special_macau_粤ZD110澳__r01.jpg	D:\Yolo_LPR_RK3568_FPGA_Project\2_Model_Conversion_PC_Simulation\yolov8_obb\model\obb_quant_dataset_800\quant_0772.jpg	D:\Yolo_LPR_RK3568_FPGA_Project\1_PC_Training\datasets\yolo_obb_640\labels\train\special_macau_粤ZD110澳__r01.txt	1	15.600000	0.000000	2	0-5
773	3	other	3	other	special	澳门出入境车牌	D:\Yolo_LPR_RK3568_FPGA_Project\1_PC_Training\datasets\特殊车牌\image\澳门出入境车牌\粤ZD449澳.jpg	D:\Yolo_LPR_RK3568_FPGA_Project\1_PC_Training\datasets\yolo_obb_640\images\train\special_macau_粤ZD449澳__r01.jpg	D:\Yolo_LPR_RK3568_FPGA_Project\2_Model_Conversion_PC_Simulation\yolov8_obb\model\obb_quant_dataset_800\quant_0773.jpg	D:\Yolo_LPR_RK3568_FPGA_Project\1_PC_Training\datasets\yolo_obb_640\labels\train\special_macau_粤ZD449澳__r01.txt	1	17.199840	0.000000	2	0-5
774	3	other	3	other	special	澳门出入境车牌	D:\Yolo_LPR_RK3568_FPGA_Project\1_PC_Training\datasets\特殊车牌\image\澳门出入境车牌\粤ZE588澳.jpg	D:\Yolo_LPR_RK3568_FPGA_Project\1_PC_Training\datasets\yolo_obb_640\images\train\special_macau_粤ZE588澳__r01.jpg	D:\Yolo_LPR_RK3568_FPGA_Project\2_Model_Conversion_PC_Simulation\yolov8_obb\model\obb_quant_dataset_800\quant_0774.jpg	D:\Yolo_LPR_RK3568_FPGA_Project\1_PC_Training\datasets\yolo_obb_640\labels\train\special_macau_粤ZE588澳__r01.txt	1	18.000000	0.000000	2	0-5
775	3	other	3	other	special	澳门出入境车牌	D:\Yolo_LPR_RK3568_FPGA_Project\1_PC_Training\datasets\特殊车牌\image\澳门出入境车牌\粤ZF575澳.jpg	D:\Yolo_LPR_RK3568_FPGA_Project\1_PC_Training\datasets\yolo_obb_640\images\train\special_macau_粤ZF575澳__r01.jpg	D:\Yolo_LPR_RK3568_FPGA_Project\2_Model_Conversion_PC_Simulation\yolov8_obb\model\obb_quant_dataset_800\quant_0775.jpg	D:\Yolo_LPR_RK3568_FPGA_Project\1_PC_Training\datasets\yolo_obb_640\labels\train\special_macau_粤ZF575澳__r01.txt	1	18.800160	0.000000	2	0-5
776	3	other	3	other	special	澳门出入境车牌	D:\Yolo_LPR_RK3568_FPGA_Project\1_PC_Training\datasets\特殊车牌\image\澳门出入境车牌\粤ZK118澳.jpg	D:\Yolo_LPR_RK3568_FPGA_Project\1_PC_Training\datasets\yolo_obb_640\images\train\special_macau_粤ZK118澳__r01.jpg	D:\Yolo_LPR_RK3568_FPGA_Project\2_Model_Conversion_PC_Simulation\yolov8_obb\model\obb_quant_dataset_800\quant_0776.jpg	D:\Yolo_LPR_RK3568_FPGA_Project\1_PC_Training\datasets\yolo_obb_640\labels\train\special_macau_粤ZK118澳__r01.txt	1	14.800320	0.000000	1	0-5
777	3	other	3	other	special	澳门出入境车牌	D:\Yolo_LPR_RK3568_FPGA_Project\1_PC_Training\datasets\特殊车牌\image\澳门出入境车牌\粤ZK667澳.jpg	D:\Yolo_LPR_RK3568_FPGA_Project\1_PC_Training\datasets\yolo_obb_640\images\train\special_macau_粤ZK667澳__r01.jpg	D:\Yolo_LPR_RK3568_FPGA_Project\2_Model_Conversion_PC_Simulation\yolov8_obb\model\obb_quant_dataset_800\quant_0777.jpg	D:\Yolo_LPR_RK3568_FPGA_Project\1_PC_Training\datasets\yolo_obb_640\labels\train\special_macau_粤ZK667澳__r01.txt	1	16.400640	0.000000	2	0-5
778	3	other	3	other	special	澳门出入境车牌	D:\Yolo_LPR_RK3568_FPGA_Project\1_PC_Training\datasets\特殊车牌\image\澳门出入境车牌\粤ZN882澳.jpg	D:\Yolo_LPR_RK3568_FPGA_Project\1_PC_Training\datasets\yolo_obb_640\images\train\special_macau_粤ZN882澳__r01.jpg	D:\Yolo_LPR_RK3568_FPGA_Project\2_Model_Conversion_PC_Simulation\yolov8_obb\model\obb_quant_dataset_800\quant_0778.jpg	D:\Yolo_LPR_RK3568_FPGA_Project\1_PC_Training\datasets\yolo_obb_640\labels\train\special_macau_粤ZN882澳__r01.txt	1	15.999840	0.000000	2	0-5
779	3	other	3	other	special	澳门出入境车牌	D:\Yolo_LPR_RK3568_FPGA_Project\1_PC_Training\datasets\特殊车牌\image\澳门出入境车牌\粤ZP011澳.jpg	D:\Yolo_LPR_RK3568_FPGA_Project\1_PC_Training\datasets\yolo_obb_640\images\train\special_macau_粤ZP011澳__r01.jpg	D:\Yolo_LPR_RK3568_FPGA_Project\2_Model_Conversion_PC_Simulation\yolov8_obb\model\obb_quant_dataset_800\quant_0779.jpg	D:\Yolo_LPR_RK3568_FPGA_Project\1_PC_Training\datasets\yolo_obb_640\labels\train\special_macau_粤ZP011澳__r01.txt	1	14.400000	0.000000	1	0-5
780	3	other	3	other	special	澳门出入境车牌	D:\Yolo_LPR_RK3568_FPGA_Project\1_PC_Training\datasets\特殊车牌\image\澳门出入境车牌\粤ZP322澳.jpg	D:\Yolo_LPR_RK3568_FPGA_Project\1_PC_Training\datasets\yolo_obb_640\images\train\special_macau_粤ZP322澳__r01.jpg	D:\Yolo_LPR_RK3568_FPGA_Project\2_Model_Conversion_PC_Simulation\yolov8_obb\model\obb_quant_dataset_800\quant_0780.jpg	D:\Yolo_LPR_RK3568_FPGA_Project\1_PC_Training\datasets\yolo_obb_640\labels\train\special_macau_粤ZP322澳__r01.txt	1	16.800000	0.000000	2	0-5
781	3	other	3	other	special	警用车牌	D:\Yolo_LPR_RK3568_FPGA_Project\1_PC_Training\datasets\特殊车牌\image\警用车牌\桂B0191警.jpg	D:\Yolo_LPR_RK3568_FPGA_Project\1_PC_Training\datasets\yolo_obb_640\images\train\special_police_桂B0191警__r01.jpg	D:\Yolo_LPR_RK3568_FPGA_Project\2_Model_Conversion_PC_Simulation\yolov8_obb\model\obb_quant_dataset_800\quant_0781.jpg	D:\Yolo_LPR_RK3568_FPGA_Project\1_PC_Training\datasets\yolo_obb_640\labels\train\special_police_桂B0191警__r01.txt	1	24.000000	0.000000	3	0-5
782	3	other	3	other	special	警用车牌	D:\Yolo_LPR_RK3568_FPGA_Project\1_PC_Training\datasets\特殊车牌\image\警用车牌\粤01197警.jpg	D:\Yolo_LPR_RK3568_FPGA_Project\1_PC_Training\datasets\yolo_obb_640\images\train\special_police_粤01197警__r01.jpg	D:\Yolo_LPR_RK3568_FPGA_Project\2_Model_Conversion_PC_Simulation\yolov8_obb\model\obb_quant_dataset_800\quant_0782.jpg	D:\Yolo_LPR_RK3568_FPGA_Project\1_PC_Training\datasets\yolo_obb_640\labels\train\special_police_粤01197警__r01.txt	1	18.800160	0.000000	2	0-5
783	3	other	3	other	special	警用车牌	D:\Yolo_LPR_RK3568_FPGA_Project\1_PC_Training\datasets\特殊车牌\image\警用车牌\粤03832警.jpg	D:\Yolo_LPR_RK3568_FPGA_Project\1_PC_Training\datasets\yolo_obb_640\images\train\special_police_粤03832警__r01.jpg	D:\Yolo_LPR_RK3568_FPGA_Project\2_Model_Conversion_PC_Simulation\yolov8_obb\model\obb_quant_dataset_800\quant_0783.jpg	D:\Yolo_LPR_RK3568_FPGA_Project\1_PC_Training\datasets\yolo_obb_640\labels\train\special_police_粤03832警__r01.txt	1	18.000000	0.000000	2	0-5
784	3	other	3	other	special	警用车牌	D:\Yolo_LPR_RK3568_FPGA_Project\1_PC_Training\datasets\特殊车牌\image\警用车牌\粤0D009警.jpg	D:\Yolo_LPR_RK3568_FPGA_Project\1_PC_Training\datasets\yolo_obb_640\images\train\special_police_粤0D009警__r01.jpg	D:\Yolo_LPR_RK3568_FPGA_Project\2_Model_Conversion_PC_Simulation\yolov8_obb\model\obb_quant_dataset_800\quant_0784.jpg	D:\Yolo_LPR_RK3568_FPGA_Project\1_PC_Training\datasets\yolo_obb_640\labels\train\special_police_粤0D009警__r01.txt	1	18.800160	0.000000	2	0-5
785	3	other	3	other	special	警用车牌	D:\Yolo_LPR_RK3568_FPGA_Project\1_PC_Training\datasets\特殊车牌\image\警用车牌\粤A2255警.jpg	D:\Yolo_LPR_RK3568_FPGA_Project\1_PC_Training\datasets\yolo_obb_640\images\train\special_police_粤A2255警__r01.jpg	D:\Yolo_LPR_RK3568_FPGA_Project\2_Model_Conversion_PC_Simulation\yolov8_obb\model\obb_quant_dataset_800\quant_0785.jpg	D:\Yolo_LPR_RK3568_FPGA_Project\1_PC_Training\datasets\yolo_obb_640\labels\train\special_police_粤A2255警__r01.txt	1	21.999840	0.000000	3	0-5
786	3	other	3	other	special	警用车牌	D:\Yolo_LPR_RK3568_FPGA_Project\1_PC_Training\datasets\特殊车牌\image\警用车牌\粤A9022警.jpg	D:\Yolo_LPR_RK3568_FPGA_Project\1_PC_Training\datasets\yolo_obb_640\images\train\special_police_粤A9022警__r01.jpg	D:\Yolo_LPR_RK3568_FPGA_Project\2_Model_Conversion_PC_Simulation\yolov8_obb\model\obb_quant_dataset_800\quant_0786.jpg	D:\Yolo_LPR_RK3568_FPGA_Project\1_PC_Training\datasets\yolo_obb_640\labels\train\special_police_粤A9022警__r01.txt	1	20.400000	0.000000	3	0-5
787	3	other	3	other	special	警用车牌	D:\Yolo_LPR_RK3568_FPGA_Project\1_PC_Training\datasets\特殊车牌\image\警用车牌\粤AA133警.jpg	D:\Yolo_LPR_RK3568_FPGA_Project\1_PC_Training\datasets\yolo_obb_640\images\train\special_police_粤AA133警__r01.jpg	D:\Yolo_LPR_RK3568_FPGA_Project\2_Model_Conversion_PC_Simulation\yolov8_obb\model\obb_quant_dataset_800\quant_0787.jpg	D:\Yolo_LPR_RK3568_FPGA_Project\1_PC_Training\datasets\yolo_obb_640\labels\train\special_police_粤AA133警__r01.txt	1	16.400640	0.000000	2	0-5
788	3	other	3	other	special	警用车牌	D:\Yolo_LPR_RK3568_FPGA_Project\1_PC_Training\datasets\特殊车牌\image\警用车牌\粤AA393警.jpg	D:\Yolo_LPR_RK3568_FPGA_Project\1_PC_Training\datasets\yolo_obb_640\images\train\special_police_粤AA393警__r01.jpg	D:\Yolo_LPR_RK3568_FPGA_Project\2_Model_Conversion_PC_Simulation\yolov8_obb\model\obb_quant_dataset_800\quant_0788.jpg	D:\Yolo_LPR_RK3568_FPGA_Project\1_PC_Training\datasets\yolo_obb_640\labels\train\special_police_粤AA393警__r01.txt	1	18.800160	0.000000	2	0-5
789	3	other	3	other	special	警用车牌	D:\Yolo_LPR_RK3568_FPGA_Project\1_PC_Training\datasets\特殊车牌\image\警用车牌\粤AZ002警.jpg	D:\Yolo_LPR_RK3568_FPGA_Project\1_PC_Training\datasets\yolo_obb_640\images\train\special_police_粤AZ002警__r01.jpg	D:\Yolo_LPR_RK3568_FPGA_Project\2_Model_Conversion_PC_Simulation\yolov8_obb\model\obb_quant_dataset_800\quant_0789.jpg	D:\Yolo_LPR_RK3568_FPGA_Project\1_PC_Training\datasets\yolo_obb_640\labels\train\special_police_粤AZ002警__r01.txt	1	19.200000	0.000000	2	0-5
790	3	other	3	other	special	警用车牌	D:\Yolo_LPR_RK3568_FPGA_Project\1_PC_Training\datasets\特殊车牌\image\警用车牌\粤C0445警.jpg	D:\Yolo_LPR_RK3568_FPGA_Project\1_PC_Training\datasets\yolo_obb_640\images\train\special_police_粤C0445警__r01.jpg	D:\Yolo_LPR_RK3568_FPGA_Project\2_Model_Conversion_PC_Simulation\yolov8_obb\model\obb_quant_dataset_800\quant_0790.jpg	D:\Yolo_LPR_RK3568_FPGA_Project\1_PC_Training\datasets\yolo_obb_640\labels\train\special_police_粤C0445警__r01.txt	1	24.000000	0.000000	3	0-5
791	3	other	3	other	special	警用车牌	D:\Yolo_LPR_RK3568_FPGA_Project\1_PC_Training\datasets\特殊车牌\image\警用车牌\粤C0509警.jpg	D:\Yolo_LPR_RK3568_FPGA_Project\1_PC_Training\datasets\yolo_obb_640\images\train\special_police_粤C0509警__r01.jpg	D:\Yolo_LPR_RK3568_FPGA_Project\2_Model_Conversion_PC_Simulation\yolov8_obb\model\obb_quant_dataset_800\quant_0791.jpg	D:\Yolo_LPR_RK3568_FPGA_Project\1_PC_Training\datasets\yolo_obb_640\labels\train\special_police_粤C0509警__r01.txt	1	21.200640	0.000000	3	0-5
792	3	other	3	other	special	警用车牌	D:\Yolo_LPR_RK3568_FPGA_Project\1_PC_Training\datasets\特殊车牌\image\警用车牌\粤C0602警.jpg	D:\Yolo_LPR_RK3568_FPGA_Project\1_PC_Training\datasets\yolo_obb_640\images\train\special_police_粤C0602警__r01.jpg	D:\Yolo_LPR_RK3568_FPGA_Project\2_Model_Conversion_PC_Simulation\yolov8_obb\model\obb_quant_dataset_800\quant_0792.jpg	D:\Yolo_LPR_RK3568_FPGA_Project\1_PC_Training\datasets\yolo_obb_640\labels\train\special_police_粤C0602警__r01.txt	1	25.600320	0.000000	3	0-5
793	3	other	3	other	special	警用车牌	D:\Yolo_LPR_RK3568_FPGA_Project\1_PC_Training\datasets\特殊车牌\image\警用车牌\粤C0606警.jpg	D:\Yolo_LPR_RK3568_FPGA_Project\1_PC_Training\datasets\yolo_obb_640\images\train\special_police_粤C0606警__r01.jpg	D:\Yolo_LPR_RK3568_FPGA_Project\2_Model_Conversion_PC_Simulation\yolov8_obb\model\obb_quant_dataset_800\quant_0793.jpg	D:\Yolo_LPR_RK3568_FPGA_Project\1_PC_Training\datasets\yolo_obb_640\labels\train\special_police_粤C0606警__r01.txt	1	25.200000	0.000000	3	0-5
794	3	other	3	other	special	警用车牌	D:\Yolo_LPR_RK3568_FPGA_Project\1_PC_Training\datasets\特殊车牌\image\警用车牌\粤C0655警.jpg	D:\Yolo_LPR_RK3568_FPGA_Project\1_PC_Training\datasets\yolo_obb_640\images\train\special_police_粤C0655警__r01.jpg	D:\Yolo_LPR_RK3568_FPGA_Project\2_Model_Conversion_PC_Simulation\yolov8_obb\model\obb_quant_dataset_800\quant_0794.jpg	D:\Yolo_LPR_RK3568_FPGA_Project\1_PC_Training\datasets\yolo_obb_640\labels\train\special_police_粤C0655警__r01.txt	1	22.400160	0.000000	3	0-5
795	3	other	3	other	special	警用车牌	D:\Yolo_LPR_RK3568_FPGA_Project\1_PC_Training\datasets\特殊车牌\image\警用车牌\粤C0656警.jpg	D:\Yolo_LPR_RK3568_FPGA_Project\1_PC_Training\datasets\yolo_obb_640\images\train\special_police_粤C0656警__r01.jpg	D:\Yolo_LPR_RK3568_FPGA_Project\2_Model_Conversion_PC_Simulation\yolov8_obb\model\obb_quant_dataset_800\quant_0795.jpg	D:\Yolo_LPR_RK3568_FPGA_Project\1_PC_Training\datasets\yolo_obb_640\labels\train\special_police_粤C0656警__r01.txt	1	23.599680	0.000000	3	0-5
796	3	other	3	other	special	警用车牌	D:\Yolo_LPR_RK3568_FPGA_Project\1_PC_Training\datasets\特殊车牌\image\警用车牌\粤C0733警.jpg	D:\Yolo_LPR_RK3568_FPGA_Project\1_PC_Training\datasets\yolo_obb_640\images\train\special_police_粤C0733警__r01.jpg	D:\Yolo_LPR_RK3568_FPGA_Project\2_Model_Conversion_PC_Simulation\yolov8_obb\model\obb_quant_dataset_800\quant_0796.jpg	D:\Yolo_LPR_RK3568_FPGA_Project\1_PC_Training\datasets\yolo_obb_640\labels\train\special_police_粤C0733警__r01.txt	1	22.800000	0.000000	3	0-5
797	3	other	3	other	special	警用车牌	D:\Yolo_LPR_RK3568_FPGA_Project\1_PC_Training\datasets\特殊车牌\image\警用车牌\粤C5058警.jpg	D:\Yolo_LPR_RK3568_FPGA_Project\1_PC_Training\datasets\yolo_obb_640\images\train\special_police_粤C5058警__r01.jpg	D:\Yolo_LPR_RK3568_FPGA_Project\2_Model_Conversion_PC_Simulation\yolov8_obb\model\obb_quant_dataset_800\quant_0797.jpg	D:\Yolo_LPR_RK3568_FPGA_Project\1_PC_Training\datasets\yolo_obb_640\labels\train\special_police_粤C5058警__r01.txt	1	21.200640	0.000000	3	0-5
798	3	other	3	other	special	警用车牌	D:\Yolo_LPR_RK3568_FPGA_Project\1_PC_Training\datasets\特殊车牌\image\警用车牌\粤E6D61警.jpg	D:\Yolo_LPR_RK3568_FPGA_Project\1_PC_Training\datasets\yolo_obb_640\images\train\special_police_粤E6D61警__r01.jpg	D:\Yolo_LPR_RK3568_FPGA_Project\2_Model_Conversion_PC_Simulation\yolov8_obb\model\obb_quant_dataset_800\quant_0798.jpg	D:\Yolo_LPR_RK3568_FPGA_Project\1_PC_Training\datasets\yolo_obb_640\labels\train\special_police_粤E6D61警__r01.txt	1	19.200000	0.000000	2	0-5
799	3	other	3	other	special	警用车牌	D:\Yolo_LPR_RK3568_FPGA_Project\1_PC_Training\datasets\特殊车牌\image\警用车牌\粤S0090警.jpg	D:\Yolo_LPR_RK3568_FPGA_Project\1_PC_Training\datasets\yolo_obb_640\images\train\special_police_粤S0090警__r01.jpg	D:\Yolo_LPR_RK3568_FPGA_Project\2_Model_Conversion_PC_Simulation\yolov8_obb\model\obb_quant_dataset_800\quant_0799.jpg	D:\Yolo_LPR_RK3568_FPGA_Project\1_PC_Training\datasets\yolo_obb_640\labels\train\special_police_粤S0090警__r01.txt	1	21.600000	0.000000	3	0-5
