index	selection_bucket	source_kind	source_split	source_partition	class_ids	source_image	output_image	source_sha256	source_width	source_height	scale	pad_left	pad_top
0	blue	old	train	train	0	D:\Yolo_LPR_RK3568_FPGA_Project\1_PC_Training\datasets\yolo_format\images\train\crpd_53_0489.jpg	finetune_quant_dataset/quant_0000.jpg	76C996D713C60642440573573A9AC1B056393241B92894BFB5B65986FA0B4D3F	1600	1200	0.4	0	80
1	yellow_single	old	train	train	2	D:\Yolo_LPR_RK3568_FPGA_Project\1_PC_Training\datasets\yolo_format\images\train\crpd_1 (736).jpg	finetune_quant_dataset/quant_0001.jpg	F8ECDBDD7ED947FFDD1A5D376121235519848DC38E0D840097B834D8251E9380	1628	1236	0.39312039312	0	77
2	blue	old	train	train	0,0	D:\Yolo_LPR_RK3568_FPGA_Project\1_PC_Training\datasets\yolo_format\images\train\crpd_60_0765.jpg	finetune_quant_dataset/quant_0002.jpg	D08A73E2B5E3FB2BC322D133A5328447D00A34FDEF0F3FDDD0F264C58E34F3B4	1920	1080	0.333333333333	0	140
3	other_all	special	val	警用车牌	3	D:\Yolo_LPR_RK3568_FPGA_Project\1_PC_Training\datasets\特殊车牌\image\警用车牌\粤C0702警.jpg	finetune_quant_dataset/quant_0003.jpg	88836613BEBF0AE9F544952DA103421C2C588C9D830F4BFFA039088053230EA9	1600	1200	0.4	0	80
4	other_all	special	test	警用车牌	3	D:\Yolo_LPR_RK3568_FPGA_Project\1_PC_Training\datasets\特殊车牌\image\警用车牌\粤T0B12警.jpg	finetune_quant_dataset/quant_0004.jpg	AA281DC8A42F103083E5A754646F33D1734C7D2BC8B1566B832DCCD7D1DF6B90	1600	1200	0.4	0	80
5	other_all	old	train	train	3	D:\Yolo_LPR_RK3568_FPGA_Project\1_PC_Training\datasets\yolo_format\images\train\crpd_66_0558.jpg	finetune_quant_dataset/quant_0005.jpg	1294D41097038C2709F16F087B190F03DAE1704CF1F31FF94D717429AFF49C54	1920	1080	0.333333333333	0	140
6	blue	old	train	train	0	D:\Yolo_LPR_RK3568_FPGA_Project\1_PC_Training\datasets\yolo_format\images\train\ccpd_blue_ccpd_tilt_0281-15_24-236&490_414&622-414&622_251&578_236&490_399&534-0_16_19_27_27_24_25-53-19.jpg	finetune_quant_dataset/quant_0006.jpg	7F7E9C7CF3E7D8C595D56D32FFEB58C7750CAFCB8C1A40A375E8E317C69CF212	720	1160	0.551724137931	121	0
7	other_all	special	train	教练车牌	3	D:\Yolo_LPR_RK3568_FPGA_Project\1_PC_Training\datasets\特殊车牌\image\教练车牌\粤S7877学.jpg	finetune_quant_dataset/quant_0007.jpg	DEAB7D6F64DF50FA2B757C9DF9676F0184DD3FD0ACBD9D1C758E1F4D6DD82B09	1600	1200	0.4	0	80
8	blue	old	train	train	0	D:\Yolo_LPR_RK3568_FPGA_Project\1_PC_Training\datasets\yolo_format\images\train\ccpd_blue_ccpd_blur_0375-1_16-261&419_557&525-557&525_286&517_261&419_532&427-0_0_10_11_24_25_32-149-2.jpg	finetune_quant_dataset/quant_0008.jpg	E32EE5C0B392A282BA8D041B7D952F43F93604CC40A59A897EC4EDB40C66CD73	720	1160	0.551724137931	121	0
9	other_all	special	train	教练车牌	3	D:\Yolo_LPR_RK3568_FPGA_Project\1_PC_Training\datasets\特殊车牌\image\教练车牌\粤C2856学.jpg	finetune_quant_dataset/quant_0009.jpg	412CCF999DF82CFE8B55242DCE29FE34FEC3A20B9DF36201E1A70552C44A8A8F	1600	1200	0.4	0	80
10	green	old	train	train	1	D:\Yolo_LPR_RK3568_FPGA_Project\1_PC_Training\datasets\yolo_format\images\train\ccpd_green_train_30175-93_95-260&509_484&588-484&588_266&575_260&509_482&520-0_0_3_17_25_28_25_26-192-27.jpg	finetune_quant_dataset/quant_0010.jpg	27CCEC4BACC7E4B13E9D01A62EBF124773A21063C22840E7B216BEEBDD5E0450	720	1160	0.551724137931	121	0
11	yellow_single	old	train	train	2	D:\Yolo_LPR_RK3568_FPGA_Project\1_PC_Training\datasets\yolo_format\images\train\crpd_54_0116.jpg	finetune_quant_dataset/quant_0011.jpg	96B58B56C48DE27FC9B96893FF76ECC12E23F1AC1A273E81FC196A71EED8F48E	1920	1080	0.333333333333	0	140
12	green	old	train	train	1	D:\Yolo_LPR_RK3568_FPGA_Project\1_PC_Training\datasets\yolo_format\images\train\ccpd_green_train_01267578125-88_267-212&511_410&575-410&567_216&575_212&520_410&511-0_0_3_24_33_30_27_27-119-16.jpg	finetune_quant_dataset/quant_0012.jpg	2C4EEAD03C8A2B5D1B9BC9FB8AE6BD8574870DF212AAA64DBCEB43272CA8F1E6	720	1160	0.551724137931	121	0
13	yellow_single	old	train	train	2	D:\Yolo_LPR_RK3568_FPGA_Project\1_PC_Training\datasets\yolo_format\images\train\crpd_1 (947).jpg	finetune_quant_dataset/quant_0013.jpg	8E78362F9454400F92AB9FD6DCAF35E6883D084090FFE1110700D867139255A7	1628	1236	0.39312039312	0	77
14	blue	old	train	train	0,2	D:\Yolo_LPR_RK3568_FPGA_Project\1_PC_Training\datasets\yolo_format\images\train\crpd_54_0806.jpg	finetune_quant_dataset/quant_0014.jpg	CB092E9A7233D23D965D5F1AFB8CD72498EBE0EFBF84A3056E57CDF15CB6DF4C	1920	1080	0.333333333333	0	140
15	other_all	old	train	train	3	D:\Yolo_LPR_RK3568_FPGA_Project\1_PC_Training\datasets\yolo_format\images\train\crpd_66_0889.jpg	finetune_quant_dataset/quant_0015.jpg	BB9A4169EA366618F9D7C6D597720DBE5DC36131BF14EFB3ED8BD51AE33514D6	1920	1080	0.333333333333	0	140
16	yellow_single	old	train	train	2	D:\Yolo_LPR_RK3568_FPGA_Project\1_PC_Training\datasets\yolo_format\images\train\crpd_45_0194.jpg	finetune_quant_dataset/quant_0016.jpg	96120D95BA3981A41ECE2B41B1942A8B60B2F4C1EC9A7754F3BB4E04C1E20EBC	1920	1080	0.333333333333	0	140
17	green	old	train	train	1	D:\Yolo_LPR_RK3568_FPGA_Project\1_PC_Training\datasets\yolo_format\images\train\ccpd_green_train_0216015625-90_268-177&441_429&527-428&516_177&527_179&441_429&441-0_0_3_24_30_25_29_25-119-66.jpg	finetune_quant_dataset/quant_0017.jpg	1496022CB9C02D274E7DCA8D9A65A3546F4ADAEAC31853D7C4E9456033125915	720	1160	0.551724137931	121	0
18	green	old	train	train	1	D:\Yolo_LPR_RK3568_FPGA_Project\1_PC_Training\datasets\yolo_format\images\train\ccpd_green_train_027434895833333334-89_254-178&453_472&547-472&546_201&547_178&460_456&453-0_0_3_17_25_28_30_33-121-175.jpg	finetune_quant_dataset/quant_0018.jpg	65EB1C7382D3B38A2C7BDC82CFD0B79F579A2ACFE1A789B749A266FE0B040B1B	720	1160	0.551724137931	121	0
19	blue	old	train	train	0	D:\Yolo_LPR_RK3568_FPGA_Project\1_PC_Training\datasets\yolo_format\images\train\ccpd_blue_ccpd_tilt_0819-18_48-194&464_538&663-538&663_256&570_194&464_476&557-0_0_10_31_24_24_10-66-103.jpg	finetune_quant_dataset/quant_0019.jpg	F29441160AE258D8FB5D404E89C32218FD12C2F4D2169A9F7B07F8B67253D74B	720	1160	0.551724137931	121	0
20	green	old	train	train	1	D:\Yolo_LPR_RK3568_FPGA_Project\1_PC_Training\datasets\yolo_format\images\train\ccpd_green_train_0347580295139-88_93-179&447_490&560-489&544_179&560_181&454_490&447-0_0_3_26_24_30_27_27-99-17.jpg	finetune_quant_dataset/quant_0020.jpg	B0AC574F28410CD8ECFE3A7B4395B39C7556C7603EBD18E2FF2E58DCCAF60CBB	720	1160	0.551724137931	121	0
21	blue	old	train	train	0	D:\Yolo_LPR_RK3568_FPGA_Project\1_PC_Training\datasets\yolo_format\images\train\ccpd_blue_ccpd_tilt_0594-24_42-178&406_438&597-438&597_204&488_178&406_412&515-0_0_5_25_24_30_5-94-63.jpg	finetune_quant_dataset/quant_0021.jpg	98ACAD9EB9F8D8E405767CD180AE6B09820DA77D9F4632653AFF6C59B5CF5765	720	1160	0.551724137931	121	0
22	green	old	train	train	1	D:\Yolo_LPR_RK3568_FPGA_Project\1_PC_Training\datasets\yolo_format\images\train\ccpd_green_train_0365234375-90_94-165&426_539&525-539&525_177&519_165&426_533&428-0_0_3_24_30_27_27_30-52-53.jpg	finetune_quant_dataset/quant_0022.jpg	3AA5E61D44962B0C381FAAC6F74AC009AF68885CE1825FBA780F9BDD4A6D6687	720	1160	0.551724137931	121	0
23	blue	old	train	train	0,0	D:\Yolo_LPR_RK3568_FPGA_Project\1_PC_Training\datasets\yolo_format\images\train\crpd_60_0074.jpg	finetune_quant_dataset/quant_0023.jpg	FD034EB8D4D12834EB10A1B9A97109853E4428A8322695B57A4E52909F6D1D28	1920	1080	0.333333333333	0	140
24	green	old	train	train	1	D:\Yolo_LPR_RK3568_FPGA_Project\1_PC_Training\datasets\yolo_format\images\train\ccpd_green_train_039290364583333334-89_266-233&466_588&577-588&571_241&577_233&473_578&466-0_0_5_24_24_26_26_26-185-104.jpg	finetune_quant_dataset/quant_0024.jpg	2016E714E51F24323E547CCE0E7F238BB8FC3C8C54056584EB9EFA64373FE9B4	720	1160	0.551724137931	121	0
25	green	old	train	train	1	D:\Yolo_LPR_RK3568_FPGA_Project\1_PC_Training\datasets\yolo_format\images\train\ccpd_green_train_30228515625-91_265-199&477_469&562-457&553_199&562_207&477_469&483-0_0_3_25_25_24_24_24-75-188.jpg	finetune_quant_dataset/quant_0025.jpg	AFF351EF297D4DEE5B2DBCFA0584C352CDB35894A331621F0915A09E18362FD1	720	1160	0.551724137931	121	0
26	green	old	train	train	1	D:\Yolo_LPR_RK3568_FPGA_Project\1_PC_Training\datasets\yolo_format\images\train\ccpd_green_train_0221354166667-90_262-219&450_491&532-491&532_228&522_219&450_485&454-0_0_3_24_26_29_27_33-115-118.jpg	finetune_quant_dataset/quant_0026.jpg	51E817884C73811EB4EBF9B00A8804A3D99E0DD8E16570CD90A172C03B15AFB3	720	1160	0.551724137931	121	0
27	yellow_single	old	train	train	2	D:\Yolo_LPR_RK3568_FPGA_Project\1_PC_Training\datasets\yolo_format\images\train\crpd_42_0100.jpg	finetune_quant_dataset/quant_0027.jpg	FE4719636490E85771BE4CD9C246473BBEDED639DEB1EAACC16A53E35D6248C4	1920	1080	0.333333333333	0	140
28	green	old	train	train	1	D:\Yolo_LPR_RK3568_FPGA_Project\1_PC_Training\datasets\yolo_format\images\train\ccpd_green_train_0306467013889-89_270-181&448_488&549-485&540_182&549_181&459_488&448-0_0_3_26_24_33_27_33-117-54.jpg	finetune_quant_dataset/quant_0028.jpg	9FE8B28F0555225F7EF11B350AD879CDFEB166309F4FCC80DE0B45EC2DA979D0	720	1160	0.551724137931	121	0
29	green	old	train	train	1	D:\Yolo_LPR_RK3568_FPGA_Project\1_PC_Training\datasets\yolo_format\images\train\ccpd_green_train_301611328125-89_90-233&472_458&544-458&538_233&544_240&472_458&484-0_0_3_24_33_32_24_29-95-18.jpg	finetune_quant_dataset/quant_0029.jpg	D56295946688BC50298DE571C1B2C23A00C6BBDAC88B5EDF0E317A7D428C0A2A	720	1160	0.551724137931	121	0
30	other_all	old	train	train	0,3	D:\Yolo_LPR_RK3568_FPGA_Project\1_PC_Training\datasets\yolo_format\images\train\crpd_66_0883.jpg	finetune_quant_dataset/quant_0030.jpg	85D3E021402F362C165A63EA2D79543E60BFD98F098D942C55AE8D04DA48A5C4	1920	1080	0.333333333333	0	140
31	green	old	train	train	1	D:\Yolo_LPR_RK3568_FPGA_Project\1_PC_Training\datasets\yolo_format\images\train\ccpd_green_train_0270486111111-90_267-226&451_530&541-522&531_226&541_230&454_530&451-0_0_3_25_30_30_32_32-93-93.jpg	finetune_quant_dataset/quant_0031.jpg	14E410D664E580F1BD15BC07C563E8718ED2E22AB3B2D77926897343BB596FB9	720	1160	0.551724137931	121	0
32	blue	old	train	train	0	D:\Yolo_LPR_RK3568_FPGA_Project\1_PC_Training\datasets\yolo_format\images\train\ccpd_blue_ccpd_weather_0423-0_0-205&388_539&494-539&490_206&494_205&392_538&388-0_0_11_29_27_24_27-95-262.jpg	finetune_quant_dataset/quant_0032.jpg	B59A0880D9858FA67343FFBD0D7CC27F158B9DD63E835DD4F3FB0220EF19E3AF	720	1160	0.551724137931	121	0
33	green	old	train	train	1	D:\Yolo_LPR_RK3568_FPGA_Project\1_PC_Training\datasets\yolo_format\images\train\ccpd_green_train_01244140625-87_254-291&505_473&574-473&574_308&571_291&515_459&505-0_0_3_25_29_25_26_33-110-76.jpg	finetune_quant_dataset/quant_0033.jpg	37DC9FCAB6975D4E7E8DEAAF2A02E45BD4A83A85EF47F7B3D9291196CE26846A	720	1160	0.551724137931	121	0
34	blue	old	train	train	0	D:\Yolo_LPR_RK3568_FPGA_Project\1_PC_Training\datasets\yolo_format\images\train\ccpd_blue_ccpd_db_0556-6_8-211&451_534&595-534&595_216&560_211&451_529&486-0_0_17_14_25_29_31-14-5.jpg	finetune_quant_dataset/quant_0034.jpg	2B02856DA620279D35CA9FAFECD9D5F62BE0CE29200204E4B6661FB2846AA329	720	1160	0.551724137931	121	0
35	green	old	train	train	1	D:\Yolo_LPR_RK3568_FPGA_Project\1_PC_Training\datasets\yolo_format\images\train\ccpd_green_train_0307291666667-92_268-306&334_601&439-597&439_306&434_311&334_601&348-0_0_3_17_24_33_24_31-139-144.jpg	finetune_quant_dataset/quant_0035.jpg	03DFC0877730AC10E512212B4B624DFA2677F5C7349CC811D291E6E16C21AA63	720	1160	0.551724137931	121	0
36	other_all	old	train	train	3	D:\Yolo_LPR_RK3568_FPGA_Project\1_PC_Training\datasets\yolo_format\images\train\crpd_66_0753.jpg	finetune_quant_dataset/quant_0036.jpg	61C01103BE71F292C72170C6B9CCCB5375437C887B2243C25A7B41A5BE1D4AA3	1920	1080	0.333333333333	0	140
37	yellow_single	old	train	train	2	D:\Yolo_LPR_RK3568_FPGA_Project\1_PC_Training\datasets\yolo_format\images\train\crpd_61_0099.jpg	finetune_quant_dataset/quant_0037.jpg	A5B09A6B5EF98565D3C23DD3F695EAE8DC233AF32A6A2A8AD54034D5E48F126C	1920	1080	0.333333333333	0	140
38	blue	old	train	train	0	D:\Yolo_LPR_RK3568_FPGA_Project\1_PC_Training\datasets\yolo_format\images\train\ccpd_blue_ccpd_base_0462859195402-90_86-141&429_539&559-531&549_160&564_158&434_529&419-0_0_6_17_33_29_32-64-50.jpg	finetune_quant_dataset/quant_0038.jpg	6C63A3AC03DA55D3F955A8A82BD2CAC12484176880ED67779AC58C7D4E23C8F5	720	1160	0.551724137931	121	0
39	other_all	old	train	train	3	D:\Yolo_LPR_RK3568_FPGA_Project\1_PC_Training\datasets\yolo_format\images\train\crpd_66_1146.jpg	finetune_quant_dataset/quant_0039.jpg	44BAEDC6E95C853021888827097CBA5A27DFBA462B88DBF76F449ECED23846F6	1600	1200	0.4	0	80
40	green	old	train	train	1	D:\Yolo_LPR_RK3568_FPGA_Project\1_PC_Training\datasets\yolo_format\images\train\ccpd_green_train_0332063802083-88_264-243&356_546&467-546&451_243&467_248&370_543&356-0_0_3_17_24_33_27_33-123-69.jpg	finetune_quant_dataset/quant_0040.jpg	F106F7B392BCE826A5C14DBC3A88809ADA5F01F74C8D75C22009E2569D5333A6	720	1160	0.551724137931	121	0
41	other_all	special	train	警用车牌	3	D:\Yolo_LPR_RK3568_FPGA_Project\1_PC_Training\datasets\特殊车牌\image\警用车牌\粤0D009警.jpg	finetune_quant_dataset/quant_0041.jpg	BD541B782C78F7AF94E92E19B0A4C2EB99C3AB90BCBE3C0DE88B1C71656450AF	1600	1200	0.4	0	80
42	yellow_single	old	train	train	2	D:\Yolo_LPR_RK3568_FPGA_Project\1_PC_Training\datasets\yolo_format\images\train\crpd_45_1421.jpg	finetune_quant_dataset/quant_0042.jpg	0A7FD58A487032EADAC2B4CE4D355002CDDD8AB208A110315F252444BC5AACBD	1920	1080	0.333333333333	0	140
43	blue	old	train	train	0	D:\Yolo_LPR_RK3568_FPGA_Project\1_PC_Training\datasets\yolo_format\images\train\ccpd_blue_ccpd_db_0423-3_0-251&469_553&586-546&586_251&570_258&469_553&485-0_0_1_31_15_25_29-26-36.jpg	finetune_quant_dataset/quant_0043.jpg	F0CA9FDD8F2A5CD7B9077D63D12DEB06E06DDE8059BD7EA6CAB1C9395F396C9E	720	1160	0.551724137931	121	0
44	other_all	old	train	train	3	D:\Yolo_LPR_RK3568_FPGA_Project\1_PC_Training\datasets\yolo_format\images\train\crpd_66_0259.jpg	finetune_quant_dataset/quant_0044.jpg	92739D2ECAE68B760529D4289E67BD2D5A49CCCE485955BBCC017429AE6AAE4A	1920	1080	0.333333333333	0	140
45	green	old	train	train	1	D:\Yolo_LPR_RK3568_FPGA_Project\1_PC_Training\datasets\yolo_format\images\train\ccpd_green_train_301453125-89_262-252&484_468&552-468&546_261&552_252&489_462&484-0_0_3_24_30_30_33_25-103-50.jpg	finetune_quant_dataset/quant_0045.jpg	14B94D99760C8DD044751ECE84ED6359444A5A10DA4A041992749A5204819B09	720	1160	0.551724137931	121	0
46	other_all	special	train	教练车牌	3	D:\Yolo_LPR_RK3568_FPGA_Project\1_PC_Training\datasets\特殊车牌\image\教练车牌\粤C3308学.jpg	finetune_quant_dataset/quant_0046.jpg	08E231EB8B142BF5A109446FAB48B6470624C37C4E7E86E7446FCBA910E78FB4	1600	1200	0.4	0	80
47	blue	old	train	train	0,0	D:\Yolo_LPR_RK3568_FPGA_Project\1_PC_Training\datasets\yolo_format\images\train\crpd_60_0436.jpg	finetune_quant_dataset/quant_0047.jpg	5042770E66D0BC3AE944EEF10FE6579BA5D02BBFC3E55A782288D3F6FA13E164	1920	1080	0.333333333333	0	140
48	green	old	train	train	1	D:\Yolo_LPR_RK3568_FPGA_Project\1_PC_Training\datasets\yolo_format\images\train\ccpd_green_train_0241319444444-92_99-235&459_513&547-513&547_243&534_235&459_505&465-0_0_3_25_27_32_32_32-164-234.jpg	finetune_quant_dataset/quant_0048.jpg	816D0694A910DCB340C17B10D1E76274EAC7B290372DFB15664BA44574441048	720	1160	0.551724137931	121	0
49	other_all	special	test	澳门出入境车牌	3	D:\Yolo_LPR_RK3568_FPGA_Project\1_PC_Training\datasets\特殊车牌\image\澳门出入境车牌\粤ZR995澳.jpg	finetune_quant_dataset/quant_0049.jpg	29B1821DE8968F968A2432F0BFAE589D6E6D975BB2A9E9F4B8F0687F3F35FE6C	1600	1200	0.4	0	80
50	green	old	train	train	1	D:\Yolo_LPR_RK3568_FPGA_Project\1_PC_Training\datasets\yolo_format\images\train\ccpd_green_train_0275651041667-89_94-192&423_484&518-484&509_193&518_192&434_478&423-0_0_3_24_31_25_25_31-121-179.jpg	finetune_quant_dataset/quant_0050.jpg	9FE3E0EF907A5DCB4610D74658B05334052D1ACD102D4E690E371FBEAF77E6AD	720	1160	0.551724137931	121	0
51	green	old	train	train	1	D:\Yolo_LPR_RK3568_FPGA_Project\1_PC_Training\datasets\yolo_format\images\train\ccpd_green_train_01453125-90_268-233&460_449&528-448&527_233&528_235&460_449&464-0_0_3_24_26_25_24_32-119-10.jpg	finetune_quant_dataset/quant_0051.jpg	20484BD5854C5B8E1DDBB8E80F1115BB46B7783BF01ADEFFED1A983C01AE28CE	720	1160	0.551724137931	121	0
52	other_all	special	train	警用车牌	3	D:\Yolo_LPR_RK3568_FPGA_Project\1_PC_Training\datasets\特殊车牌\image\警用车牌\粤C0677警.jpg	finetune_quant_dataset/quant_0052.jpg	0F2294DA788A5B2FFE7AE0A62D9184FFDC9C226AA29159C12DF46B36528BB261	1600	1200	0.4	0	80
53	blue	old	train	train	0,0	D:\Yolo_LPR_RK3568_FPGA_Project\1_PC_Training\datasets\yolo_format\images\train\crpd_35_0070.jpg	finetune_quant_dataset/quant_0053.jpg	CB0E416A99FEC26C98C17765C9C9E05B0BB1927287ECDC53D4FC0E8463D90746	1920	1080	0.333333333333	0	140
54	blue	old	train	train	0	D:\Yolo_LPR_RK3568_FPGA_Project\1_PC_Training\datasets\yolo_format\images\train\ccpd_blue_ccpd_rotate_0476-21_4-262&463_487&640-487&563_294&640_262&540_455&463-0_0_6_25_26_28_29-128-59.jpg	finetune_quant_dataset/quant_0054.jpg	92E6D782C7ED8BC886C9DD1EBE8B3BB480A7AE6A1DDBC9D9368F3EFA40B5CB7D	720	1160	0.551724137931	121	0
55	other_all	old	train	train	0,3	D:\Yolo_LPR_RK3568_FPGA_Project\1_PC_Training\datasets\yolo_format\images\train\crpd_66_1101.jpg	finetune_quant_dataset/quant_0055.jpg	A911DC42BAEE9A8D93D64C74EDA80034C100675A7D590E0009F2923600694ED1	1920	1080	0.333333333333	0	140
56	yellow_single	old	train	train	2	D:\Yolo_LPR_RK3568_FPGA_Project\1_PC_Training\datasets\yolo_format\images\train\crpd_39_0128.jpg	finetune_quant_dataset/quant_0056.jpg	4770824A673EA3D7B958096CAE7BFCE2805B9D232A0A69C6FF13650FE25ADB65	1920	1080	0.333333333333	0	140
57	blue	old	train	train	0	D:\Yolo_LPR_RK3568_FPGA_Project\1_PC_Training\datasets\yolo_format\images\train\crpd_59_0822.jpg	finetune_quant_dataset/quant_0057.jpg	9DDC9AF592EF3051C3B553560B4D708904CB9D4B4B4678F46F5689C489C7BDA5	1920	1080	0.333333333333	0	140
58	other_all	old	train	train	3	D:\Yolo_LPR_RK3568_FPGA_Project\1_PC_Training\datasets\yolo_format\images\train\crpd_66_0518.jpg	finetune_quant_dataset/quant_0058.jpg	F77604BDD68FA6417736BD6E199174F332BF9B1C5FC3D165BC97AA2E8D871D25	1920	1080	0.333333333333	0	140
59	yellow_single	old	train	train	2	D:\Yolo_LPR_RK3568_FPGA_Project\1_PC_Training\datasets\yolo_format\images\train\crpd_1 (592).jpg	finetune_quant_dataset/quant_0059.jpg	1A82B6918F5CF893278C1BE6D1F1CFAC6F671991AAC1F823AC558879113A6F28	1628	1236	0.39312039312	0	77
60	other_all	special	train	警用车牌	3	D:\Yolo_LPR_RK3568_FPGA_Project\1_PC_Training\datasets\特殊车牌\image\警用车牌\粤C0056警.jpg	finetune_quant_dataset/quant_0060.jpg	E8D13D298570F08AEA46F9DCC58F9AD97CB1603FB503D5DA6E1002FF7DDF7D05	1600	1200	0.4	0	80
61	yellow_single	old	train	train	2	D:\Yolo_LPR_RK3568_FPGA_Project\1_PC_Training\datasets\yolo_format\images\train\crpd_45_1417.jpg	finetune_quant_dataset/quant_0061.jpg	1099B563560101DC727A4141E833A340E025FA22BA88ADB0C0DCCBF673D8CF8D	1920	1080	0.333333333333	0	140
62	blue	old	train	train	0	D:\Yolo_LPR_RK3568_FPGA_Project\1_PC_Training\datasets\yolo_format\images\train\ccpd_blue_ccpd_weather_0167-0_0-275&465_475&535-475&534_275&535_275&466_475&465-0_0_23_26_15_24_32-162-32.jpg	finetune_quant_dataset/quant_0062.jpg	2280A4850DCB7D44AF5187E771516C7BC9527A65D8EE3049D352F50E46482927	720	1160	0.551724137931	121	0
63	yellow_single	old	train	train	2	D:\Yolo_LPR_RK3568_FPGA_Project\1_PC_Training\datasets\yolo_format\images\train\crpd_42_1879.jpg	finetune_quant_dataset/quant_0063.jpg	2AC9C61542435DB9353256FD1697781962D3AF4CD00F45C5257B7B881AA6C37E	1920	1080	0.333333333333	0	140
64	yellow_single	old	train	train	2	D:\Yolo_LPR_RK3568_FPGA_Project\1_PC_Training\datasets\yolo_format\images\train\crpd_58_0594.jpg	finetune_quant_dataset/quant_0064.jpg	8CB4C5B985086E89742AAFC8CB500F798629A380CD3096194DA40D146F53B102	1920	1080	0.333333333333	0	140
65	blue	old	train	train	0	D:\Yolo_LPR_RK3568_FPGA_Project\1_PC_Training\datasets\yolo_format\images\train\ccpd_blue_ccpd_challenge_0123-1_8-249&487_413&550-405&547_249&550_257&490_413&487-0_0_22_9_25_30_24-186-7.jpg	finetune_quant_dataset/quant_0065.jpg	1B3339BEA5922A0C650AC34B66A3D1F017F9EA087271038B3C521C10F26B317D	720	1160	0.551724137931	121	0
66	blue	old	train	train	0	D:\Yolo_LPR_RK3568_FPGA_Project\1_PC_Training\datasets\yolo_format\images\train\ccpd_blue_ccpd_fn_0065-5_2-305&667_417&716-415&716_305&705_307&667_417&678-0_0_22_21_32_32_30-114-6.jpg	finetune_quant_dataset/quant_0066.jpg	259B0F3F3069FAA608A8AFC78CD6E2A3289967B8C90C569386C99A77A79F3CF1	720	1160	0.551724137931	121	0
67	blue	old	train	train	0,2	D:\Yolo_LPR_RK3568_FPGA_Project\1_PC_Training\datasets\yolo_format\images\train\crpd_45_0332.jpg	finetune_quant_dataset/quant_0067.jpg	343BB40DACF7ACD1A8AF0205FDADB13127B8C2BE0AD57EA423447646B8B564F8	1920	1080	0.333333333333	0	140
68	blue	old	train	train	0,0	D:\Yolo_LPR_RK3568_FPGA_Project\1_PC_Training\datasets\yolo_format\images\train\crpd_60_0422.jpg	finetune_quant_dataset/quant_0068.jpg	23F8BF2B077DE649FAA7EAC2E22EA3EF3BB844E8803370100EB0C68AFC07ADD3	1920	1080	0.333333333333	0	140
69	other_all	special	train	教练车牌	3	D:\Yolo_LPR_RK3568_FPGA_Project\1_PC_Training\datasets\特殊车牌\image\教练车牌\粤C2329学.jpg	finetune_quant_dataset/quant_0069.jpg	D33E43303ED205409905CDD2E8190F75E57C41A1BE497C98D77854C3F7F25B72	1600	1200	0.4	0	80
70	blue	old	train	train	0	D:\Yolo_LPR_RK3568_FPGA_Project\1_PC_Training\datasets\yolo_format\images\train\ccpd_blue_ccpd_base_0455411877395-107_72-203&475_483&636-481&640_197&553_203&468_487&555-0_0_33_32_29_23_31-122-99.jpg	finetune_quant_dataset/quant_0070.jpg	89417A7BEFED55D6A8EA6D62C9EE28B61D548E00C74E8FCE60E33A065CA60004	720	1160	0.551724137931	121	0
71	green	old	train	train	1	D:\Yolo_LPR_RK3568_FPGA_Project\1_PC_Training\datasets\yolo_format\images\train\ccpd_green_train_0179557291667-89_252-300&442_497&534-479&518_300&534_324&446_497&442-0_0_3_25_24_32_26_30-159-34.jpg	finetune_quant_dataset/quant_0071.jpg	CF4722A0E2972BFA4338F36F15E89193DA7E445F0114A1F6F0797A982E6F4CCF	720	1160	0.551724137931	121	0
72	blue	old	train	train	0	D:\Yolo_LPR_RK3568_FPGA_Project\1_PC_Training\datasets\yolo_format\images\train\ccpd_blue_ccpd_db_0288-1_15-229&479_491&571-470&563_229&571_250&487_491&479-2_14_0_26_33_24_26-9-5.jpg	finetune_quant_dataset/quant_0072.jpg	F9BEDA1DA6EBBE143B792894B921E2F6FC706AE174F678C5B3A4A280E4E2E8FD	720	1160	0.551724137931	121	0
73	yellow_single	old	train	train	2	D:\Yolo_LPR_RK3568_FPGA_Project\1_PC_Training\datasets\yolo_format\images\train\crpd_1 (91).jpg	finetune_quant_dataset/quant_0073.jpg	6DF9D8B4EF3BCFE1EB80D39234E2EEE91BB58BE1FE79710135C4C97F118E3ADE	1628	1236	0.39312039312	0	77
74	yellow_single	old	train	train	2	D:\Yolo_LPR_RK3568_FPGA_Project\1_PC_Training\datasets\yolo_format\images\train\crpd_57_0510.jpg	finetune_quant_dataset/quant_0074.jpg	4CB1F56940EA331732988A9924612F1CB7A2D44525C5B04E6A4AF47ACFBC6951	1920	1080	0.333333333333	0	140
75	blue	old	train	train	0	D:\Yolo_LPR_RK3568_FPGA_Project\1_PC_Training\datasets\yolo_format\images\train\ccpd_blue_ccpd_weather_0325-3_8-221&512_498&610-498&610_228&595_221&512_491&527-0_0_20_5_27_32_33-62-90.jpg	finetune_quant_dataset/quant_0075.jpg	60C217E9B853E0D6B307E1E3BF0890E4315F3A66548B5B6DB5BB4CFB1440F625	720	1160	0.551724137931	121	0
76	green	old	train	train	1	D:\Yolo_LPR_RK3568_FPGA_Project\1_PC_Training\datasets\yolo_format\images\train\ccpd_green_train_0280381944444-89_265-193&415_533&499-531&490_200&499_193&423_533&415-0_0_3_25_30_32_32_24-156-228.jpg	finetune_quant_dataset/quant_0076.jpg	DA35255167F6362ED1634E7261F34F145E106BB168F89D86F742F44508DBDAEF	720	1160	0.551724137931	121	0
77	blue	old	train	train	0,0	D:\Yolo_LPR_RK3568_FPGA_Project\1_PC_Training\datasets\yolo_format\images\train\crpd_60_0553.jpg	finetune_quant_dataset/quant_0077.jpg	EBACCB589D1146B85F59F26C139B0B498116C831687F04C2EE2987A9CA67168C	1920	1080	0.333333333333	0	140
78	other_all	old	train	train	3	D:\Yolo_LPR_RK3568_FPGA_Project\1_PC_Training\datasets\yolo_format\images\train\crpd_66_1322.jpg	finetune_quant_dataset/quant_0078.jpg	FF3F24A10CB33B5054D164358A9B063F34E2E69C96441ACAE987C39323279A35	1920	1080	0.333333333333	0	140
79	other_all	old	train	train	3	D:\Yolo_LPR_RK3568_FPGA_Project\1_PC_Training\datasets\yolo_format\images\train\crpd_66_1644.jpg	finetune_quant_dataset/quant_0079.jpg	69932891A99131EDA4470180C5F9A0EF16249E3798145FD0EB475E588FFF41AB	1920	1080	0.333333333333	0	140
80	blue	old	train	train	0	D:\Yolo_LPR_RK3568_FPGA_Project\1_PC_Training\datasets\yolo_format\images\train\ccpd_blue_ccpd_base_0199748563219-82_106-234&480_443&602-445&550_240&612_249&534_454&472-0_0_10_26_26_26_18-115-27.jpg	finetune_quant_dataset/quant_0080.jpg	22E2C42277F7C9AF753C8E85AE0FCA443D2A09212A83069EB2878904CA9DDCCE	720	1160	0.551724137931	121	0
81	yellow_single	old	train	train	2	D:\Yolo_LPR_RK3568_FPGA_Project\1_PC_Training\datasets\yolo_format\images\train\crpd_56_0938.jpg	finetune_quant_dataset/quant_0081.jpg	129B29BDACC7C78565FAFBCAB87B23E4965F1A24A4508F2D179D50740085F7CE	1920	1080	0.333333333333	0	140
82	blue	old	train	train	0	D:\Yolo_LPR_RK3568_FPGA_Project\1_PC_Training\datasets\yolo_format\images\train\ccpd_blue_ccpd_rotate_0426-18_5-242&462_481&611-444&611_242&543_279&462_481&530-10_10_20_6_25_24_32-120-194.jpg	finetune_quant_dataset/quant_0082.jpg	95705F586C409A9C3929EEDCB610E75B3DE34CA318492DB13DAAB89BCAF30CF9	720	1160	0.551724137931	121	0
83	yellow_single	old	train	train	2	D:\Yolo_LPR_RK3568_FPGA_Project\1_PC_Training\datasets\yolo_format\images\train\crpd_66_0653.jpg	finetune_quant_dataset/quant_0083.jpg	9F9E6F22341BBCBB75762837A43C786945BA9C1277A56ED81D1F629C2DC074DD	1600	1200	0.4	0	80
84	green	old	train	train	1	D:\Yolo_LPR_RK3568_FPGA_Project\1_PC_Training\datasets\yolo_format\images\train\ccpd_green_train_0374348958333-90_90-192&456_537&565-536&565_192&557_192&456_537&462-0_0_5_25_26_26_26_26-124-241.jpg	finetune_quant_dataset/quant_0084.jpg	C3957B011E744B2A0CA73C409506CCCED628DB49F8FB983D2AEECD6FDA351A4D	720	1160	0.551724137931	121	0
85	yellow_single	old	train	train	2	D:\Yolo_LPR_RK3568_FPGA_Project\1_PC_Training\datasets\yolo_format\images\train\crpd_66_0432.jpg	finetune_quant_dataset/quant_0085.jpg	8476A658713729210B10509C47C1F7BEBD8AC74CC1A84F573C9285FA48109025	1920	1080	0.333333333333	0	140
86	other_all	old	train	train	3	D:\Yolo_LPR_RK3568_FPGA_Project\1_PC_Training\datasets\yolo_format\images\train\crpd_66_0817.jpg	finetune_quant_dataset/quant_0086.jpg	AE4EDC77290FF0A61CC672A88F166A919CEF9044ABBDAC9057CD64ADDA0A8349	1920	1080	0.333333333333	0	140
87	yellow_single	old	train	train	2	D:\Yolo_LPR_RK3568_FPGA_Project\1_PC_Training\datasets\yolo_format\images\train\crpd_57_0627.jpg	finetune_quant_dataset/quant_0087.jpg	5D06E7E9047F4453B8DEDF196D4C7ACAD4EAA1274AF20C718758D991B5184643	1920	1080	0.333333333333	0	140
88	other_all	old	train	train	3	D:\Yolo_LPR_RK3568_FPGA_Project\1_PC_Training\datasets\yolo_format\images\train\crpd_62_0303.jpg	finetune_quant_dataset/quant_0088.jpg	30ACEE88733543FAF32C523F115086727DB401CD427EF0E6BDE4FC2F7E90CF44	1920	1080	0.333333333333	0	140
89	other_all	old	train	train	3	D:\Yolo_LPR_RK3568_FPGA_Project\1_PC_Training\datasets\yolo_format\images\train\crpd_66_0963.jpg	finetune_quant_dataset/quant_0089.jpg	C58C1697517B5C3F6F49662EB69214BA3B226930714CC5C4ECCF305B01D3F4AA	1920	1080	0.333333333333	0	140
90	other_all	old	train	train	3	D:\Yolo_LPR_RK3568_FPGA_Project\1_PC_Training\datasets\yolo_format\images\train\crpd_66_1723.jpg	finetune_quant_dataset/quant_0090.jpg	40C262113AB276B65D73844171BCC81C2101283B64BA8892872BA4D5223D6FFA	1920	1080	0.333333333333	0	140
91	other_all	special	train	澳门出入境车牌	3	D:\Yolo_LPR_RK3568_FPGA_Project\1_PC_Training\datasets\特殊车牌\image\澳门出入境车牌\粤Z0933澳.jpg	finetune_quant_dataset/quant_0091.jpg	7FF8E83629D8098241895F488EBF7A9A301678F66E70117AC125D07D8F9F051D	1600	1200	0.4	0	80
92	green	old	train	train	1	D:\Yolo_LPR_RK3568_FPGA_Project\1_PC_Training\datasets\yolo_format\images\train\ccpd_green_train_05047200520833333-90_262-131&459_574&574-565&570_145&574_131&460_574&459-0_0_3_25_25_30_31_31-84-76.jpg	finetune_quant_dataset/quant_0092.jpg	1D22AB636FC5DD9554D0C2B573DD0AB0FE27974C9624554792364C9FD9CA7797	720	1160	0.551724137931	121	0
93	yellow_single	old	train	train	2	D:\Yolo_LPR_RK3568_FPGA_Project\1_PC_Training\datasets\yolo_format\images\train\crpd_40_0601.jpg	finetune_quant_dataset/quant_0093.jpg	214060A5AE70F5D664A4B3AC8D12B2D23A506406864AEBEDD921D634B32C5749	1920	1080	0.333333333333	0	140
94	other_all	special	train	香港出入境车牌	3	D:\Yolo_LPR_RK3568_FPGA_Project\1_PC_Training\datasets\特殊车牌\image\香港出入境车牌\粤Z9646港.jpg	finetune_quant_dataset/quant_0094.jpg	BE445B9D147A62CE58819F20999689256A2743FF7FBAD0E77FB27FD4989C6849	1600	1200	0.4	0	80
95	green	old	train	train	1	D:\Yolo_LPR_RK3568_FPGA_Project\1_PC_Training\datasets\yolo_format\images\train\ccpd_green_train_0130479600694-87_268-266&412_451&483-451&470_270&483_266&423_444&412-0_0_3_24_29_25_24_30-106-47.jpg	finetune_quant_dataset/quant_0095.jpg	05216BDA05932DE8EF569EC88211CF98AD8112A1866543D1B0941084F498EC45	720	1160	0.551724137931	121	0
96	other_all	special	train	香港出入境车牌	3	D:\Yolo_LPR_RK3568_FPGA_Project\1_PC_Training\datasets\特殊车牌\image\香港出入境车牌\粤Z1093港.jpg	finetune_quant_dataset/quant_0096.jpg	1F5ADD02A1901C259C9C149E962B55FD8C88B9EE4CFCD924C1A873CD0B15AB3A	1600	1200	0.4	0	80
97	yellow_single	old	train	train	2	D:\Yolo_LPR_RK3568_FPGA_Project\1_PC_Training\datasets\yolo_format\images\train\crpd_36_0806.jpg	finetune_quant_dataset/quant_0097.jpg	C509DFA52F3AC82F4AF42CE5EA279D4ECC409205DBF8AC700F1B04A413927808	1920	1080	0.333333333333	0	140
98	green	old	train	train	1	D:\Yolo_LPR_RK3568_FPGA_Project\1_PC_Training\datasets\yolo_format\images\train\ccpd_green_train_022216796875-89_267-198&400_471&482-471&474_202&482_198&408_467&400-0_0_3_24_32_30_31_28-95-58.jpg	finetune_quant_dataset/quant_0098.jpg	12DB9603055C62E5696EEA2D0BDF917DE809B40A2A60DD44FADFCB8CFE47DA86	720	1160	0.551724137931	121	0
99	yellow_single	old	train	train	2	D:\Yolo_LPR_RK3568_FPGA_Project\1_PC_Training\datasets\yolo_format\images\train\crpd_57_0212.jpg	finetune_quant_dataset/quant_0099.jpg	C92F81BD53904D54385B83514340CEE81ED075716C3278046B627ED8713C1437	1600	1200	0.4	0	80
100	blue	old	train	train	0,0	D:\Yolo_LPR_RK3568_FPGA_Project\1_PC_Training\datasets\yolo_format\images\train\crpd_58_0154.jpg	finetune_quant_dataset/quant_0100.jpg	C87ABC7AC2607214517395706A18FFBDC1AF8D78BE6CBDED863BCC3ECA426EAE	1920	1080	0.333333333333	0	140
101	green	old	train	train	1	D:\Yolo_LPR_RK3568_FPGA_Project\1_PC_Training\datasets\yolo_format\images\train\ccpd_green_train_0308463541667-90_260-203&461_512&562-512&562_217&549_203&461_504&467-0_0_3_25_25_25_24_29-111-158.jpg	finetune_quant_dataset/quant_0101.jpg	9FA5F81A2521863A12171B9417FDDEEE19FB9D8959E84E9AAB516C85F582CC28	720	1160	0.551724137931	121	0
102	blue	old	train	train	0	D:\Yolo_LPR_RK3568_FPGA_Project\1_PC_Training\datasets\yolo_format\images\train\ccpd_blue_ccpd_tilt_0527-29_38-348&501_562&707-546&596_348&707_364&612_562&501-11_0_24_7_10_32_30-111-55.jpg	finetune_quant_dataset/quant_0102.jpg	D8F6E98A15BE134D0B23A2CE20A7F85FF6C841A2B6E7F6D4357776C76DD6A3ED	720	1160	0.551724137931	121	0
103	other_all	old	train	train	3	D:\Yolo_LPR_RK3568_FPGA_Project\1_PC_Training\datasets\yolo_format\images\train\crpd_66_0892.jpg	finetune_quant_dataset/quant_0103.jpg	8D5E61B2C48ED3AC4B313C613E690BF40CA20C7D3BB6B8E4352111AEA1A13EDF	1920	1080	0.333333333333	0	140
104	green	old	train	train	1	D:\Yolo_LPR_RK3568_FPGA_Project\1_PC_Training\datasets\yolo_format\images\train\ccpd_green_train_0298958333333-90_93-189&435_517&527-517&527_199&522_189&439_513&435-0_0_3_25_25_24_25_25-150-81.jpg	finetune_quant_dataset/quant_0104.jpg	D98FF9015A9F4EA23F5A1BBE1E2F214315D9C5E639E284B160527991BE3344A0	720	1160	0.551724137931	121	0
105	other_all	old	train	train	3	D:\Yolo_LPR_RK3568_FPGA_Project\1_PC_Training\datasets\yolo_format\images\train\crpd_66_1459.jpg	finetune_quant_dataset/quant_0105.jpg	96ACF9ADCC9E8CFEFEE35EC1A6071E6CAC2EB18362B109231BBFD6D4402F1284	1600	1200	0.4	0	80
106	other_all	old	train	train	3	D:\Yolo_LPR_RK3568_FPGA_Project\1_PC_Training\datasets\yolo_format\images\train\crpd_66_1356.jpg	finetune_quant_dataset/quant_0106.jpg	4C5B250E0BC7FD1C27064F8030E68B940398B0ED1FBF1D2FBC47F3598F982392	1920	1080	0.333333333333	0	140
107	yellow_single	old	train	train	2	D:\Yolo_LPR_RK3568_FPGA_Project\1_PC_Training\datasets\yolo_format\images\train\crpd_45_0938.jpg	finetune_quant_dataset/quant_0107.jpg	F337226D8C05BBF4C14096AF08EB95440B592D7AE3929B1A0056E89915D480E9	1920	1080	0.333333333333	0	140
108	yellow_single	old	train	train	2	D:\Yolo_LPR_RK3568_FPGA_Project\1_PC_Training\datasets\yolo_format\images\train\crpd_45_0654.jpg	finetune_quant_dataset/quant_0108.jpg	9D1EF75E484C0ECED4C36EB8118CED4DBA6962EF7BE90D4324C8F2188A95EAA9	1920	1080	0.333333333333	0	140
109	green	old	train	train	1	D:\Yolo_LPR_RK3568_FPGA_Project\1_PC_Training\datasets\yolo_format\images\train\ccpd_green_train_017782118055555556-90_262-263&502_504&576-504&576_271&567_263&504_501&502-0_0_3_24_25_30_30_25-94-3.jpg	finetune_quant_dataset/quant_0109.jpg	3DC74F94CD3E950BB0471B6EC949EB118D135375648CCA1F2FD3D51C8E90C4DC	720	1160	0.551724137931	121	0
110	yellow_single	old	train	train	2,2	D:\Yolo_LPR_RK3568_FPGA_Project\1_PC_Training\datasets\yolo_format\images\train\crpd_1 (180).jpg	finetune_quant_dataset/quant_0110.jpg	1CAB1DB15817E8D8BDA43FEB7A6469209E8DC7D9D1FB3C007E6F45E496DF0CBB	1628	1236	0.39312039312	0	77
111	yellow_single	old	train	train	2	D:\Yolo_LPR_RK3568_FPGA_Project\1_PC_Training\datasets\yolo_format\images\train\crpd_61_0027.jpg	finetune_quant_dataset/quant_0111.jpg	2CDC4C076CC4D22A04CBB77F34E23264CF45E36A22333C095E707F266D5B723C	1600	1200	0.4	0	80
112	blue	old	train	train	0	D:\Yolo_LPR_RK3568_FPGA_Project\1_PC_Training\datasets\yolo_format\images\train\ccpd_blue_ccpd_tilt_0483-20_44-249&429_495&593-456&516_249&593_288&506_495&429-0_0_10_29_25_32_16-148-47.jpg	finetune_quant_dataset/quant_0112.jpg	D332F18EB64A2915E2AFD69F7A9C21356CC2CBBC405480552E8097DB86AA5ED7	720	1160	0.551724137931	121	0
113	green	old	train	train	1	D:\Yolo_LPR_RK3568_FPGA_Project\1_PC_Training\datasets\yolo_format\images\train\ccpd_green_train_02794921875-90_258-207&415_525&504-525&496_223&504_207&418_522&415-0_0_3_24_27_25_30_32-88-150.jpg	finetune_quant_dataset/quant_0113.jpg	EDDB0AD6BD1A7808F7A60115BF1B536C2F032F7188AE8099B349FA99B25A9CCD	720	1160	0.551724137931	121	0
114	other_all	old	train	train	3	D:\Yolo_LPR_RK3568_FPGA_Project\1_PC_Training\datasets\yolo_format\images\train\crpd_62_0170.jpg	finetune_quant_dataset/quant_0114.jpg	1A62C139AF5B5E291F8715C2BD46B4DDA00DA264886E424B19FF749EDAF04FD8	1600	1200	0.4	0	80
115	yellow_single	old	train	train	2	D:\Yolo_LPR_RK3568_FPGA_Project\1_PC_Training\datasets\yolo_format\images\train\crpd_53_0170.jpg	finetune_quant_dataset/quant_0115.jpg	6BA1B1F76B8E223EBA0D898065730DD1528F14CAFCFC4CF96CF92A589A91EFBD	1920	1080	0.333333333333	0	140
116	other_all	old	train	train	3	D:\Yolo_LPR_RK3568_FPGA_Project\1_PC_Training\datasets\yolo_format\images\train\crpd_66_0704.jpg	finetune_quant_dataset/quant_0116.jpg	FD9A95076DB542C3C41D12E543C848A5B51494A920835B9E38390ED3B47EAD86	1600	1200	0.4	0	80
117	yellow_single	old	train	train	2	D:\Yolo_LPR_RK3568_FPGA_Project\1_PC_Training\datasets\yolo_format\images\train\crpd_1 (565).jpg	finetune_quant_dataset/quant_0117.jpg	0292775C61ACB98EEF69C29A08751183E486257F1E02811EF593252AC3C2F195	1628	1236	0.39312039312	0	77
118	green	old	train	train	1	D:\Yolo_LPR_RK3568_FPGA_Project\1_PC_Training\datasets\yolo_format\images\train\ccpd_green_train_01650390625-89_95-194&434_428&505-424&499_196&505_194&441_428&434-0_0_3_25_24_26_24_32-89-23.jpg	finetune_quant_dataset/quant_0118.jpg	D500E7CB9ED90193F8055CAE5214B6085733CAE7516579561DDA559997CDEE00	720	1160	0.551724137931	121	0
119	blue	old	train	train	0	D:\Yolo_LPR_RK3568_FPGA_Project\1_PC_Training\datasets\yolo_format\images\train\ccpd_blue_ccpd_rotate_0156-17_8-375&457_501&561-501&525_385&561_375&493_491&457-0_0_5_30_27_32_21-113-71.jpg	finetune_quant_dataset/quant_0119.jpg	BDC7B82C80DD7C81D2982C120B9E3FB0284F84AAF93C4935734E87204CE59CFB	720	1160	0.551724137931	121	0
120	other_all	old	train	train	3	D:\Yolo_LPR_RK3568_FPGA_Project\1_PC_Training\datasets\yolo_format\images\train\crpd_66_1685.jpg	finetune_quant_dataset/quant_0120.jpg	6BA9B4FF620ECFD8DDA83E5215C4570942CD181BD080F32FC2005B20E4CE5042	1920	1080	0.333333333333	0	140
121	green	old	train	train	1	D:\Yolo_LPR_RK3568_FPGA_Project\1_PC_Training\datasets\yolo_format\images\train\ccpd_green_train_0337999131944-92_97-175&474_525&572-525&572_193&559_175&474_518&478-0_0_3_26_25_24_25_25-126-142.jpg	finetune_quant_dataset/quant_0121.jpg	74047F4E97F2EDC3CC14256FD2066CACB7028EBF2AECA3B70A84DF74C55F40A8	720	1160	0.551724137931	121	0
122	yellow_single	old	train	train	2	D:\Yolo_LPR_RK3568_FPGA_Project\1_PC_Training\datasets\yolo_format\images\train\crpd_56_0237.jpg	finetune_quant_dataset/quant_0122.jpg	D1D41C548D2541C9D6E49A6A44F0B0EA97DDAD2FC912C6E1044CDDBB7C6A2FE4	1920	1080	0.333333333333	0	140
123	other_all	old	train	train	3	D:\Yolo_LPR_RK3568_FPGA_Project\1_PC_Training\datasets\yolo_format\images\train\crpd_66_1712.jpg	finetune_quant_dataset/quant_0123.jpg	89DF075F72366EF2E234D2F938B2DC565F0CE1CEF4E67BF3EEB5C4792F09B36F	1920	1080	0.333333333333	0	140
124	yellow_single	old	train	train	2	D:\Yolo_LPR_RK3568_FPGA_Project\1_PC_Training\datasets\yolo_format\images\train\crpd_1 (97).jpg	finetune_quant_dataset/quant_0124.jpg	4C71D777FE793D969A32BA9458C64C1DDC1CFF41E50D3D778C0CE8FE6D073CD0	1628	1236	0.39312039312	0	77
125	green	old	train	train	1	D:\Yolo_LPR_RK3568_FPGA_Project\1_PC_Training\datasets\yolo_format\images\train\ccpd_green_train_0108984375-88_263-295&462_481&522-481&522_302&522_295&470_477&462-0_0_3_24_30_32_33_32-144-122.jpg	finetune_quant_dataset/quant_0125.jpg	1C40C71FF864E5953DD6D8B412416C5D561626C4FCFC923B1627B776CEC6DFEA	720	1160	0.551724137931	121	0
126	yellow_single	old	train	train	0,2	D:\Yolo_LPR_RK3568_FPGA_Project\1_PC_Training\datasets\yolo_format\images\train\crpd_61_0106.jpg	finetune_quant_dataset/quant_0126.jpg	54D8C645C85375847C93D86F054DB4334DA33433DD128DBA77553CF670886511	1600	1200	0.4	0	80
127	yellow_single	old	train	train	2	D:\Yolo_LPR_RK3568_FPGA_Project\1_PC_Training\datasets\yolo_format\images\train\crpd_42_0437.jpg	finetune_quant_dataset/quant_0127.jpg	C007E553F7128AB0AFA8515322F2C995207D53373FF8E610E12F14B660FF5606	1920	1080	0.333333333333	0	140
128	green	old	train	train	1	D:\Yolo_LPR_RK3568_FPGA_Project\1_PC_Training\datasets\yolo_format\images\train\ccpd_green_train_0218402777778-90_269-222&396_494&477-494&477_223&477_222&396_493&397-0_0_3_24_28_33_29_32-114-61.jpg	finetune_quant_dataset/quant_0128.jpg	3DB94917DE9440A25114B8CE044516672E52DBBB8005EAE1FDBDEFE5CEB6FFEC	720	1160	0.551724137931	121	0
129	green	old	train	train	1	D:\Yolo_LPR_RK3568_FPGA_Project\1_PC_Training\datasets\yolo_format\images\train\ccpd_green_train_304205729166666667-90_267-157&418_537&529-535&525_161&529_157&418_537&422-0_0_3_24_33_32_24_33-117-260.jpg	finetune_quant_dataset/quant_0129.jpg	3207DC909721EAD6E621098812BEFF504C046B09056D5D63AC389F3424047C96	720	1160	0.551724137931	121	0
130	yellow_single	old	train	train	0,2	D:\Yolo_LPR_RK3568_FPGA_Project\1_PC_Training\datasets\yolo_format\images\train\crpd_54_0818.jpg	finetune_quant_dataset/quant_0130.jpg	DFA4769A73FA130A63169C09D5E5A29FAFE77C54A03B7C929AF860F927EDBEE7	1600	1200	0.4	0	80
131	yellow_single	old	train	train	2	D:\Yolo_LPR_RK3568_FPGA_Project\1_PC_Training\datasets\yolo_format\images\train\crpd_39_0405.jpg	finetune_quant_dataset/quant_0131.jpg	4E6DFD940B23E09C4F43C4AD8BEE3A055A9ED3E54ED8A7D6781F7F69405AAEC9	1920	1080	0.333333333333	0	140
132	green	old	train	train	1	D:\Yolo_LPR_RK3568_FPGA_Project\1_PC_Training\datasets\yolo_format\images\train\ccpd_green_train_019296875-90_269-260&473_507&552-506&551_260&552_261&473_507&474-0_0_3_24_28_33_29_32-141-31.jpg	finetune_quant_dataset/quant_0132.jpg	DD467B7F633929E15B7462F2E5E257D9D39D80005CABC762C240652EE21494A2	720	1160	0.551724137931	121	0
133	other_all	old	train	train	3	D:\Yolo_LPR_RK3568_FPGA_Project\1_PC_Training\datasets\yolo_format\images\train\crpd_66_1010.jpg	finetune_quant_dataset/quant_0133.jpg	8DF9F5F053B3037AD61F68A43999647D7E13AA12D793888AAB453FF89C1D78F3	1920	1080	0.333333333333	0	140
134	green	old	train	train	1	D:\Yolo_LPR_RK3568_FPGA_Project\1_PC_Training\datasets\yolo_format\images\train\ccpd_green_train_0117513020833-91_96-241&474_431&537-431&537_245&531_241&474_427&477-0_0_3_24_29_33_24_31-151-56.jpg	finetune_quant_dataset/quant_0134.jpg	8756BEE54B39545E657641890CF6422CB656640B9E1DE74EEE5FFFD7DF7AC180	720	1160	0.551724137931	121	0
135	green	old	train	train	1	D:\Yolo_LPR_RK3568_FPGA_Project\1_PC_Training\datasets\yolo_format\images\train\ccpd_green_train_0333984375-90_90-191&468_533&566-533&566_191&566_195&468_533&470-0_0_3_24_33_32_27_27-120-20.jpg	finetune_quant_dataset/quant_0135.jpg	EF47FB64B31F1A6CD12EC24A4B3549788DB3B0DAAD322D7BF1B212F1861EC376	720	1160	0.551724137931	121	0
136	green	old	train	train	1	D:\Yolo_LPR_RK3568_FPGA_Project\1_PC_Training\datasets\yolo_format\images\train\ccpd_green_train_3041171875-90_94-144&411_516&523-511&518_152&523_144&411_516&420-0_0_3_24_25_32_32_24-197-121.jpg	finetune_quant_dataset/quant_0136.jpg	50819B8F4E6C9A08189BB5EEB7E52E0D74A2905A19B584515B08257B69337655	720	1160	0.551724137931	121	0
137	other_all	special	train	教练车牌	3	D:\Yolo_LPR_RK3568_FPGA_Project\1_PC_Training\datasets\特殊车牌\image\教练车牌\粤C2129学.jpg	finetune_quant_dataset/quant_0137.jpg	0ECC8AC2D49A9CF7A15176E263C540FA8C08F40BA254F75FCCDDF4DEDF3038CF	1600	1200	0.4	0	80
138	yellow_single	old	train	train	2	D:\Yolo_LPR_RK3568_FPGA_Project\1_PC_Training\datasets\yolo_format\images\train\crpd_1 (520).jpg	finetune_quant_dataset/quant_0138.jpg	4A83816D76BFE79B45126CD0F7742AF6B909F516103FC8100E1FA58C49B7B2DF	1628	1236	0.39312039312	0	77
139	blue	old	train	train	0	D:\Yolo_LPR_RK3568_FPGA_Project\1_PC_Training\datasets\yolo_format\images\train\crpd_36_0860.jpg	finetune_quant_dataset/quant_0139.jpg	D1FC9567CAA2D81C7F95101A86A056931FDCC500EDA5A1D186ED4408EDF178E0	1920	1080	0.333333333333	0	140
140	other_all	old	train	train	3	D:\Yolo_LPR_RK3568_FPGA_Project\1_PC_Training\datasets\yolo_format\images\train\crpd_66_1627.jpg	finetune_quant_dataset/quant_0140.jpg	B0C24029C5A372458DC795582075E1A9D60294B850F4ADDF35CC1A2951FD569E	1920	1080	0.333333333333	0	140
141	yellow_single	old	train	train	2	D:\Yolo_LPR_RK3568_FPGA_Project\1_PC_Training\datasets\yolo_format\images\train\crpd_66_0951.jpg	finetune_quant_dataset/quant_0141.jpg	1F6A24582E9BF82FE0F5B828BB2D6839919C9E96D04455EABEE63061F1641F63	1920	1080	0.333333333333	0	140
142	blue	old	train	train	0	D:\Yolo_LPR_RK3568_FPGA_Project\1_PC_Training\datasets\yolo_format\images\train\ccpd_blue_ccpd_fn_0064-1_1-303&530_425&574-425&574_303&570_303&530_425&534-0_0_33_5_33_24_32-91-7.jpg	finetune_quant_dataset/quant_0142.jpg	9FDB625FECE8C317ADCC64424AC10E9A4E490589D6ACB438C118B69A1DD26F4A	720	1160	0.551724137931	121	0
143	other_all	special	train	教练车牌	3	D:\Yolo_LPR_RK3568_FPGA_Project\1_PC_Training\datasets\特殊车牌\image\教练车牌\粤C2403学.jpg	finetune_quant_dataset/quant_0143.jpg	ADA8AE389DF0A3A87308E4D9B5FBE9620E493D246865C2672CFD7D0F19481DA4	1600	1200	0.4	0	80
144	other_all	old	train	train	3	D:\Yolo_LPR_RK3568_FPGA_Project\1_PC_Training\datasets\yolo_format\images\train\crpd_66_0795.jpg	finetune_quant_dataset/quant_0144.jpg	CF494A19828758DC27A553212B5D1AE3C2E4BF82FC5585C4F199BC47458A47BA	1920	1080	0.333333333333	0	140
145	yellow_single	old	train	train	2	D:\Yolo_LPR_RK3568_FPGA_Project\1_PC_Training\datasets\yolo_format\images\train\crpd_45_0496.jpg	finetune_quant_dataset/quant_0145.jpg	3CE72105775260D0D7F2C76A1F414157FEE29B8FE7DB33098052090BBB935040	1920	1080	0.333333333333	0	140
146	other_all	old	train	train	3	D:\Yolo_LPR_RK3568_FPGA_Project\1_PC_Training\datasets\yolo_format\images\train\crpd_36_0178.jpg	finetune_quant_dataset/quant_0146.jpg	E84DD57E3ADD97A7FB8EF8991803B46AE26E98065FE7139B8D14852DE0B1B689	1920	1080	0.333333333333	0	140
147	yellow_single	old	train	train	0,2	D:\Yolo_LPR_RK3568_FPGA_Project\1_PC_Training\datasets\yolo_format\images\train\crpd_57_0915.jpg	finetune_quant_dataset/quant_0147.jpg	698DE68FE97C248D6BE0C8FFB0375AF4B50E0C42EEA7929EBDA5A3B17AC7BD7A	1920	1080	0.333333333333	0	140
148	other_all	special	train	澳门出入境车牌	3	D:\Yolo_LPR_RK3568_FPGA_Project\1_PC_Training\datasets\特殊车牌\image\澳门出入境车牌\粤Z7367澳.jpg	finetune_quant_dataset/quant_0148.jpg	08EA589D43F96C065E77C4B3B1EA5D6BE885846233B3D48F5EDC60E0033A2ADF	1600	1200	0.4	0	80
149	yellow_single	old	train	train	2	D:\Yolo_LPR_RK3568_FPGA_Project\1_PC_Training\datasets\yolo_format\images\train\crpd_42_1971.jpg	finetune_quant_dataset/quant_0149.jpg	E1A349D126A98AB562610985E9264C246AEAD069D08F5C0E5BFCD1537FEB62BD	1920	1080	0.333333333333	0	140
150	blue	old	train	train	0,2	D:\Yolo_LPR_RK3568_FPGA_Project\1_PC_Training\datasets\yolo_format\images\train\crpd_56_0051.jpg	finetune_quant_dataset/quant_0150.jpg	01C5C9864A50EB9CB03EA79E738585A09A93B38C3219D97E149F9C88DF2DCEE1	1920	1080	0.333333333333	0	140
151	green	old	train	train	1	D:\Yolo_LPR_RK3568_FPGA_Project\1_PC_Training\datasets\yolo_format\images\train\ccpd_green_train_3052685546875-90_93-141&465_556&593-556&586_144&593_141&466_552&465-0_0_3_28_29_31_32_33-128-174.jpg	finetune_quant_dataset/quant_0151.jpg	B4F34B80B752C5A0E747669263EF06A2D48661FDCAEAEC89C6E3D4E80E2A119D	720	1160	0.551724137931	121	0
152	green	old	train	train	1	D:\Yolo_LPR_RK3568_FPGA_Project\1_PC_Training\datasets\yolo_format\images\train\ccpd_green_train_0494270833333-90_94-147&443_585&557-579&557_159&550_147&443_585&450-0_0_3_24_26_29_25_29-61-69.jpg	finetune_quant_dataset/quant_0152.jpg	2AB10BAC0CF74BBCE5D458D7EDA1D354303D8840E3810A982B795BE3BD4629D5	720	1160	0.551724137931	121	0
153	yellow_single	old	train	train	2	D:\Yolo_LPR_RK3568_FPGA_Project\1_PC_Training\datasets\yolo_format\images\train\crpd_1 (515).jpg	finetune_quant_dataset/quant_0153.jpg	64532197C425572533B9A4E2A259CE530C68F1B1665BB138E3686507DE4AD7B8	1628	1236	0.39312039312	0	77
154	yellow_single	old	train	train	2	D:\Yolo_LPR_RK3568_FPGA_Project\1_PC_Training\datasets\yolo_format\images\train\crpd_1 (42).jpg	finetune_quant_dataset/quant_0154.jpg	348D8D80823654E30E646E587C547AC63C9A60D5BF80BBE13BF8A916A4FB9905	1628	1236	0.39312039312	0	77
155	green	old	train	train	1	D:\Yolo_LPR_RK3568_FPGA_Project\1_PC_Training\datasets\yolo_format\images\train\ccpd_green_train_026363932291666666-92_269-206&464_479&561-473&561_206&557_210&464_479&476-0_0_3_24_24_25_32_31-146-30.jpg	finetune_quant_dataset/quant_0155.jpg	D4149AE82B3C7427E3EB03B5D6F76C446C0A19049AF01D81B5B7716A88E1E823	720	1160	0.551724137931	121	0
156	yellow_single	old	train	train	2	D:\Yolo_LPR_RK3568_FPGA_Project\1_PC_Training\datasets\yolo_format\images\train\crpd_45_1511.jpg	finetune_quant_dataset/quant_0156.jpg	EA60C18E5DD16B58CF896D418196518D76058296F7F94FEC4A921AD9D6B2A760	1920	1080	0.333333333333	0	140
157	green	old	train	train	1	D:\Yolo_LPR_RK3568_FPGA_Project\1_PC_Training\datasets\yolo_format\images\train\ccpd_green_train_0284071180556-91_91-194&466_502&559-500&559_195&549_194&466_502&469-0_0_3_24_26_28_27_33-74-20.jpg	finetune_quant_dataset/quant_0157.jpg	8D79D7014437686DE159B84C49E50509CA207BAC30B47D615F4B67D22EE3EC75	720	1160	0.551724137931	121	0
158	green	old	train	train	1	D:\Yolo_LPR_RK3568_FPGA_Project\1_PC_Training\datasets\yolo_format\images\train\ccpd_green_train_022939453125-90_264-209&423_470&512-461&499_209&512_217&426_470&423-0_0_3_24_33_29_25_33-137-125.jpg	finetune_quant_dataset/quant_0158.jpg	4DE5A2E49D76363BF4B7ECA6FDF580B606FDDB887016CC0C7A747BE8FC1A6508	720	1160	0.551724137931	121	0
159	blue	old	train	train	0,0	D:\Yolo_LPR_RK3568_FPGA_Project\1_PC_Training\datasets\yolo_format\images\train\crpd_54_0630.jpg	finetune_quant_dataset/quant_0159.jpg	470AC21B2E7F27DC1E049B2700C2776A0FA7EDE91CF592FAA3D4B02AFBCD0021	1600	1200	0.4	0	80
160	yellow_single	old	train	train	2	D:\Yolo_LPR_RK3568_FPGA_Project\1_PC_Training\datasets\yolo_format\images\train\crpd_56_0188.jpg	finetune_quant_dataset/quant_0160.jpg	9CDD3E99DC21E1EE64F804DFC391B69ABB4A8B63E8FDAD148844F58FF52497EC	1920	1080	0.333333333333	0	140
161	yellow_single	old	train	train	2,2	D:\Yolo_LPR_RK3568_FPGA_Project\1_PC_Training\datasets\yolo_format\images\train\crpd_39_0063.jpg	finetune_quant_dataset/quant_0161.jpg	8E9A0F62E373596AC28C8A95D0F34B33EBBE09B39D1BD32F42C88AB324BD555F	1920	1080	0.333333333333	0	140
162	other_all	special	val	教练车牌	3	D:\Yolo_LPR_RK3568_FPGA_Project\1_PC_Training\datasets\特殊车牌\image\教练车牌\粤C2926学.jpg	finetune_quant_dataset/quant_0162.jpg	A830F7764D418CEB9A7569395EADF5EC50E40C42ED2FA8449242F3B352047CBD	1600	1200	0.4	0	80
163	other_all	special	train	教练车牌	3	D:\Yolo_LPR_RK3568_FPGA_Project\1_PC_Training\datasets\特殊车牌\image\教练车牌\粤S5451学.jpg	finetune_quant_dataset/quant_0163.jpg	D3A73FB605D6B11B297E81D732365E0C8D3C9E432D8B1407C2452C9958CBAD88	1600	1200	0.4	0	80
164	yellow_single	old	train	train	2	D:\Yolo_LPR_RK3568_FPGA_Project\1_PC_Training\datasets\yolo_format\images\train\crpd_1 (608).jpg	finetune_quant_dataset/quant_0164.jpg	4730484D8B01D9A14753E0B8148441CA00D4BEB03619AC254CA80AC5BF20E33A	1628	1236	0.39312039312	0	77
165	blue	old	train	train	0	D:\Yolo_LPR_RK3568_FPGA_Project\1_PC_Training\datasets\yolo_format\images\train\ccpd_blue_ccpd_db_0347-0_3-235&515_514&619-508&617_235&619_241&517_514&515-0_0_11_30_7_33_32-18-3.jpg	finetune_quant_dataset/quant_0165.jpg	DCA5E30D9B75DD3B077607964C8AFF3B7F5867BFF2A279F2073832A8EABFFF6E	720	1160	0.551724137931	121	0
166	green	old	train	train	1	D:\Yolo_LPR_RK3568_FPGA_Project\1_PC_Training\datasets\yolo_format\images\train\ccpd_green_train_019775390625-89_268-180&401_423&483-415&473_180&483_181&408_423&401-0_0_3_24_33_32_26_26-172-74.jpg	finetune_quant_dataset/quant_0166.jpg	48BB426061C2332894205E3410C1BCF49012020B47FD318B2D315504E806B41A	720	1160	0.551724137931	121	0
167	green	old	train	train	1	D:\Yolo_LPR_RK3568_FPGA_Project\1_PC_Training\datasets\yolo_format\images\train\ccpd_green_train_3005236545138888889-92_90-289&485_416&527-415&527_289&520_290&485_416&492-0_0_3_24_32_32_30_25-126-11.jpg	finetune_quant_dataset/quant_0167.jpg	50AC2EE9E65C787FF55DE957CFF28C9858D34F942AF26B9FBE8469208F245622	720	1160	0.551724137931	121	0
168	yellow_single	old	train	train	2	D:\Yolo_LPR_RK3568_FPGA_Project\1_PC_Training\datasets\yolo_format\images\train\crpd_1 (147).jpg	finetune_quant_dataset/quant_0168.jpg	F163D15F3DF5BDAA8239C68FE5F25B03E5911CA74F69AEFACF40DCA6940EEBA3	1628	1236	0.39312039312	0	77
169	green	old	train	train	1	D:\Yolo_LPR_RK3568_FPGA_Project\1_PC_Training\datasets\yolo_format\images\train\ccpd_green_train_0245865885417-91_265-232&435_481&535-474&527_232&535_240&435_481&443-0_0_3_24_32_32_32_24-107-83.jpg	finetune_quant_dataset/quant_0169.jpg	F7C8EDE5BD6B2C673CC4E76A4E00467BC4E01B8EABD85CC92F2AA7075AD2A55A	720	1160	0.551724137931	121	0
170	blue	old	train	train	0	D:\Yolo_LPR_RK3568_FPGA_Project\1_PC_Training\datasets\yolo_format\images\train\ccpd_blue_ccpd_base_0360344827586-86_91-179&430_455&545-454&522_188&544_189&439_455&417-0_0_21_16_25_31_31-161-58.jpg	finetune_quant_dataset/quant_0170.jpg	E1DB997FA71BB99314B206E26C05AE94B2A39BEC1678B1C44E0AB318F9EF0478	720	1160	0.551724137931	121	0
171	yellow_single	old	train	train	2	D:\Yolo_LPR_RK3568_FPGA_Project\1_PC_Training\datasets\yolo_format\images\train\crpd_53_0430.jpg	finetune_quant_dataset/quant_0171.jpg	A5A92F023D39D506BD7BE245D3EAF7E1CFD02D5FEB65035ED487FEFEFBA3B0B3	1920	1080	0.333333333333	0	140
172	yellow_single	old	train	train	2	D:\Yolo_LPR_RK3568_FPGA_Project\1_PC_Training\datasets\yolo_format\images\train\crpd_56_0984.jpg	finetune_quant_dataset/quant_0172.jpg	C280EAB1DD435CA992CFE4D92690269FD3504DAD07A66187814898BBB23715FE	1920	1080	0.333333333333	0	140
173	yellow_single	old	train	train	2	D:\Yolo_LPR_RK3568_FPGA_Project\1_PC_Training\datasets\yolo_format\images\train\crpd_1 (910).jpg	finetune_quant_dataset/quant_0173.jpg	A1B1022F499816C32CEDB3CE55143C7857B97CC475896B6BA233DBD399ACF1A5	1628	1236	0.39312039312	0	77
174	blue	old	train	train	0	D:\Yolo_LPR_RK3568_FPGA_Project\1_PC_Training\datasets\yolo_format\images\train\ccpd_blue_ccpd_db_0431-3_15-142&420_461&533-461&533_163&516_142&420_440&437-0_0_27_25_18_29_30-14-4.jpg	finetune_quant_dataset/quant_0174.jpg	53261B19ECA1BF06F8A2BBD96CC3C438A34E5CF46BD08B005DCCC32C8B458B34	720	1160	0.551724137931	121	0
175	yellow_single	old	train	train	2	D:\Yolo_LPR_RK3568_FPGA_Project\1_PC_Training\datasets\yolo_format\images\train\crpd_40_0951.jpg	finetune_quant_dataset/quant_0175.jpg	769A4F10DB29557037AEEA7DCCA2784DD7114642C9DF2CA1864C3F7E547ED819	1920	1080	0.333333333333	0	140
176	other_all	old	train	train	3	D:\Yolo_LPR_RK3568_FPGA_Project\1_PC_Training\datasets\yolo_format\images\train\crpd_62_0166.jpg	finetune_quant_dataset/quant_0176.jpg	E6D429DB094747AD5D1ABFE6965C399A453BC1282085EB1787DB18992725455F	1600	1200	0.4	0	80
177	yellow_single	old	train	train	2	D:\Yolo_LPR_RK3568_FPGA_Project\1_PC_Training\datasets\yolo_format\images\train\crpd_66_1367.jpg	finetune_quant_dataset/quant_0177.jpg	3EA8D9A848889E7DFAA1BD00BE86D4DFFC1D2D82DB11B941E00AACD6867E6411	1600	1200	0.4	0	80
178	blue	old	train	train	0	D:\Yolo_LPR_RK3568_FPGA_Project\1_PC_Training\datasets\yolo_format\images\train\ccpd_blue_ccpd_weather_0489-13_25-195&502_466&653-447&591_195&653_214&564_466&502-0_0_25_30_27_19_29-44-154.jpg	finetune_quant_dataset/quant_0178.jpg	E61CC4A55E4B54C9FCC4746C34CD5ECC52DDC29B7D72A2E6E62E70B70ED913DF	720	1160	0.551724137931	121	0
179	blue	old	train	train	0	D:\Yolo_LPR_RK3568_FPGA_Project\1_PC_Training\datasets\yolo_format\images\train\ccpd_blue_ccpd_challenge_0334-4_0-300&381_535&500-535&481_309&500_300&400_526&381-0_0_21_9_25_30_33-133-23.jpg	finetune_quant_dataset/quant_0179.jpg	A81E79519465291301FFC4F61C5209B1EB2F8732750C4CDDF5B7AE29BECBC00E	720	1160	0.551724137931	121	0
180	yellow_single	old	train	train	2	D:\Yolo_LPR_RK3568_FPGA_Project\1_PC_Training\datasets\yolo_format\images\train\crpd_66_1157.jpg	finetune_quant_dataset/quant_0180.jpg	08FBF22D4C299FEDE62792C73C22D7B329AB283FF2DFF5CA7DDB1612C3B38023	1920	1080	0.333333333333	0	140
181	blue	old	train	train	0,0	D:\Yolo_LPR_RK3568_FPGA_Project\1_PC_Training\datasets\yolo_format\images\train\crpd_49_1048.jpg	finetune_quant_dataset/quant_0181.jpg	FF0D2BACFD131A715B97EFE62996D2911E49065D70599CDF4A036E021D4D71F7	1920	1080	0.333333333333	0	140
182	other_all	old	train	train	3	D:\Yolo_LPR_RK3568_FPGA_Project\1_PC_Training\datasets\yolo_format\images\train\crpd_66_0612.jpg	finetune_quant_dataset/quant_0182.jpg	1525434450A76ECF592289B0F7307D215AF961C579E250D2767E631639B7426C	1920	1080	0.333333333333	0	140
183	other_all	old	train	train	3	D:\Yolo_LPR_RK3568_FPGA_Project\1_PC_Training\datasets\yolo_format\images\train\crpd_62_0516.jpg	finetune_quant_dataset/quant_0183.jpg	14FB2BF0802A209FAE08F48ED789AFE312015CB264D865A90F83FC0CA01891F8	1600	1200	0.4	0	80
184	other_all	old	train	train	3	D:\Yolo_LPR_RK3568_FPGA_Project\1_PC_Training\datasets\yolo_format\images\train\crpd_66_0793.jpg	finetune_quant_dataset/quant_0184.jpg	A324D22461D2FFA561775FF5B586600D82472DF19272D22D992732DDCD2E9C6C	1920	1080	0.333333333333	0	140
185	other_all	special	train	教练车牌	3	D:\Yolo_LPR_RK3568_FPGA_Project\1_PC_Training\datasets\特殊车牌\image\教练车牌\粤S7947学.jpg	finetune_quant_dataset/quant_0185.jpg	E74F2D222E2C2487072DC49141EBEEC2569CF10BE05A0E06FF27DF9ED01C7D9A	1600	1200	0.4	0	80
186	yellow_single	old	train	train	2	D:\Yolo_LPR_RK3568_FPGA_Project\1_PC_Training\datasets\yolo_format\images\train\crpd_42_2030.jpg	finetune_quant_dataset/quant_0186.jpg	7590ACFC82D39BDEDCA4134DB68EA65F956E7A49D7971D1FD605A7636A4F46B1	1920	1080	0.333333333333	0	140
187	green	old	train	train	1	D:\Yolo_LPR_RK3568_FPGA_Project\1_PC_Training\datasets\yolo_format\images\train\ccpd_green_train_015947265625-93_260-213&449_426&525-426&525_219&511_213&449_426&464-0_0_3_25_33_29_27_29-132-96.jpg	finetune_quant_dataset/quant_0187.jpg	DF2D5B56D9AD49594DF44AF06131ED2C8DC93C7467A39E728619543A9D4B065D	720	1160	0.551724137931	121	0
188	other_all	old	train	train	3	D:\Yolo_LPR_RK3568_FPGA_Project\1_PC_Training\datasets\yolo_format\images\train\crpd_66_0500.jpg	finetune_quant_dataset/quant_0188.jpg	660F5D632C351B9F32AE6031C51368EDFCB3D90F17742EE299F3BF9F7E2D80F4	1920	1080	0.333333333333	0	140
189	other_all	special	train	教练车牌	3	D:\Yolo_LPR_RK3568_FPGA_Project\1_PC_Training\datasets\特殊车牌\image\教练车牌\粤C2161学.jpg	finetune_quant_dataset/quant_0189.jpg	90A1FD67FC6A14301B992FA5135DD49706D70940CCBDF2736D8D31B91428B818	1600	1200	0.4	0	80
190	other_all	old	train	train	3	D:\Yolo_LPR_RK3568_FPGA_Project\1_PC_Training\datasets\yolo_format\images\train\crpd_66_1415.jpg	finetune_quant_dataset/quant_0190.jpg	472CE19F0745A4BD4328F76D427FAC889EDAE90E3895A73486A5866852897F63	1920	1080	0.333333333333	0	140
191	other_all	old	train	train	0,0,3	D:\Yolo_LPR_RK3568_FPGA_Project\1_PC_Training\datasets\yolo_format\images\train\crpd_62_0826.jpg	finetune_quant_dataset/quant_0191.jpg	583ECE9CB5B1FD47949258EE0A0642CA025E3541B972250C440C5B9DF8676BFF	1920	1080	0.333333333333	0	140
192	green	old	train	train	1	D:\Yolo_LPR_RK3568_FPGA_Project\1_PC_Training\datasets\yolo_format\images\train\ccpd_green_train_0166666666667-91_252-240&436_480&506-480&506_255&493_240&436_467&441-0_0_3_26_33_33_32_29-143-72.jpg	finetune_quant_dataset/quant_0192.jpg	538C000408A152F3B37A7B18C5C0E91D32A6FE3AAB7D8199C7BE39C620F8FDD4	720	1160	0.551724137931	121	0
193	other_all	old	val	val	0,3	D:\Yolo_LPR_RK3568_FPGA_Project\1_PC_Training\datasets\yolo_format\images\val\crpd_55_1057.jpg	finetune_quant_dataset/quant_0193.jpg	3C34DA7EC14F609378CA3629213A4C9E580C37034E1C046139803D96EA48B708	1600	1200	0.4	0	80
194	yellow_single	old	train	train	2	D:\Yolo_LPR_RK3568_FPGA_Project\1_PC_Training\datasets\yolo_format\images\train\crpd_1 (446).jpg	finetune_quant_dataset/quant_0194.jpg	708B7CF07EDB78FA38CAEBF2644C4C86E9CB080145C40C773E0769E4E206AAF6	1628	1236	0.39312039312	0	77
195	yellow_single	old	train	train	2	D:\Yolo_LPR_RK3568_FPGA_Project\1_PC_Training\datasets\yolo_format\images\train\crpd_45_1306.jpg	finetune_quant_dataset/quant_0195.jpg	604D2DD3D1A7145FC6F112F2452973A7A8296AFCB3AA5298EBCC1442B5FFF8EE	1920	1080	0.333333333333	0	140
196	other_all	old	train	train	3	D:\Yolo_LPR_RK3568_FPGA_Project\1_PC_Training\datasets\yolo_format\images\train\crpd_66_0713.jpg	finetune_quant_dataset/quant_0196.jpg	966BDADD0D7867CA50E7697A6808237C77836DC057F825D187FFBF5D7A9A7EFA	1600	1200	0.4	0	80
197	blue	old	train	train	0	D:\Yolo_LPR_RK3568_FPGA_Project\1_PC_Training\datasets\yolo_format\images\train\ccpd_blue_ccpd_rotate_0535-14_15-235&435_503&602-503&602_237&532_235&435_501&505-0_12_22_32_25_30_23-51-31.jpg	finetune_quant_dataset/quant_0197.jpg	49E01C464EB2D4CED9C4B80C2312E857336614013A3816DF2BA974BFDFE90668	720	1160	0.551724137931	121	0
198	other_all	old	train	train	3	D:\Yolo_LPR_RK3568_FPGA_Project\1_PC_Training\datasets\yolo_format\images\train\crpd_66_0735.jpg	finetune_quant_dataset/quant_0198.jpg	BCEC081D3A469A37286F766188BEEADB0415B3D38B64C802FAA2A6C5970419E2	1600	1200	0.4	0	80
199	green	old	train	train	1	D:\Yolo_LPR_RK3568_FPGA_Project\1_PC_Training\datasets\yolo_format\images\train\ccpd_green_train_0370833333333-92_105-123&434_479&539-479&539_147&525_123&434_459&439-0_0_5_25_24_26_32_32-171-247.jpg	finetune_quant_dataset/quant_0199.jpg	953405E81FBDEA20FA90CF45919D7A8F05F846F699CDD6F57F70C68D5EEAF46A	720	1160	0.551724137931	121	0
200	green	old	train	train	1	D:\Yolo_LPR_RK3568_FPGA_Project\1_PC_Training\datasets\yolo_format\images\train\ccpd_green_train_0203157552083-90_267-246&434_483&520-481&509_246&520_249&438_483&434-0_0_3_26_26_24_25_24-96-68.jpg	finetune_quant_dataset/quant_0200.jpg	48147523578F0AFB20F0257F8EED4CC1499330D871BAC7D814515679F5031DD5	720	1160	0.551724137931	121	0
201	green	old	train	train	1	D:\Yolo_LPR_RK3568_FPGA_Project\1_PC_Training\datasets\yolo_format\images\train\ccpd_green_train_013876953125-92_262-260&308_463&377-463&377_266&373_260&308_457&318-0_0_3_25_25_32_25_29-83-74.jpg	finetune_quant_dataset/quant_0201.jpg	8826126DAA66DFC1D9B4F2BCAF037A9A33D1FAA0E1E2A0923951CA43916666B3	720	1160	0.551724137931	121	0
202	green	old	train	train	1	D:\Yolo_LPR_RK3568_FPGA_Project\1_PC_Training\datasets\yolo_format\images\train\ccpd_green_train_0515755208333-90_92-105&464_571&575-568&575_125&567_105&464_571&469-0_0_3_24_26_28_33_24-80-130.jpg	finetune_quant_dataset/quant_0202.jpg	643FAB16C8EFC2AC9A0335F3EB495297A10B000E3F754CA637F1D27F903DBE3C	720	1160	0.551724137931	121	0
203	yellow_single	old	train	train	2	D:\Yolo_LPR_RK3568_FPGA_Project\1_PC_Training\datasets\yolo_format\images\train\crpd_43_0713.jpg	finetune_quant_dataset/quant_0203.jpg	7ACBD7178BF6D6F68B1EB982554223351B239C563B81F723A670661735723ABF	1920	1080	0.333333333333	0	140
204	yellow_single	old	train	train	2	D:\Yolo_LPR_RK3568_FPGA_Project\1_PC_Training\datasets\yolo_format\images\train\crpd_51_0169.jpg	finetune_quant_dataset/quant_0204.jpg	65C41CC61F5D33716E7B6A2B3FF06644F2DCDAA302FA243624BCB6F4DD0C52FE	1920	1080	0.333333333333	0	140
205	yellow_single	old	train	train	2	D:\Yolo_LPR_RK3568_FPGA_Project\1_PC_Training\datasets\yolo_format\images\train\crpd_43_0927.jpg	finetune_quant_dataset/quant_0205.jpg	6633C086D2183FAD5D3EAC20603BBC6EC7C5C41C6987FF8E11A8330B91290270	1920	1080	0.333333333333	0	140
206	green	old	train	train	1	D:\Yolo_LPR_RK3568_FPGA_Project\1_PC_Training\datasets\yolo_format\images\train\ccpd_green_train_0151985677083-91_270-299&455_502&530-495&530_299&525_300&455_502&461-0_0_5_24_31_27_32_32-136-119.jpg	finetune_quant_dataset/quant_0206.jpg	81198E280D9584FD444B1245E960B11459D22ABBDC45B3CF80531FCBDC095F0F	720	1160	0.551724137931	121	0
207	blue	old	train	train	0	D:\Yolo_LPR_RK3568_FPGA_Project\1_PC_Training\datasets\yolo_format\images\train\ccpd_blue_ccpd_challenge_0204-12_11-280&466_441&572-440&572_280&537_281&466_441&501-0_0_32_20_31_26_31-125-2.jpg	finetune_quant_dataset/quant_0207.jpg	62818D81D5864CCEC9AF833411AF6911348DE9B79FE0012670605B82FC3E4A46	720	1160	0.551724137931	121	0
208	blue	old	train	train	0	D:\Yolo_LPR_RK3568_FPGA_Project\1_PC_Training\datasets\yolo_format\images\train\crpd_42_1739.jpg	finetune_quant_dataset/quant_0208.jpg	F10578F83ED66230F56F9CD6A35527AF9B728336EA4B57127BDDCF266683D48F	1920	1080	0.333333333333	0	140
209	yellow_single	old	train	train	2	D:\Yolo_LPR_RK3568_FPGA_Project\1_PC_Training\datasets\yolo_format\images\train\crpd_53_0238.jpg	finetune_quant_dataset/quant_0209.jpg	64F1178A83371214139343D7805F1D7A0B2498E59E2EEA882AB44869AD9176AC	1920	1080	0.333333333333	0	140
210	yellow_single	old	train	train	2	D:\Yolo_LPR_RK3568_FPGA_Project\1_PC_Training\datasets\yolo_format\images\train\crpd_1 (296).jpg	finetune_quant_dataset/quant_0210.jpg	362B222B0E694F7AB12892D561F5DD7075F2E758F2B43F4EF9FCA540D7922C0A	1628	1236	0.39312039312	0	77
211	other_all	old	train	train	3	D:\Yolo_LPR_RK3568_FPGA_Project\1_PC_Training\datasets\yolo_format\images\train\crpd_42_1567.jpg	finetune_quant_dataset/quant_0211.jpg	60266AC79A1E924DB316069AD737643689016538AE335743BC600243DCBA69B6	1920	1080	0.333333333333	0	140
212	other_all	old	train	train	0,0,3	D:\Yolo_LPR_RK3568_FPGA_Project\1_PC_Training\datasets\yolo_format\images\train\crpd_56_0536.jpg	finetune_quant_dataset/quant_0212.jpg	426D2566B0AF0A3D5463C9E8C050695CDBD95DACE7007DBE0E3A75FA614E4DBB	1920	1080	0.333333333333	0	140
213	blue	old	train	train	0	D:\Yolo_LPR_RK3568_FPGA_Project\1_PC_Training\datasets\yolo_format\images\train\crpd_62_0884.jpg	finetune_quant_dataset/quant_0213.jpg	DE2181461045A941A5BADA6195B9FDB0A73FEE8171AED18142D751C157679084	1920	1080	0.333333333333	0	140
214	other_all	old	train	train	3	D:\Yolo_LPR_RK3568_FPGA_Project\1_PC_Training\datasets\yolo_format\images\train\crpd_66_1284.jpg	finetune_quant_dataset/quant_0214.jpg	C59B3F86E27E4E92245C119F76AB8AE2A3C02D6B7F368028F08E1EE9E1174066	1920	1080	0.333333333333	0	140
215	blue	old	train	train	0	D:\Yolo_LPR_RK3568_FPGA_Project\1_PC_Training\datasets\yolo_format\images\train\crpd_61_0261.jpg	finetune_quant_dataset/quant_0215.jpg	9170F9F5ABBED9552F5FED11D5D7592B0527D43D11F7F4BFA6E93C0DE2CE2B1C	1920	1080	0.333333333333	0	140
216	green	old	train	train	1	D:\Yolo_LPR_RK3568_FPGA_Project\1_PC_Training\datasets\yolo_format\images\train\ccpd_green_train_0212586805556-90_268-225&484_473&571-470&560_225&571_227&489_473&484-0_0_5_24_30_29_29_29-167-144.jpg	finetune_quant_dataset/quant_0216.jpg	80A4E0E287D015471E36DDFB1A5A0087874AF4C9B7906B4F7F96CFE8A31326AE	720	1160	0.551724137931	121	0
217	green	old	train	train	1	D:\Yolo_LPR_RK3568_FPGA_Project\1_PC_Training\datasets\yolo_format\images\train\ccpd_green_train_01203125-90_266-254&432_452&493-450&492_257&493_254&432_452&433-0_0_3_24_30_31_29_29-158-57.jpg	finetune_quant_dataset/quant_0217.jpg	14894B7F464C0A563B41C7ADE3BE3056876D737EE293B47E9725349F3C46389F	720	1160	0.551724137931	121	0
218	green	old	train	train	1	D:\Yolo_LPR_RK3568_FPGA_Project\1_PC_Training\datasets\yolo_format\images\train\ccpd_green_train_0219748263889-91_266-228&432_472&523-472&523_228&520_235&432_471&441-0_0_5_24_24_31_32_32-214-88.jpg	finetune_quant_dataset/quant_0218.jpg	DA64071278D9841203D86E7687B95ED00361B64D2E323CCB98D2F410EC5203AF	720	1160	0.551724137931	121	0
219	green	old	train	train	1	D:\Yolo_LPR_RK3568_FPGA_Project\1_PC_Training\datasets\yolo_format\images\train\ccpd_green_train_3029166666666666667-90_93-203&470_539&558-539&558_210&553_203&479_535&470-0_0_3_24_33_29_30_29-70-165.jpg	finetune_quant_dataset/quant_0219.jpg	CCDC308703C2B4B01D02AF865D3303744A795CFFDD1B96EDB5FF4770C97B63CA	720	1160	0.551724137931	121	0
220	green	old	train	train	1	D:\Yolo_LPR_RK3568_FPGA_Project\1_PC_Training\datasets\yolo_format\images\train\ccpd_green_train_0447916666667-88_95-175&451_519&583-515&569_175&583_183&451_519&456-0_0_5_25_25_31_31_31-191-285.jpg	finetune_quant_dataset/quant_0220.jpg	9FCE6113FDA82FF708CFBCE552C79BFAEBEB9795A5238889A3ABC16F09C5D795	720	1160	0.551724137931	121	0
221	other_all	old	train	train	0,3	D:\Yolo_LPR_RK3568_FPGA_Project\1_PC_Training\datasets\yolo_format\images\train\crpd_66_1360.jpg	finetune_quant_dataset/quant_0221.jpg	6C63C5151C9805F4EA463016F3A0A4A93AD2A4D17685AA6F76DF80E8EAC60154	1920	1080	0.333333333333	0	140
222	other_all	old	train	train	3	D:\Yolo_LPR_RK3568_FPGA_Project\1_PC_Training\datasets\yolo_format\images\train\crpd_66_0156.jpg	finetune_quant_dataset/quant_0222.jpg	9AC8CFB4AF13C0574748FB6E6BF8E778A810E8A0891FEC4F464FFB9456A13599	1920	1080	0.333333333333	0	140
223	yellow_single	old	train	train	2	D:\Yolo_LPR_RK3568_FPGA_Project\1_PC_Training\datasets\yolo_format\images\train\crpd_1 (178).jpg	finetune_quant_dataset/quant_0223.jpg	B3221E7674DA3E5782B7338B97CBE18E679417A64270E790E4CAFC6932494B61	1628	1236	0.39312039312	0	77
224	blue	old	train	train	0	D:\Yolo_LPR_RK3568_FPGA_Project\1_PC_Training\datasets\yolo_format\images\train\crpd_59_1105.jpg	finetune_quant_dataset/quant_0224.jpg	CE5F3956CC0FEE8223A8DEFA889F8B82F6045BCDDE8DD9866FD1A549917711E5	1920	1080	0.333333333333	0	140
225	yellow_single	old	train	train	2	D:\Yolo_LPR_RK3568_FPGA_Project\1_PC_Training\datasets\yolo_format\images\train\crpd_61_0115.jpg	finetune_quant_dataset/quant_0225.jpg	7EAC654BE00E54A3E17F0911F92CD074355EE60AF50C0EC5413CFD685CB1BA6D	1920	1080	0.333333333333	0	140
226	green	old	train	train	1	D:\Yolo_LPR_RK3568_FPGA_Project\1_PC_Training\datasets\yolo_format\images\train\ccpd_green_train_0174739583333-90_93-240&494_484&566-481&566_240&564_243&494_484&496-0_0_3_26_30_30_26_33-118-108.jpg	finetune_quant_dataset/quant_0226.jpg	F7F087EA2361459F61A779F91B83F4DC7DF997A3FE598F12C69FD820EDDCC278	720	1160	0.551724137931	121	0
227	other_all	special	train	澳门出入境车牌	3	D:\Yolo_LPR_RK3568_FPGA_Project\1_PC_Training\datasets\特殊车牌\image\澳门出入境车牌\粤Z2775澳.jpg	finetune_quant_dataset/quant_0227.jpg	4D2322D6FD90252CC3860C3EAEF5DBE2BAAF66C0B7F1C5FD33954415325D9AD4	1600	1200	0.4	0	80
228	green	old	train	train	1	D:\Yolo_LPR_RK3568_FPGA_Project\1_PC_Training\datasets\yolo_format\images\train\ccpd_green_train_3024647352430555554-90_94-222&409_517&493-513&493_228&493_222&409_517&412-0_0_3_27_29_30_25_32-75-124.jpg	finetune_quant_dataset/quant_0228.jpg	83A6B8DC61A100491396FF6E7504F7BFF2C987BE0507A5084EAB4620A6FF10E6	720	1160	0.551724137931	121	0
229	green	old	train	train	1	D:\Yolo_LPR_RK3568_FPGA_Project\1_PC_Training\datasets\yolo_format\images\train\ccpd_green_train_0641818576389-90_269-143&468_598&610-595&610_144&604_143&468_598&474-0_0_3_17_25_24_32_24-91-242.jpg	finetune_quant_dataset/quant_0229.jpg	839F2E4B3F0621ACC2EA0CF032EFAD883AE79319C685633720C9413989B46F14	720	1160	0.551724137931	121	0
230	green	old	train	train	1	D:\Yolo_LPR_RK3568_FPGA_Project\1_PC_Training\datasets\yolo_format\images\train\ccpd_green_train_0211588541667-90_253-247&469_507&551-507&551_266&540_247&469_485&470-0_0_3_24_33_27_28_24-81-66.jpg	finetune_quant_dataset/quant_0230.jpg	09274DA60AE247232F4BF9C6ED07FD2DD9C86AB666F8000DF458334B5C8CAE83	720	1160	0.551724137931	121	0
231	yellow_single	old	train	train	2	D:\Yolo_LPR_RK3568_FPGA_Project\1_PC_Training\datasets\yolo_format\images\train\crpd_44_0139.jpg	finetune_quant_dataset/quant_0231.jpg	AA4C6DFB7C2BFC584F16E8B7C37CB3937496D2C643EECFF46C2899C37D767057	1600	1200	0.4	0	80
232	green	old	train	train	1	D:\Yolo_LPR_RK3568_FPGA_Project\1_PC_Training\datasets\yolo_format\images\train\ccpd_green_train_021015625-90_92-192&439_461&518-461&516_196&518_192&442_459&439-0_0_3_24_24_31_24_32-122-229.jpg	finetune_quant_dataset/quant_0232.jpg	BCEBB1274CE30D05D9796810A340B0CD5C1C78EE45D22CDD94DB33DE2DD07C4F	720	1160	0.551724137931	121	0
233	blue	old	train	train	0	D:\Yolo_LPR_RK3568_FPGA_Project\1_PC_Training\datasets\yolo_format\images\train\ccpd_blue_ccpd_db_0232-36_35-383&437_496&609-496&526_385&609_383&520_494&437-0_0_1_5_32_29_30-30-34.jpg	finetune_quant_dataset/quant_0233.jpg	14993071925FCC072835138AFC31AAE71F9225C3E18C6F04243B7C535478E196	720	1160	0.551724137931	121	0
234	green	old	train	train	1	D:\Yolo_LPR_RK3568_FPGA_Project\1_PC_Training\datasets\yolo_format\images\train\ccpd_green_train_0265625-90_90-174&427_446&526-446&514_174&526_174&432_445&427-0_0_3_25_24_24_24_24-193-225.jpg	finetune_quant_dataset/quant_0234.jpg	EA37D6211CDB2B52EC8383C907573686016294C4C36B427E8BBD13C8FEF4C608	720	1160	0.551724137931	121	0
235	yellow_single	old	train	train	2	D:\Yolo_LPR_RK3568_FPGA_Project\1_PC_Training\datasets\yolo_format\images\train\crpd_46_0155.jpg	finetune_quant_dataset/quant_0235.jpg	E95BD7F6EB9B1A1E6414F715CDE554DAEEB1578008548CFA2F34F2770293174B	1920	1080	0.333333333333	0	140
236	other_all	old	train	train	3	D:\Yolo_LPR_RK3568_FPGA_Project\1_PC_Training\datasets\yolo_format\images\train\crpd_66_1316.jpg	finetune_quant_dataset/quant_0236.jpg	9D4726B9E4CEE4F34C11C099CE1198D3DEA42D3175A93596E153CFF73657E485	1920	1080	0.333333333333	0	140
237	yellow_single	old	train	train	2	D:\Yolo_LPR_RK3568_FPGA_Project\1_PC_Training\datasets\yolo_format\images\train\crpd_40_0016.jpg	finetune_quant_dataset/quant_0237.jpg	8F1499672119BE67924B29E0D35E505077C6C8BFE6C9123D77EE2D9A58C4B1C8	1920	1080	0.333333333333	0	140
238	green	old	train	train	1	D:\Yolo_LPR_RK3568_FPGA_Project\1_PC_Training\datasets\yolo_format\images\train\ccpd_green_train_0158268229167-92_265-266&396_487&468-484&468_266&459_273&396_487&404-0_0_3_24_29_25_27_30-107-47.jpg	finetune_quant_dataset/quant_0238.jpg	6CF8AF20485EC89CDEFCEE94613726CD05F7970F39FFBFC06C2CF60F41EE85B7	720	1160	0.551724137931	121	0
239	yellow_single	old	train	train	2	D:\Yolo_LPR_RK3568_FPGA_Project\1_PC_Training\datasets\yolo_format\images\train\crpd_53_0666.jpg	finetune_quant_dataset/quant_0239.jpg	082F95C48379019345418E90CA5FC653C1DBF8018FF64A8BD739B39F57DBDA75	1920	1080	0.333333333333	0	140
240	green	old	train	train	1	D:\Yolo_LPR_RK3568_FPGA_Project\1_PC_Training\datasets\yolo_format\images\train\ccpd_green_train_03349609375-90_269-177&430_520&528-512&528_178&525_177&432_520&430-0_0_3_24_33_29_29_30-123-79.jpg	finetune_quant_dataset/quant_0240.jpg	99D2B4C3AD023363F42676E8FB665929353F8AAA228860FE210AC6BDC02BB51F	720	1160	0.551724137931	121	0
241	green	old	train	train	1	D:\Yolo_LPR_RK3568_FPGA_Project\1_PC_Training\datasets\yolo_format\images\train\ccpd_green_train_00685872395833-90_265-265&422_412&469-412&465_265&469_268&424_411&422-0_0_3_24_33_32_29_26-112-23.jpg	finetune_quant_dataset/quant_0241.jpg	E86A6EA6FC47B9ED2C3E504F858801C46E1698091985838E58A22C70B24E5620	720	1160	0.551724137931	121	0
242	blue	old	train	train	0	D:\Yolo_LPR_RK3568_FPGA_Project\1_PC_Training\datasets\yolo_format\images\train\ccpd_blue_ccpd_rotate_0336-20_8-243&452_434&599-434&533_260&599_243&518_417&452-0_0_21_20_27_24_28-154-59.jpg	finetune_quant_dataset/quant_0242.jpg	E9E60EE1D22A8EDD1C8268B7C8B227695AA8BEE13607104E0B3DEB85AF5DFCBB	720	1160	0.551724137931	121	0
243	blue	old	train	train	0,0	D:\Yolo_LPR_RK3568_FPGA_Project\1_PC_Training\datasets\yolo_format\images\train\crpd_65_0421.jpg	finetune_quant_dataset/quant_0243.jpg	1EEEDA00E5057619F69DA50958515EE0FE4533B384E5AB58C811CF0DBF43A72E	1600	1200	0.4	0	80
244	yellow_single	old	train	train	2	D:\Yolo_LPR_RK3568_FPGA_Project\1_PC_Training\datasets\yolo_format\images\train\crpd_40_0311.jpg	finetune_quant_dataset/quant_0244.jpg	0525E39F5E922F763FBBBCC3F18A0E522C36BD071090B66C365D923DCD537442	1920	1080	0.333333333333	0	140
245	other_all	special	train	香港出入境车牌	3	D:\Yolo_LPR_RK3568_FPGA_Project\1_PC_Training\datasets\特殊车牌\image\香港出入境车牌\粤ZW440港.jpg	finetune_quant_dataset/quant_0245.jpg	AA7B6658C336B2C1B7F96A46C77CFE4501615868A6C2615AAA60C9FE55D5E106	1600	1200	0.4	0	80
246	blue	old	train	train	0	D:\Yolo_LPR_RK3568_FPGA_Project\1_PC_Training\datasets\yolo_format\images\train\ccpd_blue_ccpd_base_0427442528736-79_101-214&414_487&566-479&510_236&567_240&470_483&413-0_0_30_27_33_12_27-72-94.jpg	finetune_quant_dataset/quant_0246.jpg	3EBD1494FF39FE7A40A834B45FC9F6E1DF5BCD3A2E836E72C0480BAB135316E6	720	1160	0.551724137931	121	0
247	blue	old	train	train	0,2	D:\Yolo_LPR_RK3568_FPGA_Project\1_PC_Training\datasets\yolo_format\images\train\crpd_60_0806.jpg	finetune_quant_dataset/quant_0247.jpg	798733D2A5159FED82131B44D964C540208927D16DC0805CD7E74694DEBB1956	1920	1080	0.333333333333	0	140
248	blue	old	train	train	0	D:\Yolo_LPR_RK3568_FPGA_Project\1_PC_Training\datasets\yolo_format\images\train\ccpd_blue_ccpd_blur_0134-0_12-279&499_452&564-452&564_293&563_279&499_438&500-0_0_6_29_25_33_9-60-2.jpg	finetune_quant_dataset/quant_0248.jpg	82AA88A0CA6C8AEC3F90349A5F2FB15BF8A214B403BC0A443284B0A2C96291FE	720	1160	0.551724137931	121	0
249	blue	old	train	train	0	D:\Yolo_LPR_RK3568_FPGA_Project\1_PC_Training\datasets\yolo_format\images\train\crpd_39_0415.jpg	finetune_quant_dataset/quant_0249.jpg	1E6EF19FBC4905A287787C2D80D5C3BAA25F82A68DCC81E799150C87471D2526	1920	1080	0.333333333333	0	140
250	other_all	special	val	澳门出入境车牌	3	D:\Yolo_LPR_RK3568_FPGA_Project\1_PC_Training\datasets\特殊车牌\image\澳门出入境车牌\粤ZE993澳.jpg	finetune_quant_dataset/quant_0250.jpg	389C4FD2F4496F0F0014AAD6209EED6460938BFF9D44477F09C51AF86661173A	1600	1200	0.4	0	80
251	yellow_single	old	train	train	2	D:\Yolo_LPR_RK3568_FPGA_Project\1_PC_Training\datasets\yolo_format\images\train\crpd_55_0224.jpg	finetune_quant_dataset/quant_0251.jpg	B49335AA70E28F3E37BAA45B0D3EAC869E7F054F79BCFBCDDEBB047BCDD88AA3	1600	1200	0.4	0	80
252	other_all	special	val	教练车牌	3	D:\Yolo_LPR_RK3568_FPGA_Project\1_PC_Training\datasets\特殊车牌\image\教练车牌\粤S4646学.jpg	finetune_quant_dataset/quant_0252.jpg	925D41CAE076193D970CD2EF9843E62375E4037EF018C729CC8DD876553E314A	1600	1200	0.4	0	80
253	yellow_single	old	train	train	2	D:\Yolo_LPR_RK3568_FPGA_Project\1_PC_Training\datasets\yolo_format\images\train\crpd_56_0395.jpg	finetune_quant_dataset/quant_0253.jpg	D177E1D9D2112E2AC0F3FC1EA93C21238AE08616FF69CC5CFA87EC2D88456451	1920	1080	0.333333333333	0	140
254	green	old	train	train	1	D:\Yolo_LPR_RK3568_FPGA_Project\1_PC_Training\datasets\yolo_format\images\train\ccpd_green_train_0207139756944-90_90-238&395_468&485-468&481_238&485_238&395_466&395-0_0_5_24_24_25_29_24-181-31.jpg	finetune_quant_dataset/quant_0254.jpg	7C4D67A3805C7D691851FC0D02CC8F8C7AA5A2336F91C232332B757644C3A7C6	720	1160	0.551724137931	121	0
255	yellow_single	old	train	train	2	D:\Yolo_LPR_RK3568_FPGA_Project\1_PC_Training\datasets\yolo_format\images\train\crpd_36_0496.jpg	finetune_quant_dataset/quant_0255.jpg	2F814585812D79B2E8237D3E57A8331F1F81472098DD26B41B9524EF65F671C3	1920	1080	0.333333333333	0	140
256	green	old	train	train	1	D:\Yolo_LPR_RK3568_FPGA_Project\1_PC_Training\datasets\yolo_format\images\train\ccpd_green_train_0233561197917-90_265-217&436_504&518-502&518_222&515_217&437_504&436-0_0_3_24_31_28_31_32-76-68.jpg	finetune_quant_dataset/quant_0256.jpg	CD503C383C5A9C1DC93880DE83C3FEB856D7F8587A1152DA49AEED8C226D3D68	720	1160	0.551724137931	121	0
257	yellow_single	old	train	train	2	D:\Yolo_LPR_RK3568_FPGA_Project\1_PC_Training\datasets\yolo_format\images\train\crpd_66_1768.jpg	finetune_quant_dataset/quant_0257.jpg	8F461076901484CBE55CF72E89D9BDCEC9D17B7A5507CFF4294FAC4068C43895	1920	1080	0.333333333333	0	140
258	other_all	old	train	train	3	D:\Yolo_LPR_RK3568_FPGA_Project\1_PC_Training\datasets\yolo_format\images\train\crpd_62_0294.jpg	finetune_quant_dataset/quant_0258.jpg	F555EA5AF51359BE07AA03BFA5C47599EED40896204F6B6F16272E763432B34B	1600	1200	0.4	0	80
259	green	old	train	train	1	D:\Yolo_LPR_RK3568_FPGA_Project\1_PC_Training\datasets\yolo_format\images\train\ccpd_green_train_0214127604167-88_260-199&447_452&532-441&520_199&532_208&459_452&447-0_0_3_24_26_28_27_33-116-31.jpg	finetune_quant_dataset/quant_0259.jpg	B7B9CFACAD96139141D9C49238F08C21111153235DDAC4793B6A4DB98F56D404	720	1160	0.551724137931	121	0
260	yellow_single	old	train	train	2	D:\Yolo_LPR_RK3568_FPGA_Project\1_PC_Training\datasets\yolo_format\images\train\crpd_56_0440.jpg	finetune_quant_dataset/quant_0260.jpg	0C127FA87D78F99774018BF8FF2A3A23B5E816770D046558D30F35A6AC222734	1920	1080	0.333333333333	0	140
261	blue	old	train	train	0	D:\Yolo_LPR_RK3568_FPGA_Project\1_PC_Training\datasets\yolo_format\images\train\crpd_54_0902.jpg	finetune_quant_dataset/quant_0261.jpg	BCC42761D2224E93C7464DF9F48CDD74E05F0061BDD5135FD9E064D00CD82F80	1600	1200	0.4	0	80
262	green	old	train	train	1	D:\Yolo_LPR_RK3568_FPGA_Project\1_PC_Training\datasets\yolo_format\images\train\ccpd_green_train_0155620659722-92_260-276&465_478&542-478&542_283&527_276&465_467&473-0_0_3_24_30_31_30_31-102-73.jpg	finetune_quant_dataset/quant_0262.jpg	0A0475FEDAB157A46F652159C29DD4D3DDFB11B8859ACB45780B9BCE5B822B26	720	1160	0.551724137931	121	0
263	green	old	train	train	1	D:\Yolo_LPR_RK3568_FPGA_Project\1_PC_Training\datasets\yolo_format\images\train\ccpd_green_train_30270703125-91_98-195&400_519&484-519&484_209&478_195&400_511&402-0_0_3_25_25_26_26_27-135-228.jpg	finetune_quant_dataset/quant_0263.jpg	4798856C354E414AF5DE0A91871F353E4DBD5E2E7E5172BDF1CF933EBAB078D6	720	1160	0.551724137931	121	0
264	blue	old	train	train	0,2	D:\Yolo_LPR_RK3568_FPGA_Project\1_PC_Training\datasets\yolo_format\images\train\crpd_54_0251.jpg	finetune_quant_dataset/quant_0264.jpg	F27957CC71DB1823708BD3551A5C6A13057635A74E4C5B646BBA5259C0FC44F3	1920	1080	0.333333333333	0	140
265	green	old	train	train	1	D:\Yolo_LPR_RK3568_FPGA_Project\1_PC_Training\datasets\yolo_format\images\train\ccpd_green_train_302216145833333333-90_91-224&431_500&512-500&512_224&512_226&431_499&431-0_0_3_24_31_31_29_33-78-235.jpg	finetune_quant_dataset/quant_0265.jpg	7C1A71B55C4097FD1600DB3B22708452174C0A2B5712E6C0DB1E974C003398EC	720	1160	0.551724137931	121	0
266	other_all	old	train	train	3	D:\Yolo_LPR_RK3568_FPGA_Project\1_PC_Training\datasets\yolo_format\images\train\crpd_66_1178.jpg	finetune_quant_dataset/quant_0266.jpg	3D03E1EA28CBD75BD3FE2B3D57B6F6F5C9E9FC98EACD471B9354D650FE6F5767	1920	1080	0.333333333333	0	140
267	blue	old	train	train	0,0	D:\Yolo_LPR_RK3568_FPGA_Project\1_PC_Training\datasets\yolo_format\images\train\crpd_49_1021.jpg	finetune_quant_dataset/quant_0267.jpg	4BF70713B8E0F9BB606AC48B475132B5BD72911943DA68949AD0C6DA6C8680F2	1600	1200	0.4	0	80
268	other_all	old	train	train	0,3	D:\Yolo_LPR_RK3568_FPGA_Project\1_PC_Training\datasets\yolo_format\images\train\crpd_66_1750.jpg	finetune_quant_dataset/quant_0268.jpg	4D7FC0DA36F704BCAF376E4D12117CBBC54A581F2E5588E1C40C2F4DF0315F32	1920	1080	0.333333333333	0	140
269	yellow_single	old	train	train	2	D:\Yolo_LPR_RK3568_FPGA_Project\1_PC_Training\datasets\yolo_format\images\train\crpd_51_0755.jpg	finetune_quant_dataset/quant_0269.jpg	6C296BE012A83FD1C660274CA8291617D463AB0F629BC477796E18F1D783BE6D	1920	1080	0.333333333333	0	140
270	blue	old	train	train	0	D:\Yolo_LPR_RK3568_FPGA_Project\1_PC_Training\datasets\yolo_format\images\train\ccpd_blue_ccpd_tilt_0454-26_15-213&446_415&634-415&543_231&634_213&537_397&446-0_0_10_25_24_26_3-153-84.jpg	finetune_quant_dataset/quant_0270.jpg	A4E5BB73416FC7913E0AAD7E62B0CE534A2B643CDD53ACAE61529D8B52996A6C	720	1160	0.551724137931	121	0
271	blue	old	train	train	0,0,0,0,0	D:\Yolo_LPR_RK3568_FPGA_Project\1_PC_Training\datasets\yolo_format\images\train\crpd_62_0385.jpg	finetune_quant_dataset/quant_0271.jpg	BF2865FC1D4C998B3534AF2A19ABAE5C753AA68D2E22736E50EE40D207A8E2F2	1920	1080	0.333333333333	0	140
272	other_all	old	train	train	3	D:\Yolo_LPR_RK3568_FPGA_Project\1_PC_Training\datasets\yolo_format\images\train\crpd_66_0609.jpg	finetune_quant_dataset/quant_0272.jpg	D66AD267407CA9270AA7954AABBAD8154E5F4C51ED25C6D8F8778046929B4C1D	1920	1080	0.333333333333	0	140
273	blue	old	train	train	0,2	D:\Yolo_LPR_RK3568_FPGA_Project\1_PC_Training\datasets\yolo_format\images\train\crpd_57_0987.jpg	finetune_quant_dataset/quant_0273.jpg	EA497FBE76045085CCF06937B4384F03D5049F0ACFF07E405FCF96D23BB359EE	1920	1080	0.333333333333	0	140
274	other_all	old	train	train	3	D:\Yolo_LPR_RK3568_FPGA_Project\1_PC_Training\datasets\yolo_format\images\train\crpd_62_0118.jpg	finetune_quant_dataset/quant_0274.jpg	95C2118840CE0B030252C5B973B7304CD2F4CDEEFDE9451AD1E23587A9B4DAA3	1920	1080	0.333333333333	0	140
275	other_all	special	train	警用车牌	3	D:\Yolo_LPR_RK3568_FPGA_Project\1_PC_Training\datasets\特殊车牌\image\警用车牌\粤C4054警.jpg	finetune_quant_dataset/quant_0275.jpg	1EDCB0D04589ED0EFC21DE37F80C13947C434F097DC9DCBB4CAA51B422E50D9C	1600	1200	0.4	0	80
276	yellow_single	old	train	train	2	D:\Yolo_LPR_RK3568_FPGA_Project\1_PC_Training\datasets\yolo_format\images\train\crpd_42_1068.jpg	finetune_quant_dataset/quant_0276.jpg	D24AE0908AC3E8239DA226313E5B1CD7F3E07C41F896AF9B5162A3D6B568D6FF	1920	1080	0.333333333333	0	140
277	other_all	old	train	train	3	D:\Yolo_LPR_RK3568_FPGA_Project\1_PC_Training\datasets\yolo_format\images\train\crpd_66_0187.jpg	finetune_quant_dataset/quant_0277.jpg	C9615D764C5BBCB59FE6ED2A187CA1492F6934FF47120DB44D3EE92F1678937A	1920	1080	0.333333333333	0	140
278	blue	old	train	train	0	D:\Yolo_LPR_RK3568_FPGA_Project\1_PC_Training\datasets\yolo_format\images\train\ccpd_blue_ccpd_tilt_0522-14_22-261&437_534&597-534&597_275&531_261&437_520&503-2_12_6_18_33_32_31-91-43.jpg	finetune_quant_dataset/quant_0278.jpg	934BD646DAB114FFDEC5FC2BA097A5E9AAC251D4EA971D0E6087F59751973C2C	720	1160	0.551724137931	121	0
279	other_all	special	train	警用车牌	3	D:\Yolo_LPR_RK3568_FPGA_Project\1_PC_Training\datasets\特殊车牌\image\警用车牌\粤A9791警.jpg	finetune_quant_dataset/quant_0279.jpg	C8D03BAD65E922DE3A83A01B2A526FD9CEC5C4C1086DC4BBA7AAE2C26135C4B8	1600	1200	0.4	0	80
280	yellow_single	old	train	train	2	D:\Yolo_LPR_RK3568_FPGA_Project\1_PC_Training\datasets\yolo_format\images\train\crpd_51_0253.jpg	finetune_quant_dataset/quant_0280.jpg	F0C9256538745B762C93F51F6FE2339AFD00A3B2339D9F90E17A17404CBE6B9E	1920	1080	0.333333333333	0	140
281	blue	old	train	train	0	D:\Yolo_LPR_RK3568_FPGA_Project\1_PC_Training\datasets\yolo_format\images\train\ccpd_blue_ccpd_weather_0257-7_9-328&435_533&540-530&514_328&540_331&461_533&435-0_0_21_29_26_33_2-37-67.jpg	finetune_quant_dataset/quant_0281.jpg	5FEBFC7BCFA85F3C88BC9A7B46CCC039F3C61190CA72495E252DE14435B5FD9E	720	1160	0.551724137931	121	0
282	blue	old	train	train	0,2	D:\Yolo_LPR_RK3568_FPGA_Project\1_PC_Training\datasets\yolo_format\images\train\crpd_62_0238.jpg	finetune_quant_dataset/quant_0282.jpg	BB12D49758D10AF98710EC096E72F8A43B66059B1C0EA77E509E752E7A9B4535	1920	1080	0.333333333333	0	140
283	other_all	special	train	香港出入境车牌	3	D:\Yolo_LPR_RK3568_FPGA_Project\1_PC_Training\datasets\特殊车牌\image\香港出入境车牌\粤Z9303港.jpg	finetune_quant_dataset/quant_0283.jpg	797339F6680FFD0B892FA353462B6EA9128B41EDB786E718D61984E0B167E3A8	1600	1200	0.4	0	80
284	blue	old	train	train	0	D:\Yolo_LPR_RK3568_FPGA_Project\1_PC_Training\datasets\yolo_format\images\train\crpd_60_0145.jpg	finetune_quant_dataset/quant_0284.jpg	7F09D152B17F12E183F7F0D7FDC1C89ED4A60DE92F55CFA5FA139B92CB1E0A64	1600	1200	0.4	0	80
285	other_all	special	train	教练车牌	3	D:\Yolo_LPR_RK3568_FPGA_Project\1_PC_Training\datasets\特殊车牌\image\教练车牌\粤C1819学.jpg	finetune_quant_dataset/quant_0285.jpg	483767E8F9B69015FDA0610BA60DE23D55281DE59E5C806DACB38083291F56C7	1600	1200	0.4	0	80
286	yellow_single	old	train	train	2	D:\Yolo_LPR_RK3568_FPGA_Project\1_PC_Training\datasets\yolo_format\images\train\crpd_45_1524.jpg	finetune_quant_dataset/quant_0286.jpg	A16AF4698EA308C8A31F04005C548FE3423FEBF35A668662F16C20B9FA58A810	1920	1080	0.333333333333	0	140
287	green	old	train	train	1	D:\Yolo_LPR_RK3568_FPGA_Project\1_PC_Training\datasets\yolo_format\images\train\ccpd_green_train_0211588541667-92_268-249&419_509&501-506&501_249&495_253&419_509&430-0_0_3_24_33_32_33_29-101-78.jpg	finetune_quant_dataset/quant_0287.jpg	72A8BAC3F396353ECAD8681E8C5C08B2707BE5FE01C69B2C06505C277D7CF794	720	1160	0.551724137931	121	0
288	other_all	special	train	澳门出入境车牌	3	D:\Yolo_LPR_RK3568_FPGA_Project\1_PC_Training\datasets\特殊车牌\image\澳门出入境车牌\粤ZTT92澳.jpg	finetune_quant_dataset/quant_0288.jpg	227308DAE546C75BF3FE16E42883D533A7EA57C65D9697D16C5A7A12A57F17CC	1600	1200	0.4	0	80
289	blue	old	train	train	0,2	D:\Yolo_LPR_RK3568_FPGA_Project\1_PC_Training\datasets\yolo_format\images\train\crpd_45_1231.jpg	finetune_quant_dataset/quant_0289.jpg	08AB26AACECF70A2B7B5262803B523F2C7CD7E30058B8004B3D91A4544AF7594	1920	1080	0.333333333333	0	140
290	other_all	old	val	val	0,3	D:\Yolo_LPR_RK3568_FPGA_Project\1_PC_Training\datasets\yolo_format\images\val\crpd_48_0866.jpg	finetune_quant_dataset/quant_0290.jpg	1CBEC0DC53F93AA7564DA5AD9CCF7A32B19D91869B987B352CA1E8C31051818C	1920	1080	0.333333333333	0	140
291	blue	old	train	train	0	D:\Yolo_LPR_RK3568_FPGA_Project\1_PC_Training\datasets\yolo_format\images\train\ccpd_blue_ccpd_weather_0399-1_5-199&446_482&564-475&557_199&564_206&453_482&446-0_0_27_27_26_24_27-60-141.jpg	finetune_quant_dataset/quant_0291.jpg	E4837F38D6A1330314539381C4A973B2BCEDCCEA6CFB872E2F4076C298C734B1	720	1160	0.551724137931	121	0
292	yellow_single	old	train	train	2	D:\Yolo_LPR_RK3568_FPGA_Project\1_PC_Training\datasets\yolo_format\images\train\crpd_57_0587.jpg	finetune_quant_dataset/quant_0292.jpg	1A9EF61FD4868D258B8692254247F52FC9522E2FC83E318A7A17E63E513E26F3	1920	1080	0.333333333333	0	140
293	other_all	old	train	train	3	D:\Yolo_LPR_RK3568_FPGA_Project\1_PC_Training\datasets\yolo_format\images\train\crpd_66_0213.jpg	finetune_quant_dataset/quant_0293.jpg	6D85E126E99081B8426BD50AE8DC4D8FDF4EBFAA489D050E9C31BB3AC6C1371B	1920	1080	0.333333333333	0	140
294	green	old	train	train	1	D:\Yolo_LPR_RK3568_FPGA_Project\1_PC_Training\datasets\yolo_format\images\train\ccpd_green_train_05441623263888889-91_265-152&443_577&572-575&572_158&559_152&443_577&454-0_0_3_24_30_32_24_33-116-104.jpg	finetune_quant_dataset/quant_0294.jpg	CB2E3FA8D82DF461FB96C1A4AA5A7886C35BE993E8B09464B78DCBB9246B7E57	720	1160	0.551724137931	121	0
295	other_all	special	train	警用车牌	3	D:\Yolo_LPR_RK3568_FPGA_Project\1_PC_Training\datasets\特殊车牌\image\警用车牌\粤S9339警.jpg	finetune_quant_dataset/quant_0295.jpg	2FEAD0B3196208A4E6CA5DA5008EF1F1CFEB3E85603AA16F953E4E56A16DE961	1600	1200	0.4	0	80
296	other_all	old	train	train	3	D:\Yolo_LPR_RK3568_FPGA_Project\1_PC_Training\datasets\yolo_format\images\train\crpd_66_1656.jpg	finetune_quant_dataset/quant_0296.jpg	6F5D47AC7A3F899F4DBADAE8A904E08D462A61FE49636F7FBD45ECC6725FC620	1920	1080	0.333333333333	0	140
297	blue	old	train	train	0,0	D:\Yolo_LPR_RK3568_FPGA_Project\1_PC_Training\datasets\yolo_format\images\train\crpd_62_1602.jpg	finetune_quant_dataset/quant_0297.jpg	869355EA2C94C06646FA593B8CB738F3E73471A2D6C641A1F9FDE6E1AB04451D	2592	1936	0.246913580247	0	81
298	blue	old	train	train	0	D:\Yolo_LPR_RK3568_FPGA_Project\1_PC_Training\datasets\yolo_format\images\train\ccpd_blue_ccpd_base_0318857758621-95_78-218&485_503&601-498&605_212&568_202&474_488&511-0_0_8_31_31_25_0-127-26.jpg	finetune_quant_dataset/quant_0298.jpg	000F19B0DD68174D6DE27703B9D46D2BCF908C7C9D07BE1C0DC408F9E9B1CBE0	720	1160	0.551724137931	121	0
299	other_all	old	train	train	3	D:\Yolo_LPR_RK3568_FPGA_Project\1_PC_Training\datasets\yolo_format\images\train\crpd_54_0304.jpg	finetune_quant_dataset/quant_0299.jpg	3CD612D2C6ED1D3467F5993644F29C927F21E54712082FA8B320B166BB6459E2	1600	1200	0.4	0	80
300	other_all	special	val	澳门出入境车牌	3	D:\Yolo_LPR_RK3568_FPGA_Project\1_PC_Training\datasets\特殊车牌\image\澳门出入境车牌\粤Z3667澳.jpg	finetune_quant_dataset/quant_0300.jpg	90A26B0A72B202467F237CDA3444321422ABAA7FCCAD7D9A05BB27EE4660AC52	1600	1200	0.4	0	80
301	yellow_single	old	train	train	2	D:\Yolo_LPR_RK3568_FPGA_Project\1_PC_Training\datasets\yolo_format\images\train\crpd_60_0929.jpg	finetune_quant_dataset/quant_0301.jpg	5D0FC1925B0CFA5936B5125CFB79BCB3CA69D6B7DABEBD1CECA3B3A61AB90C73	1920	1080	0.333333333333	0	140
302	green	old	train	train	1	D:\Yolo_LPR_RK3568_FPGA_Project\1_PC_Training\datasets\yolo_format\images\train\ccpd_green_train_0227256944444-91_90-236&428_508&513-506&513_236&508_236&428_508&435-0_0_3_24_31_24_33_30-115-100.jpg	finetune_quant_dataset/quant_0302.jpg	1E62C0FF5A1E2027B0177A4B6BFBC2C34E51BB868AC10C064E138D8AE047DEAC	720	1160	0.551724137931	121	0
303	other_all	old	train	train	3	D:\Yolo_LPR_RK3568_FPGA_Project\1_PC_Training\datasets\yolo_format\images\train\crpd_66_0519.jpg	finetune_quant_dataset/quant_0303.jpg	B6E02FBC0507880F1D44BCF7920B36955B7D46D855AB9288CC93CDC30BF642E8	1920	1080	0.333333333333	0	140
304	yellow_single	old	train	train	2	D:\Yolo_LPR_RK3568_FPGA_Project\1_PC_Training\datasets\yolo_format\images\train\crpd_1 (462).jpg	finetune_quant_dataset/quant_0304.jpg	DB6B95BB01F597C7AAF17EDBEF2F0ADF8A69D66C13B424B2BE28F9FA9F56BB86	1628	1236	0.39312039312	0	77
305	yellow_single	old	train	train	0,0,2	D:\Yolo_LPR_RK3568_FPGA_Project\1_PC_Training\datasets\yolo_format\images\train\crpd_62_2323.jpg	finetune_quant_dataset/quant_0305.jpg	70D25AFCFB22B89131E9D2319793DDC7E66ED05CA5B6FA30E268DF9EF7416FF3	1920	1080	0.333333333333	0	140
306	yellow_single	old	train	train	2	D:\Yolo_LPR_RK3568_FPGA_Project\1_PC_Training\datasets\yolo_format\images\train\crpd_39_0060.jpg	finetune_quant_dataset/quant_0306.jpg	49AA93646EC2906E56B077BB164E6904B0501C8D69A066EC554A59F8A631B8AB	1920	1080	0.333333333333	0	140
307	blue	old	train	train	0,0,0	D:\Yolo_LPR_RK3568_FPGA_Project\1_PC_Training\datasets\yolo_format\images\train\crpd_61_0616.jpg	finetune_quant_dataset/quant_0307.jpg	8CB96675BDC1E18E7D8273E27C90A8795D1D202BF6D41FCC24585CA31C0F646C	1920	1080	0.333333333333	0	140
308	green	old	train	train	1	D:\Yolo_LPR_RK3568_FPGA_Project\1_PC_Training\datasets\yolo_format\images\train\ccpd_green_train_0125651041667-88_268-279&397_472&462-472&456_282&462_279&407_471&397-0_0_3_24_30_32_24_33-85-24.jpg	finetune_quant_dataset/quant_0308.jpg	0A466D4E950CE6777010CBBD74ECD654BF7D90FAC644F2C124FBE6AEC9E4529D	720	1160	0.551724137931	121	0
309	other_all	old	train	train	0,0,3	D:\Yolo_LPR_RK3568_FPGA_Project\1_PC_Training\datasets\yolo_format\images\train\crpd_65_0362.jpg	finetune_quant_dataset/quant_0309.jpg	6CBD81F82469DB0CB2022050F9954C98B953ECA5C5F75B32E69168C48BCF4938	1920	1080	0.333333333333	0	140
310	blue	old	train	train	0	D:\Yolo_LPR_RK3568_FPGA_Project\1_PC_Training\datasets\yolo_format\images\train\crpd_43_1001.jpg	finetune_quant_dataset/quant_0310.jpg	389E64439021986A43E8B9D927087C0343346F0F2A3EC85643FD7B228F2CE4FE	1600	1200	0.4	0	80
311	other_all	old	train	train	3	D:\Yolo_LPR_RK3568_FPGA_Project\1_PC_Training\datasets\yolo_format\images\train\crpd_66_0467.jpg	finetune_quant_dataset/quant_0311.jpg	DD5A713C34F85F78FADF625630EC18AAA584347DA94A8199CAC611BBC38B75B6	1920	1080	0.333333333333	0	140
312	yellow_single	old	train	train	2	D:\Yolo_LPR_RK3568_FPGA_Project\1_PC_Training\datasets\yolo_format\images\train\crpd_1 (596).jpg	finetune_quant_dataset/quant_0312.jpg	634088E132BC8B071CE84D1C4F7CF405A8B63C8C1A0B22967B992C84CA5B9F60	1628	1236	0.39312039312	0	77
313	green	old	train	train	1	D:\Yolo_LPR_RK3568_FPGA_Project\1_PC_Training\datasets\yolo_format\images\train\ccpd_green_train_0212434895833-92_269-273&410_524&495-524&495_273&483_276&410_524&420-0_0_3_24_24_33_25_29-124-78.jpg	finetune_quant_dataset/quant_0313.jpg	010A94572E706F58231ACB9446D95AF5BE93CAA7423DBC32B39635581EFC953D	720	1160	0.551724137931	121	0
314	yellow_single	old	train	train	2	D:\Yolo_LPR_RK3568_FPGA_Project\1_PC_Training\datasets\yolo_format\images\train\crpd_55_0245.jpg	finetune_quant_dataset/quant_0314.jpg	3D3105B15F1FA692ECD74224CA1D635F27FFE096780451092B73BD84772C1B2E	1920	1080	0.333333333333	0	140
315	green	old	train	train	1	D:\Yolo_LPR_RK3568_FPGA_Project\1_PC_Training\datasets\yolo_format\images\train\ccpd_green_train_0215451388889-90_266-207&455_479&535-478&532_211&535_207&457_479&455-0_0_3_24_33_33_33_26-137-528.jpg	finetune_quant_dataset/quant_0315.jpg	D14FFEE78E86EC9F42AFD15CDAEFA3ED766D7BB3519411CBE8FA3B440735D1DA	720	1160	0.551724137931	121	0
316	green	old	train	train	1	D:\Yolo_LPR_RK3568_FPGA_Project\1_PC_Training\datasets\yolo_format\images\train\ccpd_green_train_02015625-91_93-236&509_494&588-494&588_241&581_236&509_492&517-0_0_3_25_30_27_27_27-172-222.jpg	finetune_quant_dataset/quant_0316.jpg	D7778717745E702E224520E9D597343AA7C21D213EDCEFD34E6AD9B71D0DBBF6	720	1160	0.551724137931	121	0
317	yellow_single	old	train	train	2	D:\Yolo_LPR_RK3568_FPGA_Project\1_PC_Training\datasets\yolo_format\images\train\crpd_45_1292.jpg	finetune_quant_dataset/quant_0317.jpg	F91887C7F665D5D5F73008727A0A070495C0F8CB578AF568F804FD0661D17297	1920	1080	0.333333333333	0	140
318	other_all	old	train	train	0,3	D:\Yolo_LPR_RK3568_FPGA_Project\1_PC_Training\datasets\yolo_format\images\train\crpd_62_0047.jpg	finetune_quant_dataset/quant_0318.jpg	3E7C1277C993DC687D8A5260E517462A4DDE3A68EAFA07F1703136EF44B21E61	1920	1080	0.333333333333	0	140
319	yellow_single	old	train	train	2	D:\Yolo_LPR_RK3568_FPGA_Project\1_PC_Training\datasets\yolo_format\images\train\crpd_66_0647.jpg	finetune_quant_dataset/quant_0319.jpg	AF69888415FD4C703D33972D0B457430A8A8C9665A55562AF35E3602C1179BD9	1600	1200	0.4	0	80
320	green	old	train	train	1	D:\Yolo_LPR_RK3568_FPGA_Project\1_PC_Training\datasets\yolo_format\images\train\ccpd_green_train_01361111111111111-90_90-244&519_468&581-463&581_244&578_244&519_468&519-0_0_3_25_30_30_30_25-217-24.jpg	finetune_quant_dataset/quant_0320.jpg	1488E80B28588F7B96E619A7B1DF4C8B46E131570A1F58B0B8F341443426C67D	720	1160	0.551724137931	121	0
321	blue	old	train	train	0	D:\Yolo_LPR_RK3568_FPGA_Project\1_PC_Training\datasets\yolo_format\images\train\ccpd_blue_ccpd_weather_0372-3_3-158&457_460&560-460&560_158&544_158&457_460&473-0_0_0_31_25_32_22-59-27.jpg	finetune_quant_dataset/quant_0321.jpg	2BD164AD696ECE5CA7FF1FCE50966CAD25A8BC83D289D26F26DBCF6C899B3E9B	720	1160	0.551724137931	121	0
322	other_all	old	train	train	3	D:\Yolo_LPR_RK3568_FPGA_Project\1_PC_Training\datasets\yolo_format\images\train\crpd_66_1753.jpg	finetune_quant_dataset/quant_0322.jpg	EC2893BBBB33F50EF33AA7A59E483E1504BA4AB70EDD2166FF720F460A641F71	1920	1080	0.333333333333	0	140
323	green	old	train	train	1	D:\Yolo_LPR_RK3568_FPGA_Project\1_PC_Training\datasets\yolo_format\images\train\ccpd_green_train_0240234375-90_258-179&393_449&483-449&483_194&473_179&393_436&398-0_0_3_24_33_32_32_27-107-103.jpg	finetune_quant_dataset/quant_0323.jpg	56F179F2A3BF7BD0951EAD653415402DFEFEBA13082870D6570A26FA3BE9B674	720	1160	0.551724137931	121	0
324	other_all	special	test	警用车牌	3	D:\Yolo_LPR_RK3568_FPGA_Project\1_PC_Training\datasets\特殊车牌\image\警用车牌\粤C0550警.jpg	finetune_quant_dataset/quant_0324.jpg	470A9A20580FDFE315281BA7BCFED4F5948FA639EEF895943B7B02CB7B9267F1	1600	1200	0.4	0	80
325	green	old	train	train	1	D:\Yolo_LPR_RK3568_FPGA_Project\1_PC_Training\datasets\yolo_format\images\train\ccpd_green_train_302894965277777778-88_89-211&431_501&531-501&520_218&531_211&431_500&442-0_0_3_27_29_27_26_26-77-7.jpg	finetune_quant_dataset/quant_0325.jpg	D1CED7A7901B61F163287A5CB03A11AB836547BA5488CCADB6D07C85D99024EB	720	1160	0.551724137931	121	0
326	other_all	old	train	train	3	D:\Yolo_LPR_RK3568_FPGA_Project\1_PC_Training\datasets\yolo_format\images\train\crpd_62_0897.jpg	finetune_quant_dataset/quant_0326.jpg	DF989D89A65088BA9E78C836224AB0312A44954ADC013F5D6F746C2DF48FF4F8	1920	1080	0.333333333333	0	140
327	green	old	train	train	1	D:\Yolo_LPR_RK3568_FPGA_Project\1_PC_Training\datasets\yolo_format\images\train\ccpd_green_train_023125-91_96-190&455_478&536-478&536_197&530_190&455_472&456-0_0_3_26_30_25_30_25-69-36.jpg	finetune_quant_dataset/quant_0327.jpg	1FF2360B8FAD2589DBFA6E3C163EB854FE28CA82C193A36D562DC2C66E5C8435	720	1160	0.551724137931	121	0
328	other_all	old	train	train	3	D:\Yolo_LPR_RK3568_FPGA_Project\1_PC_Training\datasets\yolo_format\images\train\crpd_1 (435).jpg	finetune_quant_dataset/quant_0328.jpg	27A22834F1D7219030FA2610F538DA23EF0510680AB583366E53E7645FAB6DBC	1628	1236	0.39312039312	0	77
329	other_all	old	train	train	3	D:\Yolo_LPR_RK3568_FPGA_Project\1_PC_Training\datasets\yolo_format\images\train\crpd_66_0591.jpg	finetune_quant_dataset/quant_0329.jpg	2E6701F0A56881F1D2F366C15F40EA71AF0DD3CEEFD0442556F03DFB37237EDA	1600	1200	0.4	0	80
330	green	old	train	train	1	D:\Yolo_LPR_RK3568_FPGA_Project\1_PC_Training\datasets\yolo_format\images\train\ccpd_green_train_0297135416667-90_262-151&436_477&528-477&528_161&519_151&436_472&439-0_0_3_24_25_24_25_28-102-150.jpg	finetune_quant_dataset/quant_0330.jpg	546B91B8608E68EAF9658D4D94E3107DF3DBB9828BE5278C730825853E85EFF9	720	1160	0.551724137931	121	0
331	green	old	train	train	1	D:\Yolo_LPR_RK3568_FPGA_Project\1_PC_Training\datasets\yolo_format\images\train\ccpd_green_train_301572265625-90_100-225&449_455&518-455&517_235&518_225&458_445&449-0_0_3_24_30_27_31_30-122-66.jpg	finetune_quant_dataset/quant_0331.jpg	01CC9AEC9723D3FA17B4069AA25B83208B3FF5709B61EB7D00A731A8BF2F6B35	720	1160	0.551724137931	121	0
332	blue	old	train	train	0	D:\Yolo_LPR_RK3568_FPGA_Project\1_PC_Training\datasets\yolo_format\images\train\ccpd_blue_ccpd_weather_0212-0_3-201&573_426&652-426&651_206&652_201&574_421&573-0_0_3_24_12_32_31-96-41.jpg	finetune_quant_dataset/quant_0332.jpg	F8BE965FC0FAB089275F4BF372EDFA866156134ADE2E14DFF1721229CD930166	720	1160	0.551724137931	121	0
333	yellow_single	old	train	train	2	D:\Yolo_LPR_RK3568_FPGA_Project\1_PC_Training\datasets\yolo_format\images\train\crpd_36_0947.jpg	finetune_quant_dataset/quant_0333.jpg	0C4BAD17B905B579BDED1AAA095494B5EE16552CFB2BB756A0A34768BE439981	1920	1080	0.333333333333	0	140
334	other_all	old	train	train	3	D:\Yolo_LPR_RK3568_FPGA_Project\1_PC_Training\datasets\yolo_format\images\train\crpd_54_0018.jpg	finetune_quant_dataset/quant_0334.jpg	D6E30E78AE9ECC2129CCEBBFDBACF209CB587D6FF1A5092EE7ABD5ADBF30E332	1600	1200	0.4	0	80
335	blue	old	train	train	0,0,2	D:\Yolo_LPR_RK3568_FPGA_Project\1_PC_Training\datasets\yolo_format\images\train\crpd_36_0308.jpg	finetune_quant_dataset/quant_0335.jpg	70569809B257A53DD429873466EF26ADC153DB06D689D7C8C3CDC4465949EE3C	1920	1080	0.333333333333	0	140
336	yellow_single	old	train	train	2	D:\Yolo_LPR_RK3568_FPGA_Project\1_PC_Training\datasets\yolo_format\images\train\crpd_36_0957.jpg	finetune_quant_dataset/quant_0336.jpg	F4F47C7AA5B1AEA5C33AC4F8A6651E08E1D39B6738AA5D22146B695DAF741F3E	1920	1080	0.333333333333	0	140
337	blue	old	train	train	0	D:\Yolo_LPR_RK3568_FPGA_Project\1_PC_Training\datasets\yolo_format\images\train\crpd_62_1826.jpg	finetune_quant_dataset/quant_0337.jpg	6DA5F495426F5D4E2CD65A15FF8611D1803FACDE6982D86FF173798C30F8FC80	2592	1936	0.246913580247	0	81
338	other_all	special	train	香港出入境车牌	3	D:\Yolo_LPR_RK3568_FPGA_Project\1_PC_Training\datasets\特殊车牌\image\香港出入境车牌\粤Z550Y港.jpg	finetune_quant_dataset/quant_0338.jpg	4D089245B1B736A285233742C0B0FD0420CC239EB8C5D6C1DBECE5BD37ED504A	1600	1200	0.4	0	80
339	green	old	train	train	1	D:\Yolo_LPR_RK3568_FPGA_Project\1_PC_Training\datasets\yolo_format\images\train\ccpd_green_train_015375434027777777-89_262-256&470_474&541-474&541_264&534_256&474_471&470-0_0_3_27_29_32_30_32-112-10.jpg	finetune_quant_dataset/quant_0339.jpg	8E363E84EB0943FAE36A85783BF67D60913311C4F7692BF53FD4DFB6D4E8C3DA	720	1160	0.551724137931	121	0
340	yellow_single	old	train	train	2	D:\Yolo_LPR_RK3568_FPGA_Project\1_PC_Training\datasets\yolo_format\images\train\crpd_1 (540).jpg	finetune_quant_dataset/quant_0340.jpg	153C6D60DEB82B063D272D115487DF1D823690BC1CD8DDB26A17BC92823B0E74	1628	1236	0.39312039312	0	77
341	blue	old	train	train	0,0	D:\Yolo_LPR_RK3568_FPGA_Project\1_PC_Training\datasets\yolo_format\images\train\crpd_36_1106.jpg	finetune_quant_dataset/quant_0341.jpg	77C58F28AC031C680EB09D9B94F1DDDF7B0A261D39B0B8AE28BA8A132A236CF3	1920	1080	0.333333333333	0	140
342	other_all	old	train	train	3	D:\Yolo_LPR_RK3568_FPGA_Project\1_PC_Training\datasets\yolo_format\images\train\crpd_66_1205.jpg	finetune_quant_dataset/quant_0342.jpg	223614A7E358B2545E725FC88E7AB16C5084E81E069C510A573C375AE2689C8D	1920	1080	0.333333333333	0	140
343	yellow_single	old	train	train	2	D:\Yolo_LPR_RK3568_FPGA_Project\1_PC_Training\datasets\yolo_format\images\train\crpd_53_0736.jpg	finetune_quant_dataset/quant_0343.jpg	7007A042E7497E917D24915A958368594AE247D5D4ED8EF1628C6F86974DCE58	1920	1080	0.333333333333	0	140
344	blue	old	train	train	0	D:\Yolo_LPR_RK3568_FPGA_Project\1_PC_Training\datasets\yolo_format\images\train\ccpd_blue_ccpd_rotate_0316-18_9-328&498_536&625-499&625_328&569_365&498_536&554-0_0_11_19_31_32_31-67-17.jpg	finetune_quant_dataset/quant_0344.jpg	E2CD7EB766FD49603791B57DB203026B46C3D1A17E12A54FB4FEA74607EA2805	720	1160	0.551724137931	121	0
345	other_all	special	train	香港出入境车牌	3	D:\Yolo_LPR_RK3568_FPGA_Project\1_PC_Training\datasets\特殊车牌\image\香港出入境车牌\粤ZD545港.jpg	finetune_quant_dataset/quant_0345.jpg	A3F53558CC47D4B533A2932C918A442F9CA74C82CD06D4E22764A80D5B1DA3C9	1600	1200	0.4	0	80
346	yellow_single	old	train	train	2	D:\Yolo_LPR_RK3568_FPGA_Project\1_PC_Training\datasets\yolo_format\images\train\crpd_46_0753.jpg	finetune_quant_dataset/quant_0346.jpg	4B300A60FF83ADA228DED6329424448DE2BC6977310A6C24C802C4991D7EF872	1920	1080	0.333333333333	0	140
347	yellow_single	old	train	train	0,0,0,2	D:\Yolo_LPR_RK3568_FPGA_Project\1_PC_Training\datasets\yolo_format\images\train\crpd_62_0300.jpg	finetune_quant_dataset/quant_0347.jpg	3D6C232661F39385CFD3782746D79B17DF98DFF6B2E84C235274F143268137F9	1920	1080	0.333333333333	0	140
348	green	old	train	train	1	D:\Yolo_LPR_RK3568_FPGA_Project\1_PC_Training\datasets\yolo_format\images\train\ccpd_green_train_0204698350694-90_266-208&402_453&486-453&480_208&486_212&406_450&402-0_0_3_24_26_30_26_32-142-64.jpg	finetune_quant_dataset/quant_0348.jpg	74027DC1D945C6F4D08269F2152F7EA879CC657555D0E592C7CFE762BC1B5325	720	1160	0.551724137931	121	0
349	green	old	train	train	1	D:\Yolo_LPR_RK3568_FPGA_Project\1_PC_Training\datasets\yolo_format\images\train\ccpd_green_train_303953125-90_264-105&425_501&526-496&511_114&526_105&432_501&425-0_0_5_24_31_27_32_32-102-307.jpg	finetune_quant_dataset/quant_0349.jpg	DA7275CB31F7B4FD1C7ECB09883D93D98CBFAB0D1C34D254103A544BEC62C9BB	720	1160	0.551724137931	121	0
350	yellow_single	old	train	train	2	D:\Yolo_LPR_RK3568_FPGA_Project\1_PC_Training\datasets\yolo_format\images\train\crpd_61_0222.jpg	finetune_quant_dataset/quant_0350.jpg	BB4ABFA982B3F8B8B48DFBF7DD34A214C36DADD72440E88AAA9CD3E05940481F	1920	1080	0.333333333333	0	140
351	yellow_single	old	train	train	2	D:\Yolo_LPR_RK3568_FPGA_Project\1_PC_Training\datasets\yolo_format\images\train\crpd_1 (248).jpg	finetune_quant_dataset/quant_0351.jpg	18A4B3ADF97B27BEC3972A52B93C9B0AB8404AB1823169868DEC9127F3427448	1628	1236	0.39312039312	0	77
352	other_all	special	test	香港出入境车牌	3	D:\Yolo_LPR_RK3568_FPGA_Project\1_PC_Training\datasets\特殊车牌\image\香港出入境车牌\粤Z617A港.jpg	finetune_quant_dataset/quant_0352.jpg	86F7EB4046C7A6B13E55CEBA2640DBE1F2E9B83BF909F1037EEC63ECD285588E	1600	1200	0.4	0	80
353	green	old	train	train	1	D:\Yolo_LPR_RK3568_FPGA_Project\1_PC_Training\datasets\yolo_format\images\train\ccpd_green_train_30153125-93_103-283&455_479&534-479&534_291&519_283&455_469&467-0_0_3_24_33_33_31_30-120-66.jpg	finetune_quant_dataset/quant_0353.jpg	E3EC0BFF78BD72A9C8C65C1412D3F1477AFEA08A53D05684B36F991BE8C433FA	720	1160	0.551724137931	121	0
354	yellow_single	old	train	train	2	D:\Yolo_LPR_RK3568_FPGA_Project\1_PC_Training\datasets\yolo_format\images\train\crpd_57_0479.jpg	finetune_quant_dataset/quant_0354.jpg	249C0BDAB2AB5149D071DE9427669B3622F7A6D173B7F68EACED45DEC5F6A7FE	1600	1200	0.4	0	80
355	blue	old	train	train	0	D:\Yolo_LPR_RK3568_FPGA_Project\1_PC_Training\datasets\yolo_format\images\train\crpd_44_0940.jpg	finetune_quant_dataset/quant_0355.jpg	BC5980A360AAB2444206EF2D4C4C7C88B07CF4412CE618540FACC11C6FEFF47A	1920	1080	0.333333333333	0	140
356	other_all	special	test	澳门出入境车牌	3	D:\Yolo_LPR_RK3568_FPGA_Project\1_PC_Training\datasets\特殊车牌\image\澳门出入境车牌\粤Z8115澳.jpg	finetune_quant_dataset/quant_0356.jpg	1C25A6C20DFCC07076175877996F93FD1FD004B3EA55B8D8BFA725E5B36CE33D	1600	1200	0.4	0	80
357	other_all	old	train	train	3	D:\Yolo_LPR_RK3568_FPGA_Project\1_PC_Training\datasets\yolo_format\images\train\crpd_66_0387.jpg	finetune_quant_dataset/quant_0357.jpg	E9471CC58D24231FD9B9BF2D9EAD4BC4F4B44469E536EA978FEFD2C2CCC2EE9C	1600	1200	0.4	0	80
358	blue	old	train	train	0	D:\Yolo_LPR_RK3568_FPGA_Project\1_PC_Training\datasets\yolo_format\images\train\ccpd_blue_ccpd_blur_0135-2_1-303&550_477&615-477&609_307&615_303&556_473&550-0_0_2_13_25_24_33-62-1.jpg	finetune_quant_dataset/quant_0358.jpg	919E5A13FB4443375994E58C287918A919BAE5C70B41BFE26EFB2EFAF261B435	720	1160	0.551724137931	121	0
359	other_all	special	train	澳门出入境车牌	3	D:\Yolo_LPR_RK3568_FPGA_Project\1_PC_Training\datasets\特殊车牌\image\澳门出入境车牌\粤Z9667澳.jpg	finetune_quant_dataset/quant_0359.jpg	58146FA1204D370687CB7040788F5F103D3101C47B9D71CA04CB4A992326B7CF	1600	1200	0.4	0	80
360	yellow_single	old	train	train	2	D:\Yolo_LPR_RK3568_FPGA_Project\1_PC_Training\datasets\yolo_format\images\train\crpd_54_0548.jpg	finetune_quant_dataset/quant_0360.jpg	FF157AE14E36F5672CC634C7D380DFC6785B85E1FF9087030F5A5061D410AE97	1920	1080	0.333333333333	0	140
361	green	old	train	train	1	D:\Yolo_LPR_RK3568_FPGA_Project\1_PC_Training\datasets\yolo_format\images\train\ccpd_green_train_0191905381944-92_267-217&474_456&555-453&555_218&544_217&474_456&486-0_0_3_26_27_24_30_32-113-100.jpg	finetune_quant_dataset/quant_0361.jpg	CF5722F7109757AB450955EE5887BBA5EA5AF7229D1551F8088FE0151554CA93	720	1160	0.551724137931	121	0
362	yellow_single	old	train	train	2	D:\Yolo_LPR_RK3568_FPGA_Project\1_PC_Training\datasets\yolo_format\images\train\crpd_1 (349).jpg	finetune_quant_dataset/quant_0362.jpg	C566F240C92073ED22BBB30285EC975E290A5BD216397CED994FE36ED08CEECC	1628	1236	0.39312039312	0	77
363	blue	old	train	train	0,2	D:\Yolo_LPR_RK3568_FPGA_Project\1_PC_Training\datasets\yolo_format\images\train\crpd_61_0967.jpg	finetune_quant_dataset/quant_0363.jpg	3669E6B5B0708EAF1763D84E31A2EF827A20AC6EDC6402D976362C2A738FDB9D	1920	1080	0.333333333333	0	140
364	green	old	train	train	1	D:\Yolo_LPR_RK3568_FPGA_Project\1_PC_Training\datasets\yolo_format\images\train\ccpd_green_train_01890625-90_247-227&466_469&544-469&544_253&535_227&466_450&469-0_0_3_24_26_29_25_29-62-46.jpg	finetune_quant_dataset/quant_0364.jpg	1BB83A3BA68610C07ED0E9B536E4B4B2A10CE9FCD07A7A6E22D04ACBCA43DE55	720	1160	0.551724137931	121	0
365	yellow_single	old	train	train	0,2	D:\Yolo_LPR_RK3568_FPGA_Project\1_PC_Training\datasets\yolo_format\images\train\crpd_44_0954.jpg	finetune_quant_dataset/quant_0365.jpg	C1AE33D29957164D5ED5613B0C83C8A2AE9276815AC0A0C032E9FB7F680D702A	1920	1080	0.333333333333	0	140
366	blue	old	train	train	0	D:\Yolo_LPR_RK3568_FPGA_Project\1_PC_Training\datasets\yolo_format\images\train\ccpd_blue_ccpd_base_0253412356322-90_89-324&462_610&561-618&565_321&552_323&447_620&460-0_0_32_31_10_32_25-158-20.jpg	finetune_quant_dataset/quant_0366.jpg	3797B64024E917DD2E8B0A9FFF43F5C525DD2C586B328025ACEC4244D845E19C	720	1160	0.551724137931	121	0
367	other_all	old	train	train	0,3	D:\Yolo_LPR_RK3568_FPGA_Project\1_PC_Training\datasets\yolo_format\images\train\crpd_62_0540.jpg	finetune_quant_dataset/quant_0367.jpg	BC94AB172AAC10461A42844695234A7C2AF58CB36AE8A22E53A7579ED70195AA	1920	1080	0.333333333333	0	140
368	other_all	special	train	教练车牌	3	D:\Yolo_LPR_RK3568_FPGA_Project\1_PC_Training\datasets\特殊车牌\image\教练车牌\粤C2042学.jpg	finetune_quant_dataset/quant_0368.jpg	40608B3D95D72302F906E48B1F3F18632FA4611A21F3D003EA7F87D3BDA21AD6	1600	1200	0.4	0	80
369	blue	old	train	train	0	D:\Yolo_LPR_RK3568_FPGA_Project\1_PC_Training\datasets\yolo_format\images\train\ccpd_blue_ccpd_db_0071-1_6-392&372_507&424-503&421_392&424_396&375_507&372-0_0_10_21_32_27_26-13-3.jpg	finetune_quant_dataset/quant_0369.jpg	6A296311CC963947C15AF94EA8AA0E36CE18902349A3A0B0399A2D9D0FBB885B	720	1160	0.551724137931	121	0
370	blue	old	train	train	0	D:\Yolo_LPR_RK3568_FPGA_Project\1_PC_Training\datasets\yolo_format\images\train\ccpd_blue_ccpd_db_0706-5_3-177&422_489&611-489&580_183&611_177&453_483&422-0_0_11_22_27_33_32-211-54.jpg	finetune_quant_dataset/quant_0370.jpg	F472DA765E0E5A66BBDC8711EE522A98EF605463F57B648F4D70A1CE02F0F0D3	720	1160	0.551724137931	121	0
371	other_all	old	train	train	3	D:\Yolo_LPR_RK3568_FPGA_Project\1_PC_Training\datasets\yolo_format\images\train\crpd_44_1571.jpg	finetune_quant_dataset/quant_0371.jpg	26BC4913BEB4415CDDB225A9405B3EB5749C3C7A76F7AE9FA8F11C286662DB5A	1920	1080	0.333333333333	0	140
372	green	old	train	train	1	D:\Yolo_LPR_RK3568_FPGA_Project\1_PC_Training\datasets\yolo_format\images\train\ccpd_green_train_0341015625-90_257-220&397_544&503-523&493_220&503_241&397_544&401-0_0_3_25_24_24_24_26-68-151.jpg	finetune_quant_dataset/quant_0372.jpg	9E7652E7546BE1F7D02A6AB6716595C27DB9690A64CB3309D46CD29EA21AE3C6	720	1160	0.551724137931	121	0
373	other_all	special	train	警用车牌	3	D:\Yolo_LPR_RK3568_FPGA_Project\1_PC_Training\datasets\特殊车牌\image\警用车牌\粤AZ033警.jpg	finetune_quant_dataset/quant_0373.jpg	C2CDBFE9F09219A6BF4EDCB2992B54E8D9563F431782770F87F8693490CA1D26	1600	1200	0.4	0	80
374	other_all	special	train	澳门出入境车牌	3	D:\Yolo_LPR_RK3568_FPGA_Project\1_PC_Training\datasets\特殊车牌\image\澳门出入境车牌\粤Z119C澳.jpg	finetune_quant_dataset/quant_0374.jpg	437B5317689B46A95E9DAD29817035F4BAB7833E5348C36E2CDFB07982F09E3C	1600	1200	0.4	0	80
375	other_all	old	train	train	3	D:\Yolo_LPR_RK3568_FPGA_Project\1_PC_Training\datasets\yolo_format\images\train\crpd_66_0157.jpg	finetune_quant_dataset/quant_0375.jpg	200BC530FEF3D37237B3CFD2320D97C985DD21A941B96BEACED93F0643728254	1920	1080	0.333333333333	0	140
376	blue	old	train	train	0	D:\Yolo_LPR_RK3568_FPGA_Project\1_PC_Training\datasets\yolo_format\images\train\ccpd_blue_ccpd_db_0370-3_15-140&459_409&574-409&574_161&558_140&459_388&475-0_0_32_15_29_28_30-28-3.jpg	finetune_quant_dataset/quant_0376.jpg	9ED6D7FB99FA56063766841E5A93E6DBC4E9129B984F764A63A992AD3C75C15E	720	1160	0.551724137931	121	0
377	green	old	train	train	1	D:\Yolo_LPR_RK3568_FPGA_Project\1_PC_Training\datasets\yolo_format\images\train\ccpd_green_train_01525390625-87_262-282&520_495&593-495&585_292&593_282&532_484&520-0_0_3_25_32_32_24_24-122-87.jpg	finetune_quant_dataset/quant_0377.jpg	732739B387E7977FBC981994C1304EB7B9D8669C050FEA610CCE9D6ECA68B246	720	1160	0.551724137931	121	0
378	green	old	train	train	1	D:\Yolo_LPR_RK3568_FPGA_Project\1_PC_Training\datasets\yolo_format\images\train\ccpd_green_train_3021766493055555555-88_101-266&460_502&553-491&543_271&553_266&461_502&460-0_0_3_26_29_27_30_27-125-72.jpg	finetune_quant_dataset/quant_0378.jpg	47689705AEE64466558C400F4F9A4E555311BE7A55A9005589DCA0733CEF533E	720	1160	0.551724137931	121	0
379	green	old	train	train	1	D:\Yolo_LPR_RK3568_FPGA_Project\1_PC_Training\datasets\yolo_format\images\train\ccpd_green_train_0183723958333-89_98-202&523_451&597-444&592_202&597_210&529_451&523-0_0_3_24_30_31_27_24-153-472.jpg	finetune_quant_dataset/quant_0379.jpg	625F628F596A515ED87CE99685047AA9BD700875E8B06AC1AF002F1660034D72	720	1160	0.551724137931	121	0
380	blue	old	train	train	0	D:\Yolo_LPR_RK3568_FPGA_Project\1_PC_Training\datasets\yolo_format\images\train\crpd_58_0896.jpg	finetune_quant_dataset/quant_0380.jpg	E93E5AC1694354CC755F3D45D6CC1F0E8771EFF3E6F671669D2C4F2F7BB4F008	1920	1080	0.333333333333	0	140
381	yellow_single	old	train	train	2	D:\Yolo_LPR_RK3568_FPGA_Project\1_PC_Training\datasets\yolo_format\images\train\crpd_56_0187.jpg	finetune_quant_dataset/quant_0381.jpg	0A43674F51270EA9E3EE6863DFD138A7AD141C76EA3E34BB570092F86BD06D27	1920	1080	0.333333333333	0	140
382	yellow_single	old	train	train	2	D:\Yolo_LPR_RK3568_FPGA_Project\1_PC_Training\datasets\yolo_format\images\train\crpd_66_1764.jpg	finetune_quant_dataset/quant_0382.jpg	A9BC223B2BB8A3F8D76FD95BA21B707389B79A72418B45B12C8595210349B401	1920	1080	0.333333333333	0	140
383	blue	old	train	train	0,0	D:\Yolo_LPR_RK3568_FPGA_Project\1_PC_Training\datasets\yolo_format\images\train\crpd_44_0313.jpg	finetune_quant_dataset/quant_0383.jpg	B726A7E5533B46E756DA9A6082C721514C402DE7263A5C75FDEB01E9C8A383E7	1920	1080	0.333333333333	0	140
384	other_all	old	train	train	3	D:\Yolo_LPR_RK3568_FPGA_Project\1_PC_Training\datasets\yolo_format\images\train\crpd_66_1366.jpg	finetune_quant_dataset/quant_0384.jpg	99210476E7F56B4D95EAE0A5B9576EDB5713C81ED3CC103F6F3424B77C7DBEC7	1600	1200	0.4	0	80
385	other_all	old	train	train	3	D:\Yolo_LPR_RK3568_FPGA_Project\1_PC_Training\datasets\yolo_format\images\train\crpd_66_1434.jpg	finetune_quant_dataset/quant_0385.jpg	DD6943E9606B50EB2CD330A70E1EEAEFDA63A0DC968796305706D69CF9962D0B	1920	1080	0.333333333333	0	140
386	other_all	old	train	train	3	D:\Yolo_LPR_RK3568_FPGA_Project\1_PC_Training\datasets\yolo_format\images\train\crpd_66_0141.jpg	finetune_quant_dataset/quant_0386.jpg	A419128C827DA7977BC9B10C16573A35A641872F497BAF484383CB87C00118D2	1920	1080	0.333333333333	0	140
387	other_all	special	train	警用车牌	3	D:\Yolo_LPR_RK3568_FPGA_Project\1_PC_Training\datasets\特殊车牌\image\警用车牌\粤AA629警.jpg	finetune_quant_dataset/quant_0387.jpg	91A93985023BFB84162C81B0610D91AE0043EBD1DC9DED5BB8D04E844174832E	1600	1200	0.4	0	80
388	other_all	special	val	警用车牌	3	D:\Yolo_LPR_RK3568_FPGA_Project\1_PC_Training\datasets\特殊车牌\image\警用车牌\粤C0779警.jpg	finetune_quant_dataset/quant_0388.jpg	2D8A9087E009614A6CA529413003AF43F287F6761F4A2B355A96EE5A11FB2E8A	1600	1200	0.4	0	80
389	green	old	train	train	1	D:\Yolo_LPR_RK3568_FPGA_Project\1_PC_Training\datasets\yolo_format\images\train\ccpd_green_train_0129405381944-93_263-296&416_474&490-467&490_296&483_306&416_474&428-0_0_3_26_29_25_30_31-144-97.jpg	finetune_quant_dataset/quant_0389.jpg	2CFED791FCEBD029DDEFAB8E9766400D7A1CAF5968F2C594F19747070EC8641C	720	1160	0.551724137931	121	0
390	other_all	special	test	香港出入境车牌	3	D:\Yolo_LPR_RK3568_FPGA_Project\1_PC_Training\datasets\特殊车牌\image\香港出入境车牌\粤ZBZ99港.jpg	finetune_quant_dataset/quant_0390.jpg	503CF011F4206711F3AF3076AB2063995A6B1A1BDF86AE6F1D3402465E7FFF78	1600	1200	0.4	0	80
391	other_all	old	train	train	3	D:\Yolo_LPR_RK3568_FPGA_Project\1_PC_Training\datasets\yolo_format\images\train\crpd_66_0464.jpg	finetune_quant_dataset/quant_0391.jpg	1096A278E390A7E9C4D5326515B4EB51D64C0A0D8E12C5756D5816CF647442AA	1920	1080	0.333333333333	0	140
392	other_all	old	train	train	3	D:\Yolo_LPR_RK3568_FPGA_Project\1_PC_Training\datasets\yolo_format\images\train\crpd_66_0427.jpg	finetune_quant_dataset/quant_0392.jpg	91FA1A067D7511FB2C7BE3461115523B24F659F3D5A2AB7B16DD6CFA0FC0CB3F	1920	1080	0.333333333333	0	140
393	blue	old	train	train	0	D:\Yolo_LPR_RK3568_FPGA_Project\1_PC_Training\datasets\yolo_format\images\train\ccpd_blue_ccpd_base_0121551724138-90_90-232&464_438&525-448&536_224&535_221&464_445&465-0_0_3_29_29_25_1-97-18.jpg	finetune_quant_dataset/quant_0393.jpg	4B9F2F0ABB0649E0CD6E7B06424D3A9AB5A6D4AF51E37ACC6711C4B26B6AE89A	720	1160	0.551724137931	121	0
394	yellow_single	old	train	train	2	D:\Yolo_LPR_RK3568_FPGA_Project\1_PC_Training\datasets\yolo_format\images\train\crpd_45_0012.jpg	finetune_quant_dataset/quant_0394.jpg	86C845174C1E2CC71903368D3683D13D91C61775ADCD2D8F6685C56A4815F30A	1600	1200	0.4	0	80
395	other_all	special	train	警用车牌	3	D:\Yolo_LPR_RK3568_FPGA_Project\1_PC_Training\datasets\特殊车牌\image\警用车牌\粤C1601警.jpg	finetune_quant_dataset/quant_0395.jpg	A28D6F7C04E134E1BE1C730512428FEC7626031B719F3799E3A883AC9305678D	1600	1200	0.4	0	80
396	blue	old	train	train	0	D:\Yolo_LPR_RK3568_FPGA_Project\1_PC_Training\datasets\yolo_format\images\train\crpd_65_0404.jpg	finetune_quant_dataset/quant_0396.jpg	CECDAC712B50DF06A279E8F08931B39BE45B467B708951C1100D548E96BE394F	1920	1080	0.333333333333	0	140
397	yellow_single	old	train	train	2	D:\Yolo_LPR_RK3568_FPGA_Project\1_PC_Training\datasets\yolo_format\images\train\crpd_53_0007.jpg	finetune_quant_dataset/quant_0397.jpg	858618F47B3307A95A23C3C3064DB0DB73781279C99B92C5EB60AEFB41562767	1600	1200	0.4	0	80
398	green	old	train	train	1	D:\Yolo_LPR_RK3568_FPGA_Project\1_PC_Training\datasets\yolo_format\images\train\ccpd_green_train_0196126302083-90_265-179&483_420&565-414&554_179&565_185&483_420&483-0_0_3_24_33_29_30_24-122-160.jpg	finetune_quant_dataset/quant_0398.jpg	4BAB536CADEF60F9D0331629DFE117F44786CFFA0F50ADBE55870F7100161BA6	720	1160	0.551724137931	121	0
399	other_all	special	train	警用车牌	3	D:\Yolo_LPR_RK3568_FPGA_Project\1_PC_Training\datasets\特殊车牌\image\警用车牌\粤H1528警.jpg	finetune_quant_dataset/quant_0399.jpg	F09B488CF34D7662E222E02AA57EB90C62FD161844301976C986F9129F0799DF	1600	1200	0.4	0	80
400	blue	old	train	train	0	D:\Yolo_LPR_RK3568_FPGA_Project\1_PC_Training\datasets\yolo_format\images\train\crpd_65_0049.jpg	finetune_quant_dataset/quant_0400.jpg	5CA324AFAC0E8172475071C641CE04224CB4B7D6D283A10E945AA04B6AD2F127	1920	1080	0.333333333333	0	140
401	other_all	special	train	香港出入境车牌	3	D:\Yolo_LPR_RK3568_FPGA_Project\1_PC_Training\datasets\特殊车牌\image\香港出入境车牌\粤ZF080港.jpg	finetune_quant_dataset/quant_0401.jpg	6A7E23E096D05672692FD6B49BF3B9FC3F822A20B126546C097ED7F568847FA8	1600	1200	0.4	0	80
402	yellow_single	old	train	train	0,2	D:\Yolo_LPR_RK3568_FPGA_Project\1_PC_Training\datasets\yolo_format\images\train\crpd_57_0713.jpg	finetune_quant_dataset/quant_0402.jpg	3D7AB0F69E249B0CF2A7E8597141779DEB03EA71AA7B42B04AC6E8A341F8A673	1920	1080	0.333333333333	0	140
403	other_all	old	train	train	3	D:\Yolo_LPR_RK3568_FPGA_Project\1_PC_Training\datasets\yolo_format\images\train\crpd_66_1032.jpg	finetune_quant_dataset/quant_0403.jpg	B30896124A219DDB0518CE9C0A19F58E684F45E62B4513D427B991CEFF36A609	1920	1080	0.333333333333	0	140
404	green	old	train	train	1	D:\Yolo_LPR_RK3568_FPGA_Project\1_PC_Training\datasets\yolo_format\images\train\ccpd_green_train_302041558159722222-91_92-209&461_474&539-471&539_219&534_209&461_474&466-0_0_3_24_33_29_26_31-168-22.jpg	finetune_quant_dataset/quant_0404.jpg	1BF1343254E9DDDFB1B612C4DB88D5533A62A796E4A2F53830DDFE2C575CC7F6	720	1160	0.551724137931	121	0
405	other_all	special	train	香港出入境车牌	3	D:\Yolo_LPR_RK3568_FPGA_Project\1_PC_Training\datasets\特殊车牌\image\香港出入境车牌\粤ZSS26港.jpg	finetune_quant_dataset/quant_0405.jpg	DF67DF89EB93BA24A07618320AC1910E4B8F3193F89D7FA0F0D61F8ACBFD6819	1600	1200	0.4	0	80
406	green	old	train	train	1	D:\Yolo_LPR_RK3568_FPGA_Project\1_PC_Training\datasets\yolo_format\images\train\ccpd_green_train_3017782118055555556-90_98-199&456_440&530-440&530_217&527_199&457_431&456-0_0_3_24_27_33_31_31-84-44.jpg	finetune_quant_dataset/quant_0406.jpg	B38F2BBF24D03245F2C358E4B8DD85D64AD0F6B97727534E9352E0CDB5EBD1E9	720	1160	0.551724137931	121	0
407	other_all	special	train	澳门出入境车牌	3	D:\Yolo_LPR_RK3568_FPGA_Project\1_PC_Training\datasets\特殊车牌\image\澳门出入境车牌\粤Z1618澳.jpg	finetune_quant_dataset/quant_0407.jpg	C5F90CD7D0CE157C9B1469943500251DA8640D4FE64D643D6B8B02A73F4A4163	1600	1200	0.4	0	80
408	yellow_single	old	train	train	2	D:\Yolo_LPR_RK3568_FPGA_Project\1_PC_Training\datasets\yolo_format\images\train\crpd_56_0741.jpg	finetune_quant_dataset/quant_0408.jpg	EF5D025993BE540844DE095F4FD39AF6988A7E3AC13078FFAA6D34FDAA8BB9BA	1920	1080	0.333333333333	0	140
409	blue	old	train	train	0	D:\Yolo_LPR_RK3568_FPGA_Project\1_PC_Training\datasets\yolo_format\images\train\ccpd_blue_ccpd_tilt_0384-19_31-212&434_423&586-423&586_231&519_212&434_404&501-0_0_12_13_30_32_29-52-11.jpg	finetune_quant_dataset/quant_0409.jpg	D4B260A115D3E6F3E9716968DCFC5167C0D015795419CBC20512492107E1E9C4	720	1160	0.551724137931	121	0
410	other_all	old	train	train	3	D:\Yolo_LPR_RK3568_FPGA_Project\1_PC_Training\datasets\yolo_format\images\train\crpd_66_0211.jpg	finetune_quant_dataset/quant_0410.jpg	D7FE4D5F27BD3E675A3555772E6515F4FA4AEA1FED48A30D4C27193C0ECD4306	1920	1080	0.333333333333	0	140
411	yellow_single	old	train	train	2	D:\Yolo_LPR_RK3568_FPGA_Project\1_PC_Training\datasets\yolo_format\images\train\crpd_57_0151.jpg	finetune_quant_dataset/quant_0411.jpg	754E2E9AE45E718528591B7ACD7675BA035F7910C55C128F66B477963D45E2FA	1920	1080	0.333333333333	0	140
412	yellow_single	old	train	train	2	D:\Yolo_LPR_RK3568_FPGA_Project\1_PC_Training\datasets\yolo_format\images\train\crpd_53_0991.jpg	finetune_quant_dataset/quant_0412.jpg	CBF8FF909BCDD9F7EABF2487EC0DFBE6275B0AA78DB471DB2006C44FE79A8039	1920	1080	0.333333333333	0	140
413	blue	old	train	train	0	D:\Yolo_LPR_RK3568_FPGA_Project\1_PC_Training\datasets\yolo_format\images\train\ccpd_blue_ccpd_base_0381537356322-108_61-280&564_522&723-530&742_287&650_272&553_515&645-0_0_10_25_25_32_2-86-48.jpg	finetune_quant_dataset/quant_0413.jpg	BB63FEAA6BAFEA2DE1DF575E812ABABE53FFE6DF8B1B7DAD8F68254179E96681	720	1160	0.551724137931	121	0
414	blue	old	train	train	0,0,0	D:\Yolo_LPR_RK3568_FPGA_Project\1_PC_Training\datasets\yolo_format\images\train\crpd_49_0050.jpg	finetune_quant_dataset/quant_0414.jpg	FD64F5D4F8568E9A93815A5741092731E5B3ED64D0A89CF55905CD8C1E19B100	1600	1200	0.4	0	80
415	green	old	train	train	1	D:\Yolo_LPR_RK3568_FPGA_Project\1_PC_Training\datasets\yolo_format\images\train\ccpd_green_train_0297677951389-90_93-194&459_513&553-510&551_204&553_194&462_513&459-0_0_3_24_32_33_30_30-57-5.jpg	finetune_quant_dataset/quant_0415.jpg	074E92237F78190B42906633D09397899496E0760023333EB8767E37F7413313	720	1160	0.551724137931	121	0
416	blue	old	train	train	0	D:\Yolo_LPR_RK3568_FPGA_Project\1_PC_Training\datasets\yolo_format\images\train\crpd_57_0130.jpg	finetune_quant_dataset/quant_0416.jpg	9F979A5C061BBE7021C2858E16920FAE08ADF55F9F98560FB76CD610B78D0AE3	1920	1080	0.333333333333	0	140
417	other_all	old	train	train	0,3	D:\Yolo_LPR_RK3568_FPGA_Project\1_PC_Training\datasets\yolo_format\images\train\crpd_61_0112.jpg	finetune_quant_dataset/quant_0417.jpg	AECA713BFBF9181810F21DFC89D331E03EB16A37EEBFA2EE7506C37F0F43E7E3	1600	1200	0.4	0	80
418	other_all	old	train	train	3	D:\Yolo_LPR_RK3568_FPGA_Project\1_PC_Training\datasets\yolo_format\images\train\crpd_61_0572.jpg	finetune_quant_dataset/quant_0418.jpg	A2E54B7D31EC0C25DEC35230FCABF53CE5BAA37ED46BA1C89622F301E388DF76	1920	1080	0.333333333333	0	140
419	blue	old	train	train	0,0,2	D:\Yolo_LPR_RK3568_FPGA_Project\1_PC_Training\datasets\yolo_format\images\train\crpd_61_0767.jpg	finetune_quant_dataset/quant_0419.jpg	8497A9A85BA19B5D3E40D662E6F14B6E6FD3BB9FFAAF72268079959F53E209A4	1920	1080	0.333333333333	0	140
420	yellow_single	old	train	train	2	D:\Yolo_LPR_RK3568_FPGA_Project\1_PC_Training\datasets\yolo_format\images\train\crpd_53_0544.jpg	finetune_quant_dataset/quant_0420.jpg	3BEC8A1D8F79E2D20B3C585237D9D5AAF0C51662CCE492431B213A61F9EC1CE6	1920	1080	0.333333333333	0	140
421	green	old	train	train	1	D:\Yolo_LPR_RK3568_FPGA_Project\1_PC_Training\datasets\yolo_format\images\train\ccpd_green_train_0274305555556-90_264-199&444_519&530-519&527_206&530_199&444_517&444-0_0_3_25_29_29_30_30-103-195.jpg	finetune_quant_dataset/quant_0421.jpg	117497CFDA857ACF30CDF53F857251C3F2F71B2AA3B078E2ED5820B100471B5E	720	1160	0.551724137931	121	0
422	green	old	train	train	1	D:\Yolo_LPR_RK3568_FPGA_Project\1_PC_Training\datasets\yolo_format\images\train\ccpd_green_train_0223914930556-88_266-262&464_530&548-530&539_262&548_264&477_525&464-0_0_3_24_31_24_33_29-118-140.jpg	finetune_quant_dataset/quant_0422.jpg	83F5E161F298EDAAC0D275E1C9DB963352FD149F7122BF21A4DB0F06955FAE58	720	1160	0.551724137931	121	0
423	other_all	special	train	香港出入境车牌	3	D:\Yolo_LPR_RK3568_FPGA_Project\1_PC_Training\datasets\特殊车牌\image\香港出入境车牌\粤ZB772港.jpg	finetune_quant_dataset/quant_0423.jpg	4B6E7B9A67FF4B82E25C771E70B773CFCD3B8291A098E2634B3C72FAD7492DDE	1600	1200	0.4	0	80
424	yellow_single	old	train	train	2	D:\Yolo_LPR_RK3568_FPGA_Project\1_PC_Training\datasets\yolo_format\images\train\crpd_43_0096.jpg	finetune_quant_dataset/quant_0424.jpg	6557F297CCF456448E5E0C78672631DADFCF67A2EE432FC356333D458A1495EC	1600	1200	0.4	0	80
425	other_all	special	train	教练车牌	3	D:\Yolo_LPR_RK3568_FPGA_Project\1_PC_Training\datasets\特殊车牌\image\教练车牌\粤S2645学.jpg	finetune_quant_dataset/quant_0425.jpg	09D6691E53CA0B40AABF1A67CE8541A96407B8BF14547A041638F8D15CB6FAA2	1600	1200	0.4	0	80
426	green	old	train	train	1	D:\Yolo_LPR_RK3568_FPGA_Project\1_PC_Training\datasets\yolo_format\images\train\ccpd_green_train_0299479166667-89_270-182&437_482&538-482&526_183&538_182&447_481&437-0_0_3_24_31_24_28_24-160-313.jpg	finetune_quant_dataset/quant_0426.jpg	989648DB3D1DE41EBA69571B7A68F7DA5DE8FD659A3B2088627EFBC5FFA5AE63	720	1160	0.551724137931	121	0
427	green	old	train	train	1	D:\Yolo_LPR_RK3568_FPGA_Project\1_PC_Training\datasets\yolo_format\images\train\ccpd_green_train_0251736111111-90_260-221&469_511&557-511&557_233&552_221&472_506&469-0_0_3_24_32_29_27_31-129-75.jpg	finetune_quant_dataset/quant_0427.jpg	7650D9379F09CEAAAD1064A37908B57C9C40B5CCD33D69006C50A16244F5714F	720	1160	0.551724137931	121	0
428	other_all	special	val	教练车牌	3	D:\Yolo_LPR_RK3568_FPGA_Project\1_PC_Training\datasets\特殊车牌\image\教练车牌\粤S1416学.jpg	finetune_quant_dataset/quant_0428.jpg	8B509D975EDA5F3857AE5CF5536A65401C40E2D4403359C1145B7F720F4ABA24	1600	1200	0.4	0	80
429	blue	old	train	train	0,0,0	D:\Yolo_LPR_RK3568_FPGA_Project\1_PC_Training\datasets\yolo_format\images\train\crpd_49_0536.jpg	finetune_quant_dataset/quant_0429.jpg	F87308120C1BA7AB5FC78E58DC3913DC3A411FDEE9287CFBAA1D3E5F58C673A0	1600	1200	0.4	0	80
430	green	old	train	train	1	D:\Yolo_LPR_RK3568_FPGA_Project\1_PC_Training\datasets\yolo_format\images\train\ccpd_green_train_0318923611111-89_258-206&479_540&575-540&571_224&575_206&490_526&479-0_0_3_24_30_27_27_30-54-8.jpg	finetune_quant_dataset/quant_0430.jpg	353326E0239D8D640A2DC9D3C68858202D1C3A2066B8A5D78D9BF3F6D382669E	720	1160	0.551724137931	121	0
431	other_all	special	train	香港出入境车牌	3	D:\Yolo_LPR_RK3568_FPGA_Project\1_PC_Training\datasets\特殊车牌\image\香港出入境车牌\粤Z9887港.jpg	finetune_quant_dataset/quant_0431.jpg	F44508F7494B59CC65E4D015D382609B134A080CB15B2C70A63A0D0FA543F53D	1600	1200	0.4	0	80
432	other_all	special	train	警用车牌	3	D:\Yolo_LPR_RK3568_FPGA_Project\1_PC_Training\datasets\特殊车牌\image\警用车牌\粤A4941警.jpg	finetune_quant_dataset/quant_0432.jpg	C440042E7B6D1D473E76D4859A95A4DCD4849EAFFDC8CB33F02C1F9A0A0AF9A7	1600	1200	0.4	0	80
433	other_all	old	train	train	3	D:\Yolo_LPR_RK3568_FPGA_Project\1_PC_Training\datasets\yolo_format\images\train\crpd_66_0140.jpg	finetune_quant_dataset/quant_0433.jpg	DA43ACC538F2BCE174C9D186C846AFF4C08E559734D30EE63803AC785E4C463F	1920	1080	0.333333333333	0	140
434	blue	old	train	train	0	D:\Yolo_LPR_RK3568_FPGA_Project\1_PC_Training\datasets\yolo_format\images\train\ccpd_blue_ccpd_db_0141-1_8-249&502_418&572-418&572_257&567_249&502_410&507-0_0_17_8_30_29_30-27-2.jpg	finetune_quant_dataset/quant_0434.jpg	F04FBCDB1639C161900D09A1F0C7F002D68BCC3A8255DA12C88E06A824DD73E8	720	1160	0.551724137931	121	0
435	other_all	old	train	train	3	D:\Yolo_LPR_RK3568_FPGA_Project\1_PC_Training\datasets\yolo_format\images\train\crpd_66_1629.jpg	finetune_quant_dataset/quant_0435.jpg	3E7ADDBD8F33A75232FFF75E45A2131D82A72F0E2203CEE92F8A17792F874839	1920	1080	0.333333333333	0	140
436	other_all	special	train	澳门出入境车牌	3	D:\Yolo_LPR_RK3568_FPGA_Project\1_PC_Training\datasets\特殊车牌\image\澳门出入境车牌\粤Z33A5澳.jpg	finetune_quant_dataset/quant_0436.jpg	9A1F2DBD5C1F14692132DEBC3276319D9D65278024411F9D6B75F04BEB95FC2D	1600	1200	0.4	0	80
437	other_all	old	train	train	3	D:\Yolo_LPR_RK3568_FPGA_Project\1_PC_Training\datasets\yolo_format\images\train\crpd_66_1365.jpg	finetune_quant_dataset/quant_0437.jpg	CDB1048FC123947A0877AF98F8F55317358E3DDBF7B313F2484C1130C44241E3	1920	1080	0.333333333333	0	140
438	green	old	train	train	1	D:\Yolo_LPR_RK3568_FPGA_Project\1_PC_Training\datasets\yolo_format\images\train\ccpd_green_train_306880859375-89_102-100&493_642&621-623&607_114&621_100&496_642&493-0_0_3_27_31_32_29_32-135-585.jpg	finetune_quant_dataset/quant_0438.jpg	A8FF844CD448EEDD9CED7E646AEEFD5D514ED83FA1CD7768A4F7CF70CDA3B0E8	720	1160	0.551724137931	121	0
439	yellow_single	old	train	train	2	D:\Yolo_LPR_RK3568_FPGA_Project\1_PC_Training\datasets\yolo_format\images\train\crpd_39_0704.jpg	finetune_quant_dataset/quant_0439.jpg	B9EFBECEB8979D9946141B5B55C2E9BE20093A997DA27B8609C79F0688F5EB98	1920	1080	0.333333333333	0	140
440	blue	old	train	train	0,0,2	D:\Yolo_LPR_RK3568_FPGA_Project\1_PC_Training\datasets\yolo_format\images\train\crpd_60_0377.jpg	finetune_quant_dataset/quant_0440.jpg	9832B1EE11133D2270C3E1EFFEFFBD46BD816C27B279313D7C54E35A90DBA96E	1920	1080	0.333333333333	0	140
441	other_all	old	train	train	3	D:\Yolo_LPR_RK3568_FPGA_Project\1_PC_Training\datasets\yolo_format\images\train\crpd_66_1694.jpg	finetune_quant_dataset/quant_0441.jpg	A5C9DCB4DA2590BFFB22F2B443A5EAC03541166E888ED5ECDCB35A3F5601D928	1920	1080	0.333333333333	0	140
442	blue	old	train	train	0	D:\Yolo_LPR_RK3568_FPGA_Project\1_PC_Training\datasets\yolo_format\images\train\ccpd_blue_ccpd_challenge_0124-2_0-313&479_446&557-446&551_316&557_313&485_443&479-0_0_21_33_24_24_30-98-6.jpg	finetune_quant_dataset/quant_0442.jpg	5C7D2C4CF14956FE8CE785E5DCC3BE734739468891E41028F902F2D20CA465AB	720	1160	0.551724137931	121	0
443	yellow_single	old	train	train	2	D:\Yolo_LPR_RK3568_FPGA_Project\1_PC_Training\datasets\yolo_format\images\train\crpd_1 (563).jpg	finetune_quant_dataset/quant_0443.jpg	9D504198C0F4172E580851D5C5AD28C8490A7B4D9B00603194CD13E506A91C31	1628	1236	0.39312039312	0	77
444	yellow_single	old	train	train	2	D:\Yolo_LPR_RK3568_FPGA_Project\1_PC_Training\datasets\yolo_format\images\train\crpd_47_0434.jpg	finetune_quant_dataset/quant_0444.jpg	F02F3F3D392618EAD3BDEF9E15955EC83B0745F66FFE31BDA0FCC154F6B269EB	1920	1080	0.333333333333	0	140
445	yellow_single	old	train	train	2	D:\Yolo_LPR_RK3568_FPGA_Project\1_PC_Training\datasets\yolo_format\images\train\crpd_46_0703.jpg	finetune_quant_dataset/quant_0445.jpg	39ECA4F2E4C395A84F80A392482EDE648CC980F6F94346976607856A7E89433D	1920	1080	0.333333333333	0	140
446	other_all	special	train	教练车牌	3	D:\Yolo_LPR_RK3568_FPGA_Project\1_PC_Training\datasets\特殊车牌\image\教练车牌\粤S5578学.jpg	finetune_quant_dataset/quant_0446.jpg	C8353C7190891A408ABCE9EA488099A9C27B2AB1E0BC56DB67D32BCEA45CCE9A	1600	1200	0.4	0	80
447	yellow_single	old	train	train	2	D:\Yolo_LPR_RK3568_FPGA_Project\1_PC_Training\datasets\yolo_format\images\train\crpd_39_0823.jpg	finetune_quant_dataset/quant_0447.jpg	1B886BA2826ADC3369EB9547AD336862F085200E882B1CF65DA0B7373B82F7F6	1920	1080	0.333333333333	0	140
448	other_all	old	train	train	0,3	D:\Yolo_LPR_RK3568_FPGA_Project\1_PC_Training\datasets\yolo_format\images\train\crpd_45_1355.jpg	finetune_quant_dataset/quant_0448.jpg	F9719B452AA417861FD132B854CD5D54CA53B79086B972A830C53802743A295E	1920	1080	0.333333333333	0	140
449	other_all	special	train	澳门出入境车牌	3	D:\Yolo_LPR_RK3568_FPGA_Project\1_PC_Training\datasets\特殊车牌\image\澳门出入境车牌\粤ZJ660澳.jpg	finetune_quant_dataset/quant_0449.jpg	FB21E89DBF74F1C4B62847A7C1770B47AC939A15092AD8F7F9A25576E3CEED47	1600	1200	0.4	0	80
450	other_all	old	train	train	3	D:\Yolo_LPR_RK3568_FPGA_Project\1_PC_Training\datasets\yolo_format\images\train\crpd_66_0219.jpg	finetune_quant_dataset/quant_0450.jpg	F080B5B4B02247345F1C78BCECD7A6D305DCB4405D88093CC3C3BEF455CFDDB1	1920	1080	0.333333333333	0	140
451	other_all	old	train	train	3	D:\Yolo_LPR_RK3568_FPGA_Project\1_PC_Training\datasets\yolo_format\images\train\crpd_61_0499.jpg	finetune_quant_dataset/quant_0451.jpg	4E62CA9063FADB184A0C2561FD5A3291E99B1E2FD602278387C9D7C752BB8CF7	1920	1080	0.333333333333	0	140
452	yellow_single	old	train	train	2	D:\Yolo_LPR_RK3568_FPGA_Project\1_PC_Training\datasets\yolo_format\images\train\crpd_45_0891.jpg	finetune_quant_dataset/quant_0452.jpg	3D27E25276AFA690E5A4498D87534CC29914C8E14A6A21BCEA34CC1323DF080D	1920	1080	0.333333333333	0	140
453	other_all	special	train	香港出入境车牌	3	D:\Yolo_LPR_RK3568_FPGA_Project\1_PC_Training\datasets\特殊车牌\image\香港出入境车牌\粤Z059Z港.jpg	finetune_quant_dataset/quant_0453.jpg	DCA21A78920834695358181CCC77E2BC047C9D8F50ECF5DE73D463D203D42521	1600	1200	0.4	0	80
454	green	old	train	train	1	D:\Yolo_LPR_RK3568_FPGA_Project\1_PC_Training\datasets\yolo_format\images\train\ccpd_green_train_0133799913194-90_268-242&392_451&457-451&453_243&457_242&396_451&392-0_0_3_24_25_30_26_30-125-178.jpg	finetune_quant_dataset/quant_0454.jpg	F46E400CFFD20228C9CF7A0F77B7647728A0FE4B695E0EE9FECF0D12060CEC36	720	1160	0.551724137931	121	0
455	green	old	train	train	1	D:\Yolo_LPR_RK3568_FPGA_Project\1_PC_Training\datasets\yolo_format\images\train\ccpd_green_train_026796875-90_93-176&459_470&551-466&551_176&547_180&459_470&464-0_0_3_24_33_30_30_33-70-43.jpg	finetune_quant_dataset/quant_0455.jpg	5F272427E9BD58C893EDEC4E0D2CC6A9923A9AC2EE27AF3DFE7B8460836538AC	720	1160	0.551724137931	121	0
456	other_all	special	test	澳门出入境车牌	3	D:\Yolo_LPR_RK3568_FPGA_Project\1_PC_Training\datasets\特殊车牌\image\澳门出入境车牌\粤Z043D澳.jpg	finetune_quant_dataset/quant_0456.jpg	73619D4DFBA287A74E0618F1113A73B7A08092B5060C358BCD9E2C3E9A2E22A8	1600	1200	0.4	0	80
457	green	old	train	train	1	D:\Yolo_LPR_RK3568_FPGA_Project\1_PC_Training\datasets\yolo_format\images\train\ccpd_green_train_3013502604166666666-90_92-218&494_422&561-422&560_225&561_218&496_420&494-0_0_3_24_30_31_32_25-110-56.jpg	finetune_quant_dataset/quant_0457.jpg	5130C370DD6199F1F4D8F0595E3912020FCB2F49B412CEE73C53F4C40B83236F	720	1160	0.551724137931	121	0
458	green	old	train	train	1	D:\Yolo_LPR_RK3568_FPGA_Project\1_PC_Training\datasets\yolo_format\images\train\ccpd_green_train_0111328125-90_265-213&465_403&524-403&517_217&524_213&465_401&465-0_0_3_24_24_29_25_32-123-44.jpg	finetune_quant_dataset/quant_0458.jpg	FC23D8377FE6F1BD1D3C984B6D625A428813AEC020572131695783098A2F0C76	720	1160	0.551724137931	121	0
459	yellow_single	old	train	train	2	D:\Yolo_LPR_RK3568_FPGA_Project\1_PC_Training\datasets\yolo_format\images\train\crpd_36_0305.jpg	finetune_quant_dataset/quant_0459.jpg	D59D15F6C2B8D9F06C66CC13DB1C1FB8FC7E298FE7E4F3B6EFB2908DA8CB6CA4	1920	1080	0.333333333333	0	140
460	other_all	old	train	train	2,3	D:\Yolo_LPR_RK3568_FPGA_Project\1_PC_Training\datasets\yolo_format\images\train\crpd_66_0725.jpg	finetune_quant_dataset/quant_0460.jpg	8A8AEA6326FF031C99970A5F7A33929176F1D6FA55D0BE8BE5B6690366DCDA01	1920	1080	0.333333333333	0	140
461	green	old	train	train	1	D:\Yolo_LPR_RK3568_FPGA_Project\1_PC_Training\datasets\yolo_format\images\train\ccpd_green_train_0156944444444-90_94-250&490_476&560-472&560_250&557_254&490_476&493-0_0_3_26_33_26_33_26-175-36.jpg	finetune_quant_dataset/quant_0461.jpg	158BFE158736963CE7231580DCDF88BB410EBB7C8993453C1B7F2C5C216EC9A9	720	1160	0.551724137931	121	0
462	other_all	old	train	train	3	D:\Yolo_LPR_RK3568_FPGA_Project\1_PC_Training\datasets\yolo_format\images\train\crpd_66_0048.jpg	finetune_quant_dataset/quant_0462.jpg	58D6AE47D4860AEB55D08FEF4AB96867E94577A69D61B0FFAD468F1A5D96552F	1920	1080	0.333333333333	0	140
463	yellow_single	old	train	train	2	D:\Yolo_LPR_RK3568_FPGA_Project\1_PC_Training\datasets\yolo_format\images\train\crpd_56_0234.jpg	finetune_quant_dataset/quant_0463.jpg	E3B4EFF6E0415B7CC8F5EB7F070C1E8A47B0244E36067359B92FB4E2781FA351	1920	1080	0.333333333333	0	140
464	other_all	special	test	警用车牌	3	D:\Yolo_LPR_RK3568_FPGA_Project\1_PC_Training\datasets\特殊车牌\image\警用车牌\粤A2717警.jpg	finetune_quant_dataset/quant_0464.jpg	2FFAF336942FEB20C4DDB399D811D2AA4B6F879890EAD631964032AB73331AE1	1600	1200	0.4	0	80
465	other_all	old	train	train	3	D:\Yolo_LPR_RK3568_FPGA_Project\1_PC_Training\datasets\yolo_format\images\train\crpd_66_1319.jpg	finetune_quant_dataset/quant_0465.jpg	D2DA94A89E7AFD3FB04D174B5AEE0B4285489F10FDC946FBF947CAB176251503	1600	1200	0.4	0	80
466	green	old	train	train	1	D:\Yolo_LPR_RK3568_FPGA_Project\1_PC_Training\datasets\yolo_format\images\train\ccpd_green_train_0153255208333-90_101-234&455_448&527-448&527_242&525_234&458_436&455-0_0_3_26_33_26_33_31-101-42.jpg	finetune_quant_dataset/quant_0466.jpg	3786DF9C73DD362161AD4E81DA03144FF6E05613D28E9FF4C8311DA9FB97F117	720	1160	0.551724137931	121	0
467	yellow_single	old	train	train	2	D:\Yolo_LPR_RK3568_FPGA_Project\1_PC_Training\datasets\yolo_format\images\train\crpd_54_0052.jpg	finetune_quant_dataset/quant_0467.jpg	74B2EABE4B571109390515FFE6B3C72F05A2803CBD2232C79CA83E43F0D75D54	1600	1200	0.4	0	80
468	green	old	train	train	1	D:\Yolo_LPR_RK3568_FPGA_Project\1_PC_Training\datasets\yolo_format\images\train\ccpd_green_train_0227864583333-90_241-210&443_490&525-490&525_244&516_210&447_457&443-0_0_3_24_28_29_29_30-60-84.jpg	finetune_quant_dataset/quant_0468.jpg	AC7C044F81468FF5D4529D921B4605FCCABCB294B7D3871EF9EA91BA95FA64BD	720	1160	0.551724137931	121	0
469	blue	old	train	train	0	D:\Yolo_LPR_RK3568_FPGA_Project\1_PC_Training\datasets\yolo_format\images\train\ccpd_blue_ccpd_challenge_0053-2_1-326&558_432&600-429&600_326&595_329&558_432&563-0_0_24_11_25_30_24-71-6.jpg	finetune_quant_dataset/quant_0469.jpg	BEC980758635BE9059F55010C38067F0289F525AF58652C4C59E94F1D73CCFAC	720	1160	0.551724137931	121	0
470	green	old	train	train	1	D:\Yolo_LPR_RK3568_FPGA_Project\1_PC_Training\datasets\yolo_format\images\train\ccpd_green_train_0230598958333-89_268-231&379_507&464-507&455_234&464_231&386_507&379-0_0_3_24_33_25_26_32-151-148.jpg	finetune_quant_dataset/quant_0470.jpg	9795183AF68D23CCC3F6404BAFF171581C53B9A75DE471CEF1DE355C722433B9	720	1160	0.551724137931	121	0
471	other_all	special	train	警用车牌	3	D:\Yolo_LPR_RK3568_FPGA_Project\1_PC_Training\datasets\特殊车牌\image\警用车牌\粤C0509警.jpg	finetune_quant_dataset/quant_0471.jpg	65727DD49AF6D7707924C1D0D4FA025510EC86468C5B3E4F7B3A3891ACD32488	1600	1200	0.4	0	80
472	green	old	train	train	1	D:\Yolo_LPR_RK3568_FPGA_Project\1_PC_Training\datasets\yolo_format\images\train\ccpd_green_train_029619140625-90_92-255&495_592&584-592&584_262&578_255&495_590&502-0_0_3_26_31_31_30_30-62-24.jpg	finetune_quant_dataset/quant_0472.jpg	576A9F7547085D4265381A69C1AB5B9CE34DC94CD77E7AC0D453F1503C6D4052	720	1160	0.551724137931	121	0
473	yellow_single	old	train	train	2	D:\Yolo_LPR_RK3568_FPGA_Project\1_PC_Training\datasets\yolo_format\images\train\crpd_45_0278.jpg	finetune_quant_dataset/quant_0473.jpg	32105ABCF6793DE3226655C8F10F2AB422087A5AA099A1012605E227C1067B21	1920	1080	0.333333333333	0	140
474	other_all	old	train	train	0,0,3	D:\Yolo_LPR_RK3568_FPGA_Project\1_PC_Training\datasets\yolo_format\images\train\crpd_66_0965.jpg	finetune_quant_dataset/quant_0474.jpg	D78E9C8E5939C440329456F73CFF56662914EAF699DA2C0B426657D8D21CFEFB	1920	1080	0.333333333333	0	140
475	yellow_single	old	train	train	2	D:\Yolo_LPR_RK3568_FPGA_Project\1_PC_Training\datasets\yolo_format\images\train\crpd_47_0216.jpg	finetune_quant_dataset/quant_0475.jpg	0159E8D125FCC7F90256C2B8199975850863792C7FEF5AF584E596C75F704931	1920	1080	0.333333333333	0	140
476	green	old	train	train	1	D:\Yolo_LPR_RK3568_FPGA_Project\1_PC_Training\datasets\yolo_format\images\train\ccpd_green_train_0341080729167-90_269-234&403_572&505-568&503_234&505_235&403_572&404-0_0_3_26_28_32_29_32-106-81.jpg	finetune_quant_dataset/quant_0476.jpg	DF8186C259D1AE885D8B835D3C35F85800AD38571BDAA5B53FC89DA933FB6744	720	1160	0.551724137931	121	0
477	green	old	train	train	1	D:\Yolo_LPR_RK3568_FPGA_Project\1_PC_Training\datasets\yolo_format\images\train\ccpd_green_train_029578993055555555-91_262-282&455_572&558-572&558_292&544_282&455_570&464-0_0_3_25_25_25_31_26-91-57.jpg	finetune_quant_dataset/quant_0477.jpg	31D186BB60EFD4FC778F07AFBFF0FBC5565CCCC026437C4D21BADCC3D3E30075	720	1160	0.551724137931	121	0
478	other_all	old	train	train	0,0,3	D:\Yolo_LPR_RK3568_FPGA_Project\1_PC_Training\datasets\yolo_format\images\train\crpd_62_0512.jpg	finetune_quant_dataset/quant_0478.jpg	B3489E64CE89D56886FA44136F6C2C84E1847C46014552AA16D96EB9F4C97D8A	1920	1080	0.333333333333	0	140
479	yellow_single	old	train	train	2	D:\Yolo_LPR_RK3568_FPGA_Project\1_PC_Training\datasets\yolo_format\images\train\crpd_40_0125.jpg	finetune_quant_dataset/quant_0479.jpg	A771E683D3B8161E5EBDA2DD48BD11F8F83AF67940D23664CFDC2E60CFE9CBB6	1920	1080	0.333333333333	0	140
480	green	old	train	train	1	D:\Yolo_LPR_RK3568_FPGA_Project\1_PC_Training\datasets\yolo_format\images\train\ccpd_green_train_3015277777777777777-89_105-197&520_417&590-417&584_211&590_197&520_403&529-0_0_3_25_24_26_24_32-135-88.jpg	finetune_quant_dataset/quant_0480.jpg	8EB08E5F856B4F8DB1B82D6A96C7452C5EA5E2EB4D9936A4396AE8AF8F6F10BE	720	1160	0.551724137931	121	0
481	blue	old	train	train	0	D:\Yolo_LPR_RK3568_FPGA_Project\1_PC_Training\datasets\yolo_format\images\train\ccpd_blue_ccpd_blur_0060-2_4-319&472_429&518-429&518_320&513_319&472_428&477-0_0_20_30_20_27_27-34-7.jpg	finetune_quant_dataset/quant_0481.jpg	056854DFA45495133405BECAA1AC7CB427706312748B74912C12D21F9C5A3BCE	720	1160	0.551724137931	121	0
482	green	old	train	train	1	D:\Yolo_LPR_RK3568_FPGA_Project\1_PC_Training\datasets\yolo_format\images\train\ccpd_green_train_0171571180556-90_268-253&501_489&574-488&574_255&566_253&501_489&504-1_0_5_30_32_33_31_25-69-11.jpg	finetune_quant_dataset/quant_0482.jpg	8BE796C06117329F6F2DE4EE894F9927F3C1C5EC0D369016842E6CCD045DDC25	720	1160	0.551724137931	121	0
483	green	old	train	train	1	D:\Yolo_LPR_RK3568_FPGA_Project\1_PC_Training\datasets\yolo_format\images\train\ccpd_green_train_01640625-90_264-281&428_497&505-497&505_287&494_281&428_493&432-0_0_3_24_31_25_32_24-179-259.jpg	finetune_quant_dataset/quant_0483.jpg	3A543C430211153FB5C20973350611A807844B91B48B232826C7EA39EC8E9BF8	720	1160	0.551724137931	121	0
484	blue	old	train	train	0	D:\Yolo_LPR_RK3568_FPGA_Project\1_PC_Training\datasets\yolo_format\images\train\ccpd_blue_ccpd_weather_0288-1_2-237&441_496&534-494&529_237&534_239&446_496&441-0_0_31_3_24_24_29-57-43.jpg	finetune_quant_dataset/quant_0484.jpg	C07B6702F72A716DFD7E5AB99C1F8AD6336F34A7E20AE32E1DEF79BA0A72412D	720	1160	0.551724137931	121	0
485	other_all	old	train	train	3	D:\Yolo_LPR_RK3568_FPGA_Project\1_PC_Training\datasets\yolo_format\images\train\crpd_66_1363.jpg	finetune_quant_dataset/quant_0485.jpg	CC309108057E5B5F1C05B95B5C45827C4033456CEE1EE02BB721F372DCE645A7	1920	1080	0.333333333333	0	140
486	yellow_single	old	train	train	2	D:\Yolo_LPR_RK3568_FPGA_Project\1_PC_Training\datasets\yolo_format\images\train\crpd_61_0870.jpg	finetune_quant_dataset/quant_0486.jpg	AAE68ED4F01A705FF0547DCB096950BEC3462A71D27FB612BD14DC04D07064B5	1920	1080	0.333333333333	0	140
487	green	old	train	train	1	D:\Yolo_LPR_RK3568_FPGA_Project\1_PC_Training\datasets\yolo_format\images\train\ccpd_green_train_0167708333333-90_267-246&460_470&536-469&531_246&536_249&460_470&462-0_0_3_24_28_33_31_33-117-90.jpg	finetune_quant_dataset/quant_0487.jpg	8072391BA3562108354D4909DB9E56836A30F4449B669FC853C6D3ED1CCA7270	720	1160	0.551724137931	121	0
488	blue	old	train	train	0,0	D:\Yolo_LPR_RK3568_FPGA_Project\1_PC_Training\datasets\yolo_format\images\train\crpd_49_1397.jpg	finetune_quant_dataset/quant_0488.jpg	33FA892BA8C5B6B15881970777D77CC946D3840FBC0D1AEBED1CA2793284E7DD	1600	1200	0.4	0	80
489	blue	old	train	train	0	D:\Yolo_LPR_RK3568_FPGA_Project\1_PC_Training\datasets\yolo_format\images\train\ccpd_blue_ccpd_blur_0174-0_2-257&498_444&576-440&576_257&576_261&498_444&498-0_0_10_6_31_26_26-136-2.jpg	finetune_quant_dataset/quant_0489.jpg	00E6B9EABEA424A7E2CB4B3D72313F88E3FB76E6BAF478AA58AD71C0801CBCF2	720	1160	0.551724137931	121	0
490	yellow_single	old	train	train	2	D:\Yolo_LPR_RK3568_FPGA_Project\1_PC_Training\datasets\yolo_format\images\train\crpd_45_0696.jpg	finetune_quant_dataset/quant_0490.jpg	EAD2463CE47A460C16E3F244E74BC759B75A1873B1706BF512EF50742B4C2D42	1920	1080	0.333333333333	0	140
491	green	old	train	train	1	D:\Yolo_LPR_RK3568_FPGA_Project\1_PC_Training\datasets\yolo_format\images\train\ccpd_green_train_0304752604167-90_266-234&376_536&478-536&478_239&468_234&377_525&376-0_0_3_17_25_28_24_30-90-35.jpg	finetune_quant_dataset/quant_0491.jpg	B73F559FF1BC483CAA9B0C6D019CF0556AEC7839AB789B9DBA2248BD36100978	720	1160	0.551724137931	121	0
492	blue	old	train	train	0	D:\Yolo_LPR_RK3568_FPGA_Project\1_PC_Training\datasets\yolo_format\images\train\ccpd_blue_ccpd_rotate_0273-22_11-310&473_470&616-470&555_326&616_310&534_454&473-0_0_23_16_33_30_30-116-49.jpg	finetune_quant_dataset/quant_0492.jpg	80B1D7B90FECB360C1C346DE4AFF63E77FC5EE9E3E046183ECC0684C545FB689	720	1160	0.551724137931	121	0
493	other_all	special	train	香港出入境车牌	3	D:\Yolo_LPR_RK3568_FPGA_Project\1_PC_Training\datasets\特殊车牌\image\香港出入境车牌\粤Z2559港.jpg	finetune_quant_dataset/quant_0493.jpg	D47F68DF8CEAE6055731C7DB8907615A7C45CAA8C14075F7F970C31C2CE45138	1600	1200	0.4	0	80
494	blue	old	train	train	0	D:\Yolo_LPR_RK3568_FPGA_Project\1_PC_Training\datasets\yolo_format\images\train\ccpd_blue_ccpd_rotate_0180-17_5-387&355_525&464-525&425_402&464_387&394_510&355-0_0_2_7_29_29_30-138-59.jpg	finetune_quant_dataset/quant_0494.jpg	B1882D99EC1E4EB82DD19ABC70A2292244C5B9575C20560D1A2434D376A0BE77	720	1160	0.551724137931	121	0
495	other_all	old	train	train	3	D:\Yolo_LPR_RK3568_FPGA_Project\1_PC_Training\datasets\yolo_format\images\train\crpd_66_1014.jpg	finetune_quant_dataset/quant_0495.jpg	13604F9C2F186BFF61CCF544559330922D2C7E4DD73D6DC5FEFEAFF829AC317A	1920	1080	0.333333333333	0	140
496	yellow_single	old	train	train	2	D:\Yolo_LPR_RK3568_FPGA_Project\1_PC_Training\datasets\yolo_format\images\train\crpd_44_0321.jpg	finetune_quant_dataset/quant_0496.jpg	8E67BD3D5744696992DE85209BEF351CC3854E8B4A21A020AC2B4FA797210CFF	1920	1080	0.333333333333	0	140
497	other_all	special	train	澳门出入境车牌	3	D:\Yolo_LPR_RK3568_FPGA_Project\1_PC_Training\datasets\特殊车牌\image\澳门出入境车牌\粤ZB337澳.jpg	finetune_quant_dataset/quant_0497.jpg	CFD6791C45DE5EFA0643C7BE816F6B0B003D65EEB925F3C78C7FA70392BDE829	1600	1200	0.4	0	80
498	green	old	train	train	1	D:\Yolo_LPR_RK3568_FPGA_Project\1_PC_Training\datasets\yolo_format\images\train\ccpd_green_train_30067708333333333336-92_103-266&459_396&512-396&512_270&506_266&459_390&474-0_0_3_17_24_33_27_24-81-30.jpg	finetune_quant_dataset/quant_0498.jpg	AE3733D42000159BEB383E384004995BF6D09DEBAA35D7EE920F9CD568148951	720	1160	0.551724137931	121	0
499	yellow_single	old	train	train	2	D:\Yolo_LPR_RK3568_FPGA_Project\1_PC_Training\datasets\yolo_format\images\train\crpd_40_0104.jpg	finetune_quant_dataset/quant_0499.jpg	98477F8A8286424D00392CF26464FE4B5716BD0930B0DC582DB3B4DB9AC5105B	1920	1080	0.333333333333	0	140
500	green	old	train	train	1	D:\Yolo_LPR_RK3568_FPGA_Project\1_PC_Training\datasets\yolo_format\images\train\ccpd_green_train_0290755208333-89_270-183&419_491&514-490&508_184&514_183&428_491&419-0_0_3_24_28_25_28_28-90-88.jpg	finetune_quant_dataset/quant_0500.jpg	EBDE8747D108CCFF098A0D93DEBE92A9DD9ECF7A1C5DFEF939FBD67DEAC9E435	720	1160	0.551724137931	121	0
501	green	old	train	train	1	D:\Yolo_LPR_RK3568_FPGA_Project\1_PC_Training\datasets\yolo_format\images\train\ccpd_green_train_3030313585069444444-90_92-171&461_478&561-475&560_171&561_180&472_478&461-0_0_3_26_25_31_33_32-193-123.jpg	finetune_quant_dataset/quant_0501.jpg	ADB7104643CE0AAE0E2FDC90E4AB5B917FBBF0A5DA39994BCBEF703D3E00AE6C	720	1160	0.551724137931	121	0
502	green	old	train	train	1	D:\Yolo_LPR_RK3568_FPGA_Project\1_PC_Training\datasets\yolo_format\images\train\ccpd_green_train_0255598958333-90_265-222&418_524&503-511&501_222&503_228&418_524&422-1_0_5_29_29_24_33_25-112-92.jpg	finetune_quant_dataset/quant_0502.jpg	DAD8128E3342E3A7170D252150CFACCF5A30C4BFD672E06FEE49A2ABDFDAC4D0	720	1160	0.551724137931	121	0
503	yellow_single	old	train	train	0,2	D:\Yolo_LPR_RK3568_FPGA_Project\1_PC_Training\datasets\yolo_format\images\train\crpd_45_0646.jpg	finetune_quant_dataset/quant_0503.jpg	CE1F26F0ADD1E998F2324104EC4061BBA35A42BABC2562FF0721D342C793970C	1920	1080	0.333333333333	0	140
504	other_all	old	train	train	3	D:\Yolo_LPR_RK3568_FPGA_Project\1_PC_Training\datasets\yolo_format\images\train\crpd_66_0709.jpg	finetune_quant_dataset/quant_0504.jpg	2DE52DAB3B9E45745C93DB9AFBACCE23665F8D8B2E6E1CB0E3A737DC8BC05601	1920	1080	0.333333333333	0	140
505	other_all	special	train	警用车牌	3	D:\Yolo_LPR_RK3568_FPGA_Project\1_PC_Training\datasets\特殊车牌\image\警用车牌\粤C0701警.jpg	finetune_quant_dataset/quant_0505.jpg	DE46410E3225B85595AA2DD9D318DCB8EC511BF640C29A3D9FE0DEB83C258D0C	1600	1200	0.4	0	80
506	yellow_single	old	train	train	2	D:\Yolo_LPR_RK3568_FPGA_Project\1_PC_Training\datasets\yolo_format\images\train\crpd_39_0064.jpg	finetune_quant_dataset/quant_0506.jpg	3D934DBE966A32428CCBD340E12C4435D0F1521A2A8EDC22D6691ED4891845C9	1920	1080	0.333333333333	0	140
507	green	old	train	train	1	D:\Yolo_LPR_RK3568_FPGA_Project\1_PC_Training\datasets\yolo_format\images\train\ccpd_green_train_301640625-91_102-251&442_467&518-467&518_261&512_251&442_456&450-0_0_3_24_29_27_26_30-69-23.jpg	finetune_quant_dataset/quant_0507.jpg	FDABFA31D1A6D201BD73FBA57B5BB0CE15A821E65D451A8BEB767832E2F80C24	720	1160	0.551724137931	121	0
508	blue	old	train	train	0	D:\Yolo_LPR_RK3568_FPGA_Project\1_PC_Training\datasets\yolo_format\images\train\ccpd_blue_ccpd_blur_0066-3_2-294&437_407&486-406&486_294&479_295&437_407&444-0_0_3_12_25_29_32-91-5.jpg	finetune_quant_dataset/quant_0508.jpg	ACF1262D9E710CFD457B2AE4767B8A092B9006A933D40BB20332090792C2C4B9	720	1160	0.551724137931	121	0
509	green	old	train	train	1	D:\Yolo_LPR_RK3568_FPGA_Project\1_PC_Training\datasets\yolo_format\images\train\ccpd_green_train_0108311631944-87_97-286&453_447&520-444&511_286&520_289&456_447&453-0_0_3_24_31_24_24_24-175-120.jpg	finetune_quant_dataset/quant_0509.jpg	3E3723903A49103F7B4FE90B0682D6AAFC267C6C371D198FAB6B545FBC11B4A4	720	1160	0.551724137931	121	0
510	green	old	train	train	1	D:\Yolo_LPR_RK3568_FPGA_Project\1_PC_Training\datasets\yolo_format\images\train\ccpd_green_train_302908962673611111-90_90-184&435_507&526-507&526_198&523_184&436_507&435-0_0_3_28_33_33_28_33-109-208.jpg	finetune_quant_dataset/quant_0510.jpg	B7BDD6C22FB6E52E6BB69DBBF682ACE899174D16D18E6AAEDE881318F7AB3CCC	720	1160	0.551724137931	121	0
511	blue	old	train	train	0	D:\Yolo_LPR_RK3568_FPGA_Project\1_PC_Training\datasets\yolo_format\images\train\ccpd_blue_ccpd_challenge_0135-2_10-328&480_487&551-487&551_337&545_328&480_478&486-0_0_25_4_30_25_30-106-7.jpg	finetune_quant_dataset/quant_0511.jpg	35E779B30163761C29EF35F7D9CB527D2CDAD7EF591E1F4CAC628DE16C1A5D3E	720	1160	0.551724137931	121	0
512	green	old	train	train	1	D:\Yolo_LPR_RK3568_FPGA_Project\1_PC_Training\datasets\yolo_format\images\train\ccpd_green_train_0155555555556-90_268-236&427_460&497-458&495_238&497_236&431_460&427-0_0_5_25_29_26_24_24-146-86.jpg	finetune_quant_dataset/quant_0512.jpg	2313A7E94E3D1FF52B30D619CD112FBFC26A176DF494360F5DBECA00B2440F6A	720	1160	0.551724137931	121	0
513	green	old	train	train	1	D:\Yolo_LPR_RK3568_FPGA_Project\1_PC_Training\datasets\yolo_format\images\train\ccpd_green_train_0138020833333-89_260-219&426_431&492-431&491_229&492_219&434_423&426-0_0_3_24_32_31_32_32-65-36.jpg	finetune_quant_dataset/quant_0513.jpg	67042F7051AB9A188E46B810FF19A4905615B2BCBF8A661579DB4412006F5E25	720	1160	0.551724137931	121	0
514	yellow_single	old	train	train	2	D:\Yolo_LPR_RK3568_FPGA_Project\1_PC_Training\datasets\yolo_format\images\train\crpd_45_0387.jpg	finetune_quant_dataset/quant_0514.jpg	C9E2CB831D5F392A463E9F6BF9EE8FAE9159C098DB54F120BE40F451BCADC266	1920	1080	0.333333333333	0	140
515	other_all	old	train	train	3	D:\Yolo_LPR_RK3568_FPGA_Project\1_PC_Training\datasets\yolo_format\images\train\crpd_66_0818.jpg	finetune_quant_dataset/quant_0515.jpg	5C566DA27715AB128E50C0AC3EA69557A4240E081C41A1669F7FF2128F73C730	1920	1080	0.333333333333	0	140
516	other_all	old	train	train	3	D:\Yolo_LPR_RK3568_FPGA_Project\1_PC_Training\datasets\yolo_format\images\train\crpd_66_1280.jpg	finetune_quant_dataset/quant_0516.jpg	C90866A15DC8AC0B93C10A9C4A89B95058FE65174363BC2CA692C461BAA5344B	1920	1080	0.333333333333	0	140
517	other_all	old	train	train	3	D:\Yolo_LPR_RK3568_FPGA_Project\1_PC_Training\datasets\yolo_format\images\train\crpd_66_1486.jpg	finetune_quant_dataset/quant_0517.jpg	A0A5CFF8B97A73A04A0ADCE4399C3BCF8A287B21DD918314241974E8BBF1D148	1920	1080	0.333333333333	0	140
518	green	old	train	train	1	D:\Yolo_LPR_RK3568_FPGA_Project\1_PC_Training\datasets\yolo_format\images\train\ccpd_green_train_01697265625-90_261-276&488_513&560-513&560_285&559_276&491_506&488-0_0_3_24_32_24_26_31-105-86.jpg	finetune_quant_dataset/quant_0518.jpg	B87433F5D2BD6227364163E164CB9F67485736B17817C4352901173F3A39305D	720	1160	0.551724137931	121	0
519	other_all	old	train	train	3	D:\Yolo_LPR_RK3568_FPGA_Project\1_PC_Training\datasets\yolo_format\images\train\crpd_66_0214.jpg	finetune_quant_dataset/quant_0519.jpg	0AC6A6A886C8273905761B0A8DE9B496414C9BEE4DD4C62C71DDFAA80EAF7461	1920	1080	0.333333333333	0	140
520	yellow_single	old	train	train	2	D:\Yolo_LPR_RK3568_FPGA_Project\1_PC_Training\datasets\yolo_format\images\train\crpd_36_1099.jpg	finetune_quant_dataset/quant_0520.jpg	CFCA095B67C0175ECC4BFDA1C5B4193D0F1967039809F592FB6C7115D9C218A8	1920	1080	0.333333333333	0	140
521	other_all	special	val	警用车牌	3	D:\Yolo_LPR_RK3568_FPGA_Project\1_PC_Training\datasets\特殊车牌\image\警用车牌\粤C0404警.jpg	finetune_quant_dataset/quant_0521.jpg	FEAC037F626D3F1A5000EADF2B5A9D717D3FE8F1D9CE6506B4E5805407E691FA	1600	1200	0.4	0	80
522	blue	old	train	train	0	D:\Yolo_LPR_RK3568_FPGA_Project\1_PC_Training\datasets\yolo_format\images\train\crpd_43_0446.jpg	finetune_quant_dataset/quant_0522.jpg	57D3F8961BFB9AFCEE7A1B6A1722D25A8C67BD13DB6D9EACF50520F7A219FBFB	1920	1080	0.333333333333	0	140
523	yellow_single	old	train	train	2	D:\Yolo_LPR_RK3568_FPGA_Project\1_PC_Training\datasets\yolo_format\images\train\crpd_1 (758).jpg	finetune_quant_dataset/quant_0523.jpg	FF23B8456CD91E12E97369C7A58F88E917CE4E1E8F28676340509EEBDEB93835	1628	1236	0.39312039312	0	77
524	yellow_single	old	train	train	2	D:\Yolo_LPR_RK3568_FPGA_Project\1_PC_Training\datasets\yolo_format\images\train\crpd_47_0214.jpg	finetune_quant_dataset/quant_0524.jpg	15FF2450328F1EC3E3AE3DDED8E5B71E7E3B3C9ABA1D322D17A1328DF9B39869	1920	1080	0.333333333333	0	140
525	yellow_single	old	train	train	2	D:\Yolo_LPR_RK3568_FPGA_Project\1_PC_Training\datasets\yolo_format\images\train\crpd_54_1046.jpg	finetune_quant_dataset/quant_0525.jpg	41CC5E94BD55C77D895F22099E6AACA0440B0D7441719852402D7FEE503F74B0	1920	1080	0.333333333333	0	140
526	green	old	train	train	1	D:\Yolo_LPR_RK3568_FPGA_Project\1_PC_Training\datasets\yolo_format\images\train\ccpd_green_train_3009729817708333333-90_94-272&522_455&575-452&575_276&575_272&522_455&528-0_0_3_24_25_24_30_29-149-129.jpg	finetune_quant_dataset/quant_0526.jpg	16899ABD10CBEDCB83777C248ADD54E1B81853596585D18C9ABAC7C20E278CDD	720	1160	0.551724137931	121	0
527	green	old	train	train	1	D:\Yolo_LPR_RK3568_FPGA_Project\1_PC_Training\datasets\yolo_format\images\train\ccpd_green_train_0318934461806-90_97-196&481_519&581-510&581_196&576_203&481_519&494-0_11_3_25_29_30_30_30-123-303.jpg	finetune_quant_dataset/quant_0527.jpg	F89364967880310F79C444D70AA266A8DC5D0297B2BF02884E2BB22CE440D70A	720	1160	0.551724137931	121	0
528	blue	old	train	train	0	D:\Yolo_LPR_RK3568_FPGA_Project\1_PC_Training\datasets\yolo_format\images\train\ccpd_blue_ccpd_weather_0169-0_2-213&461_428&527-425&527_213&527_216&461_428&461-0_0_32_26_33_33_26-100-71.jpg	finetune_quant_dataset/quant_0528.jpg	5F624E574D42F9B24CAEDB3810DF0AE6C0CF5A37268372D742C0ED1F2F578A54	720	1160	0.551724137931	121	0
529	other_all	old	train	train	3	D:\Yolo_LPR_RK3568_FPGA_Project\1_PC_Training\datasets\yolo_format\images\train\crpd_66_0640.jpg	finetune_quant_dataset/quant_0529.jpg	E24CC547A8D30DF3DD6A19BC4914C8D517A9096D668C1DE6F8FF783A97E67A80	1600	1200	0.4	0	80
530	other_all	old	train	train	3	D:\Yolo_LPR_RK3568_FPGA_Project\1_PC_Training\datasets\yolo_format\images\train\crpd_66_1699.jpg	finetune_quant_dataset/quant_0530.jpg	0EA91D6557E7741C312B564EEB56821AEE5C1BDC839DB00EA8FA7AFF90F013AF	1920	1080	0.333333333333	0	140
531	green	old	train	train	1	D:\Yolo_LPR_RK3568_FPGA_Project\1_PC_Training\datasets\yolo_format\images\train\ccpd_green_train_0301736111111-91_268-217&439_533&536-526&536_218&523_217&439_533&450-0_0_3_24_25_25_33_30-118-195.jpg	finetune_quant_dataset/quant_0531.jpg	08FBB650FBC8D12A1C84E8774A4BBCBA20C90DC20E23DA607E1BC869E0754AA2	720	1160	0.551724137931	121	0
532	other_all	old	train	train	3	D:\Yolo_LPR_RK3568_FPGA_Project\1_PC_Training\datasets\yolo_format\images\train\crpd_66_0267.jpg	finetune_quant_dataset/quant_0532.jpg	CB44DE960E9912C94F59CF38C316418B109CF236554793243254C893C44DB9FA	1920	1080	0.333333333333	0	140
533	green	old	train	train	1	D:\Yolo_LPR_RK3568_FPGA_Project\1_PC_Training\datasets\yolo_format\images\train\ccpd_green_train_0159722222222-90_90-237&426_467&496-464&496_237&495_237&426_467&427-0_0_3_24_25_31_32_33-154-188.jpg	finetune_quant_dataset/quant_0533.jpg	63F86E39104AD0518096951E293C6A2CAE1967083A65649FEBCC4B6638AFF444	720	1160	0.551724137931	121	0
534	other_all	old	train	train	3	D:\Yolo_LPR_RK3568_FPGA_Project\1_PC_Training\datasets\yolo_format\images\train\crpd_66_1432.jpg	finetune_quant_dataset/quant_0534.jpg	DB5390BF7C60F44FAD2D92890D455B5F37281E3F29F86DF752C7077B09AF4F9C	1920	1080	0.333333333333	0	140
535	other_all	old	train	train	3	D:\Yolo_LPR_RK3568_FPGA_Project\1_PC_Training\datasets\yolo_format\images\train\crpd_66_0025.jpg	finetune_quant_dataset/quant_0535.jpg	803175ECF324B74448E467F1B721EDC60D90EFB241DC223196C05964EA3577B7	1920	1080	0.333333333333	0	140
536	blue	old	train	train	0,0	D:\Yolo_LPR_RK3568_FPGA_Project\1_PC_Training\datasets\yolo_format\images\train\crpd_58_0568.jpg	finetune_quant_dataset/quant_0536.jpg	ED5659D5091E68D007551147330A2FABB12228A2611628B6D2B326CB609F55A3	1920	1080	0.333333333333	0	140
537	yellow_single	old	train	train	2	D:\Yolo_LPR_RK3568_FPGA_Project\1_PC_Training\datasets\yolo_format\images\train\crpd_56_0516.jpg	finetune_quant_dataset/quant_0537.jpg	50B408397A4134ED0E5AA3526925F6C3713AD2274D692B8C228BC0104EB167B9	1920	1080	0.333333333333	0	140
538	other_all	old	train	train	3	D:\Yolo_LPR_RK3568_FPGA_Project\1_PC_Training\datasets\yolo_format\images\train\crpd_66_1096.jpg	finetune_quant_dataset/quant_0538.jpg	026B3ECD131745876C0B95BD66AA1974FF58D9841C19988E75B840968C018806	1920	1080	0.333333333333	0	140
539	blue	old	train	train	0	D:\Yolo_LPR_RK3568_FPGA_Project\1_PC_Training\datasets\yolo_format\images\train\crpd_45_0836.jpg	finetune_quant_dataset/quant_0539.jpg	7CF832864A69E529D56DBEA228957DF5F4F482CF42A2EE0DFDC428A2E5691233	1920	1080	0.333333333333	0	140
540	other_all	old	train	train	3	D:\Yolo_LPR_RK3568_FPGA_Project\1_PC_Training\datasets\yolo_format\images\train\crpd_66_0194.jpg	finetune_quant_dataset/quant_0540.jpg	D947873C358A01E9029BF50F2FA31998645A700F6AB2028CE2D7073D8D5798A5	1600	1200	0.4	0	80
541	yellow_single	old	train	train	2	D:\Yolo_LPR_RK3568_FPGA_Project\1_PC_Training\datasets\yolo_format\images\train\crpd_45_1557.jpg	finetune_quant_dataset/quant_0541.jpg	57B2AE4D46E36A13AACB995CC0E06F58DA8FF0D707C4C0FA9C49D78053808456	1920	1080	0.333333333333	0	140
542	yellow_single	old	train	train	2	D:\Yolo_LPR_RK3568_FPGA_Project\1_PC_Training\datasets\yolo_format\images\train\crpd_1 (250).jpg	finetune_quant_dataset/quant_0542.jpg	1989D8E444F2F781706EF4EAA7993CC07F321D4E33025ADD4663FDB116495D8B	1628	1236	0.39312039312	0	77
543	yellow_single	old	train	train	2	D:\Yolo_LPR_RK3568_FPGA_Project\1_PC_Training\datasets\yolo_format\images\train\crpd_54_1090.jpg	finetune_quant_dataset/quant_0543.jpg	7C89047E6E9C23A1BEE2F0548C81F9BEE7A645B357A115130A82EC9A36AD3305	1920	1080	0.333333333333	0	140
544	green	old	train	train	1	D:\Yolo_LPR_RK3568_FPGA_Project\1_PC_Training\datasets\yolo_format\images\train\ccpd_green_train_019248046875-89_253-248&399_491&479-491&479_268&474_248&404_474&399-0_0_3_24_29_33_24_26-124-183.jpg	finetune_quant_dataset/quant_0544.jpg	502D3FCCAA878281484C2430545B139F3B11094AA9AE17E08DB8AF29F147D14F	720	1160	0.551724137931	121	0
545	other_all	old	val	val	3	D:\Yolo_LPR_RK3568_FPGA_Project\1_PC_Training\datasets\yolo_format\images\val\crpd_51_0991.jpg	finetune_quant_dataset/quant_0545.jpg	4118571CA410FE00A108AF9B79563F38B2CDA00B2E3C436E073E58929F1DB1B6	1600	1200	0.4	0	80
546	other_all	special	train	香港出入境车牌	3	D:\Yolo_LPR_RK3568_FPGA_Project\1_PC_Training\datasets\特殊车牌\image\香港出入境车牌\粤ZCB00港.jpg	finetune_quant_dataset/quant_0546.jpg	8C5A092911F8C0D464F95A3ED94E186C43E0779AF883E89BDB569264B940130B	1600	1200	0.4	0	80
547	other_all	special	train	香港出入境车牌	3	D:\Yolo_LPR_RK3568_FPGA_Project\1_PC_Training\datasets\特殊车牌\image\香港出入境车牌\粤ZAA66港.jpg	finetune_quant_dataset/quant_0547.jpg	972E55612FAE2F143D537C2C5BD9E4802F792E01B70D711161F2A1CE0ADBFE4E	1600	1200	0.4	0	80
548	other_all	old	train	train	3	D:\Yolo_LPR_RK3568_FPGA_Project\1_PC_Training\datasets\yolo_format\images\train\crpd_66_1286.jpg	finetune_quant_dataset/quant_0548.jpg	BF26652025CF6AB777F9D32B08775B39985017F32AC601952608BD0DB203256F	1920	1080	0.333333333333	0	140
549	other_all	old	train	train	3	D:\Yolo_LPR_RK3568_FPGA_Project\1_PC_Training\datasets\yolo_format\images\train\crpd_66_0294.jpg	finetune_quant_dataset/quant_0549.jpg	A50E08DD92347AB17B0DC5F5EB32F8C856D0CB5B18FBB64D996B9414235DAD34	1920	1080	0.333333333333	0	140
550	green	old	train	train	1	D:\Yolo_LPR_RK3568_FPGA_Project\1_PC_Training\datasets\yolo_format\images\train\ccpd_green_train_0110590277778-90_262-290&449_472&511-472&511_297&506_290&449_465&451-0_0_3_25_24_26_24_32-155-101.jpg	finetune_quant_dataset/quant_0550.jpg	886D37A9EAF53E5C114ECB1BF3984B68DB75D9861B85D4D7B8FAE50F79C0DAB6	720	1160	0.551724137931	121	0
551	other_all	special	train	警用车牌	3	D:\Yolo_LPR_RK3568_FPGA_Project\1_PC_Training\datasets\特殊车牌\image\警用车牌\粤02539警.jpg	finetune_quant_dataset/quant_0551.jpg	688B2FE59F0FB6DB28191344CC4F4E344BD11AE6F96D8A4EB0876DA4ADB6C616	1600	1200	0.4	0	80
552	blue	old	train	train	0,0	D:\Yolo_LPR_RK3568_FPGA_Project\1_PC_Training\datasets\yolo_format\images\train\crpd_56_0734.jpg	finetune_quant_dataset/quant_0552.jpg	27013B41069B5749BEE049A4C8E3C004FA199E4B51446716718CB43A0F26A486	1920	1080	0.333333333333	0	140
553	yellow_single	old	train	train	2	D:\Yolo_LPR_RK3568_FPGA_Project\1_PC_Training\datasets\yolo_format\images\train\crpd_45_1531.jpg	finetune_quant_dataset/quant_0553.jpg	B7651EF87B569CBF3C12C89D1F2F687B7F416AEA951FB0CA668C240116557A56	1920	1080	0.333333333333	0	140
554	other_all	old	train	train	0,3	D:\Yolo_LPR_RK3568_FPGA_Project\1_PC_Training\datasets\yolo_format\images\train\crpd_45_0677.jpg	finetune_quant_dataset/quant_0554.jpg	3E2502A5B14F874FC4FA23046F6468F41D279BA248435C0A1BD2B7AB2A1C705E	1920	1080	0.333333333333	0	140
555	yellow_single	old	train	train	2	D:\Yolo_LPR_RK3568_FPGA_Project\1_PC_Training\datasets\yolo_format\images\train\crpd_36_0572.jpg	finetune_quant_dataset/quant_0555.jpg	F689A99ED2A922C627F9D729AB6EBC9C8D8E9E47F6DE286D52DCCC5039221087	1600	1200	0.4	0	80
556	other_all	special	train	教练车牌	3	D:\Yolo_LPR_RK3568_FPGA_Project\1_PC_Training\datasets\特殊车牌\image\教练车牌\粤S6487学.jpg	finetune_quant_dataset/quant_0556.jpg	F48A2ED662C4AD0C43C7AC9C2B3BCA8E4FEA70818691478BB98891603A7F20D6	1600	1200	0.4	0	80
557	blue	old	train	train	0,0,0	D:\Yolo_LPR_RK3568_FPGA_Project\1_PC_Training\datasets\yolo_format\images\train\crpd_39_0199.jpg	finetune_quant_dataset/quant_0557.jpg	538520D221B8B39FD50836477DBC2CAD31E9AE32903BADBEA00C775BFE3B20D4	1600	1200	0.4	0	80
558	green	old	train	train	1	D:\Yolo_LPR_RK3568_FPGA_Project\1_PC_Training\datasets\yolo_format\images\train\ccpd_green_train_0188671875-90_269-245&484_497&560-485&551_245&560_246&488_497&484-0_0_5_25_24_24_24_24-72-24.jpg	finetune_quant_dataset/quant_0558.jpg	8924A70F88DF4A3C94E29B326068C199B160A0A29C03FC76B5F716C5635BBB62	720	1160	0.551724137931	121	0
559	other_all	old	train	train	3	D:\Yolo_LPR_RK3568_FPGA_Project\1_PC_Training\datasets\yolo_format\images\train\crpd_62_0167.jpg	finetune_quant_dataset/quant_0559.jpg	89165E92BE9A2AE4FCB26F7DDA84AF5B3FFF5787880E720D2DFF392E69C8BE74	1600	1200	0.4	0	80
560	other_all	special	val	澳门出入境车牌	3	D:\Yolo_LPR_RK3568_FPGA_Project\1_PC_Training\datasets\特殊车牌\image\澳门出入境车牌\粤Z1565澳.jpg	finetune_quant_dataset/quant_0560.jpg	812309FFB2F47D0E02342ED43F0EF2D7551D97F3E1088AE0D61201DBE4F2FB4A	1600	1200	0.4	0	80
561	yellow_single	old	train	train	2	D:\Yolo_LPR_RK3568_FPGA_Project\1_PC_Training\datasets\yolo_format\images\train\crpd_1 (821).jpg	finetune_quant_dataset/quant_0561.jpg	CC65DCCC3AF6A9E6E35D48977088A604A8E1FDD7CBCBDE8CFBD56B564E382A52	1628	1236	0.39312039312	0	77
562	other_all	special	train	澳门出入境车牌	3	D:\Yolo_LPR_RK3568_FPGA_Project\1_PC_Training\datasets\特殊车牌\image\澳门出入境车牌\粤Z2806澳.jpg	finetune_quant_dataset/quant_0562.jpg	6B09BAF7E4AEB370036B5410C82F070E3A6136AB003F71256E79F47B64168A6F	1600	1200	0.4	0	80
563	other_all	special	train	香港出入境车牌	3	D:\Yolo_LPR_RK3568_FPGA_Project\1_PC_Training\datasets\特殊车牌\image\香港出入境车牌\粤ZHH28港.jpg	finetune_quant_dataset/quant_0563.jpg	B8FCC0102BA759609FC844BA92F0AFB684127A0EA5FA9D115741317277D0D9EA	1600	1200	0.4	0	80
564	green	old	train	train	1	D:\Yolo_LPR_RK3568_FPGA_Project\1_PC_Training\datasets\yolo_format\images\train\ccpd_green_train_0216471354167-90_92-207&466_492&542-492&542_213&541_207&466_490&466-0_0_3_25_24_24_24_26-121-177.jpg	finetune_quant_dataset/quant_0564.jpg	55D790CE0282345F1C712EA8C3403D8F58BA2C70BB44F9E8871DA5C97ABB64C7	720	1160	0.551724137931	121	0
565	blue	old	train	train	0	D:\Yolo_LPR_RK3568_FPGA_Project\1_PC_Training\datasets\yolo_format\images\train\crpd_59_0104.jpg	finetune_quant_dataset/quant_0565.jpg	13D9EED871FF39DF89A0CCBEBC8D49761B684A956B03D86E9ECBC1B274ED376F	1920	1080	0.333333333333	0	140
566	blue	old	train	train	0	D:\Yolo_LPR_RK3568_FPGA_Project\1_PC_Training\datasets\yolo_format\images\train\crpd_42_0381.jpg	finetune_quant_dataset/quant_0566.jpg	3F9A57669CEA75364FE91CD162CEADA2752FB678B1EB61D1086481548637EF40	1920	1080	0.333333333333	0	140
567	blue	old	train	train	0	D:\Yolo_LPR_RK3568_FPGA_Project\1_PC_Training\datasets\yolo_format\images\train\ccpd_blue_ccpd_base_0176843869731-89_84-219&517_469&599-488&605_221&612_217&521_484&514-0_0_33_27_29_29_31-160-20.jpg	finetune_quant_dataset/quant_0567.jpg	FDDE6256B2156BA79B1FD0C67EEAC6B84986C76C8EA74ACCEDCB28146127D4F1	720	1160	0.551724137931	121	0
568	yellow_single	old	train	train	2	D:\Yolo_LPR_RK3568_FPGA_Project\1_PC_Training\datasets\yolo_format\images\train\crpd_45_0903.jpg	finetune_quant_dataset/quant_0568.jpg	4AF762ED87087F554FF71027BA3367729633D6A7CE4293B0E06DB3A3AB0CF64A	1920	1080	0.333333333333	0	140
569	blue	old	train	train	0,0,0	D:\Yolo_LPR_RK3568_FPGA_Project\1_PC_Training\datasets\yolo_format\images\train\crpd_49_0579.jpg	finetune_quant_dataset/quant_0569.jpg	D07F6562F4220ECA01CA4226D2E0C2D9D98C4A21A214025A4E7C1C9CFA7CD9C7	1600	1200	0.4	0	80
570	blue	old	train	train	0,0	D:\Yolo_LPR_RK3568_FPGA_Project\1_PC_Training\datasets\yolo_format\images\train\crpd_36_0489.jpg	finetune_quant_dataset/quant_0570.jpg	F2606DE930443AA66ABCC775F835B568ACFF1761E08EEF45D7051BB1F705AC9C	1600	1200	0.4	0	80
571	other_all	special	train	香港出入境车牌	3	D:\Yolo_LPR_RK3568_FPGA_Project\1_PC_Training\datasets\特殊车牌\image\香港出入境车牌\粤ZGG44港.jpg	finetune_quant_dataset/quant_0571.jpg	D3706052A40B5152B55871E6CF7C46C8FB0ABE4EB39FA54F7E2089957AB57B47	1600	1200	0.4	0	80
572	other_all	old	train	train	3	D:\Yolo_LPR_RK3568_FPGA_Project\1_PC_Training\datasets\yolo_format\images\train\crpd_66_1715.jpg	finetune_quant_dataset/quant_0572.jpg	82EF41095A6F64363F6EAE8EEFE07286C29A3E465DDA1394A5E6ABB8A7BDC437	1920	1080	0.333333333333	0	140
573	other_all	old	train	train	3	D:\Yolo_LPR_RK3568_FPGA_Project\1_PC_Training\datasets\yolo_format\images\train\crpd_66_1436.jpg	finetune_quant_dataset/quant_0573.jpg	2E9EE6631BCD9EB8F439CC25A94B4619A740868F71194FF0648C2DDE27EA4EDD	1920	1080	0.333333333333	0	140
574	yellow_single	old	train	train	2	D:\Yolo_LPR_RK3568_FPGA_Project\1_PC_Training\datasets\yolo_format\images\train\crpd_1 (74).jpg	finetune_quant_dataset/quant_0574.jpg	F6DA5EACA659D0579D501CC1517E5756B5F32C80C660F988A05CF7DD80B6967A	1628	1236	0.39312039312	0	77
575	green	old	train	train	1	D:\Yolo_LPR_RK3568_FPGA_Project\1_PC_Training\datasets\yolo_format\images\train\ccpd_green_train_0372591145833-90_267-177&409_531&515-530&515_182&515_177&409_531&413-0_0_3_24_33_27_25_28-135-74.jpg	finetune_quant_dataset/quant_0575.jpg	95EC5E833D4D04CD691135BD9D86FF730BE6059987A8EACBCFD48B0064B15115	720	1160	0.551724137931	121	0
576	green	old	train	train	1	D:\Yolo_LPR_RK3568_FPGA_Project\1_PC_Training\datasets\yolo_format\images\train\ccpd_green_train_0205729166667-88_269-196&419_436&505-433&493_199&505_196&428_436&419-0_0_3_25_25_24_25_25-183-52.jpg	finetune_quant_dataset/quant_0576.jpg	25F5FA9901A6AFEF458A3D72CC70164A8B0732B551EE1211EBA11711AB8AC8AB	720	1160	0.551724137931	121	0
577	blue	old	train	train	0	D:\Yolo_LPR_RK3568_FPGA_Project\1_PC_Training\datasets\yolo_format\images\train\ccpd_blue_ccpd_base_0230747126436-96_77-231&503_475&589-462&607_230&569_220&488_452&526-0_0_19_15_28_32_32-153-71.jpg	finetune_quant_dataset/quant_0577.jpg	8CB11ACCBBD84D6EB50B10FD91E00A74069EF527446D8536F5EB8451C80DDC7C	720	1160	0.551724137931	121	0
578	green	old	train	train	1	D:\Yolo_LPR_RK3568_FPGA_Project\1_PC_Training\datasets\yolo_format\images\train\ccpd_green_train_0412738715278-90_94-120&426_538&526-532&526_134&525_120&426_538&430-0_0_3_24_32_31_30_25-71-109.jpg	finetune_quant_dataset/quant_0578.jpg	F13F43F725E6776699C0064574897DD16EB6BC304D0F7E6865F2C8C3C66A925E	720	1160	0.551724137931	121	0
579	blue	old	train	train	0	D:\Yolo_LPR_RK3568_FPGA_Project\1_PC_Training\datasets\yolo_format\images\train\ccpd_blue_ccpd_weather_0241-0_1-252&477_492&561-491&558_252&561_253&480_492&477-0_0_33_23_26_27_28-103-102.jpg	finetune_quant_dataset/quant_0579.jpg	165D06160C93FDED5258CDB2E86F7369C5512F4E057905CE16A8E1395E12EE42	720	1160	0.551724137931	121	0
580	other_all	special	train	澳门出入境车牌	3	D:\Yolo_LPR_RK3568_FPGA_Project\1_PC_Training\datasets\特殊车牌\image\澳门出入境车牌\粤Z4746澳.jpg	finetune_quant_dataset/quant_0580.jpg	474BD3030474F2E7BEF035A2F92E83B0F056E36AFF61BE33111409E3E32520F5	1600	1200	0.4	0	80
581	blue	old	train	train	0	D:\Yolo_LPR_RK3568_FPGA_Project\1_PC_Training\datasets\yolo_format\images\train\crpd_61_0338.jpg	finetune_quant_dataset/quant_0581.jpg	6A5EC81F93567DD8007207AE3FF217C9829A6014E7F6C82D689A70929C139F7C	1600	1200	0.4	0	80
582	other_all	old	train	train	3	D:\Yolo_LPR_RK3568_FPGA_Project\1_PC_Training\datasets\yolo_format\images\train\crpd_66_1047.jpg	finetune_quant_dataset/quant_0582.jpg	0E88E86F369CE1027C7722A87C5D649F36E41840F69BF34B56326B8913860D65	1920	1080	0.333333333333	0	140
583	yellow_single	old	train	train	2	D:\Yolo_LPR_RK3568_FPGA_Project\1_PC_Training\datasets\yolo_format\images\train\crpd_66_0178.jpg	finetune_quant_dataset/quant_0583.jpg	7057D0BCEDF6D202DB4A1D0471E5C6125B7A6EBF29C488E95EDF94C81647591C	1920	1080	0.333333333333	0	140
584	blue	old	train	train	0	D:\Yolo_LPR_RK3568_FPGA_Project\1_PC_Training\datasets\yolo_format\images\train\ccpd_blue_ccpd_fn_0802-10_16-120&457_501&633-501&633_130&561_120&457_491&529-0_0_16_28_10_29_30-56-95.jpg	finetune_quant_dataset/quant_0584.jpg	AFE4C22F0C136DA69ED93B66895A322EA3A319AFFCBBE6489E4A20517A64EBAA	720	1160	0.551724137931	121	0
585	other_all	old	train	train	3	D:\Yolo_LPR_RK3568_FPGA_Project\1_PC_Training\datasets\yolo_format\images\train\crpd_66_1448.jpg	finetune_quant_dataset/quant_0585.jpg	A9A5984EC97223788943C665E31FD4DA0E7594C0CE2F592D0B198070A8E5238D	1920	1080	0.333333333333	0	140
586	yellow_single	old	train	train	2	D:\Yolo_LPR_RK3568_FPGA_Project\1_PC_Training\datasets\yolo_format\images\train\crpd_45_1074.jpg	finetune_quant_dataset/quant_0586.jpg	D57D09E7E53E9FB7C2E77F5F892E02B1AAF35F6C9D4DBBD6B047DC1DDC3E29EC	1600	1200	0.4	0	80
587	other_all	old	train	train	3	D:\Yolo_LPR_RK3568_FPGA_Project\1_PC_Training\datasets\yolo_format\images\train\crpd_66_1142.jpg	finetune_quant_dataset/quant_0587.jpg	E53E8CAE79212C5E226CD98706785D155CF7960D7DD7F08EE6D7828A451788C4	1600	1200	0.4	0	80
588	blue	old	train	train	0	D:\Yolo_LPR_RK3568_FPGA_Project\1_PC_Training\datasets\yolo_format\images\train\ccpd_blue_ccpd_fn_0716-22_52-65&437_372&632-372&632_115&525_65&437_322&544-0_0_23_27_32_26_32-86-100.jpg	finetune_quant_dataset/quant_0588.jpg	544580ABE30237E63C123128CDAB2811974C49699468788F9D9AFEFCDAEC8644	720	1160	0.551724137931	121	0
589	green	old	train	train	1	D:\Yolo_LPR_RK3568_FPGA_Project\1_PC_Training\datasets\yolo_format\images\train\ccpd_green_train_0126117621528-93_265-298&442_495&506-491&506_298&501_305&442_495&454-0_0_3_25_30_30_32_32-170-176.jpg	finetune_quant_dataset/quant_0589.jpg	DBD30A36A5ECCAAA3CFE0BEFBD36DA3274E083420B29D54597010B8B727650CC	720	1160	0.551724137931	121	0
590	other_all	old	train	train	3	D:\Yolo_LPR_RK3568_FPGA_Project\1_PC_Training\datasets\yolo_format\images\train\crpd_66_1094.jpg	finetune_quant_dataset/quant_0590.jpg	CC2B8E9BD6F03E9BE64AED243D9230D81FFF4ED56088B65A4524500C1518C5FE	1920	1080	0.333333333333	0	140
591	blue	old	train	train	0	D:\Yolo_LPR_RK3568_FPGA_Project\1_PC_Training\datasets\yolo_format\images\train\ccpd_blue_ccpd_base_0657327586207-90_87-133&447_579&601-589&609_128&606_118&447_579&450-0_0_23_16_28_33_27-175-100.jpg	finetune_quant_dataset/quant_0591.jpg	BB9E89C97768789DBCAA7619CB5692A377D4EDF0E8F1ACC4BE078B07E2CAE32B	720	1160	0.551724137931	121	0
592	yellow_single	old	train	train	2	D:\Yolo_LPR_RK3568_FPGA_Project\1_PC_Training\datasets\yolo_format\images\train\crpd_1 (444).jpg	finetune_quant_dataset/quant_0592.jpg	3C97F0D61359731DCB7FB73FB877F0BBB2B98A5D6B08C2F7327D1B3A088C24E1	1628	1236	0.39312039312	0	77
593	yellow_single	old	train	train	2	D:\Yolo_LPR_RK3568_FPGA_Project\1_PC_Training\datasets\yolo_format\images\train\crpd_55_0374.jpg	finetune_quant_dataset/quant_0593.jpg	A1B59D2A807A3FA20173DFF047384FFB8E18E656CAF3FF872318D380BBAD9683	1920	1080	0.333333333333	0	140
594	green	old	train	train	1	D:\Yolo_LPR_RK3568_FPGA_Project\1_PC_Training\datasets\yolo_format\images\train\ccpd_green_train_0143294270833-90_269-246&488_459&555-459&552_246&555_247&490_457&488-0_0_3_24_30_30_31_25-167-23.jpg	finetune_quant_dataset/quant_0594.jpg	B8356E66B251AF716A866F98AB0F741E7F851220C5B64C0A66E656EF1330CD17	720	1160	0.551724137931	121	0
595	other_all	special	val	警用车牌	3	D:\Yolo_LPR_RK3568_FPGA_Project\1_PC_Training\datasets\特殊车牌\image\警用车牌\粤S0090警.jpg	finetune_quant_dataset/quant_0595.jpg	8D4FCB7FBF2A56B6E9FBC08D291627741A2667EEC5FECA1516B8943700FFA81E	1600	1200	0.4	0	80
596	green	old	train	train	1	D:\Yolo_LPR_RK3568_FPGA_Project\1_PC_Training\datasets\yolo_format\images\train\ccpd_green_train_0221875-92_90-190&465_478&542-476&542_197&529_190&465_478&474-0_0_3_24_32_30_28_24-83-250.jpg	finetune_quant_dataset/quant_0596.jpg	D7338CCA6C1271D9A2D7E36FE7189A47AB31548D365DDA4CACCC7FAA9F8BF81D	720	1160	0.551724137931	121	0
597	blue	old	train	train	0	D:\Yolo_LPR_RK3568_FPGA_Project\1_PC_Training\datasets\yolo_format\images\train\ccpd_blue_ccpd_base_0273898467433-92_81-183&363_456&479-468&475_189&451_169&357_448&381-0_0_2_24_15_24_27-137-75.jpg	finetune_quant_dataset/quant_0597.jpg	EE03A3F207C430A3F30D34C8F070318D0E92737ADBCCF2CBABE1BE4D97E288F9	720	1160	0.551724137931	121	0
598	blue	old	train	train	0,0	D:\Yolo_LPR_RK3568_FPGA_Project\1_PC_Training\datasets\yolo_format\images\train\crpd_55_1052.jpg	finetune_quant_dataset/quant_0598.jpg	B5E46E1765B51A846BD7DBC85C40037FF7CB66CD09D19FEBBC60A4AB2C0D8020	1600	1200	0.4	0	80
599	yellow_single	old	train	train	2	D:\Yolo_LPR_RK3568_FPGA_Project\1_PC_Training\datasets\yolo_format\images\train\crpd_40_0723.jpg	finetune_quant_dataset/quant_0599.jpg	B7E31B292BB104B9BE5FF18BF335515F5F06E34DFF7380507017D4CF351F3E29	1920	1080	0.333333333333	0	140
600	other_all	old	train	train	3	D:\Yolo_LPR_RK3568_FPGA_Project\1_PC_Training\datasets\yolo_format\images\train\crpd_66_0297.jpg	finetune_quant_dataset/quant_0600.jpg	91EC6CACDF004BFFB713D209DD041851B8B7E735B986E1F3D1CAB6CA975D2E1A	1920	1080	0.333333333333	0	140
601	other_all	old	train	train	3	D:\Yolo_LPR_RK3568_FPGA_Project\1_PC_Training\datasets\yolo_format\images\train\crpd_66_1285.jpg	finetune_quant_dataset/quant_0601.jpg	2B6998FBA61EF947DABBC3F334984F062FEA805F14298D2329C941103AD0FF13	1920	1080	0.333333333333	0	140
602	blue	old	train	train	0	D:\Yolo_LPR_RK3568_FPGA_Project\1_PC_Training\datasets\yolo_format\images\train\ccpd_blue_ccpd_challenge_0092-5_0-476&374_611&431-611&419_480&431_476&386_607&374-0_0_32_30_1_30_27-53-23.jpg	finetune_quant_dataset/quant_0602.jpg	DC47803C895029F4CA44C36833F72D9411F94798E56F936AF3D562408DDD87B3	720	1160	0.551724137931	121	0
603	yellow_single	old	train	train	2	D:\Yolo_LPR_RK3568_FPGA_Project\1_PC_Training\datasets\yolo_format\images\train\crpd_61_0628.jpg	finetune_quant_dataset/quant_0603.jpg	F668C3D1C2BBF0EE1035FB09F190B0F887DEF70433E3775950CEC1808E676348	1920	1080	0.333333333333	0	140
604	blue	old	train	train	0	D:\Yolo_LPR_RK3568_FPGA_Project\1_PC_Training\datasets\yolo_format\images\train\ccpd_blue_ccpd_db_0408-0_0-302&504_599&619-597&619_302&619_304&504_599&504-0_0_26_32_19_26_31-18-2.jpg	finetune_quant_dataset/quant_0604.jpg	87742FAB6F18519EFEF52A9F33094E92FE389DDF95CDE58C307791FF35C9032E	720	1160	0.551724137931	121	0
605	yellow_single	old	train	train	2	D:\Yolo_LPR_RK3568_FPGA_Project\1_PC_Training\datasets\yolo_format\images\train\crpd_40_0439.jpg	finetune_quant_dataset/quant_0605.jpg	2806B3FBADC4A28262031D07E13A2F5B9A65FFA9E71BC654AF877F4D10638C0B	1920	1080	0.333333333333	0	140
606	other_all	old	train	train	3	D:\Yolo_LPR_RK3568_FPGA_Project\1_PC_Training\datasets\yolo_format\images\train\crpd_66_0391.jpg	finetune_quant_dataset/quant_0606.jpg	B969BDFC27C276252B1826A0FF7BF31EFFDAADFBBCF9BBE274A4C8C3754336A8	1600	1200	0.4	0	80
607	other_all	special	train	香港出入境车牌	3	D:\Yolo_LPR_RK3568_FPGA_Project\1_PC_Training\datasets\特殊车牌\image\香港出入境车牌\粤Z4552港.jpg	finetune_quant_dataset/quant_0607.jpg	B9F93AFE813612037CFE9112A78EB184AD79A783E0F16EA4CF96265CFBF25765	1600	1200	0.4	0	80
608	green	old	train	train	1	D:\Yolo_LPR_RK3568_FPGA_Project\1_PC_Training\datasets\yolo_format\images\train\ccpd_green_train_0144748263889-90_264-275&445_505&508-505&507_280&508_275&447_501&445-0_0_5_24_24_31_24_24-89-71.jpg	finetune_quant_dataset/quant_0608.jpg	004EE8619D92D8828789EC85D9868D73F57CC843B003D7A56782FAF4A09D9BCE	720	1160	0.551724137931	121	0
609	blue	old	train	train	0	D:\Yolo_LPR_RK3568_FPGA_Project\1_PC_Training\datasets\yolo_format\images\train\ccpd_blue_ccpd_tilt_0536-24_42-252&421_488&611-455&519_252&611_285&513_488&421-0_0_32_7_30_30_26-126-80.jpg	finetune_quant_dataset/quant_0609.jpg	83FB20DD0689C3F67A2F53404A317BBE650D1D5625312EA015F6C487EE9967F5	720	1160	0.551724137931	121	0
610	yellow_single	old	train	train	2	D:\Yolo_LPR_RK3568_FPGA_Project\1_PC_Training\datasets\yolo_format\images\train\crpd_45_0935.jpg	finetune_quant_dataset/quant_0610.jpg	BEE60FC6A7549E5D9B0DC98B786C7F3CDC0D43D411E56A904C12D83EA2B93C4D	1920	1080	0.333333333333	0	140
611	green	old	train	train	1	D:\Yolo_LPR_RK3568_FPGA_Project\1_PC_Training\datasets\yolo_format\images\train\ccpd_green_train_027083333333333334-90_267-187&427_499&515-493&515_191&515_187&427_499&427-0_0_3_25_25_24_24_24-72-59.jpg	finetune_quant_dataset/quant_0611.jpg	8F429066F12631AFC184619CD27EBE6259466EE5EF6BF0E4485C7522C33750F0	720	1160	0.551724137931	121	0
612	green	old	train	train	1	D:\Yolo_LPR_RK3568_FPGA_Project\1_PC_Training\datasets\yolo_format\images\train\ccpd_green_train_0179296875-90_90-265&393_508&468-508&466_265&468_265&398_508&393-0_0_3_24_30_33_33_32-150-333.jpg	finetune_quant_dataset/quant_0612.jpg	C4C0CBE9747CB0D1BFC91BE58F0515C445FEEEF0193D8DA08194C7EF41E00D16	720	1160	0.551724137931	121	0
613	blue	old	train	train	0	D:\Yolo_LPR_RK3568_FPGA_Project\1_PC_Training\datasets\yolo_format\images\train\ccpd_blue_ccpd_fn_0792-10_28-116&449_510&617-510&617_150&553_116&449_476&513-0_0_30_26_9_32_24-73-120.jpg	finetune_quant_dataset/quant_0613.jpg	8837B9EB6285D110B6695C833B04C514DFC0A69ED1ECE8B6A274084B4682BA85	720	1160	0.551724137931	121	0
614	blue	old	train	train	0	D:\Yolo_LPR_RK3568_FPGA_Project\1_PC_Training\datasets\yolo_format\images\train\ccpd_blue_ccpd_weather_0563-19_33-288&386_551&565-528&480_288&565_311&471_551&386-0_0_24_31_12_31_27-61-99.jpg	finetune_quant_dataset/quant_0614.jpg	38977DE3324CC63C96278102FEA74EDA5CB5A0FDC0CEF3E4BB8846EB98054335	720	1160	0.551724137931	121	0
615	blue	old	train	train	0,0	D:\Yolo_LPR_RK3568_FPGA_Project\1_PC_Training\datasets\yolo_format\images\train\crpd_36_0390.jpg	finetune_quant_dataset/quant_0615.jpg	EB1A72C1325046BB3497DF08E75EF88110B12F154358D5BB02176CE2D1350A04	1600	1200	0.4	0	80
616	yellow_single	old	train	train	0,2	D:\Yolo_LPR_RK3568_FPGA_Project\1_PC_Training\datasets\yolo_format\images\train\crpd_58_0095.jpg	finetune_quant_dataset/quant_0616.jpg	9BBE237BF53D0AE943A6BE283DC081479795522F0373ECAF29FE7B4A008E5C59	1920	1080	0.333333333333	0	140
617	blue	old	train	train	0	D:\Yolo_LPR_RK3568_FPGA_Project\1_PC_Training\datasets\yolo_format\images\train\ccpd_blue_ccpd_rotate_0569-21_12-211&417_450&616-450&529_229&616_211&504_432&417-10_0_7_31_31_10_26-180-34.jpg	finetune_quant_dataset/quant_0617.jpg	AE52FB0ECB05C8FE84BF0CA6DFFC4AD9DB7261E3410768F1F96DCA4C49D17DCD	720	1160	0.551724137931	121	0
618	yellow_single	old	train	train	2	D:\Yolo_LPR_RK3568_FPGA_Project\1_PC_Training\datasets\yolo_format\images\train\crpd_57_0147.jpg	finetune_quant_dataset/quant_0618.jpg	30C2CBCC737A2539511BA3484D7C6DFD98E039EE7F1B43E8E99D52754D364416	1920	1080	0.333333333333	0	140
619	blue	old	train	train	0	D:\Yolo_LPR_RK3568_FPGA_Project\1_PC_Training\datasets\yolo_format\images\train\ccpd_blue_ccpd_challenge_0396-8_10-254&456_484&600-484&600_258&568_254&456_480&488-0_0_0_31_17_32_33-50-1.jpg	finetune_quant_dataset/quant_0619.jpg	7CD9FA54171ACD5EE076940B720B963ABF25FBE6300609963DAD5FA1D906BF73	720	1160	0.551724137931	121	0
620	other_all	special	val	香港出入境车牌	3	D:\Yolo_LPR_RK3568_FPGA_Project\1_PC_Training\datasets\特殊车牌\image\香港出入境车牌\粤Z797B港.jpg	finetune_quant_dataset/quant_0620.jpg	29B3DBC1A18A6C698245FE2CDAF0A524BFD6F4E14FCBE6B9FAC70FCFDBE869DD	1600	1200	0.4	0	80
621	blue	old	train	train	0	D:\Yolo_LPR_RK3568_FPGA_Project\1_PC_Training\datasets\yolo_format\images\train\ccpd_blue_ccpd_base_013894875479-90_88-232&454_478&540-497&533_240&536_210&452_467&449-0_0_33_28_19_32_33-121-12.jpg	finetune_quant_dataset/quant_0621.jpg	331E39457256EF2CB59CD626E6EC5C19B44758167C67A080FC56D8FBF2E18FEB	720	1160	0.551724137931	121	0
622	other_all	special	train	教练车牌	3	D:\Yolo_LPR_RK3568_FPGA_Project\1_PC_Training\datasets\特殊车牌\image\教练车牌\粤C2011学.jpg	finetune_quant_dataset/quant_0622.jpg	142A394BDD5990D1E66996AE91231639221B8DAE44477F0493F2FA150F56B150	1600	1200	0.4	0	80
623	yellow_single	old	train	train	2	D:\Yolo_LPR_RK3568_FPGA_Project\1_PC_Training\datasets\yolo_format\images\train\crpd_1 (542).jpg	finetune_quant_dataset/quant_0623.jpg	A78415EAABB86FF6E0BC198FA81D539895A5414936F8C0C99AA07C6926B1280B	1628	1236	0.39312039312	0	77
624	blue	old	train	train	0	D:\Yolo_LPR_RK3568_FPGA_Project\1_PC_Training\datasets\yolo_format\images\train\crpd_57_0021.jpg	finetune_quant_dataset/quant_0624.jpg	5BA3070474E85799B821966AE3D272388E9360788E37F59EC00AA1F0DA1D349E	1600	1200	0.4	0	80
625	blue	old	train	train	0,0,0	D:\Yolo_LPR_RK3568_FPGA_Project\1_PC_Training\datasets\yolo_format\images\train\crpd_39_0949.jpg	finetune_quant_dataset/quant_0625.jpg	B8FEAD00819C2913A3B158FD5925A087E13D7779E399DE517F7B1E7413DFF80D	1600	1200	0.4	0	80
626	green	old	train	train	1	D:\Yolo_LPR_RK3568_FPGA_Project\1_PC_Training\datasets\yolo_format\images\train\ccpd_green_train_0452528211806-91_258-146&464_585&567-578&567_162&558_146&464_585&472-0_0_3_25_33_33_32_30-79-51.jpg	finetune_quant_dataset/quant_0626.jpg	F870E6A7106272200854A2620D14958FC031E25164CB89227E65920EB93FA265	720	1160	0.551724137931	121	0
627	yellow_single	old	train	train	2	D:\Yolo_LPR_RK3568_FPGA_Project\1_PC_Training\datasets\yolo_format\images\train\crpd_55_0534.jpg	finetune_quant_dataset/quant_0627.jpg	65248EC3074E9FB2F147FD423168EFEC6F2E1DA391DDFFC39E0E7438F92ED43B	1920	1080	0.333333333333	0	140
628	other_all	old	train	train	3	D:\Yolo_LPR_RK3568_FPGA_Project\1_PC_Training\datasets\yolo_format\images\train\crpd_66_1616.jpg	finetune_quant_dataset/quant_0628.jpg	B756701E8FF1791E44C31A018D4AA4E71CF4C21C445F7F09A6FD81FE31DD0400	1920	1080	0.333333333333	0	140
629	yellow_single	old	train	train	2	D:\Yolo_LPR_RK3568_FPGA_Project\1_PC_Training\datasets\yolo_format\images\train\crpd_1 (740).jpg	finetune_quant_dataset/quant_0629.jpg	64142B344E830413F55E995F820E1120220A10E87494557EE3EA3EE79060AC1F	1628	1236	0.39312039312	0	77
630	yellow_single	old	train	train	2	D:\Yolo_LPR_RK3568_FPGA_Project\1_PC_Training\datasets\yolo_format\images\train\crpd_66_0532.jpg	finetune_quant_dataset/quant_0630.jpg	EF7A5DFC29E8E335A3E46D300D696E7A25112A7FF39E44CF498EE39425F5D85D	1920	1080	0.333333333333	0	140
631	green	old	train	train	1	D:\Yolo_LPR_RK3568_FPGA_Project\1_PC_Training\datasets\yolo_format\images\train\ccpd_green_train_022786458333333332-89_262-212&433_492&515-479&513_212&515_220&438_492&433-0_0_3_24_26_25_24_32-132-67.jpg	finetune_quant_dataset/quant_0631.jpg	008F55F820C0D1336E4185B78A241856EB1F3787F7BF0A21844266200EEDD105	720	1160	0.551724137931	121	0
632	green	old	train	train	1	D:\Yolo_LPR_RK3568_FPGA_Project\1_PC_Training\datasets\yolo_format\images\train\ccpd_green_train_0185677083333-90_265-222&522_470&597-470&597_227&594_222&522_469&526-0_0_3_25_25_25_25_26-147-80.jpg	finetune_quant_dataset/quant_0632.jpg	2F4664936D5172E0C77778880FFB8F5E08DE19D457001450C25999144CB81E2A	720	1160	0.551724137931	121	0
633	blue	old	train	train	0,2	D:\Yolo_LPR_RK3568_FPGA_Project\1_PC_Training\datasets\yolo_format\images\train\crpd_61_0255.jpg	finetune_quant_dataset/quant_0633.jpg	BF5A08E673C8A9C42FE24A774B4BA39EA253AD3552C1D578403B3E176CBB7240	1920	1080	0.333333333333	0	140
634	yellow_single	old	train	train	0,2	D:\Yolo_LPR_RK3568_FPGA_Project\1_PC_Training\datasets\yolo_format\images\train\crpd_57_0697.jpg	finetune_quant_dataset/quant_0634.jpg	8B84431E07EE145B8D5108E99521424ED6A7FC61D7369D09DF80EF38986AE8F7	1920	1080	0.333333333333	0	140
635	yellow_single	old	train	train	0,2	D:\Yolo_LPR_RK3568_FPGA_Project\1_PC_Training\datasets\yolo_format\images\train\crpd_60_0132.jpg	finetune_quant_dataset/quant_0635.jpg	07D92AD00BF57ABF78986019FAB2BFB023B71AA2B518E35204BA747D958D2400	1920	1080	0.333333333333	0	140
636	other_all	old	train	train	3	D:\Yolo_LPR_RK3568_FPGA_Project\1_PC_Training\datasets\yolo_format\images\train\crpd_66_0218.jpg	finetune_quant_dataset/quant_0636.jpg	ACCD681E1D0420D2263EED872D1C6DE97EDB1CC5D43550F6CEDF0F9D53E9C67F	1920	1080	0.333333333333	0	140
637	yellow_single	old	train	train	2	D:\Yolo_LPR_RK3568_FPGA_Project\1_PC_Training\datasets\yolo_format\images\train\crpd_46_1391.jpg	finetune_quant_dataset/quant_0637.jpg	0CCA2A730B2F20FE4F6F29B17AC8EB259512F86420BC5F58A8482341634C3FC8	1920	1080	0.333333333333	0	140
638	green	old	train	train	1	D:\Yolo_LPR_RK3568_FPGA_Project\1_PC_Training\datasets\yolo_format\images\train\ccpd_green_train_0423893229167-92_99-167&444_550&555-550&555_192&540_167&444_540&459-0_0_3_24_31_30_33_33-86-104.jpg	finetune_quant_dataset/quant_0638.jpg	BDD75C3C4E5521799A6F588B72D073085536A0077FB39A1C5FDE91E900E38B75	720	1160	0.551724137931	121	0
639	yellow_single	old	train	train	2	D:\Yolo_LPR_RK3568_FPGA_Project\1_PC_Training\datasets\yolo_format\images\train\crpd_54_0529.jpg	finetune_quant_dataset/quant_0639.jpg	E4517586D8CC68FC6277F5707470AC2525425A8C9CE3632B35359A7649F24F0D	1920	1080	0.333333333333	0	140
640	green	old	train	train	1	D:\Yolo_LPR_RK3568_FPGA_Project\1_PC_Training\datasets\yolo_format\images\train\ccpd_green_train_3020234375-90_100-207&488_503&557-503&557_225&555_207&494_493&488-0_0_3_25_26_31_31_31-79-256.jpg	finetune_quant_dataset/quant_0640.jpg	000E1DA518E8BACB886C90FC65E5F9F966D4F1F4EA3839E1F163231925CFE465	720	1160	0.551724137931	121	0
641	other_all	old	train	train	3	D:\Yolo_LPR_RK3568_FPGA_Project\1_PC_Training\datasets\yolo_format\images\train\crpd_66_0895.jpg	finetune_quant_dataset/quant_0641.jpg	2310883669FBCA8F79B76392B17D5B92EF5C66BAF9A867CD8FD21EC7B3451128	1920	1080	0.333333333333	0	140
642	blue	old	train	train	0	D:\Yolo_LPR_RK3568_FPGA_Project\1_PC_Training\datasets\yolo_format\images\train\ccpd_blue_ccpd_tilt_0361-14_15-228&418_411&583-409&535_228&583_230&466_411&418-0_0_31_24_23_26_29-128-216.jpg	finetune_quant_dataset/quant_0642.jpg	F0B3E9D28D7BB872D778D883B071B1C7CB82FBFC45720031C21E04C96BF10D6E	720	1160	0.551724137931	121	0
643	blue	old	train	train	0	D:\Yolo_LPR_RK3568_FPGA_Project\1_PC_Training\datasets\yolo_format\images\train\crpd_62_2039.jpg	finetune_quant_dataset/quant_0643.jpg	1C5B2DD17F94489606385447940CD3F8B859617B5A856BFC6474CC1673F703E6	2592	1936	0.246913580247	0	81
644	green	old	train	train	1	D:\Yolo_LPR_RK3568_FPGA_Project\1_PC_Training\datasets\yolo_format\images\train\ccpd_green_train_3014097222222222223-87_94-267&455_470&525-470&511_281&525_267&467_464&455-10_2_3_24_33_30_27_24-119-296.jpg	finetune_quant_dataset/quant_0644.jpg	91368F495F79C94B2385D75C684D96480F5B1CBC6815A6E1326161503E52C5B9	720	1160	0.551724137931	121	0
645	green	old	train	train	1	D:\Yolo_LPR_RK3568_FPGA_Project\1_PC_Training\datasets\yolo_format\images\train\ccpd_green_train_0252604166667-90_262-169&375_460&462-460&462_178&453_169&375_458&380-0_0_3_26_32_31_31_30-132-213.jpg	finetune_quant_dataset/quant_0645.jpg	22DF70169AD018A0AB92B5BE633302169FF1265588FDF0681FED7297A838AD99	720	1160	0.551724137931	121	0
646	blue	old	train	train	0	D:\Yolo_LPR_RK3568_FPGA_Project\1_PC_Training\datasets\yolo_format\images\train\ccpd_blue_ccpd_base_0126724137931-94_82-296&532_480&606-502&621_301&593_270&517_471&545-0_0_0_11_30_29_27-138-16.jpg	finetune_quant_dataset/quant_0646.jpg	1929842ED50AD876DADED61266C41B3BDDEEE2E8D4B45C4C8FC908E433BC2B07	720	1160	0.551724137931	121	0
647	other_all	old	train	train	3	D:\Yolo_LPR_RK3568_FPGA_Project\1_PC_Training\datasets\yolo_format\images\train\crpd_66_0173.jpg	finetune_quant_dataset/quant_0647.jpg	D110D9BB3215525E7F5EE23CBF8F15F76D3D359888D92554172782CF53B9113B	1920	1080	0.333333333333	0	140
648	yellow_single	old	train	train	2	D:\Yolo_LPR_RK3568_FPGA_Project\1_PC_Training\datasets\yolo_format\images\train\crpd_57_0278.jpg	finetune_quant_dataset/quant_0648.jpg	2ADFC1124D6099B5D3AD43F2809CF3B9F7A76DE710F37E6558E550D97AD98182	1920	1080	0.333333333333	0	140
649	other_all	old	train	train	3	D:\Yolo_LPR_RK3568_FPGA_Project\1_PC_Training\datasets\yolo_format\images\train\crpd_66_1121.jpg	finetune_quant_dataset/quant_0649.jpg	EA7C605C4FAE25C7533AC7192131931D0F2231BF98632B3585A9385C808B6314	1920	1080	0.333333333333	0	140
650	other_all	special	train	香港出入境车牌	3	D:\Yolo_LPR_RK3568_FPGA_Project\1_PC_Training\datasets\特殊车牌\image\香港出入境车牌\粤ZL939港.jpg	finetune_quant_dataset/quant_0650.jpg	355F97E5286D01B6E6C4FE1993FFC575C2535A4DC3F7D0875673C608AE5E38C5	1600	1200	0.4	0	80
651	blue	old	train	train	0,0	D:\Yolo_LPR_RK3568_FPGA_Project\1_PC_Training\datasets\yolo_format\images\train\crpd_55_0418.jpg	finetune_quant_dataset/quant_0651.jpg	B0CD749450F23286BA92358935CE8C43F82742B4ED9BC6811C2A2E0481346B0D	1920	1080	0.333333333333	0	140
652	other_all	special	train	澳门出入境车牌	3	D:\Yolo_LPR_RK3568_FPGA_Project\1_PC_Training\datasets\特殊车牌\image\澳门出入境车牌\粤Z3180澳.jpg	finetune_quant_dataset/quant_0652.jpg	15395FAF2A9ACDBBBAD3772835657B87109C761CBBE03F60A72D14E9C7FFA2D3	1600	1200	0.4	0	80
653	green	old	train	train	1	D:\Yolo_LPR_RK3568_FPGA_Project\1_PC_Training\datasets\yolo_format\images\train\ccpd_green_train_0198404947917-90_259-138&412_403&488-403&488_150&483_138&412_400&413-0_0_3_26_30_25_30_25-141-112.jpg	finetune_quant_dataset/quant_0653.jpg	B44B6C9A1B6881874C596AF5AD6C877572D10BDA0CC307445C50FA9D040829BC	720	1160	0.551724137931	121	0
654	other_all	old	train	train	3	D:\Yolo_LPR_RK3568_FPGA_Project\1_PC_Training\datasets\yolo_format\images\train\crpd_61_0922.jpg	finetune_quant_dataset/quant_0654.jpg	3753E9AAAB3C1ECA84AC1588E1976A709255EB46080A3B6E1519D38789916296	1920	1080	0.333333333333	0	140
655	other_all	old	train	train	3	D:\Yolo_LPR_RK3568_FPGA_Project\1_PC_Training\datasets\yolo_format\images\train\crpd_66_1414.jpg	finetune_quant_dataset/quant_0655.jpg	09E028870B37AAAA54475942FD85CB35791E8EA04A7F6FF5253471AB9BCF2D16	1600	1200	0.4	0	80
656	blue	old	train	train	0,2	D:\Yolo_LPR_RK3568_FPGA_Project\1_PC_Training\datasets\yolo_format\images\train\crpd_53_0265.jpg	finetune_quant_dataset/quant_0656.jpg	B9C56F23895463A568B46B39E702DDCA7A956C9C055192EF07F4429FB04477C1	1920	1080	0.333333333333	0	140
657	yellow_single	old	train	train	2	D:\Yolo_LPR_RK3568_FPGA_Project\1_PC_Training\datasets\yolo_format\images\train\crpd_60_0779.jpg	finetune_quant_dataset/quant_0657.jpg	E6D39CDEA22DD2BFB7F764C3C794D2C3B659E792AC17E34C323F823F1DC12AB2	1600	1200	0.4	0	80
658	blue	old	train	train	0,0	D:\Yolo_LPR_RK3568_FPGA_Project\1_PC_Training\datasets\yolo_format\images\train\crpd_49_1253.jpg	finetune_quant_dataset/quant_0658.jpg	5A6150A5651EE0D856660E2B2C81D8E5543EF7B0885CEB2C3585C07AE8BFE475	1600	1200	0.4	0	80
659	blue	old	train	train	0	D:\Yolo_LPR_RK3568_FPGA_Project\1_PC_Training\datasets\yolo_format\images\train\ccpd_blue_ccpd_tilt_0780-24_47-252&433_538&661-488&552_252&661_302&542_538&433-0_1_23_29_32_33_29-53-87.jpg	finetune_quant_dataset/quant_0659.jpg	8AFDB08ACA915AA81BA37908F31EE99A8862728F6BE73E7302410EE32DD9C6A3	720	1160	0.551724137931	121	0
660	yellow_single	old	train	train	2	D:\Yolo_LPR_RK3568_FPGA_Project\1_PC_Training\datasets\yolo_format\images\train\crpd_66_0405.jpg	finetune_quant_dataset/quant_0660.jpg	DB5B3D961D8ED68641347DA26B44B90AB183159D7A8BC3566B661C9783ADEFFB	1920	1080	0.333333333333	0	140
661	blue	old	train	train	0,2	D:\Yolo_LPR_RK3568_FPGA_Project\1_PC_Training\datasets\yolo_format\images\train\crpd_57_0199.jpg	finetune_quant_dataset/quant_0661.jpg	E66CB555A1DB6EF2868C3AA4ABF765451468D644A81612F263209BCFCEA3B486	1920	1080	0.333333333333	0	140
662	other_all	old	train	train	3	D:\Yolo_LPR_RK3568_FPGA_Project\1_PC_Training\datasets\yolo_format\images\train\crpd_66_0298.jpg	finetune_quant_dataset/quant_0662.jpg	1D84E862104623A56D8A3080C0C005073EE69C788BCE94FD5B4BD329F9623FF7	1920	1080	0.333333333333	0	140
663	blue	old	train	train	0	D:\Yolo_LPR_RK3568_FPGA_Project\1_PC_Training\datasets\yolo_format\images\train\crpd_44_0816.jpg	finetune_quant_dataset/quant_0663.jpg	80F2D699A184E041B1FDCF4DE85EB30C0E338DC588AB0BDB1C911823B08E7137	1920	1080	0.333333333333	0	140
664	blue	old	train	train	0,0,0,0	D:\Yolo_LPR_RK3568_FPGA_Project\1_PC_Training\datasets\yolo_format\images\train\crpd_62_0378.jpg	finetune_quant_dataset/quant_0664.jpg	5641F4BF9055AB34DD6AF7C12E13B6EB0D971E546ED6D6D945932DC5BA9A8015	1920	1080	0.333333333333	0	140
665	green	old	train	train	1	D:\Yolo_LPR_RK3568_FPGA_Project\1_PC_Training\datasets\yolo_format\images\train\ccpd_green_train_0217513020833-91_265-229&395_486&480-486&480_233&468_229&395_486&403-0_0_3_17_24_33_29_30-147-254.jpg	finetune_quant_dataset/quant_0665.jpg	150B8B394E61D178E0AD5A553F76948A8096D3283B08906B1D1F792B0D84B09A	720	1160	0.551724137931	121	0
666	green	old	train	train	1	D:\Yolo_LPR_RK3568_FPGA_Project\1_PC_Training\datasets\yolo_format\images\train\ccpd_green_train_0201009114583-89_266-238&437_485&519-485&509_243&519_238&443_484&437-0_0_3_24_32_32_31_31-129-58.jpg	finetune_quant_dataset/quant_0666.jpg	68474D9B12F32944DBB6D1921E8A5392DF6D9A9589CC5B356263731CE8F051B5	720	1160	0.551724137931	121	0
667	green	old	train	train	1	D:\Yolo_LPR_RK3568_FPGA_Project\1_PC_Training\datasets\yolo_format\images\train\ccpd_green_train_0479817708333-89_267-154&397_556&517-556&514_160&517_154&409_550&397-0_0_3_24_30_29_33_32-82-67.jpg	finetune_quant_dataset/quant_0667.jpg	64402EBED14226BB658E0B6B3D8FB9429E8DBD74938C5F2502C373725DC66D82	720	1160	0.551724137931	121	0
668	other_all	special	train	澳门出入境车牌	3	D:\Yolo_LPR_RK3568_FPGA_Project\1_PC_Training\datasets\特殊车牌\image\澳门出入境车牌\粤Z5938澳.jpg	finetune_quant_dataset/quant_0668.jpg	BB4D02C42F1396CFA2B00A5DF3E95515913EF906E85872E897ED7CF9C72AB364	1600	1200	0.4	0	80
669	yellow_single	old	train	train	2	D:\Yolo_LPR_RK3568_FPGA_Project\1_PC_Training\datasets\yolo_format\images\train\crpd_44_0319.jpg	finetune_quant_dataset/quant_0669.jpg	3AF1DB8A30EF9425F5FACEE805169721DBA187FF046A583E3788477F60CEEEC2	1920	1080	0.333333333333	0	140
670	other_all	special	train	澳门出入境车牌	3	D:\Yolo_LPR_RK3568_FPGA_Project\1_PC_Training\datasets\特殊车牌\image\澳门出入境车牌\粤Z7242澳.jpg	finetune_quant_dataset/quant_0670.jpg	4E5618701E63B819B4E93A339D20EF668B51A5E3AA7BACAB28756C37F0EB049D	1600	1200	0.4	0	80
671	green	old	train	train	1	D:\Yolo_LPR_RK3568_FPGA_Project\1_PC_Training\datasets\yolo_format\images\train\ccpd_green_train_026103515625-91_91-195&469_492&558-490&558_198&549_195&469_492&476-0_0_3_24_28_32_27_24-112-108.jpg	finetune_quant_dataset/quant_0671.jpg	A6F4B2F1CDAD1E67BCCD7489790C1D7E94D3C43893777A2F2CCBB81F482A3A85	720	1160	0.551724137931	121	0
672	blue	old	train	train	0,2	D:\Yolo_LPR_RK3568_FPGA_Project\1_PC_Training\datasets\yolo_format\images\train\crpd_1 (430).jpg	finetune_quant_dataset/quant_0672.jpg	C0679228B7C593971E5A535DD73846E2AAFB801E95DFC81053A16D31B1EF7513	1628	1236	0.39312039312	0	77
673	blue	old	train	train	0	D:\Yolo_LPR_RK3568_FPGA_Project\1_PC_Training\datasets\yolo_format\images\train\ccpd_blue_ccpd_base_00746527777778-89_84-145&550_311&606-313&608_142&608_134&549_305&549-0_0_3_7_29_28_32-167-22.jpg	finetune_quant_dataset/quant_0673.jpg	8C4C0CE725971E178F2F67339F47556D56F3F61F384B0CB3B1D0F6BB74637760	720	1160	0.551724137931	121	0
674	blue	old	train	train	0	D:\Yolo_LPR_RK3568_FPGA_Project\1_PC_Training\datasets\yolo_format\images\train\ccpd_blue_ccpd_challenge_0230-5_1-237&488_451&578-446&578_237&559_242&488_451&507-0_0_13_31_33_24_10-125-37.jpg	finetune_quant_dataset/quant_0674.jpg	A25313BD5CF97EAF418A4BF633539A521B0EB2E6DC0AABC7B4487D5AD9E76C9E	720	1160	0.551724137931	121	0
675	green	old	train	train	1	D:\Yolo_LPR_RK3568_FPGA_Project\1_PC_Training\datasets\yolo_format\images\train\ccpd_green_train_3019375-89_100-222&514_470&593-460&584_222&593_222&520_470&514-0_0_5_24_24_25_30_30-191-72.jpg	finetune_quant_dataset/quant_0675.jpg	9D2B90B4641E11202AE929C2E2DF626C8EB50488E07BC34C8030B20282D67DF0	720	1160	0.551724137931	121	0
676	yellow_single	old	train	train	2	D:\Yolo_LPR_RK3568_FPGA_Project\1_PC_Training\datasets\yolo_format\images\train\crpd_1 (536).jpg	finetune_quant_dataset/quant_0676.jpg	F6B99D27A10C33C2FCB69B7409178D920A6C35D62C0E754F8EC8A655E2A6EA90	1628	1236	0.39312039312	0	77
677	green	old	train	train	1	D:\Yolo_LPR_RK3568_FPGA_Project\1_PC_Training\datasets\yolo_format\images\train\ccpd_green_train_0297829861111-89_264-168&447_460&550-448&536_168&550_175&453_460&447-0_0_3_24_33_28_32_29-87-72.jpg	finetune_quant_dataset/quant_0677.jpg	F8203514F17EC148C0B43CC5FD5FE93EB2D535D27FBD97CC324B328941C60E9D	720	1160	0.551724137931	121	0
678	green	old	train	train	1	D:\Yolo_LPR_RK3568_FPGA_Project\1_PC_Training\datasets\yolo_format\images\train\ccpd_green_train_0126117621528-90_102-221&390_418&455-418&453_234&455_221&393_406&390-0_0_3_24_25_30_30_32-115-230.jpg	finetune_quant_dataset/quant_0678.jpg	FCA5AB04066FC805D265E79E491A7E3F1481104D80EA03F20C4E61652514C93B	720	1160	0.551724137931	121	0
679	yellow_single	old	train	train	2	D:\Yolo_LPR_RK3568_FPGA_Project\1_PC_Training\datasets\yolo_format\images\train\crpd_40_0359.jpg	finetune_quant_dataset/quant_0679.jpg	72C0032340984CE47C81B0A2FA4E72A7B4FA25A4227325F9C86F9146A1B4CB71	1920	1080	0.333333333333	0	140
680	green	old	train	train	1	D:\Yolo_LPR_RK3568_FPGA_Project\1_PC_Training\datasets\yolo_format\images\train\ccpd_green_train_0176638454861-91_270-242&424_465&504-465&504_242&504_243&424_465&431-0_0_5_24_31_24_24_24-133-23.jpg	finetune_quant_dataset/quant_0680.jpg	243BC14285034CB01285EDD7D67492E88BC3FA0F37E1F58EF6A793FB4362AC19	720	1160	0.551724137931	121	0
681	yellow_single	old	train	train	2	D:\Yolo_LPR_RK3568_FPGA_Project\1_PC_Training\datasets\yolo_format\images\train\crpd_66_1127.jpg	finetune_quant_dataset/quant_0681.jpg	2C8E62FE75F48E45B7BB0E66A67ECD59E78834FB705A819EDCF65AD03E23F32B	1920	1080	0.333333333333	0	140
682	blue	old	train	train	0,2	D:\Yolo_LPR_RK3568_FPGA_Project\1_PC_Training\datasets\yolo_format\images\train\crpd_45_1103.jpg	finetune_quant_dataset/quant_0682.jpg	7EBBFC0E3809C5B1C0E843E1028053DB45FF0150E0B2C27CB52017825A61122F	1920	1080	0.333333333333	0	140
683	yellow_single	old	train	train	2	D:\Yolo_LPR_RK3568_FPGA_Project\1_PC_Training\datasets\yolo_format\images\train\crpd_57_0121.jpg	finetune_quant_dataset/quant_0683.jpg	2807F1CF4098CCE2F14A67E3EFB9BE3F87B09E0FFA24F84E98D49DC96DAC71D1	1920	1080	0.333333333333	0	140
684	green	old	train	train	1	D:\Yolo_LPR_RK3568_FPGA_Project\1_PC_Training\datasets\yolo_format\images\train\ccpd_green_train_01841796875-93_268-245&432_452&522-443&520_245&522_251&432_452&445-0_0_3_17_25_24_31_33-169-94.jpg	finetune_quant_dataset/quant_0684.jpg	E6E080888443442820C58FEC739CEB6141748F7853DE56E7CC17B7E9BC486E8D	720	1160	0.551724137931	121	0
685	other_all	special	val	澳门出入境车牌	3	D:\Yolo_LPR_RK3568_FPGA_Project\1_PC_Training\datasets\特殊车牌\image\澳门出入境车牌\粤ZC335澳.jpg	finetune_quant_dataset/quant_0685.jpg	1AF0C72D99C1E1732809F11F8E97B2B8F14099071AE6E1FA139265F19A70A79C	1600	1200	0.4	0	80
686	blue	old	train	train	0,2	D:\Yolo_LPR_RK3568_FPGA_Project\1_PC_Training\datasets\yolo_format\images\train\crpd_1 (687).jpg	finetune_quant_dataset/quant_0686.jpg	1C5E867BB7B0AF4CFF0E9673444C9A22C78A4D5528853D4389939BFA502EEBB2	1628	1236	0.39312039312	0	77
687	other_all	old	train	train	3	D:\Yolo_LPR_RK3568_FPGA_Project\1_PC_Training\datasets\yolo_format\images\train\crpd_54_0876.jpg	finetune_quant_dataset/quant_0687.jpg	D385F09B59B17A03E0C774FD1D8216B486B4A64A2637D7831FF511ED3E3B2177	1600	1200	0.4	0	80
688	other_all	old	train	train	0,3	D:\Yolo_LPR_RK3568_FPGA_Project\1_PC_Training\datasets\yolo_format\images\train\crpd_65_0712.jpg	finetune_quant_dataset/quant_0688.jpg	E61A310808C48222D70AAE0003DD5FB866F8B4A09DD9CABBEE87B4BAC2D7130A	1920	1080	0.333333333333	0	140
689	other_all	old	train	train	3	D:\Yolo_LPR_RK3568_FPGA_Project\1_PC_Training\datasets\yolo_format\images\train\crpd_66_0347.jpg	finetune_quant_dataset/quant_0689.jpg	340E8CD92A0D61DAA43BC1E5EF90D4AE88CB635781FF5E3F775DE9C6F398B86A	1600	1200	0.4	0	80
690	yellow_single	old	train	train	2	D:\Yolo_LPR_RK3568_FPGA_Project\1_PC_Training\datasets\yolo_format\images\train\crpd_58_0996.jpg	finetune_quant_dataset/quant_0690.jpg	73D2685993B6483F49A332462A1C560BDD1358728958612475E917FDC300FC3C	1920	1080	0.333333333333	0	140
691	other_all	special	test	香港出入境车牌	3	D:\Yolo_LPR_RK3568_FPGA_Project\1_PC_Training\datasets\特殊车牌\image\香港出入境车牌\粤Z3776港.jpg	finetune_quant_dataset/quant_0691.jpg	750442548C83C478AACBE773ECD7D4DA0D42C30785C49171663A316701A82224	1600	1200	0.4	0	80
692	other_all	old	train	train	3	D:\Yolo_LPR_RK3568_FPGA_Project\1_PC_Training\datasets\yolo_format\images\train\crpd_66_1583.jpg	finetune_quant_dataset/quant_0692.jpg	CF9357516CF3FE7695FAB0B751CF441EC7D1E16AB9D7670151CB0803E57206D7	1920	1080	0.333333333333	0	140
693	blue	old	train	train	0	D:\Yolo_LPR_RK3568_FPGA_Project\1_PC_Training\datasets\yolo_format\images\train\ccpd_blue_ccpd_rotate_0400-32_14-253&441_442&618-418&618_253&511_277&441_442&548-0_0_2_29_20_24_30-93-193.jpg	finetune_quant_dataset/quant_0693.jpg	89CDE9B5AD1F95F3317138A39DB98AC341CFBA93538D63FD93468986D85C69C3	720	1160	0.551724137931	121	0
694	blue	old	train	train	0,0	D:\Yolo_LPR_RK3568_FPGA_Project\1_PC_Training\datasets\yolo_format\images\train\crpd_49_1417.jpg	finetune_quant_dataset/quant_0694.jpg	D484186E25170ED0E72A004167C2D19C894BF9431FF3F2BABC41E1EE41F3DEFF	1600	1200	0.4	0	80
695	blue	old	train	train	0	D:\Yolo_LPR_RK3568_FPGA_Project\1_PC_Training\datasets\yolo_format\images\train\crpd_47_0939.jpg	finetune_quant_dataset/quant_0695.jpg	238E856AAFF20EDD85C258B51D32B2A8EE5717940CB9210554B319BAC0260274	1920	1080	0.333333333333	0	140
696	blue	old	train	train	0,0	D:\Yolo_LPR_RK3568_FPGA_Project\1_PC_Training\datasets\yolo_format\images\train\crpd_49_1211.jpg	finetune_quant_dataset/quant_0696.jpg	8B2FA8BCD1C5CE38E976A1AE8EF67B15A26FED2226D69FFC6B64BE2E586A4495	1600	1200	0.4	0	80
697	green	old	train	train	1	D:\Yolo_LPR_RK3568_FPGA_Project\1_PC_Training\datasets\yolo_format\images\train\ccpd_green_train_0275770399306-92_254-200&441_499&534-499&534_217&520_200&441_493&456-0_0_3_26_26_24_25_32-174-67.jpg	finetune_quant_dataset/quant_0697.jpg	8C1DF38E9C184D6C742632F76C90012A6725B355737C14D1912105F9ED9F0558	720	1160	0.551724137931	121	0
698	other_all	old	train	train	3	D:\Yolo_LPR_RK3568_FPGA_Project\1_PC_Training\datasets\yolo_format\images\train\crpd_66_0172.jpg	finetune_quant_dataset/quant_0698.jpg	EB1B100D10102FC78BABFD57226D92A357BD93C2F8A3DE01C494B01AD3A0226D	1920	1080	0.333333333333	0	140
699	other_all	old	train	train	3	D:\Yolo_LPR_RK3568_FPGA_Project\1_PC_Training\datasets\yolo_format\images\train\crpd_62_0164.jpg	finetune_quant_dataset/quant_0699.jpg	62EC3DD2F6FC602674937565BCBC219A1136DBF47E3B7012953E3110FA2DEA40	1600	1200	0.4	0	80
700	other_all	special	val	警用车牌	3	D:\Yolo_LPR_RK3568_FPGA_Project\1_PC_Training\datasets\特殊车牌\image\警用车牌\粤C6600警.jpg	finetune_quant_dataset/quant_0700.jpg	9FE51CFB7B1EBFC3A49B82FBEFC5D23719CB77E67E2F39F43EB82D1497F48820	1600	1200	0.4	0	80
701	blue	old	train	train	0,0	D:\Yolo_LPR_RK3568_FPGA_Project\1_PC_Training\datasets\yolo_format\images\train\crpd_49_1040.jpg	finetune_quant_dataset/quant_0701.jpg	D088666289D2B4FB6F3650B1618D003B3B73423B69F5647B977C3F644BF9FCE7	1920	1080	0.333333333333	0	140
702	green	old	train	train	1	D:\Yolo_LPR_RK3568_FPGA_Project\1_PC_Training\datasets\yolo_format\images\train\ccpd_green_train_0329427083333-90_266-183&458_528&554-528&549_189&554_183&460_528&458-0_0_3_25_25_32_25_32-166-284.jpg	finetune_quant_dataset/quant_0702.jpg	34CA6FD930DF156727678F12875DE482C6BB40B81555B5C58E943194B6601412	720	1160	0.551724137931	121	0
703	yellow_single	old	train	train	2	D:\Yolo_LPR_RK3568_FPGA_Project\1_PC_Training\datasets\yolo_format\images\train\crpd_45_1042.jpg	finetune_quant_dataset/quant_0703.jpg	5FAB778F9AE8FD36C3C49789C1A3290EA345F943DE61A22DA6236DB559CF7DD3	1920	1080	0.333333333333	0	140
704	green	old	train	train	1	D:\Yolo_LPR_RK3568_FPGA_Project\1_PC_Training\datasets\yolo_format\images\train\ccpd_green_train_015947265625-92_266-218&412_431&488-431&488_218&472_223&412_431&422-0_0_3_24_30_28_31_31-135-86.jpg	finetune_quant_dataset/quant_0704.jpg	EC4D4F0B73E355A0F60EE1F322BCB74EBC7363EB095CCCC33D1ECDA58F5E6699	720	1160	0.551724137931	121	0
705	yellow_single	old	train	train	2	D:\Yolo_LPR_RK3568_FPGA_Project\1_PC_Training\datasets\yolo_format\images\train\crpd_66_0666.jpg	finetune_quant_dataset/quant_0705.jpg	7549D1FD9A4E708869AB32B597A963A0F0A128D1D346C69409813BAD7BA329A8	1920	1080	0.333333333333	0	140
706	yellow_single	old	train	train	2	D:\Yolo_LPR_RK3568_FPGA_Project\1_PC_Training\datasets\yolo_format\images\train\crpd_66_0758.jpg	finetune_quant_dataset/quant_0706.jpg	0C5B218228C88411BE489193687D74862677374D71CD6BB63B2F12B4B7CAA290	1920	1080	0.333333333333	0	140
707	yellow_single	old	train	train	2	D:\Yolo_LPR_RK3568_FPGA_Project\1_PC_Training\datasets\yolo_format\images\train\crpd_1 (734).jpg	finetune_quant_dataset/quant_0707.jpg	3CE85FB2AFD73F4A415726435F1786EE5BE9BD81962F59CA1BD4333F3B9D4C54	1628	1236	0.39312039312	0	77
708	other_all	old	train	train	3	D:\Yolo_LPR_RK3568_FPGA_Project\1_PC_Training\datasets\yolo_format\images\train\crpd_66_1537.jpg	finetune_quant_dataset/quant_0708.jpg	B21F3AFEFBAEF44C6AA5D6F6811BD79C95A9FB78D579A9CA1A01B53DA119EC6A	1920	1080	0.333333333333	0	140
709	other_all	old	train	train	3	D:\Yolo_LPR_RK3568_FPGA_Project\1_PC_Training\datasets\yolo_format\images\train\crpd_62_0878.jpg	finetune_quant_dataset/quant_0709.jpg	5DCDD2803DBF70476EA1C18FAA6500E99DC9C61B862252509C5EE077D5B850D1	1920	1080	0.333333333333	0	140
710	yellow_single	old	train	train	2	D:\Yolo_LPR_RK3568_FPGA_Project\1_PC_Training\datasets\yolo_format\images\train\crpd_49_0982.jpg	finetune_quant_dataset/quant_0710.jpg	0D99E733D1DAA6C7714341238E0D7C2E4056805C93683836A5FFA7C8B5507709	1600	1200	0.4	0	80
711	yellow_single	old	train	train	2	D:\Yolo_LPR_RK3568_FPGA_Project\1_PC_Training\datasets\yolo_format\images\train\crpd_43_1102.jpg	finetune_quant_dataset/quant_0711.jpg	AC2277C6A42F66625E25BC90EFC0237314101C2BAD395CC2D18F8A1F762FE6C0	1920	1080	0.333333333333	0	140
712	other_all	special	train	教练车牌	3	D:\Yolo_LPR_RK3568_FPGA_Project\1_PC_Training\datasets\特殊车牌\image\教练车牌\粤C1666学.jpg	finetune_quant_dataset/quant_0712.jpg	8C9D03DC5A5CB2F7520F66851268665D7E2A8A5449AFEB8C00DC8C0E8635ED0E	1600	1200	0.4	0	80
713	other_all	special	train	教练车牌	3	D:\Yolo_LPR_RK3568_FPGA_Project\1_PC_Training\datasets\特殊车牌\image\教练车牌\粤B3387学.jpg	finetune_quant_dataset/quant_0713.jpg	8CEDA8926991CF85B1245BA4E061CBCE9E7EBDE3C686DF0091D18E6F0B286C89	1600	1200	0.4	0	80
714	green	old	train	train	1	D:\Yolo_LPR_RK3568_FPGA_Project\1_PC_Training\datasets\yolo_format\images\train\ccpd_green_train_0155555555556-91_90-202&419_426&489-426&489_202&488_202&419_425&423-0_0_3_24_24_31_31_30-125-108.jpg	finetune_quant_dataset/quant_0714.jpg	DBD728C95A6D72B2B9EB642959F2EFBF3A4BE5C311BFCF3507E92FE245D14DC9	720	1160	0.551724137931	121	0
715	yellow_single	old	train	train	2,2	D:\Yolo_LPR_RK3568_FPGA_Project\1_PC_Training\datasets\yolo_format\images\train\crpd_45_1227.jpg	finetune_quant_dataset/quant_0715.jpg	129A24349C002E63008946AD40A2667CCE980A591CF6D83AB32170D21F735992	1920	1080	0.333333333333	0	140
716	blue	old	train	train	0	D:\Yolo_LPR_RK3568_FPGA_Project\1_PC_Training\datasets\yolo_format\images\train\ccpd_blue_ccpd_base_0392025862069-86_88-99&341_427&462-444&444_111&476_104&358_437&326-10_2_33_27_29_23_17-200-45.jpg	finetune_quant_dataset/quant_0716.jpg	B15A331D438EBCDABBE51011AE192A05CB5002638E7E50D0DE59EA82453906C8	720	1160	0.551724137931	121	0
717	blue	old	train	train	0	D:\Yolo_LPR_RK3568_FPGA_Project\1_PC_Training\datasets\yolo_format\images\train\ccpd_blue_ccpd_fn_0842-1_14-132&412_642&550-607&550_132&538_167&412_642&424-0_0_21_25_5_25_31-179-21.jpg	finetune_quant_dataset/quant_0717.jpg	5177DB5CC0BE47E62774E450FF1DF60463171E4E5BC3B0CD4D00971AA9514772	720	1160	0.551724137931	121	0
718	blue	old	train	train	0	D:\Yolo_LPR_RK3568_FPGA_Project\1_PC_Training\datasets\yolo_format\images\train\crpd_46_1435.jpg	finetune_quant_dataset/quant_0718.jpg	AE5EF9D5032FD6245C06845C374DA7AF09C0133BCA0D74EA86E8CACDCBD465FA	1920	1080	0.333333333333	0	140
719	blue	old	train	train	0	D:\Yolo_LPR_RK3568_FPGA_Project\1_PC_Training\datasets\yolo_format\images\train\ccpd_blue_ccpd_weather_0232-1_1-236&449_462&535-457&535_236&528_241&449_462&456-0_0_7_31_31_27_26-116-21.jpg	finetune_quant_dataset/quant_0719.jpg	FDB20968C08A0C8F819690F6FF2AD8F2FCA99C9BF75EE06F588196F8B592CB64	720	1160	0.551724137931	121	0
720	yellow_single	old	train	train	2	D:\Yolo_LPR_RK3568_FPGA_Project\1_PC_Training\datasets\yolo_format\images\train\crpd_1 (176).jpg	finetune_quant_dataset/quant_0720.jpg	3748B8C9B06D3B5F7B53ED89FA9D32A1596E0933B9AF47E8D6E68751A902ED47	1628	1236	0.39312039312	0	77
721	yellow_single	old	train	train	2	D:\Yolo_LPR_RK3568_FPGA_Project\1_PC_Training\datasets\yolo_format\images\train\crpd_53_0191.jpg	finetune_quant_dataset/quant_0721.jpg	09F0E9911E222D3B15E74545767E47370D44CE837DE2B1228660625DE60FA46D	1920	1080	0.333333333333	0	140
722	yellow_single	old	train	train	2	D:\Yolo_LPR_RK3568_FPGA_Project\1_PC_Training\datasets\yolo_format\images\train\crpd_56_0464.jpg	finetune_quant_dataset/quant_0722.jpg	15DF758513039F9B3A1F6682E935B453351B3B07CEF6E065581E700375DA7A02	1920	1080	0.333333333333	0	140
723	other_all	old	train	train	3	D:\Yolo_LPR_RK3568_FPGA_Project\1_PC_Training\datasets\yolo_format\images\train\crpd_66_1288.jpg	finetune_quant_dataset/quant_0723.jpg	A7EB95DFF9BDA701E310D39A7D8B191BC2D1F0BA5ED0D5522C4C991CAF4D57C3	1920	1080	0.333333333333	0	140
724	blue	old	train	train	0	D:\Yolo_LPR_RK3568_FPGA_Project\1_PC_Training\datasets\yolo_format\images\train\ccpd_blue_ccpd_blur_0641-4_8-250&436_587&595-577&570_250&595_260&461_587&436-0_0_22_8_32_28_24-21-4.jpg	finetune_quant_dataset/quant_0724.jpg	D537827DE5FBF71D613884CE34526113BF0743CD294A61AC66C7534A38625BBC	720	1160	0.551724137931	121	0
725	blue	old	train	train	0	D:\Yolo_LPR_RK3568_FPGA_Project\1_PC_Training\datasets\yolo_format\images\train\ccpd_blue_ccpd_weather_0294-1_1-94&448_345&546-345&539_94&546_94&455_345&448-0_0_21_32_30_30_9-76-31.jpg	finetune_quant_dataset/quant_0725.jpg	F5CDBA4A41C674AF41F7C0A8A652430A06F325DFCD07F16B620D9437D8CE7C4A	720	1160	0.551724137931	121	0
726	green	old	train	train	1	D:\Yolo_LPR_RK3568_FPGA_Project\1_PC_Training\datasets\yolo_format\images\train\ccpd_green_train_3036429036458333335-90_102-195&466_556&567-538&567_195&563_204&466_556&470-0_0_3_24_31_25_32_24-139-156.jpg	finetune_quant_dataset/quant_0726.jpg	6F3FD994B290F0032DA875775F269E9ED31AD5E9D109EE731DD0F7F3C25C1269	720	1160	0.551724137931	121	0
727	green	old	train	train	1	D:\Yolo_LPR_RK3568_FPGA_Project\1_PC_Training\datasets\yolo_format\images\train\ccpd_green_train_0188747829861-89_268-183&387_428&465-428&461_183&465_184&393_424&387-0_0_3_17_25_25_27_27-166-97.jpg	finetune_quant_dataset/quant_0727.jpg	B9ED67399FFBB0132B42ECEFD2D73D0E21F720B68DD5932A928BBAC6E1B22818	720	1160	0.551724137931	121	0
728	green	old	train	train	1	D:\Yolo_LPR_RK3568_FPGA_Project\1_PC_Training\datasets\yolo_format\images\train\ccpd_green_train_0297439236111-90_268-175&448_483&546-480&546_175&546_177&448_483&454-0_0_3_24_27_25_30_32-97-416.jpg	finetune_quant_dataset/quant_0728.jpg	FDF0826D09612AF94415B869ECDE09F8A64F4FB5DBB510F91192A102700457EB	720	1160	0.551724137931	121	0
729	green	old	train	train	1	D:\Yolo_LPR_RK3568_FPGA_Project\1_PC_Training\datasets\yolo_format\images\train\ccpd_green_train_304133246527777778-90_269-149&446_505&563-505&550_150&563_149&447_503&446-0_0_3_24_33_24_25_27-46-211.jpg	finetune_quant_dataset/quant_0729.jpg	663DE1000476F0291B3D33DC5D698267E0D1FDECF8117871E1E02B23E70942F9	720	1160	0.551724137931	121	0
730	blue	old	train	train	0,0,0	D:\Yolo_LPR_RK3568_FPGA_Project\1_PC_Training\datasets\yolo_format\images\train\crpd_60_0851.jpg	finetune_quant_dataset/quant_0730.jpg	0390A08DD6522C3AAA934ABB321177C48CDD05A2CDB14972A062EAECE8EA7F71	1920	1080	0.333333333333	0	140
731	yellow_single	old	train	train	2	D:\Yolo_LPR_RK3568_FPGA_Project\1_PC_Training\datasets\yolo_format\images\train\crpd_45_0195.jpg	finetune_quant_dataset/quant_0731.jpg	9EB721E1570B6DCA276E558A27DDC65E94CF69E3388E28612C5B3EB8DCDE3A33	1920	1080	0.333333333333	0	140
732	blue	old	train	train	0,0,2	D:\Yolo_LPR_RK3568_FPGA_Project\1_PC_Training\datasets\yolo_format\images\train\crpd_62_0233.jpg	finetune_quant_dataset/quant_0732.jpg	F8ED669C6B40797DF12BC4E524EA512E8B465BE92744F0864A19224C1D047EB8	1920	1080	0.333333333333	0	140
733	other_all	old	train	train	3	D:\Yolo_LPR_RK3568_FPGA_Project\1_PC_Training\datasets\yolo_format\images\train\crpd_66_0473.jpg	finetune_quant_dataset/quant_0733.jpg	38100C015EE5AA1575500600D90FF2634F15A49377FE3AC79407678E94DC6BA5	1920	1080	0.333333333333	0	140
734	other_all	old	train	train	3	D:\Yolo_LPR_RK3568_FPGA_Project\1_PC_Training\datasets\yolo_format\images\train\crpd_62_2279.jpg	finetune_quant_dataset/quant_0734.jpg	70F88F2566AE26C91EC97C537AAA5080BA59CD482E2EC853E4642D9420ED0F53	1920	1080	0.333333333333	0	140
735	yellow_single	old	train	train	2	D:\Yolo_LPR_RK3568_FPGA_Project\1_PC_Training\datasets\yolo_format\images\train\crpd_1 (54).jpg	finetune_quant_dataset/quant_0735.jpg	FEBFA46DF973A1E29D2E6568EE31FD2331F5E504D288F8C07C0E95E84EB37E36	1628	1236	0.39312039312	0	77
736	green	old	train	train	1	D:\Yolo_LPR_RK3568_FPGA_Project\1_PC_Training\datasets\yolo_format\images\train\ccpd_green_train_3021276041666666665-91_92-233&431_491&514-491&514_233&505_242&431_490&438-0_0_3_25_26_33_26_33-121-85.jpg	finetune_quant_dataset/quant_0736.jpg	87375CE17FA3CA677E2D352C5E23665A421ECD7C5EA37338749B11A12BE95CF0	720	1160	0.551724137931	121	0
737	other_all	old	test	test	0,2,3	D:\Yolo_LPR_RK3568_FPGA_Project\1_PC_Training\datasets\yolo_format\images\test\crpd_48_0789.jpg	finetune_quant_dataset/quant_0737.jpg	FB64930787406FAA47978F99696B4B36CCC46794C77D85A083FE006575BE4F8C	1920	1080	0.333333333333	0	140
738	other_all	special	val	澳门出入境车牌	3	D:\Yolo_LPR_RK3568_FPGA_Project\1_PC_Training\datasets\特殊车牌\image\澳门出入境车牌\粤Z2272澳.jpg	finetune_quant_dataset/quant_0738.jpg	CDD7C90A6B379A03471E696219626C3B2DEC4E79A4010BACA401C7F1F16B0907	1600	1200	0.4	0	80
739	yellow_single	old	train	train	2	D:\Yolo_LPR_RK3568_FPGA_Project\1_PC_Training\datasets\yolo_format\images\train\crpd_1 (835).jpg	finetune_quant_dataset/quant_0739.jpg	A4688A8E51FDFF65957C76FE6374F01ECC96B5EEE1D0660E46C6B9244702E307	1628	1236	0.39312039312	0	77
740	blue	old	train	train	0	D:\Yolo_LPR_RK3568_FPGA_Project\1_PC_Training\datasets\yolo_format\images\train\ccpd_blue_ccpd_db_0653-9_17-226&514_563&676-563&676_241&623_226&514_548&567-0_0_27_24_9_27_30-13-2.jpg	finetune_quant_dataset/quant_0740.jpg	08E81C500F91F05EB29B2F5ADD4AF6B376C90C4FB18ED56E63CE4EED1A4D5355	720	1160	0.551724137931	121	0
741	other_all	special	train	澳门出入境车牌	3	D:\Yolo_LPR_RK3568_FPGA_Project\1_PC_Training\datasets\特殊车牌\image\澳门出入境车牌\粤Z2735澳.jpg	finetune_quant_dataset/quant_0741.jpg	65D5ABABC4E4FC0F8FA67380DDD0B1FD5EBF101BA1ACF71FDABB58E87DF8B043	1600	1200	0.4	0	80
742	other_all	old	train	train	0,3	D:\Yolo_LPR_RK3568_FPGA_Project\1_PC_Training\datasets\yolo_format\images\train\crpd_62_0168.jpg	finetune_quant_dataset/quant_0742.jpg	D13D01F3617A8A110DB4E63A8FF5640B079C4B777D535139C942F1C8D0BC9109	1600	1200	0.4	0	80
743	green	old	train	train	1	D:\Yolo_LPR_RK3568_FPGA_Project\1_PC_Training\datasets\yolo_format\images\train\ccpd_green_train_03609375-90_257-124&484_520&576-512&576_142&572_124&484_520&491-0_0_3_24_28_29_25_32-63-574.jpg	finetune_quant_dataset/quant_0743.jpg	46147F1687CEE6C3DB96D3914CB33C91050EB032170FA72AA8D765DB613E9121	720	1160	0.551724137931	121	0
744	green	old	train	train	1	D:\Yolo_LPR_RK3568_FPGA_Project\1_PC_Training\datasets\yolo_format\images\train\ccpd_green_train_0198567708333-91_262-215&368_459&450-459&450_222&435_215&368_453&374-0_0_3_26_33_25_30_32-124-76.jpg	finetune_quant_dataset/quant_0744.jpg	00A1AE6064CD660150D67F2AD08D147AF8FEBC11E131BB6482621326FCEEDF80	720	1160	0.551724137931	121	0
745	blue	old	train	train	0	D:\Yolo_LPR_RK3568_FPGA_Project\1_PC_Training\datasets\yolo_format\images\train\ccpd_blue_ccpd_weather_0352-5_0-228&399_496&509-496&486_235&509_228&422_489&399-0_0_3_21_33_32_33-85-35.jpg	finetune_quant_dataset/quant_0745.jpg	93233AD8E415116F50A71816EEE63DB68BE04E5DB828EADA09B608935CA8AD5F	720	1160	0.551724137931	121	0
746	green	old	train	train	1	D:\Yolo_LPR_RK3568_FPGA_Project\1_PC_Training\datasets\yolo_format\images\train\ccpd_green_train_0228515625-90_267-287&479_557&564-553&564_287&555_290&479_557&483-0_0_3_24_33_32_26_31-127-66.jpg	finetune_quant_dataset/quant_0746.jpg	4B932BA74E041C7362E7106A0A57EC0FD2464F140184B4E5FC88DCBA4077A7B5	720	1160	0.551724137931	121	0
747	green	old	train	train	1	D:\Yolo_LPR_RK3568_FPGA_Project\1_PC_Training\datasets\yolo_format\images\train\ccpd_green_train_026234809027777778-90_262-244&461_558&546-558&540_254&546_244&466_544&461-0_0_3_24_30_30_29_24-128-195.jpg	finetune_quant_dataset/quant_0747.jpg	F348A273CC6A9CE614FF25D781A36D53572C0E19FD5A58B12695CFAFC15EA84F	720	1160	0.551724137931	121	0
748	other_all	special	train	澳门出入境车牌	3	D:\Yolo_LPR_RK3568_FPGA_Project\1_PC_Training\datasets\特殊车牌\image\澳门出入境车牌\粤Z3817澳.jpg	finetune_quant_dataset/quant_0748.jpg	D3C48A4EA8DC68C136EDD7C23B54FFDF7516659E556FAF882CD90F11BB59EB20	1600	1200	0.4	0	80
749	other_all	old	train	train	3	D:\Yolo_LPR_RK3568_FPGA_Project\1_PC_Training\datasets\yolo_format\images\train\crpd_66_1435.jpg	finetune_quant_dataset/quant_0749.jpg	DB96524050D5836DD4CA623E17D869D85C03CD4A9DC0F6161D88F85DC2E15847	1920	1080	0.333333333333	0	140
750	blue	old	train	train	0,0	D:\Yolo_LPR_RK3568_FPGA_Project\1_PC_Training\datasets\yolo_format\images\train\crpd_56_0563.jpg	finetune_quant_dataset/quant_0750.jpg	3E1650C65DBB2902DA0227B6E8045861CF22A9BBB0EF08A50AFDFB81BF355381	1920	1080	0.333333333333	0	140
751	blue	old	train	train	0	D:\Yolo_LPR_RK3568_FPGA_Project\1_PC_Training\datasets\yolo_format\images\train\ccpd_blue_ccpd_tilt_0524-31_34-238&300_438&519-438&519_244&402_238&300_432&417-26_0_15_25_25_7_29-62-145.jpg	finetune_quant_dataset/quant_0751.jpg	56FFB9905426D2DCA0EE9F9DCF321DC29CFC50291E128E4A6988617B90E719D5	720	1160	0.551724137931	121	0
752	yellow_single	old	train	train	2	D:\Yolo_LPR_RK3568_FPGA_Project\1_PC_Training\datasets\yolo_format\images\train\crpd_56_0317.jpg	finetune_quant_dataset/quant_0752.jpg	3D616D2384EA2BFF61DFCCDD1DB6A799BEA79CADF0590B1C5112BA039B77F98F	1920	1080	0.333333333333	0	140
753	other_all	old	val	val	3	D:\Yolo_LPR_RK3568_FPGA_Project\1_PC_Training\datasets\yolo_format\images\val\crpd_37_0432.jpg	finetune_quant_dataset/quant_0753.jpg	C86FE9B104FD6549532ABE4B200485DBE2ABEF667511570990CD8FA1AED8A401	1920	1080	0.333333333333	0	140
754	other_all	special	train	香港出入境车牌	3	D:\Yolo_LPR_RK3568_FPGA_Project\1_PC_Training\datasets\特殊车牌\image\香港出入境车牌\粤ZZ448港.jpg	finetune_quant_dataset/quant_0754.jpg	0D891A79AC032C54AB259CC24C8F238E39EA0F1D553A2375AD7004B7E267E701	1600	1200	0.4	0	80
755	green	old	train	train	1	D:\Yolo_LPR_RK3568_FPGA_Project\1_PC_Training\datasets\yolo_format\images\train\ccpd_green_train_3007760416666666666-91_97-272&492_421&544-421&544_272&541_291&492_417&499-0_0_3_24_31_25_25_25-145-42.jpg	finetune_quant_dataset/quant_0755.jpg	A6FD108689BD4B469CA25D3FAC6151042C4856B6F2718664B1F5A77CDE2C6CF0	720	1160	0.551724137931	121	0
756	yellow_single	old	train	train	2	D:\Yolo_LPR_RK3568_FPGA_Project\1_PC_Training\datasets\yolo_format\images\train\crpd_45_1051.jpg	finetune_quant_dataset/quant_0756.jpg	4CA037EE0D2D546D19427DDA5E9A71EBAB3AB647532F77CE29FD530CBC758AA7	1920	1080	0.333333333333	0	140
757	yellow_single	old	train	train	0,2	D:\Yolo_LPR_RK3568_FPGA_Project\1_PC_Training\datasets\yolo_format\images\train\crpd_56_0725.jpg	finetune_quant_dataset/quant_0757.jpg	54283307EA5C5F17BAA0F9A7C4A15835DEB3BC1F3BA2BD4C131F1BD1C4857B1C	1920	1080	0.333333333333	0	140
758	other_all	old	train	train	0,3	D:\Yolo_LPR_RK3568_FPGA_Project\1_PC_Training\datasets\yolo_format\images\train\crpd_62_2326.jpg	finetune_quant_dataset/quant_0758.jpg	FC0999FE52A09DEDA51AF99959E7CA3D88D32B8B70611800A371CF81E1B7539B	1920	1080	0.333333333333	0	140
759	other_all	old	train	train	3	D:\Yolo_LPR_RK3568_FPGA_Project\1_PC_Training\datasets\yolo_format\images\train\crpd_66_1594.jpg	finetune_quant_dataset/quant_0759.jpg	257709FF39A637BF21AECA97D7D1C0B641EF8369E03307E9F3A48E8803EBAEFA	1920	1080	0.333333333333	0	140
760	yellow_single	old	train	train	2	D:\Yolo_LPR_RK3568_FPGA_Project\1_PC_Training\datasets\yolo_format\images\train\crpd_62_0594.jpg	finetune_quant_dataset/quant_0760.jpg	02F6EF98E01A888109CCC243E5DFCBE1F82F7174F0BCE25B291E6F3DFBB74355	1920	1080	0.333333333333	0	140
761	green	old	train	train	1	D:\Yolo_LPR_RK3568_FPGA_Project\1_PC_Training\datasets\yolo_format\images\train\ccpd_green_train_302575737847222222-89_93-181&471_467&562-467&554_185&562_181&478_462&471-0_0_3_24_30_29_32_26-101-61.jpg	finetune_quant_dataset/quant_0761.jpg	DE286324E200B1776E853E50918012D712E25C5668AF20FD1E7F0CC00A6564F9	720	1160	0.551724137931	121	0
762	green	old	train	train	1	D:\Yolo_LPR_RK3568_FPGA_Project\1_PC_Training\datasets\yolo_format\images\train\ccpd_green_train_0592513020833-90_95-128&451_607&576-598&576_141&573_128&457_607&451-0_0_3_24_27_28_29_29-57-360.jpg	finetune_quant_dataset/quant_0762.jpg	1FBC8C8D68B84D96B170C8EDB4CE0138B72CA8F6E7199937BCA6E3D8AEA0A7E4	720	1160	0.551724137931	121	0
763	other_all	old	train	train	3	D:\Yolo_LPR_RK3568_FPGA_Project\1_PC_Training\datasets\yolo_format\images\train\crpd_62_0724.jpg	finetune_quant_dataset/quant_0763.jpg	F6FDF6696DC83EF45C2DC35E98113A78DBBDEC1AFF3664DFB42F02E9CF6E582C	1600	1200	0.4	0	80
764	green	old	train	train	1	D:\Yolo_LPR_RK3568_FPGA_Project\1_PC_Training\datasets\yolo_format\images\train\ccpd_green_train_0209375-90_266-227&419_495&497-495&497_231&496_227&420_492&419-0_0_3_26_24_33_27_33-100-122.jpg	finetune_quant_dataset/quant_0764.jpg	C068A000A03D16FE2FC6CAF37FD72C5E85B38A18F6A524CB800CCB0EBE325678	720	1160	0.551724137931	121	0
765	green	old	train	train	1	D:\Yolo_LPR_RK3568_FPGA_Project\1_PC_Training\datasets\yolo_format\images\train\ccpd_green_train_0340169270833-91_90-210&424_540&528-540&528_210&520_210&424_537&431-0_0_3_24_29_28_32_28-84-194.jpg	finetune_quant_dataset/quant_0765.jpg	3C52F9441D7EC9307507F6D0278C5A1307A6913681555531E03D0001BC227B9F	720	1160	0.551724137931	121	0
766	green	old	train	train	1	D:\Yolo_LPR_RK3568_FPGA_Project\1_PC_Training\datasets\yolo_format\images\train\ccpd_green_train_0205078125-90_261-264&436_516&518-516&518_274&509_264&436_515&441-0_0_3_26_24_33_24_33-140-98.jpg	finetune_quant_dataset/quant_0766.jpg	48E15854861DE67E0FCF86AD9F97FE462563EFF30DD4D4E8B1770E9990D38865	720	1160	0.551724137931	121	0
767	blue	old	train	train	0	D:\Yolo_LPR_RK3568_FPGA_Project\1_PC_Training\datasets\yolo_format\images\train\ccpd_blue_ccpd_tilt_0601-26_16-213&414_450&626-431&626_213&515_232&414_450&525-12_8_15_27_33_25_24-134-64.jpg	finetune_quant_dataset/quant_0767.jpg	BAF5B0E338CDAC2461549F47E2BC19A596A4994E25AA4ABF152B9460A517137F	720	1160	0.551724137931	121	0
768	other_all	special	train	澳门出入境车牌	3	D:\Yolo_LPR_RK3568_FPGA_Project\1_PC_Training\datasets\特殊车牌\image\澳门出入境车牌\粤ZR332澳.jpg	finetune_quant_dataset/quant_0768.jpg	329DDAB46C6790770385593CCD0BE1B43184F25BACB0ECE7E67481707A5C2DB9	1600	1200	0.4	0	80
769	blue	old	train	train	0	D:\Yolo_LPR_RK3568_FPGA_Project\1_PC_Training\datasets\yolo_format\images\train\ccpd_blue_ccpd_base_0135775862069-91_85-307&487_521&571-516&573_308&554_306&487_514&506-0_0_26_28_9_29_29-68-23.jpg	finetune_quant_dataset/quant_0769.jpg	5F30F78A0C861F8C9E1AC43D9D974E5B33F7C1A699FC28D8F6A9328CD7CE1D68	720	1160	0.551724137931	121	0
770	yellow_single	old	train	train	2	D:\Yolo_LPR_RK3568_FPGA_Project\1_PC_Training\datasets\yolo_format\images\train\crpd_61_0209.jpg	finetune_quant_dataset/quant_0770.jpg	7EBEF5EDFEEA49F8399F3BFECB7A9A40207DA0BBD9169E63FB2DAEBA98A31AAF	1920	1080	0.333333333333	0	140
771	other_all	special	train	香港出入境车牌	3	D:\Yolo_LPR_RK3568_FPGA_Project\1_PC_Training\datasets\特殊车牌\image\香港出入境车牌\粤ZY722港.jpg	finetune_quant_dataset/quant_0771.jpg	54B0FD11F7BE2FCB6727240CA0CA397283417A303E96A1132FF4CC6FF3198EAC	1600	1200	0.4	0	80
772	other_all	special	train	警用车牌	3	D:\Yolo_LPR_RK3568_FPGA_Project\1_PC_Training\datasets\特殊车牌\image\警用车牌\粤C0858警.jpg	finetune_quant_dataset/quant_0772.jpg	7818ACFB81644E3BE3EB06C8D6060B5DABBA15A5290BDBA5CC27C6A372B1DE05	1600	1200	0.4	0	80
773	blue	old	train	train	0	D:\Yolo_LPR_RK3568_FPGA_Project\1_PC_Training\datasets\yolo_format\images\train\ccpd_blue_ccpd_blur_0261-5_17-254&473_484&568-484&568_269&547_254&473_469&494-0_0_10_27_32_30_31-35-3.jpg	finetune_quant_dataset/quant_0773.jpg	F2880283B08B7FDF9F4BD43B8F2F5B0E1977F6E083DA63A7E899E19CAB935B9B	720	1160	0.551724137931	121	0
774	yellow_single	old	train	train	2	D:\Yolo_LPR_RK3568_FPGA_Project\1_PC_Training\datasets\yolo_format\images\train\crpd_45_0691.jpg	finetune_quant_dataset/quant_0774.jpg	EEA979B7814EC8769BBA1C3E23945501A99E5142AE1540FBC418614214B93945	1920	1080	0.333333333333	0	140
775	blue	old	train	train	0	D:\Yolo_LPR_RK3568_FPGA_Project\1_PC_Training\datasets\yolo_format\images\train\ccpd_blue_ccpd_rotate_0421-34_16-364&445_539&646-539&548_399&646_364&543_504&445-0_12_1_10_30_30_30-117-237.jpg	finetune_quant_dataset/quant_0775.jpg	2D6B69BA6AB36AB02592E135DA7225685CF0158E839F5EA4D22B5D87C9B9B2E2	720	1160	0.551724137931	121	0
776	green	old	train	train	1	D:\Yolo_LPR_RK3568_FPGA_Project\1_PC_Training\datasets\yolo_format\images\train\ccpd_green_train_0256640625-91_266-192&423_484&512-483&512_195&500_192&423_484&432-0_0_3_24_33_33_30_30-69-98.jpg	finetune_quant_dataset/quant_0776.jpg	5202014BFDAE1F4B8E1AB30BA10D9FBB15D210422227880673ED59CA24158D9B	720	1160	0.551724137931	121	0
777	blue	old	train	train	0	D:\Yolo_LPR_RK3568_FPGA_Project\1_PC_Training\datasets\yolo_format\images\train\ccpd_blue_ccpd_weather_0159-1_7-227&524_402&600-395&595_227&600_234&529_402&524-0_0_25_2_33_26_32-108-69.jpg	finetune_quant_dataset/quant_0777.jpg	863C4B2B9FDFA013444B9D4F2A1D93021F0C8213E55767B1582CFF3914334054	720	1160	0.551724137931	121	0
778	yellow_single	old	train	train	2	D:\Yolo_LPR_RK3568_FPGA_Project\1_PC_Training\datasets\yolo_format\images\train\crpd_44_1196.jpg	finetune_quant_dataset/quant_0778.jpg	3F31335DAACAC20343C96C99F31F6FC9C1ECDA0EC340A388ABB7E7195FAD75B9	1920	1080	0.333333333333	0	140
779	blue	old	train	train	0,0	D:\Yolo_LPR_RK3568_FPGA_Project\1_PC_Training\datasets\yolo_format\images\train\crpd_55_0563.jpg	finetune_quant_dataset/quant_0779.jpg	A431D33987C46887E078718A3A129DFA159A0CCA79041236429AA56E03EB148C	1600	1200	0.4	0	80
780	other_all	old	train	train	3	D:\Yolo_LPR_RK3568_FPGA_Project\1_PC_Training\datasets\yolo_format\images\train\crpd_66_0268.jpg	finetune_quant_dataset/quant_0780.jpg	D02C2C3DE706BBDFF031D69E1DE78E11589BA32E82FE45C05607DDE25A0E7D56	1920	1080	0.333333333333	0	140
781	green	old	train	train	1	D:\Yolo_LPR_RK3568_FPGA_Project\1_PC_Training\datasets\yolo_format\images\train\ccpd_green_train_0353190104167-91_92-197&479_547&581-543&581_208&571_197&479_547&480-0_0_3_24_25_30_25_30-71-7.jpg	finetune_quant_dataset/quant_0781.jpg	E0343DFBE703938168A8572176858B65AC1F7D432163EAF100AE0303923B6701	720	1160	0.551724137931	121	0
782	yellow_single	old	train	train	2	D:\Yolo_LPR_RK3568_FPGA_Project\1_PC_Training\datasets\yolo_format\images\train\crpd_45_1032.jpg	finetune_quant_dataset/quant_0782.jpg	6F6C83BEAB7FF82F03C802760E347E80A4616AED8040D1D10C48A1AEE054DD7E	1920	1080	0.333333333333	0	140
783	yellow_single	old	train	train	2	D:\Yolo_LPR_RK3568_FPGA_Project\1_PC_Training\datasets\yolo_format\images\train\crpd_66_1090.jpg	finetune_quant_dataset/quant_0783.jpg	8E6925E660C791850F03730280F853C6B13039EE74ECEFAB8D70E6811E218F9A	1920	1080	0.333333333333	0	140
784	yellow_single	old	train	train	2	D:\Yolo_LPR_RK3568_FPGA_Project\1_PC_Training\datasets\yolo_format\images\train\crpd_60_0633.jpg	finetune_quant_dataset/quant_0784.jpg	63E5EBC642F7DFDEEF361377D7724CE5A06B5A213439AC278D6D857B2A579CB1	1920	1080	0.333333333333	0	140
785	green	old	train	train	1	D:\Yolo_LPR_RK3568_FPGA_Project\1_PC_Training\datasets\yolo_format\images\train\ccpd_green_train_0284592013889-90_269-176&420_492&511-488&511_177&509_176&423_492&420-0_0_3_25_25_25_29_25-194-246.jpg	finetune_quant_dataset/quant_0785.jpg	6F12BE26E711987A27626FD0459397ABFA0A4126364BE7BC1EB78359E3114BA9	720	1160	0.551724137931	121	0
786	other_all	special	train	教练车牌	3	D:\Yolo_LPR_RK3568_FPGA_Project\1_PC_Training\datasets\特殊车牌\image\教练车牌\粤C2977学.jpg	finetune_quant_dataset/quant_0786.jpg	2B4CAA23884AA5B1BFF37AAB2E9DBB4284D151C3422AE8B4C1072FB89F588888	1600	1200	0.4	0	80
787	other_all	old	train	train	3	D:\Yolo_LPR_RK3568_FPGA_Project\1_PC_Training\datasets\yolo_format\images\train\crpd_66_1002.jpg	finetune_quant_dataset/quant_0787.jpg	64CB589530CC96F727294FF125CE8E885CC2DB7E760C82E7B180D3FD6D012673	1920	1080	0.333333333333	0	140
788	other_all	old	train	train	3	D:\Yolo_LPR_RK3568_FPGA_Project\1_PC_Training\datasets\yolo_format\images\train\crpd_66_1615.jpg	finetune_quant_dataset/quant_0788.jpg	73EAF639BFB1EEE2BB58B5D5B33B284C0862075BACC36F87D147AF276865AF7A	1920	1080	0.333333333333	0	140
789	other_all	old	train	train	3	D:\Yolo_LPR_RK3568_FPGA_Project\1_PC_Training\datasets\yolo_format\images\train\crpd_66_0588.jpg	finetune_quant_dataset/quant_0789.jpg	6FC229C37C2ED66E49E8D6B946906742D6DFD883DDDB041D47B06D10174E688F	1920	1080	0.333333333333	0	140
790	yellow_single	old	train	train	0,2	D:\Yolo_LPR_RK3568_FPGA_Project\1_PC_Training\datasets\yolo_format\images\train\crpd_62_0633.jpg	finetune_quant_dataset/quant_0790.jpg	9FEF1D6ECC49F226034F1A791F572924B26B1C16C9F071C1FE92F6D95B7C393E	1920	1080	0.333333333333	0	140
791	blue	old	train	train	0	D:\Yolo_LPR_RK3568_FPGA_Project\1_PC_Training\datasets\yolo_format\images\train\crpd_45_1040.jpg	finetune_quant_dataset/quant_0791.jpg	079B4C53EE0AEB8BD1505BBCD948895BE33229E04A60A6E8CD919DF2CA112086	1920	1080	0.333333333333	0	140
792	other_all	special	train	警用车牌	3	D:\Yolo_LPR_RK3568_FPGA_Project\1_PC_Training\datasets\特殊车牌\image\警用车牌\粤C0805警.jpg	finetune_quant_dataset/quant_0792.jpg	9835CE7F70FBC4E8F3E4CB6C65CB03FC4AFE2948331671885BB1C6C17DE5BA41	1600	1200	0.4	0	80
793	blue	old	train	train	0	D:\Yolo_LPR_RK3568_FPGA_Project\1_PC_Training\datasets\yolo_format\images\train\ccpd_blue_ccpd_weather_0212-0_0-244&545_478&621-478&619_244&621_244&547_478&545-0_0_31_33_4_31_30-93-111.jpg	finetune_quant_dataset/quant_0793.jpg	82F3DC2712F4059AF4D337FE5267A0DBA48A6555447F7A8B3FBA9D862AD0B736	720	1160	0.551724137931	121	0
794	blue	old	train	train	0,2	D:\Yolo_LPR_RK3568_FPGA_Project\1_PC_Training\datasets\yolo_format\images\train\crpd_39_0404.jpg	finetune_quant_dataset/quant_0794.jpg	6C9DB3A584D793E46D076A4C78C5B541B7A8C3E0C59C45170BD12C9C6A09393C	1920	1080	0.333333333333	0	140
795	green	old	train	train	1	D:\Yolo_LPR_RK3568_FPGA_Project\1_PC_Training\datasets\yolo_format\images\train\ccpd_green_train_3027337239583333332-93_108-232&412_479&524-479&524_256&511_232&415_453&412-0_0_3_26_29_27_30_27-111-231.jpg	finetune_quant_dataset/quant_0795.jpg	9680428168FDBDE72D2FFFF06439AB5B923036A12652BAA257E3379E1687E1FC	720	1160	0.551724137931	121	0
796	green	old	train	train	1	D:\Yolo_LPR_RK3568_FPGA_Project\1_PC_Training\datasets\yolo_format\images\train\ccpd_green_train_304274739583333333-90_96-124&400_526&507-516&505_146&507_124&406_526&400-0_0_3_24_28_33_26_31-84-182.jpg	finetune_quant_dataset/quant_0796.jpg	6BB12F450131CC865162F240EDBFA03CB9B902B08B7CC35DC2A46A02443AD121	720	1160	0.551724137931	121	0
797	other_all	special	train	教练车牌	3	D:\Yolo_LPR_RK3568_FPGA_Project\1_PC_Training\datasets\特殊车牌\image\教练车牌\粤S5338学.jpg	finetune_quant_dataset/quant_0797.jpg	6C482CA0129CE3C15E48A7B7567650137E87326D0CD1598F1465919A1480387E	1600	1200	0.4	0	80
798	green	old	train	train	1	D:\Yolo_LPR_RK3568_FPGA_Project\1_PC_Training\datasets\yolo_format\images\train\ccpd_green_train_014150390625-91_264-282&367_489&436-489&436_286&423_282&367_485&374-0_0_3_17_24_33_29_30-155-51.jpg	finetune_quant_dataset/quant_0798.jpg	5A1E9F11A3857F1A5915D7FC19167C486D845737E8FB45874951984E21B3F372	720	1160	0.551724137931	121	0
799	other_all	old	train	train	3	D:\Yolo_LPR_RK3568_FPGA_Project\1_PC_Training\datasets\yolo_format\images\train\crpd_66_1767.jpg	finetune_quant_dataset/quant_0799.jpg	434FCCC564D2AB530A48197966412D84F3D487C7EF2A9C239BA3F7850B337F72	1920	1080	0.333333333333	0	140
800	green	old	train	train	1	D:\Yolo_LPR_RK3568_FPGA_Project\1_PC_Training\datasets\yolo_format\images\train\ccpd_green_train_3022562934027777776-90_93-238&492_519&573-516&573_240&572_238&492_519&492-0_0_3_25_30_30_24_33-95-32.jpg	finetune_quant_dataset/quant_0800.jpg	719DD635EC8625501D5772437D53841779BD8DA76D4BBC3280DFC6F4427B21F0	720	1160	0.551724137931	121	0
801	yellow_single	old	train	train	2	D:\Yolo_LPR_RK3568_FPGA_Project\1_PC_Training\datasets\yolo_format\images\train\crpd_57_0234.jpg	finetune_quant_dataset/quant_0801.jpg	D30A8E493F276AA3E5F78D5A3F37F732540A8BD23AC6FA1326F6236B29B4CCDF	1920	1080	0.333333333333	0	140
802	other_all	special	val	香港出入境车牌	3	D:\Yolo_LPR_RK3568_FPGA_Project\1_PC_Training\datasets\特殊车牌\image\香港出入境车牌\粤ZR666港.jpg	finetune_quant_dataset/quant_0802.jpg	A7EEB2FE760E88CC6B333813BB4FF42D2A4C3F3E237F5F7871820571006CBA1D	1600	1200	0.4	0	80
803	green	old	train	train	1	D:\Yolo_LPR_RK3568_FPGA_Project\1_PC_Training\datasets\yolo_format\images\train\ccpd_green_train_3038452690972222224-90_91-157&464_534&566-534&562_170&566_157&466_533&464-0_0_3_25_25_25_24_29-116-262.jpg	finetune_quant_dataset/quant_0803.jpg	61B5DBEAD82AB261A6C27D6F6E1EBF96B679E3867D19DD3FC7C2F4C5179B35A1	720	1160	0.551724137931	121	0
804	other_all	old	train	train	3	D:\Yolo_LPR_RK3568_FPGA_Project\1_PC_Training\datasets\yolo_format\images\train\crpd_66_0238.jpg	finetune_quant_dataset/quant_0804.jpg	E7D728682BA46718E28008F98D0CA9405D2368814BFECA6C95F099BEAF6E814D	1920	1080	0.333333333333	0	140
805	yellow_single	old	train	train	2	D:\Yolo_LPR_RK3568_FPGA_Project\1_PC_Training\datasets\yolo_format\images\train\crpd_46_0152.jpg	finetune_quant_dataset/quant_0805.jpg	F253B7982291646BAD237922277F8E3965A1F5E6976CFA13C729DAE1DB083B04	1920	1080	0.333333333333	0	140
806	green	old	train	train	1	D:\Yolo_LPR_RK3568_FPGA_Project\1_PC_Training\datasets\yolo_format\images\train\ccpd_green_train_0231336805556-89_107-191&458_451&548-431&540_191&548_211&458_451&459-0_0_3_25_27_32_29_33-104-113.jpg	finetune_quant_dataset/quant_0806.jpg	8F1000AC59E24186C2A7768A77DFC6EC98C2CB2B44E77A4CEE73E84C093BD7C0	720	1160	0.551724137931	121	0
807	green	old	train	train	1	D:\Yolo_LPR_RK3568_FPGA_Project\1_PC_Training\datasets\yolo_format\images\train\ccpd_green_train_302892795138888889-89_96-197&464_507&558-501&547_197&558_200&470_507&464-0_0_3_24_26_29_31_32-107-146.jpg	finetune_quant_dataset/quant_0807.jpg	CBCF7265044352F45AE3792C3FEC01959CDDFB405BAA67B5D663020E3583DAEB	720	1160	0.551724137931	121	0
808	yellow_single	old	train	train	2	D:\Yolo_LPR_RK3568_FPGA_Project\1_PC_Training\datasets\yolo_format\images\train\crpd_45_0192.jpg	finetune_quant_dataset/quant_0808.jpg	614F3EC383EA34141E9AF657755322B42C0CB614EE60FE01A672F96AB95C57C3	1920	1080	0.333333333333	0	140
809	yellow_single	old	train	train	2	D:\Yolo_LPR_RK3568_FPGA_Project\1_PC_Training\datasets\yolo_format\images\train\crpd_56_0132.jpg	finetune_quant_dataset/quant_0809.jpg	9E64DF3D4DD5CE22EF15D1872856CC85287A311244AD67444DD2BC6CEA88C483	1920	1080	0.333333333333	0	140
810	green	old	train	train	1	D:\Yolo_LPR_RK3568_FPGA_Project\1_PC_Training\datasets\yolo_format\images\train\ccpd_green_train_3023951822916666667-90_266-228&482_511&567-497&560_228&567_233&486_511&482-0_0_3_24_33_29_29_25-53-22.jpg	finetune_quant_dataset/quant_0810.jpg	2C3742982A8C8D4859C15F7303DA09432BE437AB9F701D88A2C06AF3E81E4507	720	1160	0.551724137931	121	0
811	blue	old	train	train	0	D:\Yolo_LPR_RK3568_FPGA_Project\1_PC_Training\datasets\yolo_format\images\train\ccpd_blue_ccpd_rotate_0176-17_1-329&473_475&574-475&533_346&574_329&514_458&473-0_0_7_33_23_33_26-127-109.jpg	finetune_quant_dataset/quant_0811.jpg	EAAC12022B2C6961E22242F83DE12F2F53315CA8B4D89F42728014FB39883FFF	720	1160	0.551724137931	121	0
812	blue	old	train	train	0,0,0	D:\Yolo_LPR_RK3568_FPGA_Project\1_PC_Training\datasets\yolo_format\images\train\crpd_60_0424.jpg	finetune_quant_dataset/quant_0812.jpg	B95434377C914B93C94BD86DE4FAE1EA75BB86842C030628D6D509938AB4F721	1920	1080	0.333333333333	0	140
813	other_all	old	train	train	3	D:\Yolo_LPR_RK3568_FPGA_Project\1_PC_Training\datasets\yolo_format\images\train\crpd_66_1180.jpg	finetune_quant_dataset/quant_0813.jpg	2B905E6EE5B9D0CC32B8C1B1733FD88D0D08F10ACA1E2DAC3E8D9CAAD8F215F9	1920	1080	0.333333333333	0	140
814	green	old	train	train	1	D:\Yolo_LPR_RK3568_FPGA_Project\1_PC_Training\datasets\yolo_format\images\train\ccpd_green_train_027421875-90_254-168&423_480&512-480&512_188&505_168&424_475&423-0_0_3_25_32_32_32_26-148-100.jpg	finetune_quant_dataset/quant_0814.jpg	D3D3AC755C36CCEE6D080D9C8137468AC464F1547C34AB9D9DC1393DF2E9E100	720	1160	0.551724137931	121	0
815	other_all	special	train	教练车牌	3	D:\Yolo_LPR_RK3568_FPGA_Project\1_PC_Training\datasets\特殊车牌\image\教练车牌\粤C2275学.jpg	finetune_quant_dataset/quant_0815.jpg	DA96374038D4A9F825F1B12D9F7A1A92B0F21A143C7A0C83C231ACEBCCAB5624	1600	1200	0.4	0	80
816	blue	old	train	train	0,0	D:\Yolo_LPR_RK3568_FPGA_Project\1_PC_Training\datasets\yolo_format\images\train\crpd_65_0610.jpg	finetune_quant_dataset/quant_0816.jpg	1EC9151664256029DAC79F9712B42FFA638FB2858F6DD9B331CE85311FFE0176	1920	1080	0.333333333333	0	140
817	other_all	special	test	教练车牌	3	D:\Yolo_LPR_RK3568_FPGA_Project\1_PC_Training\datasets\特殊车牌\image\教练车牌\粤C2452学.jpg	finetune_quant_dataset/quant_0817.jpg	1F2E7413CA542E1C393D81CA371FEB7068F7303F0586C4E6780E9765CF8BBF38	1600	1200	0.4	0	80
818	green	old	train	train	1	D:\Yolo_LPR_RK3568_FPGA_Project\1_PC_Training\datasets\yolo_format\images\train\ccpd_green_train_0271365017361-88_89-169&473_450&571-450&555_171&571_169&479_449&473-0_0_3_24_27_33_30_33-67-185.jpg	finetune_quant_dataset/quant_0818.jpg	57DCC3436490ADADF5EE6690CB43FF56DDFC26E90CEE17022411E82CBD9DFA91	720	1160	0.551724137931	121	0
819	yellow_single	old	train	train	2	D:\Yolo_LPR_RK3568_FPGA_Project\1_PC_Training\datasets\yolo_format\images\train\crpd_61_0013.jpg	finetune_quant_dataset/quant_0819.jpg	550987447677A7612234128D6F510F1FF575834CC551E235FD2611AB5090456D	1920	1080	0.333333333333	0	140
820	other_all	special	train	香港出入境车牌	3	D:\Yolo_LPR_RK3568_FPGA_Project\1_PC_Training\datasets\特殊车牌\image\香港出入境车牌\粤Z696A港.jpg	finetune_quant_dataset/quant_0820.jpg	9305603FFD638372A03D3772D0621DE17E8ABE2D0C4AB2B41575A19540BB60D1	1600	1200	0.4	0	80
821	yellow_single	old	train	train	2	D:\Yolo_LPR_RK3568_FPGA_Project\1_PC_Training\datasets\yolo_format\images\train\crpd_42_1163.jpg	finetune_quant_dataset/quant_0821.jpg	362A0E42E725C04BA5040F1A163A5DE1FFF389E4C677B8095DEB12DD5D4190BD	1920	1080	0.333333333333	0	140
822	other_all	special	train	教练车牌	3	D:\Yolo_LPR_RK3568_FPGA_Project\1_PC_Training\datasets\特殊车牌\image\教练车牌\粤C2703学.jpg	finetune_quant_dataset/quant_0822.jpg	FC7BC7194F3FBA68419733C520C0F527674F45B555B755B81309C2BC6CF8C869	1600	1200	0.4	0	80
823	green	old	train	train	1	D:\Yolo_LPR_RK3568_FPGA_Project\1_PC_Training\datasets\yolo_format\images\train\ccpd_green_train_0127712673611-90_254-225&457_439&517-439&516_240&517_225&457_433&457-0_0_3_17_25_24_33_30-127-116.jpg	finetune_quant_dataset/quant_0823.jpg	EC243D559DABE27BCAFE7F628CBD04B6BEB154C764404979A7585E8B98D443F9	720	1160	0.551724137931	121	0
824	other_all	special	train	澳门出入境车牌	3	D:\Yolo_LPR_RK3568_FPGA_Project\1_PC_Training\datasets\特殊车牌\image\澳门出入境车牌\粤Z7C13澳.jpg	finetune_quant_dataset/quant_0824.jpg	9ED013A1319D494F5D075D1A33E36CCB308E67EECDDB16706C622577B1215ABE	1600	1200	0.4	0	80
825	blue	old	train	train	0	D:\Yolo_LPR_RK3568_FPGA_Project\1_PC_Training\datasets\yolo_format\images\train\ccpd_blue_ccpd_tilt_0384-23_39-248&484_450&643-427&564_248&643_271&563_450&484-0_0_1_32_33_27_9-124-83.jpg	finetune_quant_dataset/quant_0825.jpg	DF67683344FB54169ABBCAF823A7524A65327C9C6A62B3A22CC09C2902920DE3	720	1160	0.551724137931	121	0
826	green	old	train	train	1	D:\Yolo_LPR_RK3568_FPGA_Project\1_PC_Training\datasets\yolo_format\images\train\ccpd_green_train_0542230902778-90_268-155&502_558&638-547&624_155&638_159&502_558&507-0_0_3_17_24_33_32_33-155-238.jpg	finetune_quant_dataset/quant_0826.jpg	1DE73C0D723EBF5B0573541BA2FA1D0F0BF2AEF98D5DCDBD7423CB7503793F6E	720	1160	0.551724137931	121	0
827	green	old	train	train	1	D:\Yolo_LPR_RK3568_FPGA_Project\1_PC_Training\datasets\yolo_format\images\train\ccpd_green_train_3016885850694444444-90_91-226&492_477&560-477&560_237&559_226&497_476&492-0_0_3_25_33_33_30_30-115-521.jpg	finetune_quant_dataset/quant_0827.jpg	1885182A35EAA6D251F05AD893095EABB79C76948F9FA54519ED19C02A20459C	720	1160	0.551724137931	121	0
828	green	old	train	train	1	D:\Yolo_LPR_RK3568_FPGA_Project\1_PC_Training\datasets\yolo_format\images\train\ccpd_green_train_0239518229167-90_266-226&430_509&515-506&515_231&513_226&434_509&430-1_0_5_29_32_25_26_33-119-161.jpg	finetune_quant_dataset/quant_0828.jpg	487D270AAF825B88C8B99D9771E22DA6F6F59D8C9D02240499A9F21DC48BEB0E	720	1160	0.551724137931	121	0
829	blue	old	train	train	0	D:\Yolo_LPR_RK3568_FPGA_Project\1_PC_Training\datasets\yolo_format\images\train\ccpd_blue_ccpd_base_0144612068966-90_87-210&518_418&591-423&599_215&584_223&508_431&523-30_0_6_20_30_30_32-176-26.jpg	finetune_quant_dataset/quant_0829.jpg	4A28505712AD0168EFDC5E503ADC71F7B9EED06305F1E48F33139E7E9A71F174	720	1160	0.551724137931	121	0
830	other_all	old	train	train	3	D:\Yolo_LPR_RK3568_FPGA_Project\1_PC_Training\datasets\yolo_format\images\train\crpd_66_1701.jpg	finetune_quant_dataset/quant_0830.jpg	E4CE21F8104EA52CA539E4D019E1A1E70B407CAFB2C7E208FEACDCBC3ED5C9DE	1920	1080	0.333333333333	0	140
831	blue	old	train	train	0	D:\Yolo_LPR_RK3568_FPGA_Project\1_PC_Training\datasets\yolo_format\images\train\ccpd_blue_ccpd_base_0286637931034-90_85-172&459_464&564-471&555_179&559_178&461_470&457-0_0_3_16_33_26_31-78-143.jpg	finetune_quant_dataset/quant_0831.jpg	3A75366E6401249AAC357E07F6076BCCE7CC6D2551ECB5CF4B09A7C37D43A546	720	1160	0.551724137931	121	0
832	yellow_single	old	train	train	2	D:\Yolo_LPR_RK3568_FPGA_Project\1_PC_Training\datasets\yolo_format\images\train\crpd_53_0682.jpg	finetune_quant_dataset/quant_0832.jpg	3B81AC2B0483BC22887203AEB60A32CA7B20C55BA685437A47748D2C5CADD68B	1920	1080	0.333333333333	0	140
833	other_all	old	train	train	3	D:\Yolo_LPR_RK3568_FPGA_Project\1_PC_Training\datasets\yolo_format\images\train\crpd_62_0391.jpg	finetune_quant_dataset/quant_0833.jpg	E04EC600618BBC52B608AA53C649429B2CC494AF605B710D600EB5827B4F7831	1600	1200	0.4	0	80
834	blue	old	train	train	0	D:\Yolo_LPR_RK3568_FPGA_Project\1_PC_Training\datasets\yolo_format\images\train\ccpd_blue_ccpd_db_0247-7_19-267&394_480&491-480&491_282&465_267&394_465&420-0_0_24_0_32_29_25-24-3.jpg	finetune_quant_dataset/quant_0834.jpg	AFDF70B55CA0238653A485D7944499332F7487F2EFACFE0B8E529972F2991483	720	1160	0.551724137931	121	0
835	other_all	special	val	香港出入境车牌	3	D:\Yolo_LPR_RK3568_FPGA_Project\1_PC_Training\datasets\特殊车牌\image\香港出入境车牌\粤ZEN22港.jpg	finetune_quant_dataset/quant_0835.jpg	C2E93A1A59F7107097D7C776BF983CC5F0BE0702AD865846D36EB5490994BC6A	1600	1200	0.4	0	80
836	blue	old	train	train	0,2	D:\Yolo_LPR_RK3568_FPGA_Project\1_PC_Training\datasets\yolo_format\images\train\crpd_45_1202.jpg	finetune_quant_dataset/quant_0836.jpg	42CBE8718A83633A67024EB16891EF4680DF76188DB7BDED607207030F967D0A	1920	1080	0.333333333333	0	140
837	green	old	train	train	1	D:\Yolo_LPR_RK3568_FPGA_Project\1_PC_Training\datasets\yolo_format\images\train\ccpd_green_train_301654622395833333-92_94-225&449_446&525-440&525_235&516_225&449_446&455-0_0_3_27_28_29_25_32-128-164.jpg	finetune_quant_dataset/quant_0837.jpg	97BC5CC934759856D82C2FD4EE7B1A6FA6A0DB2683C82B3A7B619B9B1F38A051	720	1160	0.551724137931	121	0
838	blue	old	train	train	0,0,2	D:\Yolo_LPR_RK3568_FPGA_Project\1_PC_Training\datasets\yolo_format\images\train\crpd_62_2031.jpg	finetune_quant_dataset/quant_0838.jpg	A8C3144E8756F0FF5066E5B33ED3C113F2E6B3BC8D048219552CCB54E8D7B7F1	1920	1080	0.333333333333	0	140
839	other_all	old	train	train	3	D:\Yolo_LPR_RK3568_FPGA_Project\1_PC_Training\datasets\yolo_format\images\train\crpd_66_0482.jpg	finetune_quant_dataset/quant_0839.jpg	B6EABCF5B7A343B7B9130E83E87354D2AFC5F889077CAEC0F546791DA23EB03F	1920	1080	0.333333333333	0	140
840	other_all	special	train	教练车牌	3	D:\Yolo_LPR_RK3568_FPGA_Project\1_PC_Training\datasets\特殊车牌\image\教练车牌\粤S8639学.jpg	finetune_quant_dataset/quant_0840.jpg	B6482257EA1AEC8A69E98FFB3E966B3867B15063A87F5FFBAE41841777899CB2	1600	1200	0.4	0	80
841	blue	old	train	train	0,0,0	D:\Yolo_LPR_RK3568_FPGA_Project\1_PC_Training\datasets\yolo_format\images\train\crpd_56_0862.jpg	finetune_quant_dataset/quant_0841.jpg	4E49F186227DD48B4BEB57ECBCD70290C90ED379F7E41C2BA4A6DF704EABF898	1600	1200	0.4	0	80
842	other_all	old	train	train	3	D:\Yolo_LPR_RK3568_FPGA_Project\1_PC_Training\datasets\yolo_format\images\train\crpd_66_1328.jpg	finetune_quant_dataset/quant_0842.jpg	24DEF437D60DBFED9E4EABA7FB67381ED2AA10618E989A1D36B03F2125F5B92A	1920	1080	0.333333333333	0	140
843	blue	old	train	train	0	D:\Yolo_LPR_RK3568_FPGA_Project\1_PC_Training\datasets\yolo_format\images\train\ccpd_blue_ccpd_fn_0799-11_49-145&425_557&587-481&520_145&587_221&492_557&425-0_0_29_2_32_33_33-77-496.jpg	finetune_quant_dataset/quant_0843.jpg	CC1DB91114AB4875B2940A3878405D77E78F3759C0C2268040CE1D709F0E86ED	720	1160	0.551724137931	121	0
844	other_all	old	train	train	0,3	D:\Yolo_LPR_RK3568_FPGA_Project\1_PC_Training\datasets\yolo_format\images\train\crpd_66_1695.jpg	finetune_quant_dataset/quant_0844.jpg	46F050185B0AE5F71F749471B8781EEF524F59B40848CD5E1DF01F4F98EC3173	1920	1080	0.333333333333	0	140
845	other_all	old	train	train	3	D:\Yolo_LPR_RK3568_FPGA_Project\1_PC_Training\datasets\yolo_format\images\train\crpd_66_0546.jpg	finetune_quant_dataset/quant_0845.jpg	D158AB16F899D6C8011803E46E683960DC276257D265604A726B36BAC544ED75	1920	1080	0.333333333333	0	140
846	yellow_single	old	train	train	2	D:\Yolo_LPR_RK3568_FPGA_Project\1_PC_Training\datasets\yolo_format\images\train\crpd_40_0710.jpg	finetune_quant_dataset/quant_0846.jpg	DA688CE056B592A0F5D6E27E197C86D15B49B589216F701BABD5450C874B1199	1920	1080	0.333333333333	0	140
847	other_all	special	train	香港出入境车牌	3	D:\Yolo_LPR_RK3568_FPGA_Project\1_PC_Training\datasets\特殊车牌\image\香港出入境车牌\粤ZLL99港.jpg	finetune_quant_dataset/quant_0847.jpg	C43690E5A909CE45A898FBDA2D8512C1FE480A8F46C11FF5E647FB21DB48A7CB	1600	1200	0.4	0	80
848	yellow_single	old	train	train	2	D:\Yolo_LPR_RK3568_FPGA_Project\1_PC_Training\datasets\yolo_format\images\train\crpd_45_0085.jpg	finetune_quant_dataset/quant_0848.jpg	AED5B3A4DF51921532C13D597A3C297DFB4668A67D67CD6B6B167F5D79217AE8	1920	1080	0.333333333333	0	140
849	green	old	train	train	1	D:\Yolo_LPR_RK3568_FPGA_Project\1_PC_Training\datasets\yolo_format\images\train\ccpd_green_train_3030491536458333333-89_94-200&439_523&535-520&524_207&535_200&449_523&439-0_0_3_27_29_30_25_32-135-251.jpg	finetune_quant_dataset/quant_0849.jpg	4AF073386168D77E2C401AF516C0039DAD06D067F1D6C33CDD45CA87C82E2885	720	1160	0.551724137931	121	0
850	blue	old	train	train	0	D:\Yolo_LPR_RK3568_FPGA_Project\1_PC_Training\datasets\yolo_format\images\train\ccpd_blue_ccpd_base_0272222222222-84_100-148&444_392&547-375&515_153&549_176&467_398&433-0_0_5_24_4_30_33-72-42.jpg	finetune_quant_dataset/quant_0850.jpg	B1D74623B5A543CED59E5296C0FA0F617E898744DCC00B213B687FCBDA5CF7C8	720	1160	0.551724137931	121	0
851	green	old	train	train	1	D:\Yolo_LPR_RK3568_FPGA_Project\1_PC_Training\datasets\yolo_format\images\train\ccpd_green_train_3051215277777777776-91_107-131&434_603&543-603&543_147&535_131&434_577&444-19_1_5_30_30_28_28_29-121-336.jpg	finetune_quant_dataset/quant_0851.jpg	0B9DCD11F209E317BF726D9C9FCEBE93A051547725BB702E5E8F71FDF4F85759	720	1160	0.551724137931	121	0
852	other_all	old	train	train	0,3	D:\Yolo_LPR_RK3568_FPGA_Project\1_PC_Training\datasets\yolo_format\images\train\crpd_61_0203.jpg	finetune_quant_dataset/quant_0852.jpg	80C5258E54C0283C4DA7F145F059B80A3D85AA3AEAB5CB93FD053A31203EB7B7	1920	1080	0.333333333333	0	140
853	green	old	train	train	1	D:\Yolo_LPR_RK3568_FPGA_Project\1_PC_Training\datasets\yolo_format\images\train\ccpd_green_train_3018307291666666666-91_260-287&506_509&589-509&589_297&576_287&506_499&512-0_0_3_27_33_29_25_32-185-252.jpg	finetune_quant_dataset/quant_0853.jpg	C8B8AC524666F8D8719D7C553F3EBC16D104F2FC208C390C0EEEE179A51BCD35	720	1160	0.551724137931	121	0
854	other_all	old	train	train	3	D:\Yolo_LPR_RK3568_FPGA_Project\1_PC_Training\datasets\yolo_format\images\train\crpd_66_1030.jpg	finetune_quant_dataset/quant_0854.jpg	3838B8DA5BF06785D587304D7B8684EC2C5FE7A2B7730210DC99962B99B31410	1920	1080	0.333333333333	0	140
855	blue	old	train	train	0,0	D:\Yolo_LPR_RK3568_FPGA_Project\1_PC_Training\datasets\yolo_format\images\train\crpd_57_0874.jpg	finetune_quant_dataset/quant_0855.jpg	3E2E952F77E4CC8117FB9F6694B0981F01494CB38635BCD6E18F86849CCED4BF	1920	1080	0.333333333333	0	140
856	blue	old	train	train	0	D:\Yolo_LPR_RK3568_FPGA_Project\1_PC_Training\datasets\yolo_format\images\train\ccpd_blue_ccpd_weather_0247-1_4-289&485_538&568-538&568_293&562_289&485_534&491-0_0_27_15_25_33_31-58-15.jpg	finetune_quant_dataset/quant_0856.jpg	2167FC8D00B4F10636C10B1EF0D84A320C73504F3F591CA2ACB2A28231E8B1F4	720	1160	0.551724137931	121	0
857	other_all	old	train	train	3	D:\Yolo_LPR_RK3568_FPGA_Project\1_PC_Training\datasets\yolo_format\images\train\crpd_66_1732.jpg	finetune_quant_dataset/quant_0857.jpg	43ADEA770C8C63D6AB1B969C1822DD7712EA286BC075BF9958F3922CF5B4F0F1	1920	1080	0.333333333333	0	140
858	green	old	train	train	1	D:\Yolo_LPR_RK3568_FPGA_Project\1_PC_Training\datasets\yolo_format\images\train\ccpd_green_train_3016180555555555556-90_90-191&505_424&575-424&572_194&575_191&507_424&505-0_0_3_24_30_32_29_24-93-67.jpg	finetune_quant_dataset/quant_0858.jpg	6BDB5E9E609539FA4649D5D5AC421E9CEB24FE86A07C8B2DF1A42D12F0E30BBE	720	1160	0.551724137931	121	0
859	green	old	train	train	1	D:\Yolo_LPR_RK3568_FPGA_Project\1_PC_Training\datasets\yolo_format\images\train\ccpd_green_train_0296223958333-90_249-156&432_481&524-447&509_156&524_187&432_481&433-0_0_3_25_33_33_30_30-94-163.jpg	finetune_quant_dataset/quant_0859.jpg	0BDCC0180641DA022E4CB1E7B4A5E04A8460B56C03AEFDC34DBE9781E98E52FA	720	1160	0.551724137931	121	0
860	yellow_single	old	train	train	2	D:\Yolo_LPR_RK3568_FPGA_Project\1_PC_Training\datasets\yolo_format\images\train\crpd_56_0465.jpg	finetune_quant_dataset/quant_0860.jpg	AE4DB393C5D24DD64AE5F462756A15D75A4A9F99FE087DD08B1A50EF4029CB7E	1920	1080	0.333333333333	0	140
861	green	old	train	train	1	D:\Yolo_LPR_RK3568_FPGA_Project\1_PC_Training\datasets\yolo_format\images\train\ccpd_green_train_3016634114583333335-88_93-231&518_450&595-449&585_231&595_231&520_450&518-0_0_3_24_33_26_33_26-146-5.jpg	finetune_quant_dataset/quant_0861.jpg	CD237302EE24F09DFF7EAB1F3640932955B08D21C172DA07D03359AECE08499D	720	1160	0.551724137931	121	0
862	other_all	special	train	教练车牌	3	D:\Yolo_LPR_RK3568_FPGA_Project\1_PC_Training\datasets\特殊车牌\image\教练车牌\粤S8380学.jpg	finetune_quant_dataset/quant_0862.jpg	B22B875AE9C5AEBBAE67A44A7A75E38DB2DB47C89ACA25965C5CE4B952138E0A	1600	1200	0.4	0	80
863	other_all	special	test	警用车牌	3	D:\Yolo_LPR_RK3568_FPGA_Project\1_PC_Training\datasets\特殊车牌\image\警用车牌\粤S4455警.jpg	finetune_quant_dataset/quant_0863.jpg	EEE5AD32823966D2AC515CDDBF0985A1CF017AE426938190669AD2D90FEB13E1	1600	1200	0.4	0	80
864	other_all	old	train	train	3	D:\Yolo_LPR_RK3568_FPGA_Project\1_PC_Training\datasets\yolo_format\images\train\crpd_66_0474.jpg	finetune_quant_dataset/quant_0864.jpg	95A1FE06EA654515683C28BFA1B809941680937D59E9BD23F6FB55671BE301BE	1920	1080	0.333333333333	0	140
865	other_all	old	train	train	3	D:\Yolo_LPR_RK3568_FPGA_Project\1_PC_Training\datasets\yolo_format\images\train\crpd_66_1647.jpg	finetune_quant_dataset/quant_0865.jpg	CD473AB5C60606E9CB7F7AE3503D3C413D3F4555873DA232060FBB5357A13F41	1920	1080	0.333333333333	0	140
866	yellow_single	old	train	train	2	D:\Yolo_LPR_RK3568_FPGA_Project\1_PC_Training\datasets\yolo_format\images\train\crpd_1 (903).jpg	finetune_quant_dataset/quant_0866.jpg	8D7D02B97F959483CD76CC4853AF1DE01B30FE653F06A9F89F671733644A4CF8	1628	1236	0.39312039312	0	77
867	yellow_single	old	train	train	2	D:\Yolo_LPR_RK3568_FPGA_Project\1_PC_Training\datasets\yolo_format\images\train\crpd_56_0820.jpg	finetune_quant_dataset/quant_0867.jpg	CC30DA50B56F16079D6353E948B5DACD54C2E0F1C276838CA78C70FA8051D17B	1920	1080	0.333333333333	0	140
868	yellow_single	old	train	train	2	D:\Yolo_LPR_RK3568_FPGA_Project\1_PC_Training\datasets\yolo_format\images\train\crpd_66_1646.jpg	finetune_quant_dataset/quant_0868.jpg	0ED65F357DC8C9F37C49398A66053DDD455A9CD69B7186D6DC7A786562ED8703	1920	1080	0.333333333333	0	140
869	green	old	train	train	1	D:\Yolo_LPR_RK3568_FPGA_Project\1_PC_Training\datasets\yolo_format\images\train\ccpd_green_train_0148611111111-89_92-256&424_470&494-469&490_259&494_256&430_470&424-0_0_3_24_33_32_30_26-107-55.jpg	finetune_quant_dataset/quant_0869.jpg	74D53144677C91ADAE35D33DF8B942E3F1763FDD6574C4D1C47A506B9061EB41	720	1160	0.551724137931	121	0
870	other_all	special	train	警用车牌	3	D:\Yolo_LPR_RK3568_FPGA_Project\1_PC_Training\datasets\特殊车牌\image\警用车牌\粤C0118警.jpg	finetune_quant_dataset/quant_0870.jpg	9B00C46552A2D4FB8DFBFFE038555374E51B473052B668D10A7AAB6CA5629328	1600	1200	0.4	0	80
871	other_all	special	train	教练车牌	3	D:\Yolo_LPR_RK3568_FPGA_Project\1_PC_Training\datasets\特殊车牌\image\教练车牌\粤C2218学.jpg	finetune_quant_dataset/quant_0871.jpg	054FEB561040CA2BD737915AAF993684B489D1E1705F75543379F05DF2238474	1600	1200	0.4	0	80
872	other_all	old	train	train	3	D:\Yolo_LPR_RK3568_FPGA_Project\1_PC_Training\datasets\yolo_format\images\train\crpd_66_0021.jpg	finetune_quant_dataset/quant_0872.jpg	27BED175B89BBA818EC720AD5B8EEF100D63FBE481090053B1281E761C702DE4	1920	1080	0.333333333333	0	140
873	green	old	train	train	1	D:\Yolo_LPR_RK3568_FPGA_Project\1_PC_Training\datasets\yolo_format\images\train\ccpd_green_train_304900390625-89_101-169&427_555&555-538&547_169&555_181&427_555&436-0_0_3_27_29_27_26_26-64-12.jpg	finetune_quant_dataset/quant_0873.jpg	E806F06F4498047C6D1449BB96A9FECE27EE10EB13CABD436769B54320088FF1	720	1160	0.551724137931	121	0
874	green	old	train	train	1	D:\Yolo_LPR_RK3568_FPGA_Project\1_PC_Training\datasets\yolo_format\images\train\ccpd_green_train_0165277777778-90_266-280&387_518&457-516&455_284&457_280&390_518&387-0_0_3_17_25_24_25_25-97-37.jpg	finetune_quant_dataset/quant_0874.jpg	2D477AE0F202FEFF77267F8037CC736D913948213249D267EA0CC4DA6DE0DB37	720	1160	0.551724137931	121	0
875	green	old	train	train	1	D:\Yolo_LPR_RK3568_FPGA_Project\1_PC_Training\datasets\yolo_format\images\train\ccpd_green_train_0139322916667-91_267-214&390_428&456-428&456_215&448_214&390_424&395-0_0_5_25_31_25_24_24-111-40.jpg	finetune_quant_dataset/quant_0875.jpg	044C7EF13D3D2B7098CB6A930082E54195E4FD19ED6597D9B5AD5477AEEF6FD5	720	1160	0.551724137931	121	0
876	blue	old	train	train	0	D:\Yolo_LPR_RK3568_FPGA_Project\1_PC_Training\datasets\yolo_format\images\train\ccpd_blue_ccpd_tilt_0774-19_22-219&510_513&730-513&730_226&629_219&510_506&611-0_0_22_8_24_32_33-164-233.jpg	finetune_quant_dataset/quant_0876.jpg	050AE531F192C914F200F78B38C2D1175814A2238CE552D8753E857E11EF9F49	720	1160	0.551724137931	121	0
877	green	old	train	train	1	D:\Yolo_LPR_RK3568_FPGA_Project\1_PC_Training\datasets\yolo_format\images\train\ccpd_green_train_305359700520833333-90_254-141&457_586&578-584&578_171&574_141&457_586&462-0_0_3_24_30_32_24_33-94-270.jpg	finetune_quant_dataset/quant_0877.jpg	BF3EB52EB828329924D2419A9E5B5603CC3B5A40F937993A3DB09CE328576793	720	1160	0.551724137931	121	0
878	other_all	old	train	train	0,3	D:\Yolo_LPR_RK3568_FPGA_Project\1_PC_Training\datasets\yolo_format\images\train\crpd_62_0513.jpg	finetune_quant_dataset/quant_0878.jpg	B85606791E363C062E1C98127F06E327893C27E1A40B9F2786A344D5A02258FA	1920	1080	0.333333333333	0	140
879	green	old	train	train	1	D:\Yolo_LPR_RK3568_FPGA_Project\1_PC_Training\datasets\yolo_format\images\train\ccpd_green_train_301107421875-89_103-314&499_503&558-494&551_314&558_324&499_503&501-0_0_3_28_29_29_29_26-153-96.jpg	finetune_quant_dataset/quant_0879.jpg	72523D2119AC23C5B0446AC7E18B3056D2A7E98D7764B1B743162632E050C00C	720	1160	0.551724137931	121	0
880	yellow_single	old	train	train	0,2	D:\Yolo_LPR_RK3568_FPGA_Project\1_PC_Training\datasets\yolo_format\images\train\crpd_40_0231.jpg	finetune_quant_dataset/quant_0880.jpg	918860943831D328A0DF048782A83DB7DD68EB5130C04CB435B9AFB84CAE3AFA	1920	1080	0.333333333333	0	140
881	other_all	special	test	澳门出入境车牌	3	D:\Yolo_LPR_RK3568_FPGA_Project\1_PC_Training\datasets\特殊车牌\image\澳门出入境车牌\粤Z7008澳.jpg	finetune_quant_dataset/quant_0881.jpg	9C78D443795CA5E68B0DA0E394DF45D1643D49081BE580CD4CCFCBF4AA9D8CF9	1600	1200	0.4	0	80
882	other_all	old	train	train	3	D:\Yolo_LPR_RK3568_FPGA_Project\1_PC_Training\datasets\yolo_format\images\train\crpd_66_1614.jpg	finetune_quant_dataset/quant_0882.jpg	4990C7CE082B128C9538FF845DDED3A58962D7074E68B1AF374C73CAD430843C	1920	1080	0.333333333333	0	140
883	green	old	train	train	1	D:\Yolo_LPR_RK3568_FPGA_Project\1_PC_Training\datasets\yolo_format\images\train\ccpd_green_train_00442708333333-90_92-267&535_387&572-386&572_267&571_268&536_387&535-0_0_3_24_33_29_27_33-111-9.jpg	finetune_quant_dataset/quant_0883.jpg	3086A67DF47DB0D97E0B4703224163E55AFBEC8F2E2DB41B43D50121B03D01F5	720	1160	0.551724137931	121	0
884	green	old	train	train	1	D:\Yolo_LPR_RK3568_FPGA_Project\1_PC_Training\datasets\yolo_format\images\train\ccpd_green_train_04422200520833333-90_262-83&351_512&455-502&455_96&453_83&351_512&353-0_0_3_27_29_27_26_26-44-56.jpg	finetune_quant_dataset/quant_0884.jpg	6431D59F50A3A49B5A8A136772A92C3A2CEACD2866650A2D3227DA0A79B90750	720	1160	0.551724137931	121	0
885	yellow_single	old	train	train	2	D:\Yolo_LPR_RK3568_FPGA_Project\1_PC_Training\datasets\yolo_format\images\train\crpd_42_2137.jpg	finetune_quant_dataset/quant_0885.jpg	F1A973F375F9D96E83FAAA5E303D2FBE7769E3EEA53BE1B1D199035DECFB9E60	1920	1080	0.333333333333	0	140
886	other_all	special	train	教练车牌	3	D:\Yolo_LPR_RK3568_FPGA_Project\1_PC_Training\datasets\特殊车牌\image\教练车牌\粤C2378学.jpg	finetune_quant_dataset/quant_0886.jpg	530BE3AAF1199E5E2F1BB72A84E8BFC6EA2E6D66D7F8735DFC7E1CCD57724883	1600	1200	0.4	0	80
887	blue	old	train	train	0	D:\Yolo_LPR_RK3568_FPGA_Project\1_PC_Training\datasets\yolo_format\images\train\ccpd_blue_ccpd_base_0224628831417-90_89-319&589_588&688-591&683_318&683_317&590_590&590-11_2_15_26_24_7_29-126-31.jpg	finetune_quant_dataset/quant_0887.jpg	EFF90B24852030F7A976D34923C1E4F58AF2FC95BC50BEC93F4C4B2D617D9AB0	720	1160	0.551724137931	121	0
888	blue	old	train	train	0	D:\Yolo_LPR_RK3568_FPGA_Project\1_PC_Training\datasets\yolo_format\images\train\crpd_59_0445.jpg	finetune_quant_dataset/quant_0888.jpg	E03F40FD42ABF15C7FCDE2340046BBCF89B5179B301DED268CE89A2B6ABEF1F2	1600	1200	0.4	0	80
889	other_all	special	train	警用车牌	3	D:\Yolo_LPR_RK3568_FPGA_Project\1_PC_Training\datasets\特殊车牌\image\警用车牌\粤S1155警.jpg	finetune_quant_dataset/quant_0889.jpg	296797D390C843CF959A0D6B0F927E1D77B6065C70A6E123152FD0091D05D411	1600	1200	0.4	0	80
890	other_all	old	train	train	3	D:\Yolo_LPR_RK3568_FPGA_Project\1_PC_Training\datasets\yolo_format\images\train\crpd_66_0483.jpg	finetune_quant_dataset/quant_0890.jpg	7F794F9A781F1887CA106144FCEEF09BC6F63F548262432CFF31E9BDA7FA9A2B	1920	1080	0.333333333333	0	140
891	green	old	train	train	1	D:\Yolo_LPR_RK3568_FPGA_Project\1_PC_Training\datasets\yolo_format\images\train\ccpd_green_train_0344032118056-90_267-116&431_498&522-491&520_120&522_116&431_498&432-0_0_3_24_27_33_25_25-63-317.jpg	finetune_quant_dataset/quant_0891.jpg	3786CC049D051423D80C0737E10C17B3999E6811990573207B6B4574DA71ED1D	720	1160	0.551724137931	121	0
892	green	old	train	train	1	D:\Yolo_LPR_RK3568_FPGA_Project\1_PC_Training\datasets\yolo_format\images\train\ccpd_green_train_0392708333333-90_266-162&469_510&583-510&583_168&570_162&469_507&476-0_0_3_24_33_32_31_31-140-489.jpg	finetune_quant_dataset/quant_0892.jpg	597E2DBF4306E8CC70CF9FB51FF84D36A99DA246A6AE6B5942D518AC360D3119	720	1160	0.551724137931	121	0
893	other_all	old	train	train	3	D:\Yolo_LPR_RK3568_FPGA_Project\1_PC_Training\datasets\yolo_format\images\train\crpd_66_1193.jpg	finetune_quant_dataset/quant_0893.jpg	A7978BFB9F6A4EC5C11B3FB3FBC6294468A0C9FC76B96F7BFED6F444AB1FCC81	1920	1080	0.333333333333	0	140
894	blue	old	train	train	0	D:\Yolo_LPR_RK3568_FPGA_Project\1_PC_Training\datasets\yolo_format\images\train\ccpd_blue_ccpd_weather_0296-3_1-256&583_506&682-499&682_256&669_263&583_506&596-0_0_1_25_1_32_33-128-77.jpg	finetune_quant_dataset/quant_0894.jpg	FCCC5B9F66CB67CFE28D84E5A367EBF26299697408686E826EAEB204C68EB82E	720	1160	0.551724137931	121	0
895	yellow_single	old	train	train	2	D:\Yolo_LPR_RK3568_FPGA_Project\1_PC_Training\datasets\yolo_format\images\train\crpd_39_0605.jpg	finetune_quant_dataset/quant_0895.jpg	AF1E0722C8511E5643AE61CA0C61631773C5894E732CC861BB27FC540ABE3042	1920	1080	0.333333333333	0	140
896	green	old	train	train	1	D:\Yolo_LPR_RK3568_FPGA_Project\1_PC_Training\datasets\yolo_format\images\train\ccpd_green_train_307386284722222222-89_267-75&470_611&609-581&594_82&609_75&482_611&470-0_0_3_24_31_28_28_24-74-77.jpg	finetune_quant_dataset/quant_0896.jpg	87BBFAB37E05C4ADE18B4A559707C1C015136846F7B6CF12FB3A120621805583	720	1160	0.551724137931	121	0
897	yellow_single	old	train	train	2	D:\Yolo_LPR_RK3568_FPGA_Project\1_PC_Training\datasets\yolo_format\images\train\crpd_1 (763).jpg	finetune_quant_dataset/quant_0897.jpg	E4A8F3BEC2770099EF5D42EA85EE99B93C9D3F2E62D4870814930A6624DCC044	1628	1236	0.39312039312	0	77
898	yellow_single	old	train	train	0,0,2	D:\Yolo_LPR_RK3568_FPGA_Project\1_PC_Training\datasets\yolo_format\images\train\crpd_58_0707.jpg	finetune_quant_dataset/quant_0898.jpg	49016FD70F3BF3BAE9CAFF2EF270AF3CD6F6FBB772323FFEEF805D6BF3620291	1600	1200	0.4	0	80
899	blue	old	train	train	0	D:\Yolo_LPR_RK3568_FPGA_Project\1_PC_Training\datasets\yolo_format\images\train\ccpd_blue_ccpd_challenge_0433-23_0-291&439_509&605-509&527_330&605_291&517_470&439-10_3_24_31_31_1_17-170-29.jpg	finetune_quant_dataset/quant_0899.jpg	13DCAFF641A71504546C97B8E672542A375780BE1F0979D3039426F20DA50E71	720	1160	0.551724137931	121	0
900	yellow_single	old	train	train	2	D:\Yolo_LPR_RK3568_FPGA_Project\1_PC_Training\datasets\yolo_format\images\train\crpd_57_0104.jpg	finetune_quant_dataset/quant_0900.jpg	8E66778B8781F92EC03237C94F849FAF660A90AA8C2F355FA55E4AC590CE5930	1920	1080	0.333333333333	0	140
901	other_all	special	train	教练车牌	3	D:\Yolo_LPR_RK3568_FPGA_Project\1_PC_Training\datasets\特殊车牌\image\教练车牌\粤C1335学.jpg	finetune_quant_dataset/quant_0901.jpg	1772604BA4E56BACFFC9B63B4FA0B7FBB3502BFA7B21756E8595FDC92BD5DBEF	1600	1200	0.4	0	80
902	other_all	old	train	train	0,0,0,3	D:\Yolo_LPR_RK3568_FPGA_Project\1_PC_Training\datasets\yolo_format\images\train\crpd_62_2314.jpg	finetune_quant_dataset/quant_0902.jpg	2046189A21CA8C75AEB17DBED56D8F0AC85E1AF209F6058C22D3E89E5BC23E7E	1920	1080	0.333333333333	0	140
903	blue	old	train	train	0	D:\Yolo_LPR_RK3568_FPGA_Project\1_PC_Training\datasets\yolo_format\images\train\ccpd_blue_ccpd_blur_0442-8_15-205&461_481&595-481&595_215&553_205&461_471&503-0_0_32_9_25_25_33-40-5.jpg	finetune_quant_dataset/quant_0903.jpg	A5B4634C7C83C51CE4A065C38E22EDF36DD60156A0D7C16F69165F7370ABF7AE	720	1160	0.551724137931	121	0
904	other_all	old	train	train	3	D:\Yolo_LPR_RK3568_FPGA_Project\1_PC_Training\datasets\yolo_format\images\train\crpd_57_0253.jpg	finetune_quant_dataset/quant_0904.jpg	53F5D35580CAF7BEBA5209D58D61A7CB75CECD009B9D737767EAE6EE2C7F6E0C	1920	1080	0.333333333333	0	140
905	blue	old	train	train	0	D:\Yolo_LPR_RK3568_FPGA_Project\1_PC_Training\datasets\yolo_format\images\train\ccpd_blue_ccpd_challenge_0303-0_0-343&518_599&617-597&617_343&614_345&518_599&521-0_11_0_6_25_31_32-136-4.jpg	finetune_quant_dataset/quant_0905.jpg	EC2F167F63AD1F37CD07CBB9E9FDD4C4EF086C423943D4D017F94F627569DC12	720	1160	0.551724137931	121	0
906	other_all	old	train	train	3	D:\Yolo_LPR_RK3568_FPGA_Project\1_PC_Training\datasets\yolo_format\images\train\crpd_66_1025.jpg	finetune_quant_dataset/quant_0906.jpg	79B013106DE9F27BA228AE430F53C53997E83C13D6E1B8AE7DDC1AB4D0957CAC	1920	1080	0.333333333333	0	140
907	yellow_single	old	train	train	2	D:\Yolo_LPR_RK3568_FPGA_Project\1_PC_Training\datasets\yolo_format\images\train\crpd_43_0518.jpg	finetune_quant_dataset/quant_0907.jpg	18EFB33392E4C974EB72CC58C59836751994D5FBD09A2B1A1EE6CBD0A7A8D321	1920	1080	0.333333333333	0	140
908	yellow_single	old	train	train	2	D:\Yolo_LPR_RK3568_FPGA_Project\1_PC_Training\datasets\yolo_format\images\train\crpd_46_0186.jpg	finetune_quant_dataset/quant_0908.jpg	8402A1EA0FF53B983F2B1517D399AEC754A1A536928B0E69CE5547E78D83BBFD	1920	1080	0.333333333333	0	140
909	blue	old	train	train	0	D:\Yolo_LPR_RK3568_FPGA_Project\1_PC_Training\datasets\yolo_format\images\train\crpd_43_0320.jpg	finetune_quant_dataset/quant_0909.jpg	CF36ECF1BD405FCED0F00417ECE20ED876A8C495501BBEA8CB2D9DBBD4D40DF4	1920	1080	0.333333333333	0	140
910	green	old	train	train	1	D:\Yolo_LPR_RK3568_FPGA_Project\1_PC_Training\datasets\yolo_format\images\train\ccpd_green_train_0306206597222-89_103-130&481_462&574-462&567_158&574_130&493_443&481-0_0_3_27_33_24_26_32-140-252.jpg	finetune_quant_dataset/quant_0910.jpg	BC39A8D79A0A27ABE113297CB27D078DF3F5AE40DD451C385D1CBB59166192E0	720	1160	0.551724137931	121	0
911	yellow_single	old	train	train	2	D:\Yolo_LPR_RK3568_FPGA_Project\1_PC_Training\datasets\yolo_format\images\train\crpd_45_0502.jpg	finetune_quant_dataset/quant_0911.jpg	09C1A289A0CFBF0C259B891464BCBBB28328CA7D701CDBE030C65F1E0D654944	1920	1080	0.333333333333	0	140
912	yellow_single	old	train	train	2	D:\Yolo_LPR_RK3568_FPGA_Project\1_PC_Training\datasets\yolo_format\images\train\crpd_66_1111.jpg	finetune_quant_dataset/quant_0912.jpg	D45AA2B3E62F886A0D5956548445EAF41F07D161FA4276CD5CAE25458B6E473C	1920	1080	0.333333333333	0	140
913	other_all	old	train	train	3	D:\Yolo_LPR_RK3568_FPGA_Project\1_PC_Training\datasets\yolo_format\images\train\crpd_62_0896.jpg	finetune_quant_dataset/quant_0913.jpg	17DE204930019D7B8424D7295A1EC26B8207DB826850D4BBB9F2F5A565169B28	1920	1080	0.333333333333	0	140
914	other_all	special	train	教练车牌	3	D:\Yolo_LPR_RK3568_FPGA_Project\1_PC_Training\datasets\特殊车牌\image\教练车牌\粤C2239学.jpg	finetune_quant_dataset/quant_0914.jpg	E813DCB2D098F80DBE9A1AD42A225BACCCCA7B53BBA525AF338146AE49BE8599	1600	1200	0.4	0	80
915	green	old	train	train	1	D:\Yolo_LPR_RK3568_FPGA_Project\1_PC_Training\datasets\yolo_format\images\train\ccpd_green_train_3020555555555555556-90_103-239&466_495&547-479&542_244&547_239&473_495&466-0_0_3_24_33_28_33_27-82-59.jpg	finetune_quant_dataset/quant_0915.jpg	41601EDECDCC296D6A8426B9F3201747C21C934677518CB72B0217B5D5A699DB	720	1160	0.551724137931	121	0
916	green	old	train	train	1	D:\Yolo_LPR_RK3568_FPGA_Project\1_PC_Training\datasets\yolo_format\images\train\ccpd_green_train_01640625-91_264-252&489_462&567-449&564_252&567_260&489_462&494-0_0_3_24_25_27_32_32-107-42.jpg	finetune_quant_dataset/quant_0916.jpg	ADFF4312F9CAC6771A5C7897155DFB46F933C0E57EA171BE06AC833CB6418BF6	720	1160	0.551724137931	121	0
917	other_all	old	train	train	3	D:\Yolo_LPR_RK3568_FPGA_Project\1_PC_Training\datasets\yolo_format\images\train\crpd_66_0516.jpg	finetune_quant_dataset/quant_0917.jpg	A35F24BC31646608639BC39E84F8B437B00F535BD159CC9BB2A313494994E4D1	1920	1080	0.333333333333	0	140
918	yellow_single	old	train	train	2	D:\Yolo_LPR_RK3568_FPGA_Project\1_PC_Training\datasets\yolo_format\images\train\crpd_53_0942.jpg	finetune_quant_dataset/quant_0918.jpg	3F5C5E6BC4CE90397E7AF91CA92C588C59126A541A68BF59EF85C04B683531EE	1920	1080	0.333333333333	0	140
919	other_all	special	train	教练车牌	3	D:\Yolo_LPR_RK3568_FPGA_Project\1_PC_Training\datasets\特殊车牌\image\教练车牌\粤C2789学.jpg	finetune_quant_dataset/quant_0919.jpg	CA027E8FFECD5D44E1ED9B326A0F896692BB04183B8B1403483033252BE276EF	1600	1200	0.4	0	80
920	yellow_single	old	train	train	2	D:\Yolo_LPR_RK3568_FPGA_Project\1_PC_Training\datasets\yolo_format\images\train\crpd_46_1494.jpg	finetune_quant_dataset/quant_0920.jpg	C7A730CAAFB6D510EF66B9FBB34A32425580C7801B05A32EFC83D3CD2747FAC6	1920	1080	0.333333333333	0	140
921	other_all	old	train	train	3	D:\Yolo_LPR_RK3568_FPGA_Project\1_PC_Training\datasets\yolo_format\images\train\crpd_66_1097.jpg	finetune_quant_dataset/quant_0921.jpg	5916ACFF4BCCB2131BC5C3F0F6D8BECDFD15D30F145A75ED78127E33782C0780	1920	1080	0.333333333333	0	140
922	green	old	train	train	1	D:\Yolo_LPR_RK3568_FPGA_Project\1_PC_Training\datasets\yolo_format\images\train\ccpd_green_train_300890625-94_111-309&466_461&525-461&525_313&513_309&466_447&472-0_0_3_17_24_33_29_26-140-44.jpg	finetune_quant_dataset/quant_0922.jpg	3D39726EE4349AE344319F0E87B23BE3C63DAAF7CAD52DF11EFD1E76C24AA47C	720	1160	0.551724137931	121	0
923	yellow_single	old	train	train	2	D:\Yolo_LPR_RK3568_FPGA_Project\1_PC_Training\datasets\yolo_format\images\train\crpd_46_0343.jpg	finetune_quant_dataset/quant_0923.jpg	FFB9A9BDB1BC23254E9BFD7ED8A45D988A61A83A435F6B51F2DDA4AB7705BC28	1600	1200	0.4	0	80
924	yellow_single	old	train	train	2	D:\Yolo_LPR_RK3568_FPGA_Project\1_PC_Training\datasets\yolo_format\images\train\crpd_45_0253.jpg	finetune_quant_dataset/quant_0924.jpg	8B4428F2D6521864410DB2AAE8D2FC97F7A4E4B9772AFC28A305778EE4471129	1920	1080	0.333333333333	0	140
925	other_all	old	train	train	3	D:\Yolo_LPR_RK3568_FPGA_Project\1_PC_Training\datasets\yolo_format\images\train\crpd_45_0533.jpg	finetune_quant_dataset/quant_0925.jpg	F811196FDDC92338AD514DBE7F0C615B4258AFEFE994B647EC91E8C22EBFBF09	1920	1080	0.333333333333	0	140
926	blue	old	train	train	0	D:\Yolo_LPR_RK3568_FPGA_Project\1_PC_Training\datasets\yolo_format\images\train\ccpd_blue_ccpd_db_0545-12_21-227&467_531&617-531&617_241&555_227&467_517&529-0_0_21_13_27_27_30-34-3.jpg	finetune_quant_dataset/quant_0926.jpg	F60A91AA8135C285ED125FBEACB0D4994C7B329DC461C13921AA07BAB738994B	720	1160	0.551724137931	121	0
927	yellow_single	old	train	train	2	D:\Yolo_LPR_RK3568_FPGA_Project\1_PC_Training\datasets\yolo_format\images\train\crpd_45_0226.jpg	finetune_quant_dataset/quant_0927.jpg	768970A4A0E9B61C7D3EF56F2AD91210A74594E843059A41D349667794696622	1920	1080	0.333333333333	0	140
928	blue	old	train	train	0	D:\Yolo_LPR_RK3568_FPGA_Project\1_PC_Training\datasets\yolo_format\images\train\ccpd_blue_ccpd_fn_0933-36_43-234&383_501&675-501&675_247&488_234&383_488&570-0_0_31_25_30_22_32-61-165.jpg	finetune_quant_dataset/quant_0928.jpg	53A5C7BB17FB5A5C896CB3A15DD1B3A33D2FF59706719703F4A2310B42D29DDB	720	1160	0.551724137931	121	0
929	yellow_single	old	train	train	2	D:\Yolo_LPR_RK3568_FPGA_Project\1_PC_Training\datasets\yolo_format\images\train\crpd_1 (911).jpg	finetune_quant_dataset/quant_0929.jpg	11A09B3D67D38102CD6CD04055B03FC45E0F9166248C66C803359718B73FF0C8	1628	1236	0.39312039312	0	77
930	other_all	special	train	教练车牌	3	D:\Yolo_LPR_RK3568_FPGA_Project\1_PC_Training\datasets\特殊车牌\image\教练车牌\粤S3149学.jpg	finetune_quant_dataset/quant_0930.jpg	A1BBD594D0704EC7C56B81B7426DA9D17821BAE0D592CDCD5397A16E9A74EA93	1600	1200	0.4	0	80
931	blue	old	train	train	0	D:\Yolo_LPR_RK3568_FPGA_Project\1_PC_Training\datasets\yolo_format\images\train\ccpd_blue_ccpd_base_0182291666667-92_86-225&495_459&588-472&604_213&575_207&487_466&516-0_0_10_23_26_26_33-156-11.jpg	finetune_quant_dataset/quant_0931.jpg	E460BED576911EB1E72D80010EE966899013F0CB9E72EA5AEB534B432C961422	720	1160	0.551724137931	121	0
932	other_all	special	train	警用车牌	3	D:\Yolo_LPR_RK3568_FPGA_Project\1_PC_Training\datasets\特殊车牌\image\警用车牌\粤C3038警.jpg	finetune_quant_dataset/quant_0932.jpg	F5813F7DC73388CCFD100F71BBD52DC2C002E7630F2C0C1339F24117FC7F15D7	1600	1200	0.4	0	80
933	other_all	special	train	澳门出入境车牌	3	D:\Yolo_LPR_RK3568_FPGA_Project\1_PC_Training\datasets\特殊车牌\image\澳门出入境车牌\粤ZP011澳.jpg	finetune_quant_dataset/quant_0933.jpg	B4465C5A6226B5CA6ED9ADC763A6A5BDEC3C451C26988889A74074F44ABD5A7A	1600	1200	0.4	0	80
934	green	old	train	train	1	D:\Yolo_LPR_RK3568_FPGA_Project\1_PC_Training\datasets\yolo_format\images\train\ccpd_green_train_0375368923611-90_269-216&416_569&524-564&524_216&524_217&416_569&420-0_0_3_24_33_26_33_27-87-26.jpg	finetune_quant_dataset/quant_0934.jpg	1A5FF78007487580BEBC7F90D5C69F3FB6CD9F2480F19BB371370900C06CEC0A	720	1160	0.551724137931	121	0
935	blue	old	train	train	0	D:\Yolo_LPR_RK3568_FPGA_Project\1_PC_Training\datasets\yolo_format\images\train\crpd_59_0649.jpg	finetune_quant_dataset/quant_0935.jpg	A3998CE90B3FEB31673716CBD8AD67F4FCC200940E0A3A2A9839CEF1A2CB8425	1920	1080	0.333333333333	0	140
936	green	old	train	train	1	D:\Yolo_LPR_RK3568_FPGA_Project\1_PC_Training\datasets\yolo_format\images\train\ccpd_green_train_3012916666666666667-92_91-278&466_464&536-462&536_288&527_278&466_464&479-0_0_3_24_32_31_24_33-104-44.jpg	finetune_quant_dataset/quant_0936.jpg	80E5E514287F987A2A8FB032CB7E9CFBA1874D547BB483BED5C9D0B57024B9F4	720	1160	0.551724137931	121	0
937	yellow_single	old	train	train	2	D:\Yolo_LPR_RK3568_FPGA_Project\1_PC_Training\datasets\yolo_format\images\train\crpd_46_0895.jpg	finetune_quant_dataset/quant_0937.jpg	F77D4BBCB62DF15BDA821ECB3BA2E8D1F34728B1E8B56B7DBBB092618EF1775D	1920	1080	0.333333333333	0	140
938	yellow_single	old	train	train	2	D:\Yolo_LPR_RK3568_FPGA_Project\1_PC_Training\datasets\yolo_format\images\train\crpd_53_0260.jpg	finetune_quant_dataset/quant_0938.jpg	81E0D510B37E337DF71E64D6203CD9877E5B499CF099C6E2BE2048C50AECDD0E	1920	1080	0.333333333333	0	140
939	blue	old	train	train	0	D:\Yolo_LPR_RK3568_FPGA_Project\1_PC_Training\datasets\yolo_format\images\train\ccpd_blue_ccpd_weather_0154-3_14-304&463_483&535-471&525_304&535_316&473_483&463-0_0_7_31_27_27_30-107-16.jpg	finetune_quant_dataset/quant_0939.jpg	1BEEE07B60BB7629BF1C123E2FEB926FBAEC805F57A0C45E86A77B9977DB1E73	720	1160	0.551724137931	121	0
940	other_all	old	train	train	3	D:\Yolo_LPR_RK3568_FPGA_Project\1_PC_Training\datasets\yolo_format\images\train\crpd_66_0499.jpg	finetune_quant_dataset/quant_0940.jpg	DBC27F2D301D4DF7830BE28E5D4F88D5E5224B1F1BC29633B2363D2286DDF25B	1920	1080	0.333333333333	0	140
941	yellow_single	old	train	train	2	D:\Yolo_LPR_RK3568_FPGA_Project\1_PC_Training\datasets\yolo_format\images\train\crpd_61_0681.jpg	finetune_quant_dataset/quant_0941.jpg	605CB5A7C4B85FA2C24B990E09D5D7A5EAB6C828231166E9FB8499E55920EE9F	1600	1200	0.4	0	80
942	green	old	train	train	1	D:\Yolo_LPR_RK3568_FPGA_Project\1_PC_Training\datasets\yolo_format\images\train\ccpd_green_train_3028739149305555555-89_93-196&477_519&566-519&558_211&566_196&478_515&477-0_0_3_25_33_33_24_32-98-156.jpg	finetune_quant_dataset/quant_0942.jpg	B0BB262E056EB976E354E2D0B6C4F469DF1ECE5A9CDA39B5BEC6214603EF7884	720	1160	0.551724137931	121	0
943	blue	old	train	train	0,2	D:\Yolo_LPR_RK3568_FPGA_Project\1_PC_Training\datasets\yolo_format\images\train\crpd_57_0853.jpg	finetune_quant_dataset/quant_0943.jpg	8E611812480798E43DF68C88B7A23B12D7DEEF0AB0F2C31BDD7E6DEBE7B1D2CC	1920	1080	0.333333333333	0	140
944	other_all	old	train	train	0,0,3	D:\Yolo_LPR_RK3568_FPGA_Project\1_PC_Training\datasets\yolo_format\images\train\crpd_60_0318.jpg	finetune_quant_dataset/quant_0944.jpg	03D4E373809830FA8E4DD3B6C3C2A0A6DDD1B7F90F697942DA5A3EF006F2C2B7	1920	1080	0.333333333333	0	140
945	yellow_single	old	train	train	2	D:\Yolo_LPR_RK3568_FPGA_Project\1_PC_Training\datasets\yolo_format\images\train\crpd_61_0250.jpg	finetune_quant_dataset/quant_0945.jpg	42204CE5F605C60DE671272D0603029BAD3AB1B9BA39A7308C8CEC42C89E4FBE	1920	1080	0.333333333333	0	140
946	other_all	special	train	警用车牌	3	D:\Yolo_LPR_RK3568_FPGA_Project\1_PC_Training\datasets\特殊车牌\image\警用车牌\粤E6D61警.jpg	finetune_quant_dataset/quant_0946.jpg	53CC4DCE0F67E81BDE02141662568F91DC42FE22A19A636BBD3DBB91F065F946	1600	1200	0.4	0	80
947	other_all	special	train	香港出入境车牌	3	D:\Yolo_LPR_RK3568_FPGA_Project\1_PC_Training\datasets\特殊车牌\image\香港出入境车牌\粤Z5542港.jpg	finetune_quant_dataset/quant_0947.jpg	3017762192DBC852EFE172D1E6E907C1CC3049CD453C9233C13EB7B0EAD70936	1600	1200	0.4	0	80
948	other_all	old	train	train	0,3	D:\Yolo_LPR_RK3568_FPGA_Project\1_PC_Training\datasets\yolo_format\images\train\crpd_66_1495.jpg	finetune_quant_dataset/quant_0948.jpg	7F15DF150006C669E537204113728988B0998AA1FA300641ED788B0515A94046	1920	1080	0.333333333333	0	140
949	yellow_single	old	train	train	2	D:\Yolo_LPR_RK3568_FPGA_Project\1_PC_Training\datasets\yolo_format\images\train\crpd_47_0629.jpg	finetune_quant_dataset/quant_0949.jpg	A1A9E111FED02775177DAB340A7474BBBF165C78ADCCDBFB28191AD84F404E31	1600	1200	0.4	0	80
950	other_all	special	train	警用车牌	3	D:\Yolo_LPR_RK3568_FPGA_Project\1_PC_Training\datasets\特殊车牌\image\警用车牌\粤A2050警.jpg	finetune_quant_dataset/quant_0950.jpg	D9DA067BFF9070B3C91710936CFBF0C2B3FFDEFDC0D0BAB3FD53F54A032402E9	1600	1200	0.4	0	80
951	yellow_single	old	train	train	2	D:\Yolo_LPR_RK3568_FPGA_Project\1_PC_Training\datasets\yolo_format\images\train\crpd_56_0839.jpg	finetune_quant_dataset/quant_0951.jpg	6A5833480A4C65643D0C0E800CD255DB93E8C6E1A4EC7873BE20D3DECD831B27	1600	1200	0.4	0	80
952	green	old	train	train	1	D:\Yolo_LPR_RK3568_FPGA_Project\1_PC_Training\datasets\yolo_format\images\train\ccpd_green_train_01853515625-89_268-200&419_434&499-429&490_200&499_201&426_434&419-0_0_3_24_26_28_27_33-162-30.jpg	finetune_quant_dataset/quant_0952.jpg	6DD16385BDA41C8F63B958195B7EA98A3AD2F9BBDE7DC82F399ED8BD7D8478C8	720	1160	0.551724137931	121	0
953	yellow_single	old	train	train	2	D:\Yolo_LPR_RK3568_FPGA_Project\1_PC_Training\datasets\yolo_format\images\train\crpd_66_0819.jpg	finetune_quant_dataset/quant_0953.jpg	A13D5D0A6F86B93C19EF5BB5C8727CCEF8FD2D61F0B95BB63F6B3A247875DC99	1920	1080	0.333333333333	0	140
954	green	old	train	train	1	D:\Yolo_LPR_RK3568_FPGA_Project\1_PC_Training\datasets\yolo_format\images\train\ccpd_green_train_0147601996528-89_265-221&428_444&495-444&495_226&495_221&435_442&428-0_0_3_26_29_33_29_29-160-159.jpg	finetune_quant_dataset/quant_0954.jpg	1F0C66E53BE03C93C80554BEB4F36FDF80C5CC451AA0A218371BAD96FD5ABD41	720	1160	0.551724137931	121	0
955	other_all	old	train	train	3	D:\Yolo_LPR_RK3568_FPGA_Project\1_PC_Training\datasets\yolo_format\images\train\crpd_66_0234.jpg	finetune_quant_dataset/quant_0955.jpg	CA1D58C244C7F9AED0BCD2C1D5D6E8C4CDC95AD5256F025997E698EC62C64FF1	1920	1080	0.333333333333	0	140
956	green	old	train	train	1	D:\Yolo_LPR_RK3568_FPGA_Project\1_PC_Training\datasets\yolo_format\images\train\ccpd_green_train_0189887152778-90_256-239&456_489&532-489&532_255&527_239&456_476&459-0_0_3_24_32_33_32_31-106-98.jpg	finetune_quant_dataset/quant_0956.jpg	96021019C80B1D51D372B43BC7BD558034DA006893234F05A4913D3EA77F61C9	720	1160	0.551724137931	121	0
957	yellow_single	old	train	train	2	D:\Yolo_LPR_RK3568_FPGA_Project\1_PC_Training\datasets\yolo_format\images\train\crpd_40_0366.jpg	finetune_quant_dataset/quant_0957.jpg	71CD00111AFFF6318D74EEB2F3840C32B04D87C9A31FC34991B5B696404D3B78	1600	1200	0.4	0	80
958	other_all	special	train	澳门出入境车牌	3	D:\Yolo_LPR_RK3568_FPGA_Project\1_PC_Training\datasets\特殊车牌\image\澳门出入境车牌\粤ZZ473澳.jpg	finetune_quant_dataset/quant_0958.jpg	ADD28D20CA63EAF6D7103B4B975418F97F4AE7FA2F57B3C374B717936A293300	1600	1200	0.4	0	80
959	yellow_single	old	train	train	2	D:\Yolo_LPR_RK3568_FPGA_Project\1_PC_Training\datasets\yolo_format\images\train\crpd_46_1309.jpg	finetune_quant_dataset/quant_0959.jpg	35277134B08ABB47F044F2CE36EB3080E859BCE82FE24D649989715CF23E9BE5	1920	1080	0.333333333333	0	140
960	green	old	train	train	1	D:\Yolo_LPR_RK3568_FPGA_Project\1_PC_Training\datasets\yolo_format\images\train\ccpd_green_train_303715386284722222-90_266-180&477_533&583-533&583_203&573_180&477_527&482-0_0_3_24_33_26_24_32-101-656.jpg	finetune_quant_dataset/quant_0960.jpg	9E4497DCB3A048B77D43F8A56AB4B1A4975EA122FEA0011C5D4AED530C99477D	720	1160	0.551724137931	121	0
961	blue	old	train	train	0	D:\Yolo_LPR_RK3568_FPGA_Project\1_PC_Training\datasets\yolo_format\images\train\ccpd_blue_ccpd_challenge_0202-8_5-322&459_502&553-502&529_339&553_322&483_485&459-5_0_23_26_32_32_33-185-24.jpg	finetune_quant_dataset/quant_0961.jpg	C4B50B82605B33AAA9FF785D30FB7D8EEE5E5AF419B44DDC1999E8A557718A33	720	1160	0.551724137931	121	0
962	blue	old	train	train	0,0,2	D:\Yolo_LPR_RK3568_FPGA_Project\1_PC_Training\datasets\yolo_format\images\train\crpd_58_0228.jpg	finetune_quant_dataset/quant_0962.jpg	9D1D21826E88D34B9D2DB216C951B03978EAFC6E7CBD025DAB24A4B63AC81237	1920	1080	0.333333333333	0	140
963	other_all	old	train	train	3	D:\Yolo_LPR_RK3568_FPGA_Project\1_PC_Training\datasets\yolo_format\images\train\crpd_66_0158.jpg	finetune_quant_dataset/quant_0963.jpg	551D058A2BCCB3EBDC52320407782D7A814296251918EE54943107318DD0C66E	1920	1080	0.333333333333	0	140
964	other_all	special	train	香港出入境车牌	3	D:\Yolo_LPR_RK3568_FPGA_Project\1_PC_Training\datasets\特殊车牌\image\香港出入境车牌\粤Z3130港.jpg	finetune_quant_dataset/quant_0964.jpg	106BB34AADD60BD8499F5F9C713506DF4DC7D92F8C05CB80DDEF5986290C66E3	1600	1200	0.4	0	80
965	other_all	special	train	香港出入境车牌	3	D:\Yolo_LPR_RK3568_FPGA_Project\1_PC_Training\datasets\特殊车牌\image\香港出入境车牌\粤Z6808港.jpg	finetune_quant_dataset/quant_0965.jpg	5754AD29AB936B28775F1F255C1420B5E62B26AF54B3809071B4C3033949D2E4	1600	1200	0.4	0	80
966	green	old	train	train	1	D:\Yolo_LPR_RK3568_FPGA_Project\1_PC_Training\datasets\yolo_format\images\train\ccpd_green_train_0290299479167-89_268-173&453_467&552-467&547_177&552_173&462_462&453-0_0_3_24_33_33_33_25-106-72.jpg	finetune_quant_dataset/quant_0966.jpg	322C049AE9E542EA251B86A38B246D1CCC567F2615A0ADC3638FDBBDD16501B2	720	1160	0.551724137931	121	0
967	green	old	train	train	1	D:\Yolo_LPR_RK3568_FPGA_Project\1_PC_Training\datasets\yolo_format\images\train\ccpd_green_train_0197916666667-93_265-234&383_474&466-474&466_236&453_234&383_471&397-0_0_3_25_26_27_33_32-114-84.jpg	finetune_quant_dataset/quant_0967.jpg	BD7A4D2B45CED2BDCBF93050501B4FD3F8FB0068CDC79344B11987B3011EFF1F	720	1160	0.551724137931	121	0
968	blue	old	train	train	0	D:\Yolo_LPR_RK3568_FPGA_Project\1_PC_Training\datasets\yolo_format\images\train\ccpd_blue_ccpd_base_0288314176245-90_87-239&354_553&451-550&454_246&442_239&347_543&359-0_0_8_8_25_24_24-98-56.jpg	finetune_quant_dataset/quant_0968.jpg	BEACAEE3F3DAF98714590996B66BC0DCC90E273DEAE218D044B598B53E063BC6	720	1160	0.551724137931	121	0
969	blue	old	train	train	0	D:\Yolo_LPR_RK3568_FPGA_Project\1_PC_Training\datasets\yolo_format\images\train\ccpd_blue_ccpd_challenge_0129-1_3-240&510_406&575-404&571_240&575_242&514_406&510-0_0_22_20_24_28_32-159-12.jpg	finetune_quant_dataset/quant_0969.jpg	043C77E6F563C5B746E849CADD919904AE4764B3FEEA260F0695BC51DB5081C8	720	1160	0.551724137931	121	0
970	green	old	train	train	1	D:\Yolo_LPR_RK3568_FPGA_Project\1_PC_Training\datasets\yolo_format\images\train\ccpd_green_train_3017013888888888887-92_91-232&460_456&537-453&537_233&526_232&460_456&472-0_0_3_24_26_31_32_30-99-198.jpg	finetune_quant_dataset/quant_0970.jpg	EA47D79D450675310B190D58F2ECE5A898168453C6A325A9C89C0A0AE016F997	720	1160	0.551724137931	121	0
971	yellow_single	old	train	train	2	D:\Yolo_LPR_RK3568_FPGA_Project\1_PC_Training\datasets\yolo_format\images\train\crpd_1 (875).jpg	finetune_quant_dataset/quant_0971.jpg	C55F7CF8CE23A4EAAAA6A0418753AA8F6B36C63DBF3672A25D9CDECFF3B26989	1628	1236	0.39312039312	0	77
972	green	old	train	train	1	D:\Yolo_LPR_RK3568_FPGA_Project\1_PC_Training\datasets\yolo_format\images\train\ccpd_green_train_018359375-90_90-252&446_487&525-486&525_252&517_252&446_487&447-0_0_3_24_29_25_29_29-123-71.jpg	finetune_quant_dataset/quant_0972.jpg	5C0FE5329F8E486D04E38375418F2BF7CE6E1C2381263BE7F1AA6C3D7278DF53	720	1160	0.551724137931	121	0
973	yellow_single	old	train	train	2	D:\Yolo_LPR_RK3568_FPGA_Project\1_PC_Training\datasets\yolo_format\images\train\crpd_56_0277.jpg	finetune_quant_dataset/quant_0973.jpg	65EEFE068E422658D3592620428866AE6E385A030396E0EE0FB8D0910570FCFC	1920	1080	0.333333333333	0	140
974	yellow_single	old	train	train	2	D:\Yolo_LPR_RK3568_FPGA_Project\1_PC_Training\datasets\yolo_format\images\train\crpd_66_0274.jpg	finetune_quant_dataset/quant_0974.jpg	13DED7BFDCF88EC22D4BA5058BC6063A1FF36ACA59B78B8B925BF57D8508AF23	1920	1080	0.333333333333	0	140
975	other_all	old	train	train	3	D:\Yolo_LPR_RK3568_FPGA_Project\1_PC_Training\datasets\yolo_format\images\train\crpd_66_0393.jpg	finetune_quant_dataset/quant_0975.jpg	13D1888368E77EACF3B239478FC875BC3B74F9CFD9F0D5996915150FF3F2B21D	1600	1200	0.4	0	80
976	yellow_single	old	train	train	0,2	D:\Yolo_LPR_RK3568_FPGA_Project\1_PC_Training\datasets\yolo_format\images\train\crpd_36_0392.jpg	finetune_quant_dataset/quant_0976.jpg	AF44640CFFFD8D7B7D69B488F2E7F2CCACE078DEC86D4E8EA152432F0D74C2D9	1600	1200	0.4	0	80
977	yellow_single	old	train	train	2	D:\Yolo_LPR_RK3568_FPGA_Project\1_PC_Training\datasets\yolo_format\images\train\crpd_66_0469.jpg	finetune_quant_dataset/quant_0977.jpg	10A2108E6B89E805C629E583DBDCCC29CB36460CCC467C113575CCA34659D9DA	1920	1080	0.333333333333	0	140
978	green	old	train	train	1	D:\Yolo_LPR_RK3568_FPGA_Project\1_PC_Training\datasets\yolo_format\images\train\ccpd_green_train_0313129340278-90_269-146&489_453&592-453&581_147&592_146&490_452&489-0_0_3_17_25_28_32_25-131-319.jpg	finetune_quant_dataset/quant_0978.jpg	6D18FB1605FF4677338424C197ABDB80E11B8F0325DF3F89A82575CEFBA00F56	720	1160	0.551724137931	121	0
979	other_all	special	train	警用车牌	3	D:\Yolo_LPR_RK3568_FPGA_Project\1_PC_Training\datasets\特殊车牌\image\警用车牌\粤03832警.jpg	finetune_quant_dataset/quant_0979.jpg	B0C05F3CAFBA06E1A8D2F1F6F45DDA63E76F890B45E178BCD49511689FF22C20	1600	1200	0.4	0	80
980	other_all	old	train	train	3	D:\Yolo_LPR_RK3568_FPGA_Project\1_PC_Training\datasets\yolo_format\images\train\crpd_66_0291.jpg	finetune_quant_dataset/quant_0980.jpg	55A4976A7CA917C7938713291FB70C77494EF4B6DC87D9413DF2E4F4BD0124A2	1920	1080	0.333333333333	0	140
981	yellow_single	old	train	train	2	D:\Yolo_LPR_RK3568_FPGA_Project\1_PC_Training\datasets\yolo_format\images\train\crpd_45_0501.jpg	finetune_quant_dataset/quant_0981.jpg	98BBAA5BE978CAFF4D1D80FEC8D909621DF402FFF0DFFC1B4077354FB25F15CD	1920	1080	0.333333333333	0	140
982	blue	old	train	train	0	D:\Yolo_LPR_RK3568_FPGA_Project\1_PC_Training\datasets\yolo_format\images\train\ccpd_blue_ccpd_fn_0773-15_25-210&437_538&634-538&634_229&549_210&437_519&522-0_0_18_2_27_30_31-21-6.jpg	finetune_quant_dataset/quant_0982.jpg	98C4B966B9D8E544D62CFD0E06EB679BAB7B9222F0FAF94CABC26199E6AB084F	720	1160	0.551724137931	121	0
983	green	old	train	train	1	D:\Yolo_LPR_RK3568_FPGA_Project\1_PC_Training\datasets\yolo_format\images\train\ccpd_green_train_02390625-90_268-212&389_484&478-484&471_214&478_212&393_481&389-0_0_5_24_29_33_24_24-129-69.jpg	finetune_quant_dataset/quant_0983.jpg	997CC7DCECC1E0D64668CEBE9098E5869025BEAF73BB8447F6D9245F17CCB212	720	1160	0.551724137931	121	0
984	green	old	train	train	1	D:\Yolo_LPR_RK3568_FPGA_Project\1_PC_Training\datasets\yolo_format\images\train\ccpd_green_train_3042328559027777775-90_92-148&450_563&553-560&553_172&551_148&450_563&450-0_0_3_24_27_30_28_33-83-19.jpg	finetune_quant_dataset/quant_0984.jpg	1600A2C1D0687B685BAD598D4D91A9B7601EABE84ED7D199AA9B833DF300E0F2	720	1160	0.551724137931	121	0
985	other_all	special	val	澳门出入境车牌	3	D:\Yolo_LPR_RK3568_FPGA_Project\1_PC_Training\datasets\特殊车牌\image\澳门出入境车牌\粤ZT848澳.jpg	finetune_quant_dataset/quant_0985.jpg	06E751F5293E30654D6C133859357FD6BF4ED69BD420E511DB9C1E00826772BE	1600	1200	0.4	0	80
986	other_all	special	train	警用车牌	3	D:\Yolo_LPR_RK3568_FPGA_Project\1_PC_Training\datasets\特殊车牌\image\警用车牌\粤C4005警.jpg	finetune_quant_dataset/quant_0986.jpg	34FBD433F734473F654B41D29C7414613CE8E8A1CAA45D2F3F1488811DE72975	1600	1200	0.4	0	80
987	blue	old	train	train	0	D:\Yolo_LPR_RK3568_FPGA_Project\1_PC_Training\datasets\yolo_format\images\train\ccpd_blue_ccpd_challenge_0196-1_2-427&445_646&520-646&520_428&514_427&445_645&451-10_5_14_18_25_33_30-83-65.jpg	finetune_quant_dataset/quant_0987.jpg	7D2ACE3E9ED89B085BC677040638DE74C04ECDF0F82800D23767FC2C7064287E	720	1160	0.551724137931	121	0
988	other_all	special	train	香港出入境车牌	3	D:\Yolo_LPR_RK3568_FPGA_Project\1_PC_Training\datasets\特殊车牌\image\香港出入境车牌\粤ZZ221港.jpg	finetune_quant_dataset/quant_0988.jpg	981FB822F20F652506F290703A83F15C0B130E7D0AC853282968EE8AFEB060E4	1600	1200	0.4	0	80
989	other_all	old	train	train	3	D:\Yolo_LPR_RK3568_FPGA_Project\1_PC_Training\datasets\yolo_format\images\train\crpd_66_0732.jpg	finetune_quant_dataset/quant_0989.jpg	8DDF0C1B301C8B45FB445DFE65848D3084240EE0201C5064D07B3265D6D33ACB	1600	1200	0.4	0	80
990	other_all	special	train	警用车牌	3	D:\Yolo_LPR_RK3568_FPGA_Project\1_PC_Training\datasets\特殊车牌\image\警用车牌\粤C0608警.jpg	finetune_quant_dataset/quant_0990.jpg	CCBEC2AB553612CD998BCBEF4E0F25080F9F4504424F80852127B71811748769	1600	1200	0.4	0	80
991	yellow_single	old	train	train	2	D:\Yolo_LPR_RK3568_FPGA_Project\1_PC_Training\datasets\yolo_format\images\train\crpd_66_0050.jpg	finetune_quant_dataset/quant_0991.jpg	9CBDD00A366F0A996FEB003DE48C518F2F55AEB4CA79D8B0AFAFA2A0632F63A0	1920	1080	0.333333333333	0	140
992	other_all	old	train	train	0,3	D:\Yolo_LPR_RK3568_FPGA_Project\1_PC_Training\datasets\yolo_format\images\train\crpd_62_1906.jpg	finetune_quant_dataset/quant_0992.jpg	662A144D660EBC0965660877CE115D5E2A9E63BA133A4866B75A9A84EA84BB7E	2592	1936	0.246913580247	0	81
993	other_all	old	train	train	3	D:\Yolo_LPR_RK3568_FPGA_Project\1_PC_Training\datasets\yolo_format\images\train\crpd_66_1626.jpg	finetune_quant_dataset/quant_0993.jpg	1C03E4A4EE4F75BF07FDC7D1E97C2EDC37861732DF76D53AC892DA1BF0A4AA46	1920	1080	0.333333333333	0	140
994	yellow_single	old	train	train	2	D:\Yolo_LPR_RK3568_FPGA_Project\1_PC_Training\datasets\yolo_format\images\train\crpd_1 (342).jpg	finetune_quant_dataset/quant_0994.jpg	4A8179A9DC4A486BCC181282732B1421D1510729B58154F04AE1E20596048EEA	1628	1236	0.39312039312	0	77
995	green	old	train	train	1	D:\Yolo_LPR_RK3568_FPGA_Project\1_PC_Training\datasets\yolo_format\images\train\ccpd_green_train_3017473958333333334-88_260-211&492_455&564-455&561_223&564_211&502_440&492-0_0_3_24_30_28_31_29-103-18.jpg	finetune_quant_dataset/quant_0995.jpg	19DA6658CBCFCBDD4E84A2402FE8B2A8BC888CF0EC7D557F2666C7657B3CF623	720	1160	0.551724137931	121	0
996	other_all	special	train	澳门出入境车牌	3	D:\Yolo_LPR_RK3568_FPGA_Project\1_PC_Training\datasets\特殊车牌\image\澳门出入境车牌\粤Z3831澳.jpg	finetune_quant_dataset/quant_0996.jpg	2D76CDEF65E5E0B75A53DA02E214947997110387CCFE4515D5239B4CB169F81B	1600	1200	0.4	0	80
997	yellow_single	old	train	train	2	D:\Yolo_LPR_RK3568_FPGA_Project\1_PC_Training\datasets\yolo_format\images\train\crpd_53_0988.jpg	finetune_quant_dataset/quant_0997.jpg	363DAEE15162EF9497B68EBF0742D1836714A312732A2BC6C6A4646ABD278608	1920	1080	0.333333333333	0	140
998	other_all	special	train	澳门出入境车牌	3	D:\Yolo_LPR_RK3568_FPGA_Project\1_PC_Training\datasets\特殊车牌\image\澳门出入境车牌\粤Z5665澳.jpg	finetune_quant_dataset/quant_0998.jpg	E704E07A22E61E924FAD9546CD1207659884585566FF05B21FAF3737AA580485	1600	1200	0.4	0	80
999	yellow_single	old	train	train	2	D:\Yolo_LPR_RK3568_FPGA_Project\1_PC_Training\datasets\yolo_format\images\train\crpd_56_0422.jpg	finetune_quant_dataset/quant_0999.jpg	124EE9D848D6C50DACFA0405529CF8497104DA227E6F6117569AB36FB3734BEF	1920	1080	0.333333333333	0	140
1000	yellow_single	old	train	train	2	D:\Yolo_LPR_RK3568_FPGA_Project\1_PC_Training\datasets\yolo_format\images\train\crpd_1 (616).jpg	finetune_quant_dataset/quant_1000.jpg	42C5381B5D9766C253F042B83725610ABD52EA9277755FB3FBF453A6C5804C9B	1628	1236	0.39312039312	0	77
1001	other_all	old	train	train	3	D:\Yolo_LPR_RK3568_FPGA_Project\1_PC_Training\datasets\yolo_format\images\train\crpd_66_1304.jpg	finetune_quant_dataset/quant_1001.jpg	BBBCDCAC654D1DF3F2C82BADB489F998CB9EA2A8A04DC7423D77C27BF301B15B	1920	1080	0.333333333333	0	140
1002	green	old	train	train	1	D:\Yolo_LPR_RK3568_FPGA_Project\1_PC_Training\datasets\yolo_format\images\train\ccpd_green_train_0497265625-91_91-125&451_527&576-525&576_125&562_127&451_527&461-0_0_3_17_25_24_30_24-111-76.jpg	finetune_quant_dataset/quant_1002.jpg	88692344FAE167323F7D4B04AD2C4822ECF98B18D72CD64B0CF00E421652FBA6	720	1160	0.551724137931	121	0
1003	other_all	special	test	警用车牌	3	D:\Yolo_LPR_RK3568_FPGA_Project\1_PC_Training\datasets\特殊车牌\image\警用车牌\粤C0605警.jpg	finetune_quant_dataset/quant_1003.jpg	288639B27B7EB175497C29CF7A4F40BA221E780AC509DC4B0341CE8729C87473	1600	1200	0.4	0	80
1004	blue	old	train	train	0	D:\Yolo_LPR_RK3568_FPGA_Project\1_PC_Training\datasets\yolo_format\images\train\crpd_36_0555.jpg	finetune_quant_dataset/quant_1004.jpg	C00CFE149F0334026B4824D4C0CA66854BD95826FE6588D760096CBF202E9107	1920	1080	0.333333333333	0	140
1005	green	old	train	train	1	D:\Yolo_LPR_RK3568_FPGA_Project\1_PC_Training\datasets\yolo_format\images\train\ccpd_green_train_0199934895833-91_90-277&446_526&527-525&527_277&522_283&446_526&454-0_0_3_25_30_29_29_29-118-83.jpg	finetune_quant_dataset/quant_1005.jpg	D76BE9F106A987D7A85DF9A3EBABFC5AAC57D294EF451D0641E64271B54B2CFB	720	1160	0.551724137931	121	0
1006	blue	old	train	train	0	D:\Yolo_LPR_RK3568_FPGA_Project\1_PC_Training\datasets\yolo_format\images\train\ccpd_blue_ccpd_fn_1044-28_29-318&417_622&704-622&704_320&542_318&417_620&579-0_0_19_32_32_33_10-130-9.jpg	finetune_quant_dataset/quant_1006.jpg	337A76590A807DCACB09A6868B1855B6D7770CC153311453CCF40D7F1CB0B0E1	720	1160	0.551724137931	121	0
1007	blue	old	train	train	0	D:\Yolo_LPR_RK3568_FPGA_Project\1_PC_Training\datasets\yolo_format\images\train\crpd_35_0542.jpg	finetune_quant_dataset/quant_1007.jpg	AC0BBE15CED9FB085B8F3763666BA506F497CE4154D559253E1355FE5AA022AD	1920	1080	0.333333333333	0	140
1008	green	old	train	train	1	D:\Yolo_LPR_RK3568_FPGA_Project\1_PC_Training\datasets\yolo_format\images\train\ccpd_green_train_3028414713541666668-91_109-262&435_563&530-563&530_281&523_262&448_535&435-0_0_3_24_28_33_29_32-79-148.jpg	finetune_quant_dataset/quant_1008.jpg	98DDF982AD3601D8E7B76D29AA8B79CFE17CBB050D1F12BB93564EC056B1A30B	720	1160	0.551724137931	121	0
1009	green	old	train	train	1	D:\Yolo_LPR_RK3568_FPGA_Project\1_PC_Training\datasets\yolo_format\images\train\ccpd_green_train_0291286892361-90_251-232&414_527&514-527&514_258&502_232&414_502&418-0_0_3_24_33_33_33_25-63-31.jpg	finetune_quant_dataset/quant_1009.jpg	1F69F5736F674E4C1CEA750BA34AC60F81D5BEA2B83BB8D74D6C301196B7AF4E	720	1160	0.551724137931	121	0
1010	green	old	train	train	1	D:\Yolo_LPR_RK3568_FPGA_Project\1_PC_Training\datasets\yolo_format\images\train\ccpd_green_train_0154947916667-87_88-285&495_489&572-489&559_286&572_285&506_488&495-0_0_3_24_30_28_31_29-167-16.jpg	finetune_quant_dataset/quant_1010.jpg	8F090779FED8BF0FD854C2FF4C3DEFAA07AF94602589D80D98C083AC7548295C	720	1160	0.551724137931	121	0
1011	blue	old	train	train	0,0,0	D:\Yolo_LPR_RK3568_FPGA_Project\1_PC_Training\datasets\yolo_format\images\train\crpd_36_0385.jpg	finetune_quant_dataset/quant_1011.jpg	3E119DA8ABC06E700B08DD5FCA99C03929753E5B51FD51F94B679077B81BC56A	1600	1200	0.4	0	80
1012	yellow_single	old	train	train	2	D:\Yolo_LPR_RK3568_FPGA_Project\1_PC_Training\datasets\yolo_format\images\train\crpd_44_1021.jpg	finetune_quant_dataset/quant_1012.jpg	A8ECE8F7CEEDF4991E8EEE3DC9EF22B403910301B5CD93DA6C07CA69D5E8D0F5	1920	1080	0.333333333333	0	140
1013	yellow_single	old	train	train	2	D:\Yolo_LPR_RK3568_FPGA_Project\1_PC_Training\datasets\yolo_format\images\train\crpd_1 (396).jpg	finetune_quant_dataset/quant_1013.jpg	904D2FDB2B1CDDDECEAB89EC2125D02A1362350F4F0BFEE906E80F99375298B9	1628	1236	0.39312039312	0	77
1014	other_all	old	train	train	3	D:\Yolo_LPR_RK3568_FPGA_Project\1_PC_Training\datasets\yolo_format\images\train\crpd_66_0606.jpg	finetune_quant_dataset/quant_1014.jpg	E5D8F51BAC09EFD6A63245ABB9EBED306A9E08D13AB192FBD7E88B952A689C9F	1920	1080	0.333333333333	0	140
1015	yellow_single	old	train	train	2	D:\Yolo_LPR_RK3568_FPGA_Project\1_PC_Training\datasets\yolo_format\images\train\crpd_66_1500.jpg	finetune_quant_dataset/quant_1015.jpg	C058E3381D6E15F40205863848A876F7E4D24E84AC915EF1015F943F0DC09BB2	1920	1080	0.333333333333	0	140
1016	blue	old	train	train	0,0	D:\Yolo_LPR_RK3568_FPGA_Project\1_PC_Training\datasets\yolo_format\images\train\crpd_62_1674.jpg	finetune_quant_dataset/quant_1016.jpg	75F495FFB59FF95EACFC6F172B2EAC2E50AB9DC1F2A5E08B4D93B7D0EA789AA4	1920	1080	0.333333333333	0	140
1017	yellow_single	old	train	train	2	D:\Yolo_LPR_RK3568_FPGA_Project\1_PC_Training\datasets\yolo_format\images\train\crpd_42_0688.jpg	finetune_quant_dataset/quant_1017.jpg	2B2B9410CFB522C032E747B4E4D023587BA9970C330D94DFECA2E80D5A80A9AA	1920	1080	0.333333333333	0	140
1018	other_all	special	train	警用车牌	3	D:\Yolo_LPR_RK3568_FPGA_Project\1_PC_Training\datasets\特殊车牌\image\警用车牌\粤A2255警.jpg	finetune_quant_dataset/quant_1018.jpg	048F2739BD3820B861C1CAF7B98F29A285C6E44614E66A3FA837F7913915088D	1600	1200	0.4	0	80
1019	blue	old	train	train	0,0	D:\Yolo_LPR_RK3568_FPGA_Project\1_PC_Training\datasets\yolo_format\images\train\crpd_61_0808.jpg	finetune_quant_dataset/quant_1019.jpg	2049824CEBD23CB17BB8643F691DB7FBD53029F6CB347FC382D27173DC96E9C1	1920	1080	0.333333333333	0	140
1020	green	old	train	train	1	D:\Yolo_LPR_RK3568_FPGA_Project\1_PC_Training\datasets\yolo_format\images\train\ccpd_green_train_01828125-92_265-243&416_477&495-475&495_243&489_251&416_477&426-0_0_3_25_24_24_24_26-129-125.jpg	finetune_quant_dataset/quant_1020.jpg	1B74E2D229C2B365867BB5EDB4B0499357ED05AED030D2AE0E1ED3522215240B	720	1160	0.551724137931	121	0
1021	green	old	train	train	1	D:\Yolo_LPR_RK3568_FPGA_Project\1_PC_Training\datasets\yolo_format\images\train\ccpd_green_train_0254557291667-89_269-241&424_517&517-517&504_243&517_241&431_513&424-0_0_3_24_29_25_27_30-96-64.jpg	finetune_quant_dataset/quant_1021.jpg	4C4A3D71BD7B3F02BE8BECFACF35D41A12FB0135558FE7B3D2327629260842E0	720	1160	0.551724137931	121	0
1022	green	old	train	train	1	D:\Yolo_LPR_RK3568_FPGA_Project\1_PC_Training\datasets\yolo_format\images\train\ccpd_green_train_026387803819444444-90_266-228&402_521&493-517&493_232&484_228&402_521&408-0_0_3_26_27_24_30_32-170-251.jpg	finetune_quant_dataset/quant_1022.jpg	3E6B16FCA519778BAB6CE6C85FE731B114D8423AD516E2346C662AD86105D858	720	1160	0.551724137931	121	0
1023	blue	old	train	train	0	D:\Yolo_LPR_RK3568_FPGA_Project\1_PC_Training\datasets\yolo_format\images\train\ccpd_blue_ccpd_weather_0176-4_8-298&425_487&503-487&503_303&490_298&425_482&438-0_0_28_25_28_0_28-57-15.jpg	finetune_quant_dataset/quant_1023.jpg	261A3F9A1F99DB53D3FE434AD2A2E1635AA559E4A592926AA61FA1EAAE004098	720	1160	0.551724137931	121	0
1024	other_all	old	train	train	3	D:\Yolo_LPR_RK3568_FPGA_Project\1_PC_Training\datasets\yolo_format\images\train\crpd_66_1417.jpg	finetune_quant_dataset/quant_1024.jpg	BEE81B2BF4FE81F906330789200D9A147F938F0027CCBD254012F01324E1D9BA	1920	1080	0.333333333333	0	140
1025	blue	old	train	train	0	D:\Yolo_LPR_RK3568_FPGA_Project\1_PC_Training\datasets\yolo_format\images\train\ccpd_blue_ccpd_challenge_0296-0_0-198&473_496&556-495&556_198&556_199&473_496&473-0_1_11_33_11_25_33-78-2.jpg	finetune_quant_dataset/quant_1025.jpg	DBD0B4D44FF33A845FFDD9FE384A0514B48164A5088D84DC305302ECDC15D464	720	1160	0.551724137931	121	0
1026	yellow_single	old	train	train	2	D:\Yolo_LPR_RK3568_FPGA_Project\1_PC_Training\datasets\yolo_format\images\train\crpd_45_0022.jpg	finetune_quant_dataset/quant_1026.jpg	A7D2ADEE08AC8253B63E2155F9D1FA287E07426EE083D5BD5BFDF728F23A0116	1920	1080	0.333333333333	0	140
1027	blue	old	train	train	0	D:\Yolo_LPR_RK3568_FPGA_Project\1_PC_Training\datasets\yolo_format\images\train\crpd_42_2366.jpg	finetune_quant_dataset/quant_1027.jpg	79B420BA462EE6520C29AC29152C1DBF69EE2EE6C32BDA23B3189A64488100E6	1920	1080	0.333333333333	0	140
1028	blue	old	train	train	0	D:\Yolo_LPR_RK3568_FPGA_Project\1_PC_Training\datasets\yolo_format\images\train\ccpd_blue_ccpd_base_019212164751-90_90-134&490_373&582-369&577_134&579_143&490_378&488-0_0_5_5_28_29_24-145-21.jpg	finetune_quant_dataset/quant_1028.jpg	EEE043C05B3DD799260B790D463A10DCEBD11BE69479F8C2A0626401BB117077	720	1160	0.551724137931	121	0
1029	green	old	train	train	1	D:\Yolo_LPR_RK3568_FPGA_Project\1_PC_Training\datasets\yolo_format\images\train\ccpd_green_train_3019765625-90_95-215&538_479&613-479&610_227&613_215&538_474&541-0_0_3_24_30_33_29_29-193-141.jpg	finetune_quant_dataset/quant_1029.jpg	0633DA90250830ABC8512DB63A3F36E11E0EA99A4B0DA9DB059AEE137F649A04	720	1160	0.551724137931	121	0
1030	green	old	train	train	1	D:\Yolo_LPR_RK3568_FPGA_Project\1_PC_Training\datasets\yolo_format\images\train\ccpd_green_train_026806640625-90_267-174&442_479&530-477&530_177&524_174&442_479&445-0_0_3_24_32_33_30_30-81-79.jpg	finetune_quant_dataset/quant_1030.jpg	12902E907FACC7322189914F7A864095BECFA4836E5A9EE33E7A2AECDF05137C	720	1160	0.551724137931	121	0
1031	yellow_single	old	train	train	2	D:\Yolo_LPR_RK3568_FPGA_Project\1_PC_Training\datasets\yolo_format\images\train\crpd_45_1514.jpg	finetune_quant_dataset/quant_1031.jpg	8B5D7321E9526A9E6C02CAC4E6C6662EDCE19DEED6D2E88183882603A698A262	1920	1080	0.333333333333	0	140
1032	other_all	old	train	train	3	D:\Yolo_LPR_RK3568_FPGA_Project\1_PC_Training\datasets\yolo_format\images\train\crpd_66_0433.jpg	finetune_quant_dataset/quant_1032.jpg	059340B0FBE086F2DEBE20655541FB1E76B32CFD4E398F80A341FB69093605FF	1920	1080	0.333333333333	0	140
1033	blue	old	train	train	0	D:\Yolo_LPR_RK3568_FPGA_Project\1_PC_Training\datasets\yolo_format\images\train\ccpd_blue_ccpd_weather_0203-1_0-232&494_434&578-434&573_233&578_232&499_433&494-0_0_24_3_29_24_27-174-40.jpg	finetune_quant_dataset/quant_1033.jpg	C971B10533E038F76809CB932C4107AA7EAA701182956DB901A0FA995F4A8828	720	1160	0.551724137931	121	0
1034	yellow_single	old	train	train	2	D:\Yolo_LPR_RK3568_FPGA_Project\1_PC_Training\datasets\yolo_format\images\train\crpd_66_0993.jpg	finetune_quant_dataset/quant_1034.jpg	13AF8DED65BEF7590C8E401E8A1EC81E10312A086DE899CD0C87888C4CFC2A2B	1920	1080	0.333333333333	0	140
1035	green	old	train	train	1	D:\Yolo_LPR_RK3568_FPGA_Project\1_PC_Training\datasets\yolo_format\images\train\ccpd_green_train_3018190104166666665-90_266-224&473_478&546-472&546_228&543_224&478_478&473-0_0_3_25_33_33_31_33-149-155.jpg	finetune_quant_dataset/quant_1035.jpg	6E69BEBAD8FE54AF29430E85CDC085FBA3C594940D396C5CDD535B945234046D	720	1160	0.551724137931	121	0
1036	green	old	train	train	1	D:\Yolo_LPR_RK3568_FPGA_Project\1_PC_Training\datasets\yolo_format\images\train\ccpd_green_train_3033708767361111114-91_94-163&496_480&604-480&604_163&592_172&496_476&503-0_0_5_25_30_30_30_30-90-11.jpg	finetune_quant_dataset/quant_1036.jpg	CF8410E06A56451C794F68655937F578C84107BC42C43C6C223D19B93D056560	720	1160	0.551724137931	121	0
1037	green	old	train	train	1	D:\Yolo_LPR_RK3568_FPGA_Project\1_PC_Training\datasets\yolo_format\images\train\ccpd_green_train_015556640625-90_96-231&489_474&553-474&553_240&549_231&489_468&489-0_0_3_24_25_32_28_30-106-145.jpg	finetune_quant_dataset/quant_1037.jpg	C6660F01E0EE14EDD7D2E1EADCF86C60BA8B019C7B831D8911A38F0A009E7C6F	720	1160	0.551724137931	121	0
1038	other_all	old	train	train	0,3	D:\Yolo_LPR_RK3568_FPGA_Project\1_PC_Training\datasets\yolo_format\images\train\crpd_62_2037.jpg	finetune_quant_dataset/quant_1038.jpg	11C0F28968AA801527493FDC29659401D6FC838140FFE4EE893AF23ACBF8C65B	2592	1936	0.246913580247	0	81
1039	other_all	old	train	train	0,3	D:\Yolo_LPR_RK3568_FPGA_Project\1_PC_Training\datasets\yolo_format\images\train\crpd_55_1009.jpg	finetune_quant_dataset/quant_1039.jpg	8498BA27F7F79DAF62D6F59F7AA8B4A02A14E880AE1863AB5FDF076203DFEAF7	1920	1080	0.333333333333	0	140
1040	blue	old	train	train	0	D:\Yolo_LPR_RK3568_FPGA_Project\1_PC_Training\datasets\yolo_format\images\train\ccpd_blue_ccpd_tilt_0753-18_26-254&456_530&684-530&684_273&596_254&456_511&544-0_0_7_12_29_26_25-39-45.jpg	finetune_quant_dataset/quant_1040.jpg	C5CF7D3B67CF8665FB4E83593EF675DEB3B182E0A6E566C2FE051C9DD7543F20	720	1160	0.551724137931	121	0
1041	yellow_single	old	train	train	2	D:\Yolo_LPR_RK3568_FPGA_Project\1_PC_Training\datasets\yolo_format\images\train\crpd_1 (110).jpg	finetune_quant_dataset/quant_1041.jpg	A86EF3BEF335276F3B3430E77B87C6D25A7F0E19A83115194836E6D8A7E34E5F	1628	1236	0.39312039312	0	77
1042	yellow_single	old	train	train	2	D:\Yolo_LPR_RK3568_FPGA_Project\1_PC_Training\datasets\yolo_format\images\train\crpd_1 (819).jpg	finetune_quant_dataset/quant_1042.jpg	317A02DA50FB3F1650B7D3D66F69B81CBEDAA4C017E70104887B90A782B79DAE	1628	1236	0.39312039312	0	77
1043	yellow_single	old	train	train	2	D:\Yolo_LPR_RK3568_FPGA_Project\1_PC_Training\datasets\yolo_format\images\train\crpd_56_0754.jpg	finetune_quant_dataset/quant_1043.jpg	ADF42D97164D39DF18125F2CBCAEB4F46CD6E658EB390B8CAD947D729FF65464	1920	1080	0.333333333333	0	140
1044	other_all	old	train	train	3	D:\Yolo_LPR_RK3568_FPGA_Project\1_PC_Training\datasets\yolo_format\images\train\crpd_66_1654.jpg	finetune_quant_dataset/quant_1044.jpg	D1F00EAA702DB9B434714CEF21BA289690CED0C2A1370657B64B5732AB9FAEF0	1920	1080	0.333333333333	0	140
1045	yellow_single	old	train	train	2,2	D:\Yolo_LPR_RK3568_FPGA_Project\1_PC_Training\datasets\yolo_format\images\train\crpd_62_0638.jpg	finetune_quant_dataset/quant_1045.jpg	1B4FB8961B2D3076661012410880E057299AF7B9FFA33F947936634FD3D68CA7	1920	1080	0.333333333333	0	140
1046	green	old	train	train	1	D:\Yolo_LPR_RK3568_FPGA_Project\1_PC_Training\datasets\yolo_format\images\train\ccpd_green_train_0197233072917-90_251-217&398_466&478-466&478_238&465_217&398_451&399-0_0_3_24_29_25_27_30-78-72.jpg	finetune_quant_dataset/quant_1046.jpg	06DA9C7F4CF4DFB75FE5B0AE845B686B943FEC39286B0D52803C5015D263BC61	720	1160	0.551724137931	121	0
1047	green	old	train	train	1	D:\Yolo_LPR_RK3568_FPGA_Project\1_PC_Training\datasets\yolo_format\images\train\ccpd_green_train_014013671875-91_265-234&455_439&524-439&524_238&518_234&455_434&461-0_0_3_24_26_28_24_28-82-45.jpg	finetune_quant_dataset/quant_1047.jpg	EAA6AD381CC787775630A0D9F836C2FAEBCA811712D9F53B7D883376946A43E7	720	1160	0.551724137931	121	0
1048	green	old	train	train	1	D:\Yolo_LPR_RK3568_FPGA_Project\1_PC_Training\datasets\yolo_format\images\train\ccpd_green_train_0253059895833-90_265-231&437_530&523-519&518_231&523_237&441_530&437-0_0_3_24_28_30_29_24-121-470.jpg	finetune_quant_dataset/quant_1048.jpg	C1D56281B04516862574AEEF5011D2A596231F218C95FC37E19ACEF9BCB7DFF7	720	1160	0.551724137931	121	0
1049	green	old	train	train	1	D:\Yolo_LPR_RK3568_FPGA_Project\1_PC_Training\datasets\yolo_format\images\train\ccpd_green_train_015703125-88_266-247&416_463&490-463&485_252&490_247&427_456&416-0_0_3_24_31_25_32_24-138-190.jpg	finetune_quant_dataset/quant_1049.jpg	AFB68BE8AD4A7F53BAFD1DDA1F9032C0183D227B05E0E795FB8352BCBB1E56D3	720	1160	0.551724137931	121	0
1050	green	old	train	train	1	D:\Yolo_LPR_RK3568_FPGA_Project\1_PC_Training\datasets\yolo_format\images\train\ccpd_green_train_019028862847222223-90_264-214&478_461&555-450&552_214&555_221&478_461&480-0_0_5_25_32_24_24_32-149-69.jpg	finetune_quant_dataset/quant_1050.jpg	3FCEC8372D89969EEF99A859F0ED73BE459011BBA2EE25D28B338134899FA14C	720	1160	0.551724137931	121	0
1051	blue	old	train	train	0	D:\Yolo_LPR_RK3568_FPGA_Project\1_PC_Training\datasets\yolo_format\images\train\crpd_36_1068.jpg	finetune_quant_dataset/quant_1051.jpg	4DC6694A284A27A194B40698D6BDC17F8A029CA059B5252509724AB28E29FCA2	1920	1080	0.333333333333	0	140
1052	blue	old	train	train	0	D:\Yolo_LPR_RK3568_FPGA_Project\1_PC_Training\datasets\yolo_format\images\train\ccpd_blue_ccpd_base_0107243773946-92_83-234&526_418&589-434&599_237&588_226&518_423&529-0_0_9_24_2_30_30-112-24.jpg	finetune_quant_dataset/quant_1052.jpg	89EDB27C6751CF42D4B3CBF621C0C6B785507068F0F085D9CBD584FA9C7E5C88	720	1160	0.551724137931	121	0
1053	yellow_single	old	train	train	2	D:\Yolo_LPR_RK3568_FPGA_Project\1_PC_Training\datasets\yolo_format\images\train\crpd_1 (96).jpg	finetune_quant_dataset/quant_1053.jpg	FB91E0FD8804639BF0854C91963D4BADE9B37466249F41F40363E6911B4565AC	1628	1236	0.39312039312	0	77
1054	blue	old	train	train	0,2	D:\Yolo_LPR_RK3568_FPGA_Project\1_PC_Training\datasets\yolo_format\images\train\crpd_49_1003.jpg	finetune_quant_dataset/quant_1054.jpg	2F12A9A95E612A81F50517257684FD94D692CCAE7639D363CC5815D56546AD2C	1600	1200	0.4	0	80
1055	blue	old	train	train	0	D:\Yolo_LPR_RK3568_FPGA_Project\1_PC_Training\datasets\yolo_format\images\train\crpd_62_0841.jpg	finetune_quant_dataset/quant_1055.jpg	6084C4B5934EE1F24EBFC5A5AE9C587E2E9767669934D8E3D4DAAA8879F378F9	1600	1200	0.4	0	80
1056	other_all	old	train	train	3	D:\Yolo_LPR_RK3568_FPGA_Project\1_PC_Training\datasets\yolo_format\images\train\crpd_66_0400.jpg	finetune_quant_dataset/quant_1056.jpg	7595CB0ECB3971100DF77D808A55F8F23353C298D80E61127E6A6FCF38EEB936	1600	1200	0.4	0	80
1057	other_all	special	train	教练车牌	3	D:\Yolo_LPR_RK3568_FPGA_Project\1_PC_Training\datasets\特殊车牌\image\教练车牌\粤C2867学.jpg	finetune_quant_dataset/quant_1057.jpg	C268C77C16F329BCA105C3186F4C7BC53C16FC24B34D18A46E91C01A889930B4	1600	1200	0.4	0	80
1058	blue	old	train	train	0,0,2	D:\Yolo_LPR_RK3568_FPGA_Project\1_PC_Training\datasets\yolo_format\images\train\crpd_35_0775.jpg	finetune_quant_dataset/quant_1058.jpg	12B72D133AFF81640E096BCE0D0A47104824AF42552A8993F85BD2E990679D54	1920	1080	0.333333333333	0	140
1059	green	old	train	train	1	D:\Yolo_LPR_RK3568_FPGA_Project\1_PC_Training\datasets\yolo_format\images\train\ccpd_green_train_0259722222222-90_267-281&389_553&485-551&474_281&485_285&389_553&390-0_0_3_25_27_32_30_30-92-44.jpg	finetune_quant_dataset/quant_1059.jpg	4EAB71D79AE94CAF02C8A99A807A58CB5A0CA147A4F652BDBB4AFB63B6EED434	720	1160	0.551724137931	121	0
1060	green	old	train	train	1	D:\Yolo_LPR_RK3568_FPGA_Project\1_PC_Training\datasets\yolo_format\images\train\ccpd_green_train_303633897569444444-91_117-73&351_467&444-467&444_126&437_73&361_427&351-0_0_3_24_24_31_31_26-104-309.jpg	finetune_quant_dataset/quant_1060.jpg	511597307F616B6177CBBB2B2172861A08D524F9A9616CDCFFD5F51C9F15FD94	720	1160	0.551724137931	121	0
1061	blue	old	train	train	0	D:\Yolo_LPR_RK3568_FPGA_Project\1_PC_Training\datasets\yolo_format\images\train\ccpd_blue_ccpd_fn_0041-8_12-302&488_376&535-376&535_305&525_302&488_373&498-0_0_9_24_32_32_9-84-12.jpg	finetune_quant_dataset/quant_1061.jpg	3A8301B9D25F6B2A37FAFD92C3189A1231EB322728A6B9B45AEB9CD598537CDA	720	1160	0.551724137931	121	0
1062	blue	old	train	train	0,0	D:\Yolo_LPR_RK3568_FPGA_Project\1_PC_Training\datasets\yolo_format\images\train\crpd_39_0076.jpg	finetune_quant_dataset/quant_1062.jpg	D78B4F4EBC3A01C1CAB47A500FB2F95FFC435DC7EC103A6AA19C2CAD2413DA12	1600	1200	0.4	0	80
1063	yellow_single	old	train	train	2	D:\Yolo_LPR_RK3568_FPGA_Project\1_PC_Training\datasets\yolo_format\images\train\crpd_59_0656.jpg	finetune_quant_dataset/quant_1063.jpg	37BD7C60ECEB2BC2C37BCB97540B5BA703A263CBA91DB93B2679FFBA0E75A5C8	1920	1080	0.333333333333	0	140
1064	yellow_single	old	train	train	2	D:\Yolo_LPR_RK3568_FPGA_Project\1_PC_Training\datasets\yolo_format\images\train\crpd_62_1849.jpg	finetune_quant_dataset/quant_1064.jpg	BC75D0B30EC5011E4DA3EA9F89C2452519E9DD1D2BDBCF21D01A5B67E0BE630D	1920	1080	0.333333333333	0	140
1065	yellow_single	old	train	train	2	D:\Yolo_LPR_RK3568_FPGA_Project\1_PC_Training\datasets\yolo_format\images\train\crpd_1 (161).jpg	finetune_quant_dataset/quant_1065.jpg	97CE94E66F3F2169E80FFB8DC4E9391551FB7644B5032DC5E1D2F63496AE0251	1628	1236	0.39312039312	0	77
1066	yellow_single	old	train	train	2	D:\Yolo_LPR_RK3568_FPGA_Project\1_PC_Training\datasets\yolo_format\images\train\crpd_1 (815).jpg	finetune_quant_dataset/quant_1066.jpg	51CC92B87A0544D5DEBE374D31ED9786035F3CDB4D2D56CD42B72AEFC91B7753	1628	1236	0.39312039312	0	77
1067	other_all	special	train	警用车牌	3	D:\Yolo_LPR_RK3568_FPGA_Project\1_PC_Training\datasets\特殊车牌\image\警用车牌\粤B1913警.jpg	finetune_quant_dataset/quant_1067.jpg	872A371B70AD745D18DB855C0D1F9FCE633C0EE944D1409A012CFFA67950E2CD	1600	1200	0.4	0	80
1068	blue	old	train	train	0	D:\Yolo_LPR_RK3568_FPGA_Project\1_PC_Training\datasets\yolo_format\images\train\ccpd_blue_ccpd_blur_0087-2_0-340&542_476&596-476&591_341&596_340&547_475&542-0_0_5_16_30_32_32-162-4.jpg	finetune_quant_dataset/quant_1068.jpg	55EFDD27D66808C20A12240D2E77C56E5C252399C897000FE76BC8B048AD49BD	720	1160	0.551724137931	121	0
1069	yellow_single	old	train	train	2	D:\Yolo_LPR_RK3568_FPGA_Project\1_PC_Training\datasets\yolo_format\images\train\crpd_55_0336.jpg	finetune_quant_dataset/quant_1069.jpg	764D8CCB3B0BD01C8CB239FC9EF976C46DB6C66AB5A27E055933226C0E2E4877	1920	1080	0.333333333333	0	140
1070	green	old	train	train	1	D:\Yolo_LPR_RK3568_FPGA_Project\1_PC_Training\datasets\yolo_format\images\train\ccpd_green_train_029169921875-90_269-195&398_504&493-504&486_196&493_195&399_501&398-0_0_5_25_30_30_30_32-111-45.jpg	finetune_quant_dataset/quant_1070.jpg	97D11E1EB7EE35AD3BEAD6D573A8C428753AD075294969D991503541A3D37DC5	720	1160	0.551724137931	121	0
1071	blue	old	train	train	0	D:\Yolo_LPR_RK3568_FPGA_Project\1_PC_Training\datasets\yolo_format\images\train\ccpd_blue_ccpd_tilt_0773-22_47-323&408_629&619-580&514_323&619_372&513_629&408-0_0_19_33_25_31_20-90-112.jpg	finetune_quant_dataset/quant_1071.jpg	947FD60DD686CA7A5A46DE3B366AF9205F3E39E8855B4CC583D8EEF4DBF3680B	720	1160	0.551724137931	121	0
1072	other_all	old	train	train	3	D:\Yolo_LPR_RK3568_FPGA_Project\1_PC_Training\datasets\yolo_format\images\train\crpd_39_0082.jpg	finetune_quant_dataset/quant_1072.jpg	B7807FE7FEFF147AEDE69E477670B1D1CA094E9BB982B8D7CE75587444E71807	1920	1080	0.333333333333	0	140
1073	yellow_single	old	train	train	2	D:\Yolo_LPR_RK3568_FPGA_Project\1_PC_Training\datasets\yolo_format\images\train\crpd_66_0720.jpg	finetune_quant_dataset/quant_1073.jpg	8F4BBB0A2503D34849B2E851B61D6FEAE7C255D66A8380D713EB605C659D697D	1920	1080	0.333333333333	0	140
1074	blue	old	train	train	0	D:\Yolo_LPR_RK3568_FPGA_Project\1_PC_Training\datasets\yolo_format\images\train\ccpd_blue_ccpd_fn_0089-1_2-332&319_452&381-451&377_332&381_333&323_452&319-0_0_6_25_30_30_0-109-12.jpg	finetune_quant_dataset/quant_1074.jpg	6D64DFCE0D6F2F55183920ACABF9C5BF8425B06DB3F0767584134653C4828981	720	1160	0.551724137931	121	0
1075	other_all	old	train	train	3	D:\Yolo_LPR_RK3568_FPGA_Project\1_PC_Training\datasets\yolo_format\images\train\crpd_62_0517.jpg	finetune_quant_dataset/quant_1075.jpg	64B70518B6F1F9A60F09A863A21E84E7D44CC585FA4B11C3C99D71D2F3F676A3	1600	1200	0.4	0	80
1076	yellow_single	old	train	train	2	D:\Yolo_LPR_RK3568_FPGA_Project\1_PC_Training\datasets\yolo_format\images\train\crpd_46_1324.jpg	finetune_quant_dataset/quant_1076.jpg	DBF8EAA88A2CE075DFE79C9055D593927A859AE4405D6C3EABDE6EA21BA379CC	1920	1080	0.333333333333	0	140
1077	other_all	old	train	train	3	D:\Yolo_LPR_RK3568_FPGA_Project\1_PC_Training\datasets\yolo_format\images\train\crpd_66_0153.jpg	finetune_quant_dataset/quant_1077.jpg	086391F37A7E24024194B1B9A8198EB774734FE35B0FD6128AADB15FDDA06BFC	1920	1080	0.333333333333	0	140
1078	other_all	special	train	香港出入境车牌	3	D:\Yolo_LPR_RK3568_FPGA_Project\1_PC_Training\datasets\特殊车牌\image\香港出入境车牌\粤Z796B港.jpg	finetune_quant_dataset/quant_1078.jpg	52CEA9C3CCED6822F36CA12581BFC221BD0FD45324BFD669FC0082C6B63C7AA9	1600	1200	0.4	0	80
1079	yellow_single	old	train	train	2	D:\Yolo_LPR_RK3568_FPGA_Project\1_PC_Training\datasets\yolo_format\images\train\crpd_66_0240.jpg	finetune_quant_dataset/quant_1079.jpg	BE28BCDF50C25CE31476BD6302463E9E7C48174FD0BA667225A70E4AAD00C933	1920	1080	0.333333333333	0	140
1080	yellow_single	old	train	train	2	D:\Yolo_LPR_RK3568_FPGA_Project\1_PC_Training\datasets\yolo_format\images\train\crpd_55_0586.jpg	finetune_quant_dataset/quant_1080.jpg	0ED91D778A7190CC5A7D8F7B4C485D7C463031B67E37793AB12086F215E8564C	1920	1080	0.333333333333	0	140
1081	blue	old	train	train	0,0	D:\Yolo_LPR_RK3568_FPGA_Project\1_PC_Training\datasets\yolo_format\images\train\crpd_36_0790.jpg	finetune_quant_dataset/quant_1081.jpg	AA3E3F6A96EF0BDF59576226B2E01F7DD0A78097A282367216DA742F6FF3DEE1	1920	1080	0.333333333333	0	140
1082	green	old	train	train	1	D:\Yolo_LPR_RK3568_FPGA_Project\1_PC_Training\datasets\yolo_format\images\train\ccpd_green_train_0166482204861-90_249-226&414_455&488-455&488_249&481_226&414_430&415-0_0_3_24_32_24_28_25-92-60.jpg	finetune_quant_dataset/quant_1082.jpg	A685DE5E42E54EC20624017C4C1DFA4FE9327AABB39A223332C044A49A8F4F5A	720	1160	0.551724137931	121	0
1083	green	old	train	train	1	D:\Yolo_LPR_RK3568_FPGA_Project\1_PC_Training\datasets\yolo_format\images\train\ccpd_green_train_0271158854167-90_90-230&437_524&530-524&530_230&530_230&437_522&442-1_0_5_24_25_25_33_26-189-224.jpg	finetune_quant_dataset/quant_1083.jpg	ABC4274A281B954D413C9E10F6547528BD6A8A08632C72607E91EE95CED37E2C	720	1160	0.551724137931	121	0
1084	green	old	train	train	1	D:\Yolo_LPR_RK3568_FPGA_Project\1_PC_Training\datasets\yolo_format\images\train\ccpd_green_train_3028819444444444446-90_97-209&486_541&574-541&574_228&572_209&486_532&492-0_0_3_26_33_24_32_32-108-135.jpg	finetune_quant_dataset/quant_1084.jpg	D73810A8D2F9E886FF9108CBC804309C923C32BC5C8E3D5B7E5DC57D08AD7093	720	1160	0.551724137931	121	0
1085	blue	old	train	train	0,0	D:\Yolo_LPR_RK3568_FPGA_Project\1_PC_Training\datasets\yolo_format\images\train\crpd_54_0814.jpg	finetune_quant_dataset/quant_1085.jpg	93CC9300968A0A5B2091F45B18EAD8989021587B35791CB079CEA78A2EC7B094	1600	1200	0.4	0	80
1086	other_all	special	train	警用车牌	3	D:\Yolo_LPR_RK3568_FPGA_Project\1_PC_Training\datasets\特殊车牌\image\警用车牌\粤C0655警.jpg	finetune_quant_dataset/quant_1086.jpg	D81A195F3126E5418C97A174BE05654430B270BE1687564C8857C2BF3FB02ACC	1600	1200	0.4	0	80
1087	blue	old	train	train	0	D:\Yolo_LPR_RK3568_FPGA_Project\1_PC_Training\datasets\yolo_format\images\train\ccpd_blue_ccpd_db_0396-13_21-212&512_445&654-445&654_225&602_212&512_432&564-0_0_20_15_26_24_26-196-91.jpg	finetune_quant_dataset/quant_1087.jpg	9FA287D3B1DB783C7950351BEBA545D46B86BF25DA1D8CDABE64FEF26D35A6C3	720	1160	0.551724137931	121	0
1088	green	old	train	train	1	D:\Yolo_LPR_RK3568_FPGA_Project\1_PC_Training\datasets\yolo_format\images\train\ccpd_green_train_3013033854166666666-93_99-289&490_471&562-471&562_290&549_289&490_466&501-0_0_3_24_26_25_26_25-131-51.jpg	finetune_quant_dataset/quant_1088.jpg	C4E3ACCF637ABD7CFAE96843F901163EEBD5C51D2DF064530D926CB9C87E4C43	720	1160	0.551724137931	121	0
1089	yellow_single	old	train	train	2	D:\Yolo_LPR_RK3568_FPGA_Project\1_PC_Training\datasets\yolo_format\images\train\crpd_53_0734.jpg	finetune_quant_dataset/quant_1089.jpg	0FB65273F6F99C63702264F5AEA7A5520622A4B129689037590D4C0E6DCA66DD	1920	1080	0.333333333333	0	140
1090	yellow_single	old	train	train	2	D:\Yolo_LPR_RK3568_FPGA_Project\1_PC_Training\datasets\yolo_format\images\train\crpd_1 (489).jpg	finetune_quant_dataset/quant_1090.jpg	56B0B2F272957D2B8200BA0CC308053A8D2EC88CA4A742483692EDF254272FB4	1628	1236	0.39312039312	0	77
1091	blue	old	train	train	0	D:\Yolo_LPR_RK3568_FPGA_Project\1_PC_Training\datasets\yolo_format\images\train\ccpd_blue_ccpd_tilt_0342-22_15-286&459_465&619-465&549_297&619_286&529_454&459-10_6_30_30_10_32_32-121-60.jpg	finetune_quant_dataset/quant_1091.jpg	F333B94279A5E00EAD82455F268E03FE28F60A3A6050D41BE4CB0CE7C0484AED	720	1160	0.551724137931	121	0
1092	yellow_single	old	train	train	2	D:\Yolo_LPR_RK3568_FPGA_Project\1_PC_Training\datasets\yolo_format\images\train\crpd_42_2024.jpg	finetune_quant_dataset/quant_1092.jpg	AB6FC9378F63E081337A6B59F1A59C45D861E6B499205AEF96F28CFD4EF31C71	1920	1080	0.333333333333	0	140
1093	yellow_single	old	train	train	2	D:\Yolo_LPR_RK3568_FPGA_Project\1_PC_Training\datasets\yolo_format\images\train\crpd_56_0950.jpg	finetune_quant_dataset/quant_1093.jpg	B43D8361DB4AA7566846E53C743641BA4A1C27CFFEB8E16B838F72195876130C	1600	1200	0.4	0	80
1094	green	old	train	train	1	D:\Yolo_LPR_RK3568_FPGA_Project\1_PC_Training\datasets\yolo_format\images\train\ccpd_green_train_01730251736111111-90_255-176&474_414&548-414&548_191&543_176&478_408&474-0_0_3_24_26_29_33_30-93-4.jpg	finetune_quant_dataset/quant_1094.jpg	168B3EE92902F52165B77FA847B050418A20953B1FD3F03DA5484451C842ED8C	720	1160	0.551724137931	121	0
1095	yellow_single	old	train	train	2	D:\Yolo_LPR_RK3568_FPGA_Project\1_PC_Training\datasets\yolo_format\images\train\crpd_60_0816.jpg	finetune_quant_dataset/quant_1095.jpg	47D58320C24109A9376453E877ED85A615A4F521746A61A3DB578F957D22B477	1920	1080	0.333333333333	0	140
1096	yellow_single	old	train	train	2	D:\Yolo_LPR_RK3568_FPGA_Project\1_PC_Training\datasets\yolo_format\images\train\crpd_56_0740.jpg	finetune_quant_dataset/quant_1096.jpg	7596953BA447573F90B6ACF92ECF51713E5F119C90163EE296A91AAE4729EF42	1920	1080	0.333333333333	0	140
1097	yellow_single	old	train	train	2	D:\Yolo_LPR_RK3568_FPGA_Project\1_PC_Training\datasets\yolo_format\images\train\crpd_39_0467.jpg	finetune_quant_dataset/quant_1097.jpg	D5FFD4A10FE5FFF8036771693A822611E6A0455FF68E500CD2F18B8FF05C901C	1920	1080	0.333333333333	0	140
1098	other_all	special	train	澳门出入境车牌	3	D:\Yolo_LPR_RK3568_FPGA_Project\1_PC_Training\datasets\特殊车牌\image\澳门出入境车牌\粤Z8832澳.jpg	finetune_quant_dataset/quant_1098.jpg	FAC880DFA17AEE1A3E8904D431305BC60EB9AD15CC97110BA77B5CA56D36A4E9	1600	1200	0.4	0	80
1099	yellow_single	old	train	train	2	D:\Yolo_LPR_RK3568_FPGA_Project\1_PC_Training\datasets\yolo_format\images\train\crpd_40_0582.jpg	finetune_quant_dataset/quant_1099.jpg	7D231729998171456C752D649E8DA3C2E26AC11B4BA670FA1104C9B96D4C766D	1920	1080	0.333333333333	0	140
1100	yellow_single	old	train	train	2	D:\Yolo_LPR_RK3568_FPGA_Project\1_PC_Training\datasets\yolo_format\images\train\crpd_1 (34).jpg	finetune_quant_dataset/quant_1100.jpg	7BA1F716C368F3F380C2F5C3B6F7807CFCA99483497622922E5A5D181276D103	1628	1236	0.39312039312	0	77
1101	green	old	train	train	1	D:\Yolo_LPR_RK3568_FPGA_Project\1_PC_Training\datasets\yolo_format\images\train\ccpd_green_train_0253472222222-90_262-186&472_506&552-485&551_186&552_196&472_506&476-0_0_3_17_25_24_25_25-186-113.jpg	finetune_quant_dataset/quant_1101.jpg	C967B526F15F0C1FAF9A2C8EE605B1BD46EFA518DC3A8744A2EDEF7D2FE9ECF7	720	1160	0.551724137931	121	0
1102	yellow_single	old	train	train	2	D:\Yolo_LPR_RK3568_FPGA_Project\1_PC_Training\datasets\yolo_format\images\train\crpd_43_0380.jpg	finetune_quant_dataset/quant_1102.jpg	79675547C66452FCB4D166CD887E0D72C6633A3B4ADA1518AECD04C0C0641D3B	1920	1080	0.333333333333	0	140
1103	blue	old	train	train	0	D:\Yolo_LPR_RK3568_FPGA_Project\1_PC_Training\datasets\yolo_format\images\train\ccpd_blue_ccpd_base_0303316570881-90_90-222&425_572&527-577&517_236&525_248&433_589&425-0_0_26_19_27_28_32-57-49.jpg	finetune_quant_dataset/quant_1103.jpg	F1BA43C0F5213A7F41F975A071D2430C0DF140BE1D7B96DB3F7E859070F13363	720	1160	0.551724137931	121	0
1104	blue	old	train	train	0	D:\Yolo_LPR_RK3568_FPGA_Project\1_PC_Training\datasets\yolo_format\images\train\ccpd_blue_ccpd_blur_0275-6_20-243&469_462&574-462&574_263&551_243&469_442&492-0_0_21_7_28_31_31-34-4.jpg	finetune_quant_dataset/quant_1104.jpg	4A54FE2D664605C5A47D09A1BC47466ECEB3B5F59C23351408A3B29CD014BDC7	720	1160	0.551724137931	121	0
1105	blue	old	train	train	0	D:\Yolo_LPR_RK3568_FPGA_Project\1_PC_Training\datasets\yolo_format\images\train\ccpd_blue_ccpd_blur_0045-0_2-297&415_405&450-405&449_299&450_297&416_403&415-0_0_24_33_14_26_29-137-4.jpg	finetune_quant_dataset/quant_1105.jpg	D6075702C8CF6D417A9FD50CA2B3406FF16A1E24A6748736D6B67ECC77F30571	720	1160	0.551724137931	121	0
1106	green	old	train	train	1	D:\Yolo_LPR_RK3568_FPGA_Project\1_PC_Training\datasets\yolo_format\images\train\ccpd_green_train_3011773003472222222-92_96-234&477_409&544-409&544_236&535_234&477_406&483-0_0_3_27_25_25_32_32-103-101.jpg	finetune_quant_dataset/quant_1106.jpg	E6A0725C8AE6EC14BB8408519A2D7C443F4C3D3B35BEBB85D539F130637DB381	720	1160	0.551724137931	121	0
1107	other_all	old	train	train	3	D:\Yolo_LPR_RK3568_FPGA_Project\1_PC_Training\datasets\yolo_format\images\train\crpd_66_0392.jpg	finetune_quant_dataset/quant_1107.jpg	926DEDF79C939332B17DDD66A90911A68F2F25CF373C080945C32D2A6F394634	1600	1200	0.4	0	80
1108	green	old	train	train	1	D:\Yolo_LPR_RK3568_FPGA_Project\1_PC_Training\datasets\yolo_format\images\train\ccpd_green_train_0144444444444-89_268-201&462_409&532-409&524_201&532_202&468_408&462-0_0_3_24_33_29_32_24-125-47.jpg	finetune_quant_dataset/quant_1108.jpg	821F1946FECA82E1A437BC49908E5274321221B8E4AF4BA68203DE1FDCF1E421	720	1160	0.551724137931	121	0
1109	blue	old	train	train	0	D:\Yolo_LPR_RK3568_FPGA_Project\1_PC_Training\datasets\yolo_format\images\train\crpd_55_0293.jpg	finetune_quant_dataset/quant_1109.jpg	988394A9063D98C1C7A8BC2CBAB323B340646D0E36706441E9F8D4AC33B5E83E	1920	1080	0.333333333333	0	140
1110	other_all	special	train	警用车牌	3	D:\Yolo_LPR_RK3568_FPGA_Project\1_PC_Training\datasets\特殊车牌\image\警用车牌\粤AA434警.jpg	finetune_quant_dataset/quant_1110.jpg	849C67E58CBD75BAE8CA0B7FFCA6AC36349EA05B65952BEA7898190DE1CBD3E6	1600	1200	0.4	0	80
1111	green	old	train	train	1	D:\Yolo_LPR_RK3568_FPGA_Project\1_PC_Training\datasets\yolo_format\images\train\ccpd_green_train_02265625-89_269-273&430_534&517-534&512_275&517_273&436_531&430-0_0_5_24_24_25_30_30-170-86.jpg	finetune_quant_dataset/quant_1111.jpg	78245ACF746E278D9B00D6C84142D7C44C75126CD4E16EA11AF065E957D71963	720	1160	0.551724137931	121	0
1112	blue	old	train	train	0	D:\Yolo_LPR_RK3568_FPGA_Project\1_PC_Training\datasets\yolo_format\images\train\ccpd_blue_ccpd_base_0054058908046-90_85-174&407_331&472-340&482_177&483_168&423_331&422-0_0_8_4_31_24_31-80-14.jpg	finetune_quant_dataset/quant_1112.jpg	DB34C68246B8C88BC65C6433989613B4E386749E0A442C16F6C10D386F70BA28	720	1160	0.551724137931	121	0
1113	other_all	special	train	香港出入境车牌	3	D:\Yolo_LPR_RK3568_FPGA_Project\1_PC_Training\datasets\特殊车牌\image\香港出入境车牌\粤ZK414港.JPG	finetune_quant_dataset/quant_1113.jpg	5EE1C1A0418C8327C7B6F8703FC3023D975D511A1ECB43E1FB62C47E8A01640B	1600	1200	0.4	0	80
1114	green	old	train	train	1	D:\Yolo_LPR_RK3568_FPGA_Project\1_PC_Training\datasets\yolo_format\images\train\ccpd_green_train_0450032552083-90_269-159&437_554&552-544&548_160&552_159&438_554&437-0_0_5_25_29_26_24_24-130-147.jpg	finetune_quant_dataset/quant_1114.jpg	82B0FDF016AA4157C191B1505D70CD3FB0A5BADA68244CFBF5D4AF96D9F63ADB	720	1160	0.551724137931	121	0
1115	yellow_single	old	train	train	2	D:\Yolo_LPR_RK3568_FPGA_Project\1_PC_Training\datasets\yolo_format\images\train\crpd_57_0814.jpg	finetune_quant_dataset/quant_1115.jpg	5BECA1121A8CA8AB63A5BA0EB7796387A77BAB3A6D25D5A9D3574B15108AD2BD	1920	1080	0.333333333333	0	140
1116	other_all	special	train	香港出入境车牌	3	D:\Yolo_LPR_RK3568_FPGA_Project\1_PC_Training\datasets\特殊车牌\image\香港出入境车牌\粤ZEE67港.jpg	finetune_quant_dataset/quant_1116.jpg	59EF62BAD80C6C57921978E7A990D77C5D4B1F696D3C4B1F03516D2E106CF541	1600	1200	0.4	0	80
1117	blue	old	train	train	0	D:\Yolo_LPR_RK3568_FPGA_Project\1_PC_Training\datasets\yolo_format\images\train\crpd_55_1059.jpg	finetune_quant_dataset/quant_1117.jpg	346BD60BE5F9E973DF3EE98768EB034E43489E2825B8C50C7AD8654BFB7AA4D0	1920	1080	0.333333333333	0	140
1118	green	old	train	train	1	D:\Yolo_LPR_RK3568_FPGA_Project\1_PC_Training\datasets\yolo_format\images\train\ccpd_green_train_0102940538194-90_264-302&468_481&526-476&525_302&526_307&468_481&470-0_0_3_26_30_30_26_33-157-30.jpg	finetune_quant_dataset/quant_1118.jpg	CB85706662DEB0D7D6F98C9EEBAD37124B60F736120CEF312D21985204B0D8D1	720	1160	0.551724137931	121	0
1119	yellow_single	old	train	train	2	D:\Yolo_LPR_RK3568_FPGA_Project\1_PC_Training\datasets\yolo_format\images\train\crpd_57_0690.jpg	finetune_quant_dataset/quant_1119.jpg	98BEA90A5A2F7E9E050B7CA2A059DDDE08B255E3BFD0750F530B26E5DB7D3C57	1920	1080	0.333333333333	0	140
1120	green	old	train	train	1	D:\Yolo_LPR_RK3568_FPGA_Project\1_PC_Training\datasets\yolo_format\images\train\ccpd_green_train_3021276041666666665-88_90-244&435_502&518-502&505_254&518_244&439_500&435-0_0_3_24_33_24_25_27-113-69.jpg	finetune_quant_dataset/quant_1120.jpg	C7AD6C9CB0A78D8A08923639618DCE20C0CA3A806101AC04F406F54A400D76DD	720	1160	0.551724137931	121	0
1121	blue	old	train	train	0	D:\Yolo_LPR_RK3568_FPGA_Project\1_PC_Training\datasets\yolo_format\images\train\ccpd_blue_ccpd_weather_0544-0_0-189&632_581&748-580&748_189&744_190&632_581&636-0_0_21_26_25_29_31-112-93.jpg	finetune_quant_dataset/quant_1121.jpg	19E1034C260A295A32D72451F663EE03638B5C434C55BD333F174C37BF499394	720	1160	0.551724137931	121	0
1122	green	old	train	train	1	D:\Yolo_LPR_RK3568_FPGA_Project\1_PC_Training\datasets\yolo_format\images\train\ccpd_green_train_01654296875-90_262-210&459_452&528-452&528_217&519_210&459_442&459-0_0_3_25_26_30_32_32-92-44.jpg	finetune_quant_dataset/quant_1122.jpg	4CF1FFEDBB2F0432DA12B9E600E4476DDD96B2AC32C223BE5AD6D8254BF838E8	720	1160	0.551724137931	121	0
1123	blue	old	train	train	0	D:\Yolo_LPR_RK3568_FPGA_Project\1_PC_Training\datasets\yolo_format\images\train\ccpd_blue_ccpd_rotate_0457-21_17-269&411_494&581-489&581_269&495_274&411_494&497-7_2_0_2_29_25_26-58-101.jpg	finetune_quant_dataset/quant_1123.jpg	A2BBC0773C5F77463F0F16AD82B9955F755F59055F5B7EBA551E48414AE7B048	720	1160	0.551724137931	121	0
1124	blue	old	train	train	0,0	D:\Yolo_LPR_RK3568_FPGA_Project\1_PC_Training\datasets\yolo_format\images\train\crpd_53_0193.jpg	finetune_quant_dataset/quant_1124.jpg	09FBB1CAC515498D94BE4F2966246C2C56C88777E58ADB7ACF1233D0A5019330	1920	1080	0.333333333333	0	140
1125	green	old	train	train	1	D:\Yolo_LPR_RK3568_FPGA_Project\1_PC_Training\datasets\yolo_format\images\train\ccpd_green_train_0290494791667-88_93-223&470_514&571-513&558_223&571_225&471_514&470-0_0_3_24_26_31_32_30-104-68.jpg	finetune_quant_dataset/quant_1125.jpg	51D87332BF1D6DBA20FCDEE62B7297B4693D458C466E00D89BD2BF9852E186B7	720	1160	0.551724137931	121	0
1126	yellow_single	old	train	train	2	D:\Yolo_LPR_RK3568_FPGA_Project\1_PC_Training\datasets\yolo_format\images\train\crpd_54_0211.jpg	finetune_quant_dataset/quant_1126.jpg	5B0D9C1894E62AC75C5C1B0E5EF0455359DB399CE2AEDE2FF7410018F5A36EB2	1920	1080	0.333333333333	0	140
1127	green	old	train	train	1	D:\Yolo_LPR_RK3568_FPGA_Project\1_PC_Training\datasets\yolo_format\images\train\ccpd_green_train_0164333767361-90_91-254&470_487&541-486&539_254&541_255&470_487&470-0_0_3_25_29_24_24_25-133-127.jpg	finetune_quant_dataset/quant_1127.jpg	2ECA0DE7C25F6E16BEA521F49D00805B2D02030E02262046C64F5A5AF48BAAED	720	1160	0.551724137931	121	0
1128	yellow_single	old	train	train	2	D:\Yolo_LPR_RK3568_FPGA_Project\1_PC_Training\datasets\yolo_format\images\train\crpd_45_1279.jpg	finetune_quant_dataset/quant_1128.jpg	B4610F6FB5AD7A14A92C7AFCC5696388FA60F19CB5551E1F7596AB3D5C7202F3	1600	1200	0.4	0	80
1129	other_all	old	train	train	3	D:\Yolo_LPR_RK3568_FPGA_Project\1_PC_Training\datasets\yolo_format\images\train\crpd_66_0593.jpg	finetune_quant_dataset/quant_1129.jpg	CA53FFFA9D51592F0F08B0ADAE71104748E23249B6202566AA47F7D0E7D0994F	1600	1200	0.4	0	80
1130	blue	old	train	train	0,0,0	D:\Yolo_LPR_RK3568_FPGA_Project\1_PC_Training\datasets\yolo_format\images\train\crpd_62_1833.jpg	finetune_quant_dataset/quant_1130.jpg	82B5AA4E4CF85258CC57566AFF1E395A6D0D84CFDCCCB2E4C50EE30FC4FA3E4F	2592	1936	0.246913580247	0	81
1131	other_all	old	train	train	3	D:\Yolo_LPR_RK3568_FPGA_Project\1_PC_Training\datasets\yolo_format\images\train\crpd_66_1003.jpg	finetune_quant_dataset/quant_1131.jpg	7856F0F9B59AF6F3DF007AF673915AAE4EB40297069819C2D7888DD9FFAD88F0	1920	1080	0.333333333333	0	140
1132	green	old	train	train	1	D:\Yolo_LPR_RK3568_FPGA_Project\1_PC_Training\datasets\yolo_format\images\train\ccpd_green_train_30675390625-91_94-73&449_541&595-531&595_85&582_73&449_541&458-0_0_3_24_26_27_33_32-138-184.jpg	finetune_quant_dataset/quant_1132.jpg	1F3D72B5E9F51DF8788478B9D80C5C42528F857BA96FEF25C6E037FBEF8B276F	720	1160	0.551724137931	121	0
1133	other_all	special	train	香港出入境车牌	3	D:\Yolo_LPR_RK3568_FPGA_Project\1_PC_Training\datasets\特殊车牌\image\香港出入境车牌\粤Z474D港.jpg	finetune_quant_dataset/quant_1133.jpg	D24DEE05724DA5E4FEE8F802763C1D8AC2285E2058E22137108999F27427EC02	1600	1200	0.4	0	80
1134	other_all	old	train	train	3	D:\Yolo_LPR_RK3568_FPGA_Project\1_PC_Training\datasets\yolo_format\images\train\crpd_66_0663.jpg	finetune_quant_dataset/quant_1134.jpg	7D6FCA366F0E95B75C91F8FCB633178B5AC72285B64A4CF76193D25DBF506F4F	1920	1080	0.333333333333	0	140
1135	other_all	special	train	澳门出入境车牌	3	D:\Yolo_LPR_RK3568_FPGA_Project\1_PC_Training\datasets\特殊车牌\image\澳门出入境车牌\粤ZL115澳.jpg	finetune_quant_dataset/quant_1135.jpg	F73F0EC5AB3A00D65ECFD9CE9BEA147F280518B80CDD898AD0C5551ABB325BEE	1600	1200	0.4	0	80
1136	yellow_single	old	train	train	2	D:\Yolo_LPR_RK3568_FPGA_Project\1_PC_Training\datasets\yolo_format\images\train\crpd_56_0013.jpg	finetune_quant_dataset/quant_1136.jpg	6D2DA88F5CE9E3585E7A022E0E40D300CBDB77BB9F6C396FCBB67364C33B71B9	1600	1200	0.4	0	80
1137	blue	old	train	train	0,0,2	D:\Yolo_LPR_RK3568_FPGA_Project\1_PC_Training\datasets\yolo_format\images\train\crpd_65_0493.jpg	finetune_quant_dataset/quant_1137.jpg	7994D95F3B754F656C1CADF69472069E8C77EAB659D730EEFACAEECEAED1C2A3	1920	1080	0.333333333333	0	140
1138	blue	old	train	train	0	D:\Yolo_LPR_RK3568_FPGA_Project\1_PC_Training\datasets\yolo_format\images\train\crpd_45_1537.jpg	finetune_quant_dataset/quant_1138.jpg	279793F072BCE50022E0E650101BA5781249B9056C09C21CBF08E395CF52FA5E	1920	1080	0.333333333333	0	140
1139	green	old	train	train	1	D:\Yolo_LPR_RK3568_FPGA_Project\1_PC_Training\datasets\yolo_format\images\train\ccpd_green_train_01953125-89_256-212&399_462&478-462&478_228&476_212&408_449&399-0_0_3_24_32_32_31_27-144-79.jpg	finetune_quant_dataset/quant_1139.jpg	651FA8AA5A539BA934845ED3FA6E9C6E1DB75189046216E5CFED9CF84F33E152	720	1160	0.551724137931	121	0
1140	blue	old	train	train	0,2	D:\Yolo_LPR_RK3568_FPGA_Project\1_PC_Training\datasets\yolo_format\images\train\crpd_54_0984.jpg	finetune_quant_dataset/quant_1140.jpg	1407CF626F72CBA6BFED923EA636A97D5A10C118553F63A1E2E3CE2EF459EE4C	1920	1080	0.333333333333	0	140
1141	green	old	train	train	1	D:\Yolo_LPR_RK3568_FPGA_Project\1_PC_Training\datasets\yolo_format\images\train\ccpd_green_train_00490885416667-92_92-329&464_445&506-443&506_329&501_332&464_445&473-0_0_3_26_24_33_27_33-98-23.jpg	finetune_quant_dataset/quant_1141.jpg	29A65618EA4D560C7B9AC07F0B5BF54F98B7F35515FB42610A65F7571C26C0F1	720	1160	0.551724137931	121	0
1142	other_all	special	train	香港出入境车牌	3	D:\Yolo_LPR_RK3568_FPGA_Project\1_PC_Training\datasets\特殊车牌\image\香港出入境车牌\粤Z220L港.jpg	finetune_quant_dataset/quant_1142.jpg	C279BC26EED31387CCCBFFD559257680DF7CF20BA218017906843E89A83BDB1A	1600	1200	0.4	0	80
1143	green	old	train	train	1	D:\Yolo_LPR_RK3568_FPGA_Project\1_PC_Training\datasets\yolo_format\images\train\ccpd_green_train_0259733072917-90_97-224&416_527&503-518&501_224&503_231&422_527&416-0_0_3_25_27_29_33_32-65-153.jpg	finetune_quant_dataset/quant_1143.jpg	AC1BFF7F2330532C05A48F85B261A048BDCEA0095308C546AC948B9C06950DD2	720	1160	0.551724137931	121	0
1144	blue	old	train	train	0	D:\Yolo_LPR_RK3568_FPGA_Project\1_PC_Training\datasets\yolo_format\images\train\crpd_42_1394.jpg	finetune_quant_dataset/quant_1144.jpg	EFF5A94CE9DDB08846895B20CB1B4C0997429B65C754BE01F030DE87E56183FD	1920	1080	0.333333333333	0	140
1145	green	old	train	train	1	D:\Yolo_LPR_RK3568_FPGA_Project\1_PC_Training\datasets\yolo_format\images\train\ccpd_green_train_0125238715278-90_265-217&471_416&535-416&535_221&534_217&471_413&474-0_0_3_24_27_28_30_29-116-154.jpg	finetune_quant_dataset/quant_1145.jpg	D3866241D5B9CE40585F2584AC080CA0F6E946E51B11A9B6A27D4A65DE493E49	720	1160	0.551724137931	121	0
1146	blue	old	train	train	0	D:\Yolo_LPR_RK3568_FPGA_Project\1_PC_Training\datasets\yolo_format\images\train\ccpd_blue_ccpd_blur_0410-11_16-260&446_505&586-505&586_267&536_260&446_498&496-0_0_27_27_7_24_30-24-2.jpg	finetune_quant_dataset/quant_1146.jpg	51794B240544536A1D0284DC3DF74BCEF1D2B68B688666A3ACE378CE1C7FE83E	720	1160	0.551724137931	121	0
1147	blue	old	train	train	0,0	D:\Yolo_LPR_RK3568_FPGA_Project\1_PC_Training\datasets\yolo_format\images\train\crpd_45_0164.jpg	finetune_quant_dataset/quant_1147.jpg	5EDF8CD90A0C3C8150ED55B5F7EACBFC41CCE8621719302850036C31F1FCDB42	1920	1080	0.333333333333	0	140
1148	blue	old	train	train	0	D:\Yolo_LPR_RK3568_FPGA_Project\1_PC_Training\datasets\yolo_format\images\train\ccpd_blue_ccpd_blur_0193-0_0-279&517_497&591-496&591_279&589_280&517_497&519-0_0_29_25_24_22_32-122-5.jpg	finetune_quant_dataset/quant_1148.jpg	AFB48EEF26C8BA91D7DEE61DFF647BDF16B1D372FE1B6A90BB1D66E13A4F1990	720	1160	0.551724137931	121	0
1149	green	old	train	train	1	D:\Yolo_LPR_RK3568_FPGA_Project\1_PC_Training\datasets\yolo_format\images\train\ccpd_green_train_04269314236111111-90_265-130&422_512&535-505&527_138&535_130&422_512&422-0_0_3_24_33_32_24_25-116-55.jpg	finetune_quant_dataset/quant_1149.jpg	06FDA8555C9DD907E36EFC29792604182E40697A03A5FA90D1EE7ED0ECD21823	720	1160	0.551724137931	121	0
1150	other_all	special	train	警用车牌	3	D:\Yolo_LPR_RK3568_FPGA_Project\1_PC_Training\datasets\特殊车牌\image\警用车牌\粤C0559警.jpg	finetune_quant_dataset/quant_1150.jpg	A8B72858A590DCD327C7A98F6CFC0B5FC97E586B688BD067962A30F85ABDBDDA	1600	1200	0.4	0	80
1151	other_all	old	train	train	3	D:\Yolo_LPR_RK3568_FPGA_Project\1_PC_Training\datasets\yolo_format\images\train\crpd_66_1696.jpg	finetune_quant_dataset/quant_1151.jpg	4E05BEE5CE5494D4029DD258E40C928D139C179D7BA090DC7EF60C086FCAE282	1920	1080	0.333333333333	0	140
1152	yellow_single	old	train	train	2	D:\Yolo_LPR_RK3568_FPGA_Project\1_PC_Training\datasets\yolo_format\images\train\crpd_43_0282.jpg	finetune_quant_dataset/quant_1152.jpg	990BCD87471A0E26FA8A79CE0EDB25BF20CFBB854385B4FD8E573FB632CF9E6C	1920	1080	0.333333333333	0	140
1153	yellow_single	old	train	train	2	D:\Yolo_LPR_RK3568_FPGA_Project\1_PC_Training\datasets\yolo_format\images\train\crpd_39_0097.jpg	finetune_quant_dataset/quant_1153.jpg	29EDD82118CF5600119FB8754A143406BAB8A9B9FAC5661706A61CFF7B2FC921	1920	1080	0.333333333333	0	140
1154	other_all	special	train	澳门出入境车牌	3	D:\Yolo_LPR_RK3568_FPGA_Project\1_PC_Training\datasets\特殊车牌\image\澳门出入境车牌\粤Z6693澳.jpg	finetune_quant_dataset/quant_1154.jpg	0137AFD9AE24C35D2E1436DEFFD288FECEF683CB6DDFEEEED4428287F174293D	1600	1200	0.4	0	80
1155	green	old	train	train	1	D:\Yolo_LPR_RK3568_FPGA_Project\1_PC_Training\datasets\yolo_format\images\train\ccpd_green_train_3042109375-92_94-169&451_561&560-551&560_174&544_169&451_561&455-0_0_3_24_26_28_24_32-105-145.jpg	finetune_quant_dataset/quant_1155.jpg	9F381E44C8C5C809454D7E896B702449D287098D407B826569D7351211B50202	720	1160	0.551724137931	121	0
1156	green	old	train	train	1	D:\Yolo_LPR_RK3568_FPGA_Project\1_PC_Training\datasets\yolo_format\images\train\ccpd_green_train_044100477430555556-90_264-132&473_551&580-533&580_141&580_132&473_551&480-0_0_3_26_26_33_27_33-73-120.jpg	finetune_quant_dataset/quant_1156.jpg	8AAA76414821E211D39F58E22B858C17D84EBC9B9539B46E062A220F6B82656B	720	1160	0.551724137931	121	0
1157	green	old	train	train	1	D:\Yolo_LPR_RK3568_FPGA_Project\1_PC_Training\datasets\yolo_format\images\train\ccpd_green_train_039609375-88_93-105&407_443&525-442&509_105&525_112&413_443&407-0_0_3_17_25_24_28_31-102-58.jpg	finetune_quant_dataset/quant_1157.jpg	BEA731FA60ECF8932B16EC59C69ACC5ADC0DD0566BAE2E5E85A815D9A17AEDC5	720	1160	0.551724137931	121	0
1158	blue	old	train	train	0	D:\Yolo_LPR_RK3568_FPGA_Project\1_PC_Training\datasets\yolo_format\images\train\crpd_56_0416.jpg	finetune_quant_dataset/quant_1158.jpg	BD393976DDC637E9A71A5D50A2102ACB717664138264DAE763A45383C2717BFC	1920	1080	0.333333333333	0	140
1159	blue	old	train	train	0,0,0	D:\Yolo_LPR_RK3568_FPGA_Project\1_PC_Training\datasets\yolo_format\images\train\crpd_45_1252.jpg	finetune_quant_dataset/quant_1159.jpg	10F88D22A2D2905FBE3F085835637ADDC3B099935BBB7AEDD5940875002E0165	1920	1080	0.333333333333	0	140
1160	green	old	train	train	1	D:\Yolo_LPR_RK3568_FPGA_Project\1_PC_Training\datasets\yolo_format\images\train\ccpd_green_train_026796875-91_249-182&450_476&542-476&542_208&532_182&450_452&457-0_0_3_24_26_31_32_30-79-66.jpg	finetune_quant_dataset/quant_1160.jpg	755EF5FDD9765E6CBF1BBF889E50DD316C8E0363EA9463EA192029DC1D3B9C60	720	1160	0.551724137931	121	0
1161	other_all	special	train	教练车牌	3	D:\Yolo_LPR_RK3568_FPGA_Project\1_PC_Training\datasets\特殊车牌\image\教练车牌\粤S2248学.jpg	finetune_quant_dataset/quant_1161.jpg	FE1629FDA0E3B916BF40792B2985E0C3DCA031796F6AA5E8E0849AE9D201C6A7	1600	1200	0.4	0	80
1162	other_all	old	train	train	3	D:\Yolo_LPR_RK3568_FPGA_Project\1_PC_Training\datasets\yolo_format\images\train\crpd_66_0754.jpg	finetune_quant_dataset/quant_1162.jpg	8EF006546E4B889F35AE1CFC540A13E4FC8DE61EB6993AEDA5A66C2D40245A50	1920	1080	0.333333333333	0	140
1163	other_all	old	train	train	3	D:\Yolo_LPR_RK3568_FPGA_Project\1_PC_Training\datasets\yolo_format\images\train\crpd_66_0308.jpg	finetune_quant_dataset/quant_1163.jpg	CE5AE26AFE1BA82AF2CEC247601C59D1A6314553D840CFA7C7727DB0ED4C61AE	1920	1080	0.333333333333	0	140
1164	other_all	old	train	train	3	D:\Yolo_LPR_RK3568_FPGA_Project\1_PC_Training\datasets\yolo_format\images\train\crpd_66_0517.jpg	finetune_quant_dataset/quant_1164.jpg	BBF3DB635F82E0F964CC88035BE11A0923A7ED1FC306E30BE4FDAE2385E6007C	1920	1080	0.333333333333	0	140
1165	yellow_single	old	train	train	2	D:\Yolo_LPR_RK3568_FPGA_Project\1_PC_Training\datasets\yolo_format\images\train\crpd_57_0300.jpg	finetune_quant_dataset/quant_1165.jpg	9ED197F90549D5BE81B97D5B7396D0E5B99BF146262A017DBDC99FB0A9C6364E	1920	1080	0.333333333333	0	140
1166	blue	old	train	train	0,0,0	D:\Yolo_LPR_RK3568_FPGA_Project\1_PC_Training\datasets\yolo_format\images\train\crpd_39_0061.jpg	finetune_quant_dataset/quant_1166.jpg	8E0E63B9F35BE3827FA12DD499204D6BCF0A40C068EAB0C2803C72C791D6EE69	1920	1080	0.333333333333	0	140
1167	other_all	special	train	香港出入境车牌	3	D:\Yolo_LPR_RK3568_FPGA_Project\1_PC_Training\datasets\特殊车牌\image\香港出入境车牌\粤ZZ778港.jpg	finetune_quant_dataset/quant_1167.jpg	D24CEF920E86734D37DA3AEBCDBAABA26529FD6A376462E50FE0EE842DB515DD	1600	1200	0.4	0	80
1168	blue	old	train	train	0,2	D:\Yolo_LPR_RK3568_FPGA_Project\1_PC_Training\datasets\yolo_format\images\train\crpd_45_0753.jpg	finetune_quant_dataset/quant_1168.jpg	6FA125C518BA9F860270E15C0EBDE517EE7BAD71DFE37D211B7136AC69806001	1920	1080	0.333333333333	0	140
1169	green	old	train	train	1	D:\Yolo_LPR_RK3568_FPGA_Project\1_PC_Training\datasets\yolo_format\images\train\ccpd_green_train_0250911458333-90_269-254&385_536&474-536&474_255&472_254&386_534&385-0_0_3_24_30_30_33_25-172-47.jpg	finetune_quant_dataset/quant_1169.jpg	AF5DFC20F783681FE356453D060BAFDD9887204CB301AE6CB2CFB77FEC60577D	720	1160	0.551724137931	121	0
1170	other_all	special	train	教练车牌	3	D:\Yolo_LPR_RK3568_FPGA_Project\1_PC_Training\datasets\特殊车牌\image\教练车牌\粤C1305学.jpg	finetune_quant_dataset/quant_1170.jpg	8B74D5DB494294A598C5A14D5D35E2533C53F808D7425B34F7C60C9E6E7999CA	1600	1200	0.4	0	80
1171	other_all	old	train	train	3	D:\Yolo_LPR_RK3568_FPGA_Project\1_PC_Training\datasets\yolo_format\images\train\crpd_66_0221.jpg	finetune_quant_dataset/quant_1171.jpg	1A4AC06DE29F1670E1CEF5AF908483150E35BF6DE3A0FA1D658F5F4F00A2D890	1920	1080	0.333333333333	0	140
1172	blue	old	train	train	0	D:\Yolo_LPR_RK3568_FPGA_Project\1_PC_Training\datasets\yolo_format\images\train\crpd_66_0043.jpg	finetune_quant_dataset/quant_1172.jpg	EA2C1C11867A07B869AD3AF751F68A40F64D399659AFCC064748C74C53BE5E33	1920	1080	0.333333333333	0	140
1173	other_all	old	train	train	3	D:\Yolo_LPR_RK3568_FPGA_Project\1_PC_Training\datasets\yolo_format\images\train\crpd_66_1033.jpg	finetune_quant_dataset/quant_1173.jpg	833027200DBC16828DD8909C5079AFA5BBBB38589AAF5D801BDA2354DD3C6613	1920	1080	0.333333333333	0	140
1174	green	old	train	train	1	D:\Yolo_LPR_RK3568_FPGA_Project\1_PC_Training\datasets\yolo_format\images\train\ccpd_green_train_03017578125-88_267-193&427_502&526-502&514_199&526_193&442_502&427-0_0_3_26_24_33_27_33-137-120.jpg	finetune_quant_dataset/quant_1174.jpg	A7B9A0E70EE286D0CE4E320828255340E05280CE3665A04F502B30FF94CA48E4	720	1160	0.551724137931	121	0
1175	green	old	train	train	1	D:\Yolo_LPR_RK3568_FPGA_Project\1_PC_Training\datasets\yolo_format\images\train\ccpd_green_train_301466579861111111-93_98-267&479_485&547-485&547_271&534_267&479_480&479-0_0_3_27_30_29_26_25-102-56.jpg	finetune_quant_dataset/quant_1175.jpg	5C6F1B8BC2BB211D6CCF0DB48892A0726F5802005BF1E37648A4017D49C3B7F3	720	1160	0.551724137931	121	0
1176	blue	old	train	train	0,2	D:\Yolo_LPR_RK3568_FPGA_Project\1_PC_Training\datasets\yolo_format\images\train\crpd_39_0407.jpg	finetune_quant_dataset/quant_1176.jpg	964BBF1D9E10001DEEF65A93C6DC589EDAF0CD422B50A36066CA30B9C7FDDE62	1920	1080	0.333333333333	0	140
1177	blue	old	train	train	0,0	D:\Yolo_LPR_RK3568_FPGA_Project\1_PC_Training\datasets\yolo_format\images\train\crpd_56_0122.jpg	finetune_quant_dataset/quant_1177.jpg	93F76107BF828C1BEED325A0986AB1D9BED6703CA7FA32057E00D4294240E3B2	1920	1080	0.333333333333	0	140
1178	other_all	old	train	train	3	D:\Yolo_LPR_RK3568_FPGA_Project\1_PC_Training\datasets\yolo_format\images\train\crpd_66_1413.jpg	finetune_quant_dataset/quant_1178.jpg	9856927DAD8A3F7DD2700901FD3DE2679680FB5AA5AA77FFDBB144BF972AE1EB	1600	1200	0.4	0	80
1179	other_all	old	train	train	3	D:\Yolo_LPR_RK3568_FPGA_Project\1_PC_Training\datasets\yolo_format\images\train\crpd_66_1324.jpg	finetune_quant_dataset/quant_1179.jpg	7D68CE56D0A2733BC8B208F43989D3BAC1E0B3D8C5C5D1B388256D85A91D00BD	1920	1080	0.333333333333	0	140
1180	green	old	train	train	1	D:\Yolo_LPR_RK3568_FPGA_Project\1_PC_Training\datasets\yolo_format\images\train\ccpd_green_train_0199153645833-90_265-208&435_474&511-470&509_208&511_213&435_474&435-0_0_3_24_26_32_29_33-139-101.jpg	finetune_quant_dataset/quant_1180.jpg	4865616AB5E0F443B86CAEC53E12A1FFC4CF9F2D851076254A06109DB167F88F	720	1160	0.551724137931	121	0
1181	yellow_single	old	train	train	0,0,2	D:\Yolo_LPR_RK3568_FPGA_Project\1_PC_Training\datasets\yolo_format\images\train\crpd_39_0376.jpg	finetune_quant_dataset/quant_1181.jpg	A1A96A6610CDF6814A146A3DFC87E7A3E961D1B4EC362EB82DF6FBA168E7BB07	1920	1080	0.333333333333	0	140
1182	other_all	old	train	train	3	D:\Yolo_LPR_RK3568_FPGA_Project\1_PC_Training\datasets\yolo_format\images\train\crpd_66_1657.jpg	finetune_quant_dataset/quant_1182.jpg	6AC74FDF61EC706E2F3CFAC4AC2483B86881B06FA7939618604807168F7ACC28	1920	1080	0.333333333333	0	140
1183	blue	old	train	train	0,2	D:\Yolo_LPR_RK3568_FPGA_Project\1_PC_Training\datasets\yolo_format\images\train\crpd_56_0823.jpg	finetune_quant_dataset/quant_1183.jpg	EC9E13C433C456DC22BD397D88AE5728AB4DE55137D7B6DCD7531B5E33CF09B7	1920	1080	0.333333333333	0	140
1184	green	old	train	train	1	D:\Yolo_LPR_RK3568_FPGA_Project\1_PC_Training\datasets\yolo_format\images\train\ccpd_green_train_0326410590278-90_260-214&339_552&436-552&436_228&430_214&339_549&343-0_0_3_24_33_29_26_32-99-24.jpg	finetune_quant_dataset/quant_1184.jpg	BBBCCF6FC4E97D335955C47C787B3359E6C47946516E2021ED2CD4A86F52D3A2	720	1160	0.551724137931	121	0
1185	blue	old	train	train	0	D:\Yolo_LPR_RK3568_FPGA_Project\1_PC_Training\datasets\yolo_format\images\train\ccpd_blue_ccpd_rotate_0715-28_15-214&564_462&805-462&687_241&805_214&682_435&564-0_0_6_25_32_26_3-139-72.jpg	finetune_quant_dataset/quant_1185.jpg	17E8F92EDCFFB8A4636DDDE9690BE5ED7EEFCAC8BEAA8850CC388089E4F915E9	720	1160	0.551724137931	121	0
1186	other_all	special	train	香港出入境车牌	3	D:\Yolo_LPR_RK3568_FPGA_Project\1_PC_Training\datasets\特殊车牌\image\香港出入境车牌\粤ZPP71港.jpg	finetune_quant_dataset/quant_1186.jpg	B11331E3BD4736674D15550E0734E841D495BCB250F7EBC3CF0EB9FE7AD85071	1600	1200	0.4	0	80
1187	blue	old	train	train	0	D:\Yolo_LPR_RK3568_FPGA_Project\1_PC_Training\datasets\yolo_format\images\train\ccpd_blue_ccpd_base_0479094827586-94_79-60&386_428&521-430&528_76&485_59&377_413&420-0_0_0_15_29_26_24-72-96.jpg	finetune_quant_dataset/quant_1187.jpg	6B2A8343BB65DB01BD6919FCCDFBC889DBD16EF9AA46CCE128808754A53C8C6F	720	1160	0.551724137931	121	0
1188	green	old	train	train	1	D:\Yolo_LPR_RK3568_FPGA_Project\1_PC_Training\datasets\yolo_format\images\train\ccpd_green_train_3007185329861111111-92_95-304&483_458&530-453&530_310&525_304&483_458&485-0_0_3_17_24_33_33_33-123-41.jpg	finetune_quant_dataset/quant_1188.jpg	5421ABED12585C019FF753B37A269F8396FDD3EAC9CFDDB057AE176560B18248	720	1160	0.551724137931	121	0
1189	green	old	train	train	1	D:\Yolo_LPR_RK3568_FPGA_Project\1_PC_Training\datasets\yolo_format\images\train\ccpd_green_train_0187413194444-89_259-238&413_492&488-492&488_250&482_238&420_480&413-0_0_5_24_24_25_24_32-101-93.jpg	finetune_quant_dataset/quant_1189.jpg	59839E32D447979FD4211BC7D66B890FF38531876FF0E1DF5C4079B1A2D7F43D	720	1160	0.551724137931	121	0
1190	blue	old	train	train	0	D:\Yolo_LPR_RK3568_FPGA_Project\1_PC_Training\datasets\yolo_format\images\train\crpd_44_0799.jpg	finetune_quant_dataset/quant_1190.jpg	2238FF16BB48AD05307B123A692FBE05EEDE0AC2291BF80AFA9CF9CF78783EAC	1920	1080	0.333333333333	0	140
1191	blue	old	train	train	0	D:\Yolo_LPR_RK3568_FPGA_Project\1_PC_Training\datasets\yolo_format\images\train\ccpd_blue_ccpd_db_0571-8_18-178&395_505&541-505&541_195&493_178&395_488&443-0_0_6_2_28_24_30-27-3.jpg	finetune_quant_dataset/quant_1191.jpg	D2CA62F92F8D1B4507A94C23853106D7C9D95C5641E72C776E32C9078EF1621F	720	1160	0.551724137931	121	0
1192	other_all	special	train	香港出入境车牌	3	D:\Yolo_LPR_RK3568_FPGA_Project\1_PC_Training\datasets\特殊车牌\image\香港出入境车牌\粤Z775G港.jpg	finetune_quant_dataset/quant_1192.jpg	AB627D485DFE6B5ACEDACB33C42E20F7F3CA1C8C8999096593013E4013F55597	1600	1200	0.4	0	80
1193	other_all	special	train	澳门出入境车牌	3	D:\Yolo_LPR_RK3568_FPGA_Project\1_PC_Training\datasets\特殊车牌\image\澳门出入境车牌\粤ZD449澳.jpg	finetune_quant_dataset/quant_1193.jpg	7EA71A2F094CB7D0666E38ED5B34C27E2C4FA780083B4A93F8C3A89B79563393	1600	1200	0.4	0	80
1194	other_all	old	train	train	3	D:\Yolo_LPR_RK3568_FPGA_Project\1_PC_Training\datasets\yolo_format\images\train\crpd_66_0311.jpg	finetune_quant_dataset/quant_1194.jpg	05FC86C9006BA39ECE943EABC34FEBDCE926A4E3F25E3208A222E77E1A0C816B	1920	1080	0.333333333333	0	140
1195	yellow_single	old	train	train	2	D:\Yolo_LPR_RK3568_FPGA_Project\1_PC_Training\datasets\yolo_format\images\train\crpd_45_1049.jpg	finetune_quant_dataset/quant_1195.jpg	CBD940F8FDBBE6AFD90DD179D9D93CFC9F335DA7DD7EF8A4254CDBFB25387132	1920	1080	0.333333333333	0	140
1196	other_all	old	train	train	3	D:\Yolo_LPR_RK3568_FPGA_Project\1_PC_Training\datasets\yolo_format\images\train\crpd_66_1619.jpg	finetune_quant_dataset/quant_1196.jpg	ADEFA7EA2AA1E61364C125953661512E4307ABA0E831169DA56B3A5CAA65BF6B	1920	1080	0.333333333333	0	140
1197	blue	old	train	train	0	D:\Yolo_LPR_RK3568_FPGA_Project\1_PC_Training\datasets\yolo_format\images\train\ccpd_blue_ccpd_rotate_0539-29_6-152&455_382&651-345&651_152&540_189&455_382&566-0_0_7_22_29_26_24-139-133.jpg	finetune_quant_dataset/quant_1197.jpg	968192E4790711C46E71B199B5A8D46AA720DC79E5937BE52539C8DF4D5D269F	720	1160	0.551724137931	121	0
1198	yellow_single	old	train	train	2	D:\Yolo_LPR_RK3568_FPGA_Project\1_PC_Training\datasets\yolo_format\images\train\crpd_45_0785.jpg	finetune_quant_dataset/quant_1198.jpg	866448D6C7914F8D04D8F9125153A371E7EEF8F132EE5B5C3508B2418DC31EBE	1920	1080	0.333333333333	0	140
1199	yellow_single	old	train	train	2	D:\Yolo_LPR_RK3568_FPGA_Project\1_PC_Training\datasets\yolo_format\images\train\crpd_44_1346.jpg	finetune_quant_dataset/quant_1199.jpg	00849052B0968DEFAB21168161F7D1A14BA77A6553D6A4A412D4B05D5C15DA93	1920	1080	0.333333333333	0	140
1200	yellow_single	old	train	train	2	D:\Yolo_LPR_RK3568_FPGA_Project\1_PC_Training\datasets\yolo_format\images\train\crpd_57_0909.jpg	finetune_quant_dataset/quant_1200.jpg	00CE8C854A518558D88F38EDAC05A46A507A5929904C33F9B7EC47D26263EE8E	1920	1080	0.333333333333	0	140
1201	green	old	train	train	1	D:\Yolo_LPR_RK3568_FPGA_Project\1_PC_Training\datasets\yolo_format\images\train\ccpd_green_train_0187087673611-88_270-246&423_479&504-479&489_248&504_246&433_477&423-0_0_3_24_31_24_33_29-91-91.jpg	finetune_quant_dataset/quant_1201.jpg	238B19075264362A7BB816FAFFEB3DF3EEEB1DE66115EB95F5E67C730608A1E9	720	1160	0.551724137931	121	0
1202	yellow_single	old	train	train	2	D:\Yolo_LPR_RK3568_FPGA_Project\1_PC_Training\datasets\yolo_format\images\train\crpd_46_0661.jpg	finetune_quant_dataset/quant_1202.jpg	6DDDAD050F1E4DE92192285B64D4BAF62A829100FF0389BC6E879CF98D8C6C5D	1920	1080	0.333333333333	0	140
1203	other_all	special	train	香港出入境车牌	3	D:\Yolo_LPR_RK3568_FPGA_Project\1_PC_Training\datasets\特殊车牌\image\香港出入境车牌\粤Z204K港.jpg	finetune_quant_dataset/quant_1203.jpg	8700103A49B405967E2D5F1DC0EA2E500ECC9E44DDA8FD60ED388AF4D9017021	1600	1200	0.4	0	80
1204	green	old	train	train	1	D:\Yolo_LPR_RK3568_FPGA_Project\1_PC_Training\datasets\yolo_format\images\train\ccpd_green_train_0370355902778-90_95-187&495_558&596-551&594_194&596_187&502_558&495-0_0_3_24_26_29_25_32-123-113.jpg	finetune_quant_dataset/quant_1204.jpg	7389C026F505BF90D966ED742E855293CDA56E4E9BE6553852E868C9F7298789	720	1160	0.551724137931	121	0
1205	other_all	old	train	train	3	D:\Yolo_LPR_RK3568_FPGA_Project\1_PC_Training\datasets\yolo_format\images\train\crpd_66_1357.jpg	finetune_quant_dataset/quant_1205.jpg	C82A68FBDF887759F8C931246E2F194348BC0700E0DB90988D31B4A750B3AE55	1920	1080	0.333333333333	0	140
1206	blue	old	train	train	0	D:\Yolo_LPR_RK3568_FPGA_Project\1_PC_Training\datasets\yolo_format\images\train\ccpd_blue_ccpd_tilt_0605-18_33-177&569_458&749-458&749_203&666_177&569_432&652-0_0_8_20_32_31_26-40-123.jpg	finetune_quant_dataset/quant_1206.jpg	9BEE4420985E63F117F314D02BD994917AEB9C57C1324E79C2D4D7C1A19E5670	720	1160	0.551724137931	121	0
1207	yellow_single	old	train	train	2	D:\Yolo_LPR_RK3568_FPGA_Project\1_PC_Training\datasets\yolo_format\images\train\crpd_56_0745.jpg	finetune_quant_dataset/quant_1207.jpg	E8BEFAAED3F0C9A79624AFC7821C2467CB29510CE09BAF312DD9DE8D2E0CCA81	1920	1080	0.333333333333	0	140
1208	green	old	train	train	1	D:\Yolo_LPR_RK3568_FPGA_Project\1_PC_Training\datasets\yolo_format\images\train\ccpd_green_train_0395572916667-90_94-178&447_570&549-570&549_197&543_178&448_565&447-0_0_3_25_24_26_24_32-101-359.jpg	finetune_quant_dataset/quant_1208.jpg	D635F2EF70DC9C4998DC586459D101C1F300A9B9366D501071843F413311C739	720	1160	0.551724137931	121	0
1209	other_all	special	train	教练车牌	3	D:\Yolo_LPR_RK3568_FPGA_Project\1_PC_Training\datasets\特殊车牌\image\教练车牌\粤C2429学.jpg	finetune_quant_dataset/quant_1209.jpg	1406C823F37FB702493FF8C13D453E8305A4CCBE60BD4B155290A205A1A32EF1	1600	1200	0.4	0	80
1210	yellow_single	old	train	train	2	D:\Yolo_LPR_RK3568_FPGA_Project\1_PC_Training\datasets\yolo_format\images\train\crpd_1 (601).jpg	finetune_quant_dataset/quant_1210.jpg	9BB7D9085A679DBB91A275BC56EF64078B5917F7EA4BF2291D5317907D059D52	1628	1236	0.39312039312	0	77
1211	blue	old	train	train	0	D:\Yolo_LPR_RK3568_FPGA_Project\1_PC_Training\datasets\yolo_format\images\train\ccpd_blue_ccpd_fn_0716-14_25-157&416_484&599-463&522_157&599_178&493_484&416-0_0_8_9_28_26_32-102-239.jpg	finetune_quant_dataset/quant_1211.jpg	748982DD9B20BEEF0B26ED6F494ED1F090B9D35949F7C45C6014A05AF4C68D2E	720	1160	0.551724137931	121	0
1212	yellow_single	old	train	train	2	D:\Yolo_LPR_RK3568_FPGA_Project\1_PC_Training\datasets\yolo_format\images\train\crpd_56_0958.jpg	finetune_quant_dataset/quant_1212.jpg	DD2DC79659592489770F203AC710E837B1F7C89AA21FE6F23F65BB3BEE7FD468	1600	1200	0.4	0	80
1213	blue	old	train	train	0,0	D:\Yolo_LPR_RK3568_FPGA_Project\1_PC_Training\datasets\yolo_format\images\train\crpd_57_0375.jpg	finetune_quant_dataset/quant_1213.jpg	633FF32C26500C6BF2B545040974F14088FA26FD2838BA94C12DD7A0EBC0FCE8	1920	1080	0.333333333333	0	140
1214	yellow_single	old	train	train	0,2	D:\Yolo_LPR_RK3568_FPGA_Project\1_PC_Training\datasets\yolo_format\images\train\crpd_1 (923).jpg	finetune_quant_dataset/quant_1214.jpg	CDF925061AD6047DAE0DFA760C572CF04C2577E036C0A9E7996DB1E1D1B81F52	1628	1236	0.39312039312	0	77
1215	green	old	train	train	1	D:\Yolo_LPR_RK3568_FPGA_Project\1_PC_Training\datasets\yolo_format\images\train\ccpd_green_train_0215234375-89_90-251&505_512&588-512&581_251&588_252&508_512&505-0_0_3_26_33_26_33_26-197-153.jpg	finetune_quant_dataset/quant_1215.jpg	54C8AFD7C72DE3B0F28BD8732D6E7885FE34780597CFD85BFB268A7421ADF65A	720	1160	0.551724137931	121	0
1216	other_all	special	train	警用车牌	3	D:\Yolo_LPR_RK3568_FPGA_Project\1_PC_Training\datasets\特殊车牌\image\警用车牌\粤C0666警.jpg	finetune_quant_dataset/quant_1216.jpg	F7828F15146901CD1F5F8EDD8B18FB3017DEAB20E9BBBC76DAF7A78C80139878	1600	1200	0.4	0	80
1217	green	old	train	train	1	D:\Yolo_LPR_RK3568_FPGA_Project\1_PC_Training\datasets\yolo_format\images\train\ccpd_green_train_0381944444444-90_269-160&442_512&551-504&551_161&548_160&442_512&444-0_0_3_26_29_27_25_33-132-12.jpg	finetune_quant_dataset/quant_1217.jpg	7D84DA8DF24BDE2BBF6A8E279C5FA6B853AB28266BE1F6C14A6572B3C3F8CA01	720	1160	0.551724137931	121	0
1218	other_all	old	train	train	0,3	D:\Yolo_LPR_RK3568_FPGA_Project\1_PC_Training\datasets\yolo_format\images\train\crpd_62_1887.jpg	finetune_quant_dataset/quant_1218.jpg	4CD978D527F79602DE7D45167F3F9AD591882B181B32B0114DF44C26A9A56324	2592	1936	0.246913580247	0	81
1219	green	old	train	train	1	D:\Yolo_LPR_RK3568_FPGA_Project\1_PC_Training\datasets\yolo_format\images\train\ccpd_green_train_0284993489583-90_259-204&396_513&489-513&489_217&478_204&398_509&396-0_0_3_24_32_32_32_30-70-51.jpg	finetune_quant_dataset/quant_1219.jpg	E7ACB9B8A7CCF9968D9CCB0F2196DBEB378A564E686D436D9FD28DDFCEA3C9C6	720	1160	0.551724137931	121	0
1220	yellow_single	old	train	train	2	D:\Yolo_LPR_RK3568_FPGA_Project\1_PC_Training\datasets\yolo_format\images\train\crpd_66_0327.jpg	finetune_quant_dataset/quant_1220.jpg	2D04C0E1A29FFCD80E218787C2CE63CF1C2CE7C27057D49EC784FC04161D6D96	1920	1080	0.333333333333	0	140
1221	yellow_single	old	train	train	2	D:\Yolo_LPR_RK3568_FPGA_Project\1_PC_Training\datasets\yolo_format\images\train\crpd_66_0243.jpg	finetune_quant_dataset/quant_1221.jpg	F3BBCA470699C9DE187874A1FDE3BD7ADC01E6C86841B2025DFC90A7B706A076	1920	1080	0.333333333333	0	140
1222	green	old	train	train	1	D:\Yolo_LPR_RK3568_FPGA_Project\1_PC_Training\datasets\yolo_format\images\train\ccpd_green_train_0166167534722-90_90-217&446_464&514-464&514_220&514_217&446_464&446-0_0_3_24_28_29_30_30-93-30.jpg	finetune_quant_dataset/quant_1222.jpg	C668102947850378014EF8D80DFA5A31C33650086A77AD569C84E997C7DDFBD8	720	1160	0.551724137931	121	0
1223	other_all	special	train	警用车牌	3	D:\Yolo_LPR_RK3568_FPGA_Project\1_PC_Training\datasets\特殊车牌\image\警用车牌\桂B0191警.jpg	finetune_quant_dataset/quant_1223.jpg	8B2BDD4A4667DB5ED15AE3AA095B5FD44CB8F2D5527CB867AA47B9EB932C45DD	1600	1200	0.4	0	80
1224	green	old	train	train	1	D:\Yolo_LPR_RK3568_FPGA_Project\1_PC_Training\datasets\yolo_format\images\train\ccpd_green_train_0292371961806-92_105-215&418_532&511-532&511_235&496_215&418_513&420-0_0_5_24_24_26_24_26-103-68.jpg	finetune_quant_dataset/quant_1224.jpg	CB939A692FE33E2FDDCBC3A710EAC1BFF3F7EA2DAADA969EC364F13E95088CC1	720	1160	0.551724137931	121	0
1225	yellow_single	old	train	train	2	D:\Yolo_LPR_RK3568_FPGA_Project\1_PC_Training\datasets\yolo_format\images\train\crpd_46_0176.jpg	finetune_quant_dataset/quant_1225.jpg	0EC75564E837C4818B5D240C617918C636CCB9C45215545B086E63CCEBCD0745	1920	1080	0.333333333333	0	140
1226	blue	old	train	train	0,2,2	D:\Yolo_LPR_RK3568_FPGA_Project\1_PC_Training\datasets\yolo_format\images\train\crpd_61_0773.jpg	finetune_quant_dataset/quant_1226.jpg	67F64570EBD53E54B1D4094863FBFAED19D750E56ADFCF286B66EE809FC29393	1920	1080	0.333333333333	0	140
1227	green	old	train	train	1	D:\Yolo_LPR_RK3568_FPGA_Project\1_PC_Training\datasets\yolo_format\images\train\ccpd_green_train_0252604166667-88_262-187&387_478&474-478&469_198&474_187&399_470&387-0_0_3_24_30_29_29_27-89-38.jpg	finetune_quant_dataset/quant_1227.jpg	B88BED1E06832A2B05DF334E174AB30ABFE927ADE10699DA5E0C67FF403710CF	720	1160	0.551724137931	121	0
1228	yellow_single	old	train	train	2	D:\Yolo_LPR_RK3568_FPGA_Project\1_PC_Training\datasets\yolo_format\images\train\crpd_54_0543.jpg	finetune_quant_dataset/quant_1228.jpg	58CCBDBA293AF4C121B10F60E557C928D60598F6D67A93ED1750EEC315F27F93	1920	1080	0.333333333333	0	140
1229	blue	old	train	train	0,0,0	D:\Yolo_LPR_RK3568_FPGA_Project\1_PC_Training\datasets\yolo_format\images\train\crpd_60_0419.jpg	finetune_quant_dataset/quant_1229.jpg	A6BBF2F0601B9D4AD1F10B3D0F33F6B8082A4095F27ECA592A124BD8C724B6B3	1920	1080	0.333333333333	0	140
1230	green	old	train	train	1	D:\Yolo_LPR_RK3568_FPGA_Project\1_PC_Training\datasets\yolo_format\images\train\ccpd_green_train_306364149305555555-90_94-114&481_587&617-579&615_114&617_116&481_587&483-0_0_3_25_24_24_32_26-177-484.jpg	finetune_quant_dataset/quant_1230.jpg	C244F976F3EB37099640FD901B20D74DFDD802696CCBC0D10202C2B1BD27F5BC	720	1160	0.551724137931	121	0
1231	green	old	train	train	1	D:\Yolo_LPR_RK3568_FPGA_Project\1_PC_Training\datasets\yolo_format\images\train\ccpd_green_train_0129958767361-89_90-340&346_543&411-543&411_340&410_340&352_542&346-0_0_3_24_31_29_32_32-98-37.jpg	finetune_quant_dataset/quant_1231.jpg	84F01345695D2EE824F5DFA42A5665B251A34F9773A9F842949576C9D73191BA	720	1160	0.551724137931	121	0
1232	green	old	train	train	1	D:\Yolo_LPR_RK3568_FPGA_Project\1_PC_Training\datasets\yolo_format\images\train\ccpd_green_train_3014609375-92_89-271&424_475&496-474&496_283&485_271&424_475&428-0_0_3_26_29_27_30_27-106-94.jpg	finetune_quant_dataset/quant_1232.jpg	710C506AFAA8178E9EF1F2F4BF7784E4693CC7F31216A7A944E064B7B8A0FC5E	720	1160	0.551724137931	121	0
1233	other_all	old	train	train	3	D:\Yolo_LPR_RK3568_FPGA_Project\1_PC_Training\datasets\yolo_format\images\train\crpd_54_0188.jpg	finetune_quant_dataset/quant_1233.jpg	CA0383B2A05CD7F7567215F0D4F66F6E3F8283EC26E7F1362885EFC879FC5101	1600	1200	0.4	0	80
1234	yellow_single	old	train	train	2	D:\Yolo_LPR_RK3568_FPGA_Project\1_PC_Training\datasets\yolo_format\images\train\crpd_59_1011.jpg	finetune_quant_dataset/quant_1234.jpg	8A177B6C06643F337BF9C71BBB71DFD8F4FB4323378507F21DA00AF16C9FA45E	1920	1080	0.333333333333	0	140
1235	other_all	old	train	train	3	D:\Yolo_LPR_RK3568_FPGA_Project\1_PC_Training\datasets\yolo_format\images\train\crpd_66_1145.jpg	finetune_quant_dataset/quant_1235.jpg	BC5A89C9012C81E79057042F54E251B2D1E14956932C07766395A8E33B8751C4	1600	1200	0.4	0	80
1236	yellow_single	old	train	train	2	D:\Yolo_LPR_RK3568_FPGA_Project\1_PC_Training\datasets\yolo_format\images\train\crpd_56_0010.jpg	finetune_quant_dataset/quant_1236.jpg	3FEBBC4233BCDD2F9DFA128A6A83E66E7EC37E425FD5F0F89BD07623C24B2B8D	1600	1200	0.4	0	80
1237	other_all	old	train	train	3	D:\Yolo_LPR_RK3568_FPGA_Project\1_PC_Training\datasets\yolo_format\images\train\crpd_66_1318.jpg	finetune_quant_dataset/quant_1237.jpg	A07D63917687B330F0E46C7AFFD4508F80990B336DAEDC9D5A69C9F45A56D37A	1600	1200	0.4	0	80
1238	yellow_single	old	train	train	2	D:\Yolo_LPR_RK3568_FPGA_Project\1_PC_Training\datasets\yolo_format\images\train\crpd_61_0576.jpg	finetune_quant_dataset/quant_1238.jpg	B4DDBDF77D4E2564EA58A6A48FAAA188656F95BF6D38E343B2FD30CED44EAF2D	1600	1200	0.4	0	80
1239	blue	old	train	train	0	D:\Yolo_LPR_RK3568_FPGA_Project\1_PC_Training\datasets\yolo_format\images\train\ccpd_blue_ccpd_blur_0387-0_10-203&448_503&556-503&553_224&556_203&451_482&448-0_0_15_26_27_33_24-28-4.jpg	finetune_quant_dataset/quant_1239.jpg	07C3B109E9681FBB4DFAFAED62A106FC7AA1F5C2926ACD566DE7C6067DF7F161	720	1160	0.551724137931	121	0
1240	yellow_single	old	train	train	2	D:\Yolo_LPR_RK3568_FPGA_Project\1_PC_Training\datasets\yolo_format\images\train\crpd_62_0621.jpg	finetune_quant_dataset/quant_1240.jpg	601C7071FA6AE3C01833410A5F378A975EC24C01C7D50B3AF42F22E1A8D3AE8B	1920	1080	0.333333333333	0	140
1241	other_all	old	train	train	3	D:\Yolo_LPR_RK3568_FPGA_Project\1_PC_Training\datasets\yolo_format\images\train\crpd_66_1649.jpg	finetune_quant_dataset/quant_1241.jpg	AA4A8CF743C67579737728C31CF05D5BC3284F1C6454B341CA313B7FA2D1EB90	1920	1080	0.333333333333	0	140
1242	yellow_single	old	train	train	2	D:\Yolo_LPR_RK3568_FPGA_Project\1_PC_Training\datasets\yolo_format\images\train\crpd_57_0726.jpg	finetune_quant_dataset/quant_1242.jpg	39ABDBDC483DBF1BA9A8F732730B70E7BEB2FC944E0CAA05C16AF06CB3368C63	1920	1080	0.333333333333	0	140
1243	other_all	old	train	train	3	D:\Yolo_LPR_RK3568_FPGA_Project\1_PC_Training\datasets\yolo_format\images\train\crpd_66_0171.jpg	finetune_quant_dataset/quant_1243.jpg	6E2C145F03B06BAAF301BF8F980B130B47A7F29A712A0BBB82157DAFB0B76792	1920	1080	0.333333333333	0	140
1244	other_all	special	train	教练车牌	3	D:\Yolo_LPR_RK3568_FPGA_Project\1_PC_Training\datasets\特殊车牌\image\教练车牌\粤C2901学.jpg	finetune_quant_dataset/quant_1244.jpg	58E8B00E39E9C931CEB04EFD533A3525A6A0CC59016FD40818D41886B747C97C	1600	1200	0.4	0	80
1245	yellow_single	old	train	train	2	D:\Yolo_LPR_RK3568_FPGA_Project\1_PC_Training\datasets\yolo_format\images\train\crpd_47_0639.jpg	finetune_quant_dataset/quant_1245.jpg	667EDB787A61D4D13AA0C590612CE13010887CBCD182468CFCDCA90E02A18746	1920	1080	0.333333333333	0	140
1246	green	old	train	train	1	D:\Yolo_LPR_RK3568_FPGA_Project\1_PC_Training\datasets\yolo_format\images\train\ccpd_green_train_3016640625-87_107-273&453_486&531-472&518_273&531_293&462_486&453-0_0_3_25_32_32_27_33-103-30.jpg	finetune_quant_dataset/quant_1246.jpg	B79F0292952D01BDE8790BC2A0B6BE2947806A6EEE0485D5B86397ED22524C88	720	1160	0.551724137931	121	0
1247	other_all	special	train	教练车牌	3	D:\Yolo_LPR_RK3568_FPGA_Project\1_PC_Training\datasets\特殊车牌\image\教练车牌\粤S5542学.jpg	finetune_quant_dataset/quant_1247.jpg	BC7FBA01FF2CAAB15267C45F9844CA876585653FD4E73B11D65B88893D127989	1600	1200	0.4	0	80
1248	yellow_single	old	train	train	2	D:\Yolo_LPR_RK3568_FPGA_Project\1_PC_Training\datasets\yolo_format\images\train\crpd_45_0694.jpg	finetune_quant_dataset/quant_1248.jpg	5D1EAD295A14CF194C4C95D6CF7DFD2F0E8A481E573FF98FA8F1E9580EA0C4B6	1920	1080	0.333333333333	0	140
1249	blue	old	train	train	0,0,0	D:\Yolo_LPR_RK3568_FPGA_Project\1_PC_Training\datasets\yolo_format\images\train\crpd_45_0592.jpg	finetune_quant_dataset/quant_1249.jpg	0BDABBBD34FB6861BD3940C25E940F6FCED829A8C2E83EE05A83FC6BE4B64CF8	1600	1200	0.4	0	80
1250	blue	old	train	train	0	D:\Yolo_LPR_RK3568_FPGA_Project\1_PC_Training\datasets\yolo_format\images\train\ccpd_blue_ccpd_tilt_0112-18_23-424&533_530&622-525&588_424&622_429&567_530&533-0_0_16_30_27_32_23-61-52.jpg	finetune_quant_dataset/quant_1250.jpg	BE87241E16F9A4F7C9E7EE14DCB3BFA1BDE1FE93E32885B624C4DE4A3ABB22B3	720	1160	0.551724137931	121	0
1251	yellow_single	old	train	train	2	D:\Yolo_LPR_RK3568_FPGA_Project\1_PC_Training\datasets\yolo_format\images\train\crpd_39_0234.jpg	finetune_quant_dataset/quant_1251.jpg	A3F9FA47BDC23C13EB2BC85DAF9A05899A6000D51EBDA73A371CA4629C0B729B	1920	1080	0.333333333333	0	140
1252	yellow_single	old	train	train	2	D:\Yolo_LPR_RK3568_FPGA_Project\1_PC_Training\datasets\yolo_format\images\train\crpd_66_1763.jpg	finetune_quant_dataset/quant_1252.jpg	B5F4F0E8E6E09A5C743D4CF9A81E73865E33907FD403C49527EC421308D932F9	1920	1080	0.333333333333	0	140
1253	blue	old	train	train	0	D:\Yolo_LPR_RK3568_FPGA_Project\1_PC_Training\datasets\yolo_format\images\train\ccpd_blue_ccpd_tilt_0708-24_38-178&406_461&615-461&615_202&499_178&406_437&522-3_7_20_30_32_30_24-130-219.jpg	finetune_quant_dataset/quant_1253.jpg	6500AA954B5BCD8BFE35F268E645BB34CE6151EAFFA7A8A1E663642DEC2D8919	720	1160	0.551724137931	121	0
1254	other_all	special	train	教练车牌	3	D:\Yolo_LPR_RK3568_FPGA_Project\1_PC_Training\datasets\特殊车牌\image\教练车牌\粤S4771学.jpg	finetune_quant_dataset/quant_1254.jpg	D85A97F491F1E4B2D2B2A6AB3B795A701C6D6EE1393189800CB22229DD588300	1600	1200	0.4	0	80
1255	yellow_single	old	train	train	2	D:\Yolo_LPR_RK3568_FPGA_Project\1_PC_Training\datasets\yolo_format\images\train\crpd_1 (144).jpg	finetune_quant_dataset/quant_1255.jpg	A7C8D100927B8F3D397FD468341AEA6172C1D4C846520EEED25F89CDC2C4908D	1628	1236	0.39312039312	0	77
1256	other_all	old	train	train	3	D:\Yolo_LPR_RK3568_FPGA_Project\1_PC_Training\datasets\yolo_format\images\train\crpd_62_0122.jpg	finetune_quant_dataset/quant_1256.jpg	6FA1D45FE0060045651F31133623A23501140B234E4A9B34CE7A31F9F102D1CA	1600	1200	0.4	0	80
1257	green	old	train	train	1	D:\Yolo_LPR_RK3568_FPGA_Project\1_PC_Training\datasets\yolo_format\images\train\ccpd_green_train_0274934895833-90_268-210&407_519&496-519&492_210&496_212&407_517&407-0_0_3_17_25_24_25_25-89-65.jpg	finetune_quant_dataset/quant_1257.jpg	A43F146C2976D9A7A5C2A087C281B4C11E92E3AF60C433E9D79AAFEC6E199F41	720	1160	0.551724137931	121	0
1258	blue	old	train	train	0,0	D:\Yolo_LPR_RK3568_FPGA_Project\1_PC_Training\datasets\yolo_format\images\train\crpd_58_1113.jpg	finetune_quant_dataset/quant_1258.jpg	CB6611DC5E238FD79DA2A822FFC9C8133DEDA0AC89179979BFFC3A30772FA571	1600	1200	0.4	0	80
1259	green	old	train	train	1	D:\Yolo_LPR_RK3568_FPGA_Project\1_PC_Training\datasets\yolo_format\images\train\ccpd_green_train_0484592013889-89_90-155&449_540&576-540&565_155&576_155&459_540&449-0_0_3_17_24_33_28_27-95-75.jpg	finetune_quant_dataset/quant_1259.jpg	AA6197F5C0FFA8F61D1CCE7A8CFE7B9FC993E2565298265A41A5BFC2FF86B0D3	720	1160	0.551724137931	121	0
1260	other_all	old	train	train	3	D:\Yolo_LPR_RK3568_FPGA_Project\1_PC_Training\datasets\yolo_format\images\train\crpd_66_0798.jpg	finetune_quant_dataset/quant_1260.jpg	931BF2595D7F7125D19A6B018D107B4434825545F0C8571BB6CC866396491975	1920	1080	0.333333333333	0	140
1261	yellow_single	old	train	train	2	D:\Yolo_LPR_RK3568_FPGA_Project\1_PC_Training\datasets\yolo_format\images\train\crpd_1 (725).jpg	finetune_quant_dataset/quant_1261.jpg	FCC7E6D5E0128772D03ABF3A158D4772D401DB740F9924D86E76C5E8F6D5F4AF	1628	1236	0.39312039312	0	77
1262	blue	old	train	train	0,0	D:\Yolo_LPR_RK3568_FPGA_Project\1_PC_Training\datasets\yolo_format\images\train\crpd_58_1041.jpg	finetune_quant_dataset/quant_1262.jpg	B9366CD15ADE133B1961C5625FCF720502C8A658F1A1F01089B41549BF6576B0	1920	1080	0.333333333333	0	140
1263	other_all	special	train	澳门出入境车牌	3	D:\Yolo_LPR_RK3568_FPGA_Project\1_PC_Training\datasets\特殊车牌\image\澳门出入境车牌\粤Z1080澳.jpg	finetune_quant_dataset/quant_1263.jpg	4F13E5F72A217E3D507FCCC74FBAE51DA94C83AC6534CD00689CA23E114009C1	1600	1200	0.4	0	80
1264	blue	old	train	train	0	D:\Yolo_LPR_RK3568_FPGA_Project\1_PC_Training\datasets\yolo_format\images\train\crpd_61_0086.jpg	finetune_quant_dataset/quant_1264.jpg	37ED06280D9F451D1590775BBF9100D245E119ADB6E249AC44E75BBE55F4061E	1920	1080	0.333333333333	0	140
1265	yellow_single	old	train	train	2	D:\Yolo_LPR_RK3568_FPGA_Project\1_PC_Training\datasets\yolo_format\images\train\crpd_1 (503).jpg	finetune_quant_dataset/quant_1265.jpg	F49FC78593738900834C731DBB2DC48DB7E53DA9A171D791B76342480D3A3AE4	1628	1236	0.39312039312	0	77
1266	other_all	old	train	train	3	D:\Yolo_LPR_RK3568_FPGA_Project\1_PC_Training\datasets\yolo_format\images\train\crpd_66_0299.jpg	finetune_quant_dataset/quant_1266.jpg	2EE3F68E253E7884A06C1E1A792D0B34CDAE987C93B0D7D37449964F028FD4D6	1920	1080	0.333333333333	0	140
1267	green	old	train	train	1	D:\Yolo_LPR_RK3568_FPGA_Project\1_PC_Training\datasets\yolo_format\images\train\ccpd_green_train_0125553385417-90_266-243&492_446&554-446&554_246&551_243&492_441&492-0_0_3_24_32_33_30_30-90-71.jpg	finetune_quant_dataset/quant_1267.jpg	42AEA8ACA51D59D1EF395702ABA324D4A17C1315606D238D98AAF9DB9C825806	720	1160	0.551724137931	121	0
1268	yellow_single	old	train	train	2	D:\Yolo_LPR_RK3568_FPGA_Project\1_PC_Training\datasets\yolo_format\images\train\crpd_66_1166.jpg	finetune_quant_dataset/quant_1268.jpg	EB2BF7A15720D2EC10E239A5AED94CC5EBFC5FF833300DC7D57C373E04948AB5	1600	1200	0.4	0	80
1269	yellow_single	old	train	train	2	D:\Yolo_LPR_RK3568_FPGA_Project\1_PC_Training\datasets\yolo_format\images\train\crpd_1 (319).jpg	finetune_quant_dataset/quant_1269.jpg	BDB027476D5C988FB1DE5930555723081911CE55AD5BA63C2796F43E6C3EFB93	1628	1236	0.39312039312	0	77
1270	blue	old	train	train	0	D:\Yolo_LPR_RK3568_FPGA_Project\1_PC_Training\datasets\yolo_format\images\train\ccpd_blue_ccpd_weather_0273-0_5-196&466_456&554-447&554_196&552_205&466_456&468-0_0_22_32_31_26_31-53-81.jpg	finetune_quant_dataset/quant_1270.jpg	CF1076170B049213212D9803F381FC2AE60528436F05A19F001B4DEF9AF43A8D	720	1160	0.551724137931	121	0
1271	other_all	special	train	教练车牌	3	D:\Yolo_LPR_RK3568_FPGA_Project\1_PC_Training\datasets\特殊车牌\image\教练车牌\粤S4425学.jpg	finetune_quant_dataset/quant_1271.jpg	B197870D5F6D66EF5BC5DD1366F1C9B0DBA7007AF6B9AB7ADC436755073B218E	1600	1200	0.4	0	80
1272	other_all	special	train	警用车牌	3	D:\Yolo_LPR_RK3568_FPGA_Project\1_PC_Training\datasets\特殊车牌\image\警用车牌\粤C0733警.jpg	finetune_quant_dataset/quant_1272.jpg	06E63A33F065A49699CFF2CC815A7F079F5C03291D4566D123928EF285205983	1600	1200	0.4	0	80
1273	other_all	old	train	train	3	D:\Yolo_LPR_RK3568_FPGA_Project\1_PC_Training\datasets\yolo_format\images\train\crpd_66_1545.jpg	finetune_quant_dataset/quant_1273.jpg	060BEFC7060C854F344F3D41C40AF2D39C79EA9AF499389C4CAA08D76E11B454	1920	1080	0.333333333333	0	140
1274	yellow_single	old	train	train	0,2	D:\Yolo_LPR_RK3568_FPGA_Project\1_PC_Training\datasets\yolo_format\images\train\crpd_1 (738).jpg	finetune_quant_dataset/quant_1274.jpg	EEFE9D93ABCB0EE4396EF8192F765370F5C3A0ED6A52011DEF635B8FFD9E09E4	1628	1236	0.39312039312	0	77
1275	yellow_single	old	train	train	2	D:\Yolo_LPR_RK3568_FPGA_Project\1_PC_Training\datasets\yolo_format\images\train\crpd_66_0642.jpg	finetune_quant_dataset/quant_1275.jpg	7DFACF35E2010D21B2C922122AE73F68F5547E7094F2575F458D785AAF1EB184	1600	1200	0.4	0	80
1276	blue	old	train	train	0	D:\Yolo_LPR_RK3568_FPGA_Project\1_PC_Training\datasets\yolo_format\images\train\ccpd_blue_ccpd_fn_0042-0_2-285&348_386&383-384&383_285&382_287&348_386&349-0_0_8_1_32_26_30-177-4.jpg	finetune_quant_dataset/quant_1276.jpg	0911D0FA44874483FD700251D69D407A1AA7F93A0543AA5272ADFA26422F9C26	720	1160	0.551724137931	121	0
1277	blue	old	train	train	0	D:\Yolo_LPR_RK3568_FPGA_Project\1_PC_Training\datasets\yolo_format\images\train\ccpd_blue_ccpd_db_0473-6_8-341&360_612&506-607&476_341&506_346&390_612&360-0_0_5_33_18_31_32-22-10.jpg	finetune_quant_dataset/quant_1277.jpg	002D8E4FC11D7D02D7A31F347707E4E5CBC199520007619F09C274118220C82D	720	1160	0.551724137931	121	0
1278	green	old	train	train	1	D:\Yolo_LPR_RK3568_FPGA_Project\1_PC_Training\datasets\yolo_format\images\train\ccpd_green_train_0129318576389-90_261-231&407_433&471-433&471_239&468_231&409_424&407-0_0_3_24_28_32_30_32-124-73.jpg	finetune_quant_dataset/quant_1278.jpg	CC665CA87C6284D33A3650B557C9D7AD3CC0B5B6493EE3ECA5D742CC5B09D443	720	1160	0.551724137931	121	0
1279	other_all	old	train	train	3	D:\Yolo_LPR_RK3568_FPGA_Project\1_PC_Training\datasets\yolo_format\images\train\crpd_66_1315.jpg	finetune_quant_dataset/quant_1279.jpg	867ED17B6486EE784333EF637D65972C7F84B78595101E730B78410C55133D9B	1920	1080	0.333333333333	0	140
1280	yellow_single	old	train	train	2	D:\Yolo_LPR_RK3568_FPGA_Project\1_PC_Training\datasets\yolo_format\images\train\crpd_66_1043.jpg	finetune_quant_dataset/quant_1280.jpg	52B273B5E7313B7AF4BB7CA541D22B3F7F81731A8E4568C46A5349220ABCE87A	1920	1080	0.333333333333	0	140
1281	blue	old	train	train	0	D:\Yolo_LPR_RK3568_FPGA_Project\1_PC_Training\datasets\yolo_format\images\train\ccpd_blue_ccpd_fn_0840-3_9-176&410_644&560-644&533_205&560_176&437_615&410-0_0_18_2_29_24_27-121-9.jpg	finetune_quant_dataset/quant_1281.jpg	95F8C7F08F3C0471607AB0B0F54495E66B0246EC34006A392A3A3D2D261511FC	720	1160	0.551724137931	121	0
1282	yellow_single	old	train	train	2	D:\Yolo_LPR_RK3568_FPGA_Project\1_PC_Training\datasets\yolo_format\images\train\crpd_43_0890.jpg	finetune_quant_dataset/quant_1282.jpg	9A1D8E26EF695943CD19B7BA5F0E9CA2D3040FE88DE24A1CB7B3FF1E558F1E35	1920	1080	0.333333333333	0	140
1283	other_all	old	train	train	3	D:\Yolo_LPR_RK3568_FPGA_Project\1_PC_Training\datasets\yolo_format\images\train\crpd_66_0292.jpg	finetune_quant_dataset/quant_1283.jpg	76149C9871E631F3DFFA024D7F4F669E3294AD3D43D4B3C1BC6070EB8606CC72	1920	1080	0.333333333333	0	140
1284	other_all	old	train	train	3	D:\Yolo_LPR_RK3568_FPGA_Project\1_PC_Training\datasets\yolo_format\images\train\crpd_66_0712.jpg	finetune_quant_dataset/quant_1284.jpg	C039125709D237F588DF7FEACFD65D877A49E7A3A93B63CFD93A68B82367A05D	1920	1080	0.333333333333	0	140
1285	green	old	train	train	1	D:\Yolo_LPR_RK3568_FPGA_Project\1_PC_Training\datasets\yolo_format\images\train\ccpd_green_train_0277387152778-90_268-184&474_516&559-514&558_186&559_184&474_516&474-0_0_3_24_27_31_26_33-109-16.jpg	finetune_quant_dataset/quant_1285.jpg	95D73D5CC32EE088BB39AB73DED9F66B6B1B9CEDB307FFD770B428DE07C6BB49	720	1160	0.551724137931	121	0
1286	blue	old	train	train	0	D:\Yolo_LPR_RK3568_FPGA_Project\1_PC_Training\datasets\yolo_format\images\train\crpd_59_0042.jpg	finetune_quant_dataset/quant_1286.jpg	27DF954218CAB2657E188BACA0071A16C120FC8288351B65DE9755FF24D13C9C	1920	1080	0.333333333333	0	140
1287	blue	old	train	train	0,0,0	D:\Yolo_LPR_RK3568_FPGA_Project\1_PC_Training\datasets\yolo_format\images\train\crpd_56_0220.jpg	finetune_quant_dataset/quant_1287.jpg	9F8E7A272DDFCC79E4F094C6697BDFB81615B44F4C7EC8A6F951B0DE3C6976B6	1920	1080	0.333333333333	0	140
1288	other_all	special	train	教练车牌	3	D:\Yolo_LPR_RK3568_FPGA_Project\1_PC_Training\datasets\特殊车牌\image\教练车牌\粤C2708学.jpg	finetune_quant_dataset/quant_1288.jpg	CD4D9CAC573966F4D732EAF70EEF6E6DE2919E7892353142C56BE6A17B0E289C	1600	1200	0.4	0	80
1289	blue	old	train	train	0	D:\Yolo_LPR_RK3568_FPGA_Project\1_PC_Training\datasets\yolo_format\images\train\ccpd_blue_ccpd_blur_0068-0_0-158&437_283&483-282&483_158&481_159&437_283&439-0_0_27_21_24_30_25-145-4.jpg	finetune_quant_dataset/quant_1289.jpg	EC29BEE671B8318E2DE116C1FB5BF26C912757E0EA4CA19264AFB0AD10505574	720	1160	0.551724137931	121	0
1290	blue	old	train	train	0	D:\Yolo_LPR_RK3568_FPGA_Project\1_PC_Training\datasets\yolo_format\images\train\ccpd_blue_ccpd_fn_1594-19_44-58&401_522&688-453&550_58&688_127&539_522&401-0_0_11_21_24_31_32-113-211.jpg	finetune_quant_dataset/quant_1290.jpg	84DF3813BAF97D05D7ECDDDE5171584C71256C36E36A175325F0FE2167FD8DB9	720	1160	0.551724137931	121	0
1291	green	old	train	train	1	D:\Yolo_LPR_RK3568_FPGA_Project\1_PC_Training\datasets\yolo_format\images\train\ccpd_green_train_3045572916666666664-90_90-214&418_564&549-564&549_222&549_214&425_564&418-0_0_3_24_31_25_31_33-102-283.jpg	finetune_quant_dataset/quant_1291.jpg	26EDDA04ABFDB587E4F3EB0F8C20D8B28388B4F215CA5EE2804C842F9EB1DC6D	720	1160	0.551724137931	121	0
1292	yellow_single	old	train	train	2	D:\Yolo_LPR_RK3568_FPGA_Project\1_PC_Training\datasets\yolo_format\images\train\crpd_56_0053.jpg	finetune_quant_dataset/quant_1292.jpg	52CA3DF4A8B0153F1AAC29AF48EA85A2C953C4DF38AF5489BEF1F8482A22842F	1920	1080	0.333333333333	0	140
1293	yellow_single	old	train	train	2	D:\Yolo_LPR_RK3568_FPGA_Project\1_PC_Training\datasets\yolo_format\images\train\crpd_1 (123).jpg	finetune_quant_dataset/quant_1293.jpg	1A22E1E7E6383BD2A8949D89C2613695C2B8E1C597CA08B6DF4EA1CD18415919	1628	1236	0.39312039312	0	77
1294	other_all	old	train	train	0,0,3	D:\Yolo_LPR_RK3568_FPGA_Project\1_PC_Training\datasets\yolo_format\images\train\crpd_60_0420.jpg	finetune_quant_dataset/quant_1294.jpg	05006B496C903C5BFA57EE9B00BD599137C3A3078AD0F6BCEE4A444F2FA109CA	1920	1080	0.333333333333	0	140
1295	green	old	train	train	1	D:\Yolo_LPR_RK3568_FPGA_Project\1_PC_Training\datasets\yolo_format\images\train\ccpd_green_train_3018229166666666668-91_102-211&503_451&580-451&580_217&572_211&504_438&503-0_0_3_25_25_26_25_31-78-72.jpg	finetune_quant_dataset/quant_1295.jpg	5F2C31AF6F0306EF02D2B968170053B50520C48CF5CAE3694F1FCE8F57DEDA2C	720	1160	0.551724137931	121	0
1296	yellow_single	old	train	train	2	D:\Yolo_LPR_RK3568_FPGA_Project\1_PC_Training\datasets\yolo_format\images\train\crpd_45_0109.jpg	finetune_quant_dataset/quant_1296.jpg	00F600813024167081D9DC93CD0312B6A012E5E5CBF3B47085EEA5B0880BFB58	1920	1080	0.333333333333	0	140
1297	other_all	old	train	train	3	D:\Yolo_LPR_RK3568_FPGA_Project\1_PC_Training\datasets\yolo_format\images\train\crpd_66_0235.jpg	finetune_quant_dataset/quant_1297.jpg	6CB63F401BA43D02828D9D4AC33A780863ADAF8AB36B14FA9E3C66ECA3472FBF	1920	1080	0.333333333333	0	140
1298	yellow_single	old	train	train	0,2	D:\Yolo_LPR_RK3568_FPGA_Project\1_PC_Training\datasets\yolo_format\images\train\crpd_36_1085.jpg	finetune_quant_dataset/quant_1298.jpg	93F52F0B0BBAA8694E4F1F2995B929FEF20B970C7C788D398126AB9FE320E336	1920	1080	0.333333333333	0	140
1299	green	old	train	train	1	D:\Yolo_LPR_RK3568_FPGA_Project\1_PC_Training\datasets\yolo_format\images\train\ccpd_green_train_01703125-90_93-254&471_472&550-472&547_255&550_254&471_469&478-0_0_3_25_30_24_24_32-160-74.jpg	finetune_quant_dataset/quant_1299.jpg	92A5F17A42AAADE234EBD812DB7FA004AF1CF65CC9D81C6A12109ADFDCBA2BF7	720	1160	0.551724137931	121	0
1300	blue	old	train	train	0	D:\Yolo_LPR_RK3568_FPGA_Project\1_PC_Training\datasets\yolo_format\images\train\crpd_56_0344.jpg	finetune_quant_dataset/quant_1300.jpg	7C0D8B987B92F507C746BEBE0B8196D7138D020B1BF52F861438D701B63E0DFF	1920	1080	0.333333333333	0	140
1301	green	old	train	train	1	D:\Yolo_LPR_RK3568_FPGA_Project\1_PC_Training\datasets\yolo_format\images\train\ccpd_green_train_0226540798611-89_270-264&426_550&506-550&506_265&502_264&433_547&426-0_0_3_24_33_32_29_26-122-199.jpg	finetune_quant_dataset/quant_1301.jpg	3A25D408DEF1279995FE8828D0900BAE0DDA850D59F071228495088BFC08F66C	720	1160	0.551724137931	121	0
1302	other_all	old	train	train	3	D:\Yolo_LPR_RK3568_FPGA_Project\1_PC_Training\datasets\yolo_format\images\train\crpd_66_1306.jpg	finetune_quant_dataset/quant_1302.jpg	217636A4CAA2CB9BD8D9822E94D1200BCB0069265621CB3C0E488E70916B5688	1920	1080	0.333333333333	0	140
1303	blue	old	train	train	0	D:\Yolo_LPR_RK3568_FPGA_Project\1_PC_Training\datasets\yolo_format\images\train\ccpd_blue_ccpd_tilt_0527-20_30-257&426_506&603-490&516_257&603_273&513_506&426-0_0_16_12_25_33_26-83-139.jpg	finetune_quant_dataset/quant_1303.jpg	0A74371612D6B2A980FDA7E9CA527371503C8834B5E5CFDDF559321644883962	720	1160	0.551724137931	121	0
1304	blue	old	train	train	0	D:\Yolo_LPR_RK3568_FPGA_Project\1_PC_Training\datasets\yolo_format\images\train\ccpd_blue_ccpd_db_0866-5_14-125&448_586&605-586&605_142&559_125&448_569&494-0_0_33_33_30_9_24-38-3.jpg	finetune_quant_dataset/quant_1304.jpg	4753D0F06F34B4E5B681E6A9F95517DBD58A15E346587BF4EDB2C2BD8DE12D5C	720	1160	0.551724137931	121	0
1305	green	old	train	train	1	D:\Yolo_LPR_RK3568_FPGA_Project\1_PC_Training\datasets\yolo_format\images\train\ccpd_green_train_0343120659722-90_94-163&412_489&518-489&518_163&516_167&412_484&419-0_0_3_17_25_28_25_32-112-301.jpg	finetune_quant_dataset/quant_1305.jpg	1F1F23C77D8681FF5BAAE7A6318A8E3EAD61F372E272E56F9382EA9CD22DDA49	720	1160	0.551724137931	121	0
1306	other_all	special	val	警用车牌	3	D:\Yolo_LPR_RK3568_FPGA_Project\1_PC_Training\datasets\特殊车牌\image\警用车牌\粤C0602警.jpg	finetune_quant_dataset/quant_1306.jpg	3D193D09A416CB05DD92F6CB6CDAFF1A9011E8535571E6CF6DE13B14B95ECFDC	1600	1200	0.4	0	80
1307	green	old	train	train	1	D:\Yolo_LPR_RK3568_FPGA_Project\1_PC_Training\datasets\yolo_format\images\train\ccpd_green_train_30302734375-88_95-176&478_476&580-472&565_180&580_176&483_476&478-0_0_3_26_33_24_32_32-81-53.jpg	finetune_quant_dataset/quant_1307.jpg	D79BD3B9F73A5DE0E713CE6BEE20DCA1FB271A301EF0951757407BEED7A2BD17	720	1160	0.551724137931	121	0
1308	blue	old	train	train	0	D:\Yolo_LPR_RK3568_FPGA_Project\1_PC_Training\datasets\yolo_format\images\train\ccpd_blue_ccpd_weather_0128-2_12-290&432_453&498-453&498_300&490_290&432_443&440-0_0_30_24_20_33_29-46-15.jpg	finetune_quant_dataset/quant_1308.jpg	828692560BB8AC80F28FFB0D84EA0EDA9309103E929E2B3BFFF4F79759FC0680	720	1160	0.551724137931	121	0
1309	blue	old	train	train	0	D:\Yolo_LPR_RK3568_FPGA_Project\1_PC_Training\datasets\yolo_format\images\train\ccpd_blue_ccpd_challenge_0199-2_6-301&482_497&567-484&567_301&558_314&482_497&491-0_0_29_2_31_30_32-91-5.jpg	finetune_quant_dataset/quant_1309.jpg	5187F09214CA0A5EF3DF2F34F11FD4DD1317D53CE5991B7DBBAF1D80E5249914	720	1160	0.551724137931	121	0
1310	green	old	train	train	1	D:\Yolo_LPR_RK3568_FPGA_Project\1_PC_Training\datasets\yolo_format\images\train\ccpd_green_train_023193359375-90_94-252&455_537&537-533&537_255&536_252&457_537&455-0_0_3_24_24_32_33_24-94-392.jpg	finetune_quant_dataset/quant_1310.jpg	8D6DAB8F6D39FC823C242C064E2E52ADEE2FDBB0790355EEA9AD2A800ED580F0	720	1160	0.551724137931	121	0
1311	other_all	old	train	train	0,3	D:\Yolo_LPR_RK3568_FPGA_Project\1_PC_Training\datasets\yolo_format\images\train\crpd_61_0226.jpg	finetune_quant_dataset/quant_1311.jpg	9AC2FD736FAC02DC0C7C0C3ABCEAA14ABADEC09D31C76AA84F937C0F3442D8CB	1920	1080	0.333333333333	0	140
1312	blue	old	train	train	0	D:\Yolo_LPR_RK3568_FPGA_Project\1_PC_Training\datasets\yolo_format\images\train\ccpd_blue_ccpd_blur_0793-12_37-180&452_527&643-527&643_238&579_180&452_469&516-1_2_25_23_33_2_32-31-7.jpg	finetune_quant_dataset/quant_1312.jpg	18ED38E9EFC4F9EAFFA3CB6DB3BA1405E349BFEEDFAE790EFDF51F27BBBCC292	720	1160	0.551724137931	121	0
1313	other_all	special	val	教练车牌	3	D:\Yolo_LPR_RK3568_FPGA_Project\1_PC_Training\datasets\特殊车牌\image\教练车牌\粤C2957学.jpg	finetune_quant_dataset/quant_1313.jpg	A93A844C2E01C4DE3069541A60FB1A3847875783E389BB501434CD1612751A94	1600	1200	0.4	0	80
1314	blue	old	train	train	0	D:\Yolo_LPR_RK3568_FPGA_Project\1_PC_Training\datasets\yolo_format\images\train\ccpd_blue_ccpd_fn_0052-1_3-253&525_353&569-351&567_253&569_255&527_353&525-0_0_8_31_28_30_33-73-15.jpg	finetune_quant_dataset/quant_1314.jpg	D8B5CD088F57A5454D731C1F20FE71C42E89E9340141B23CE74EC3140D13FA9F	720	1160	0.551724137931	121	0
1315	green	old	train	train	1	D:\Yolo_LPR_RK3568_FPGA_Project\1_PC_Training\datasets\yolo_format\images\train\ccpd_green_train_038671875-89_90-187&494_547&602-537&592_187&602_187&506_547&494-0_0_3_24_33_29_26_32-104-188.jpg	finetune_quant_dataset/quant_1315.jpg	1008FA6515DD88573A6958D5D4839D6BBFD13B1E751D1596CAEA7D8AD4682725	720	1160	0.551724137931	121	0
1316	blue	old	train	train	0,0	D:\Yolo_LPR_RK3568_FPGA_Project\1_PC_Training\datasets\yolo_format\images\train\crpd_49_1372.jpg	finetune_quant_dataset/quant_1316.jpg	DD64D4D1CA88BA9AC9CE2AC3B3064CABB4AE0B1F591DEE4CF7A6F9E3C05F455D	1600	1200	0.4	0	80
1317	green	old	train	train	1	D:\Yolo_LPR_RK3568_FPGA_Project\1_PC_Training\datasets\yolo_format\images\train\ccpd_green_train_0184125434028-92_265-246&474_485&552-481&552_246&544_253&474_485&486-0_0_3_24_24_25_27_30-118-71.jpg	finetune_quant_dataset/quant_1317.jpg	64465C5E05E654844308065346C00CF113A98EFDC4BAC3CA4A078CAA531CF385	720	1160	0.551724137931	121	0
1318	blue	old	train	train	0	D:\Yolo_LPR_RK3568_FPGA_Project\1_PC_Training\datasets\yolo_format\images\train\ccpd_blue_ccpd_blur_0185-0_7-246&524_467&594-467&594_254&591_246&524_459&527-0_0_2_21_31_29_27-62-3.jpg	finetune_quant_dataset/quant_1318.jpg	FE112D4F9720BE385B2229834565AB13DFE1DF9D564D9FB5852748C72CC6843D	720	1160	0.551724137931	121	0
1319	blue	old	train	train	0,0	D:\Yolo_LPR_RK3568_FPGA_Project\1_PC_Training\datasets\yolo_format\images\train\crpd_56_0101.jpg	finetune_quant_dataset/quant_1319.jpg	4726487B804D44570BF517DF1113C8917A8207E6D1A66E7FE451CD2B5136E7E2	1600	1200	0.4	0	80
1320	other_all	old	train	train	3	D:\Yolo_LPR_RK3568_FPGA_Project\1_PC_Training\datasets\yolo_format\images\train\crpd_54_0182.jpg	finetune_quant_dataset/quant_1320.jpg	544AA639D14D967D632E44E22C03C843403324E8A884FDCCE6B8C7B7CA15D50C	1600	1200	0.4	0	80
1321	yellow_single	old	train	train	2	D:\Yolo_LPR_RK3568_FPGA_Project\1_PC_Training\datasets\yolo_format\images\train\crpd_1 (92).jpg	finetune_quant_dataset/quant_1321.jpg	11A59BCC53D77656EE03D03558E1AE810CC3DA57F1AD6EB626EECF597FF3609A	1628	1236	0.39312039312	0	77
1322	other_all	old	train	train	3	D:\Yolo_LPR_RK3568_FPGA_Project\1_PC_Training\datasets\yolo_format\images\train\crpd_62_1943.jpg	finetune_quant_dataset/quant_1322.jpg	B83785542E26769E0429CBCCA1EBDA9EB1F240A44608D999EE2155493281B632	1600	1200	0.4	0	80
1323	green	old	train	train	1	D:\Yolo_LPR_RK3568_FPGA_Project\1_PC_Training\datasets\yolo_format\images\train\ccpd_green_train_3017118055555555556-90_108-213&476_485&539-485&539_240&535_213&476_467&476-10_2_3_24_29_27_33_27-121-364.jpg	finetune_quant_dataset/quant_1323.jpg	340BF7ECC216D42E0BEBF263969C49F5CB858D8EAF8D6D57281DE4668F44EC19	720	1160	0.551724137931	121	0
1324	green	old	train	train	1	D:\Yolo_LPR_RK3568_FPGA_Project\1_PC_Training\datasets\yolo_format\images\train\ccpd_green_train_0275260416667-89_94-220&446_522&538-519&531_220&538_221&446_522&447-1_0_5_5_26_31_33_32-128-361.jpg	finetune_quant_dataset/quant_1324.jpg	082C3DF30234573AF8F19C377872F4BA66D056AD2B2C68E7FEA6721FFBA8EEB8	720	1160	0.551724137931	121	0
1325	yellow_single	old	train	train	2	D:\Yolo_LPR_RK3568_FPGA_Project\1_PC_Training\datasets\yolo_format\images\train\crpd_1 (467).jpg	finetune_quant_dataset/quant_1325.jpg	E92A262BA970C7B12098FDBA1535AAF582854CB90518C9157EC249BBE5A2A400	1628	1236	0.39312039312	0	77
1326	blue	old	train	train	0	D:\Yolo_LPR_RK3568_FPGA_Project\1_PC_Training\datasets\yolo_format\images\train\ccpd_blue_ccpd_db_0744-9_42-155&448_546&607-546&607_222&551_155&448_479&504-0_0_10_1_29_31_29-35-7.jpg	finetune_quant_dataset/quant_1326.jpg	4AFC7429B58558CDBCF644D9A36738387B6B476D784848FBEC544ECB6C6A6093	720	1160	0.551724137931	121	0
1327	blue	old	train	train	0	D:\Yolo_LPR_RK3568_FPGA_Project\1_PC_Training\datasets\yolo_format\images\train\ccpd_blue_ccpd_weather_0278-2_7-285&524_543&614-537&602_285&614_291&536_543&524-0_0_15_30_4_31_30-82-28.jpg	finetune_quant_dataset/quant_1327.jpg	3EFB2606F331AFBAB6FED8A9F654870512A626A0841F9A2199CB36062F6505C9	720	1160	0.551724137931	121	0
1328	other_all	old	train	train	3	D:\Yolo_LPR_RK3568_FPGA_Project\1_PC_Training\datasets\yolo_format\images\train\crpd_66_0866.jpg	finetune_quant_dataset/quant_1328.jpg	0D12DFECE5BD36113573B31664C840C2268570DF3B796236DA9E0B3F25BE5081	1600	1200	0.4	0	80
1329	green	old	train	train	1	D:\Yolo_LPR_RK3568_FPGA_Project\1_PC_Training\datasets\yolo_format\images\train\ccpd_green_train_0151258680556-88_257-247&424_452&499-447&491_247&499_258&433_452&424-0_0_3_24_33_32_33_25-83-38.jpg	finetune_quant_dataset/quant_1329.jpg	0429C91B3A9C1B9A9EE5BD8B1FEA464BB3B8B04A988EE963470109BABFE801B6	720	1160	0.551724137931	121	0
1330	blue	old	train	train	0	D:\Yolo_LPR_RK3568_FPGA_Project\1_PC_Training\datasets\yolo_format\images\train\ccpd_blue_ccpd_rotate_0384-29_11-387&272_577&441-553&441_387&346_411&272_577&367-0_0_10_29_32_32_12-111-108.jpg	finetune_quant_dataset/quant_1330.jpg	CA17B036A77B2B2706B3D259D988C2B33A4C7FC7870E682E58914FC9A3F38049	720	1160	0.551724137931	121	0
1331	yellow_single	old	train	train	2	D:\Yolo_LPR_RK3568_FPGA_Project\1_PC_Training\datasets\yolo_format\images\train\crpd_46_0618.jpg	finetune_quant_dataset/quant_1331.jpg	B16E4163A769923737FFA43728E2B401D0AE7EC8CBBF566797F199D3700A7902	1920	1080	0.333333333333	0	140
1332	green	old	train	train	1	D:\Yolo_LPR_RK3568_FPGA_Project\1_PC_Training\datasets\yolo_format\images\train\ccpd_green_train_014375-89_263-297&396_489&471-482&457_297&471_303&401_489&396-0_0_3_24_24_24_32_24-139-23.jpg	finetune_quant_dataset/quant_1332.jpg	D4054AFE93B092C9F3CAB09E142212306DBE9E5F402F8C834F5E0C3316609DCA	720	1160	0.551724137931	121	0
1333	yellow_single	old	train	train	2	D:\Yolo_LPR_RK3568_FPGA_Project\1_PC_Training\datasets\yolo_format\images\train\crpd_60_0014.jpg	finetune_quant_dataset/quant_1333.jpg	EF1A224ECCA7E10210EA122C559BE8F266AA61CB7B70B548983DB8ABF56ACC15	1920	1080	0.333333333333	0	140
1334	blue	old	train	train	0	D:\Yolo_LPR_RK3568_FPGA_Project\1_PC_Training\datasets\yolo_format\images\train\ccpd_blue_ccpd_blur_0167-0_0-269&470_478&537-478&537_269&536_269&470_478&471-0_0_11_26_25_25_4-106-3.jpg	finetune_quant_dataset/quant_1334.jpg	892216F5334167901C6554101B1A0B6B032671C80F643724E67380D6CDACF7D1	720	1160	0.551724137931	121	0
1335	blue	old	train	train	0,2	D:\Yolo_LPR_RK3568_FPGA_Project\1_PC_Training\datasets\yolo_format\images\train\crpd_57_0744.jpg	finetune_quant_dataset/quant_1335.jpg	B349EE6EA8D94B70B51041A461C51C44C2A5A4EA65FD8168906624A50288F873	1920	1080	0.333333333333	0	140
1336	other_all	old	train	train	3	D:\Yolo_LPR_RK3568_FPGA_Project\1_PC_Training\datasets\yolo_format\images\train\crpd_66_0020.jpg	finetune_quant_dataset/quant_1336.jpg	3540404FE65044470BBE8852A2E8139A7747C7F96957D41A9F49FE873A359EDD	1920	1080	0.333333333333	0	140
1337	blue	old	train	train	0	D:\Yolo_LPR_RK3568_FPGA_Project\1_PC_Training\datasets\yolo_format\images\train\ccpd_blue_ccpd_db_1039-2_23-79&441_639&596-639&596_130&572_79&441_588&465-0_1_19_29_32_31_14-25-5.jpg	finetune_quant_dataset/quant_1337.jpg	3B8D9585925E33B173022CB8E5A1D7C8AD2B3079AAE5DFF2FEA66ADAF0FA5E75	720	1160	0.551724137931	121	0
1338	yellow_single	old	train	train	2	D:\Yolo_LPR_RK3568_FPGA_Project\1_PC_Training\datasets\yolo_format\images\train\crpd_35_0604.jpg	finetune_quant_dataset/quant_1338.jpg	C247A9106F03A71B090BC64F45236D4B535CB782CFA48D8C93AC6263E16596D1	1920	1080	0.333333333333	0	140
1339	other_all	old	train	train	3	D:\Yolo_LPR_RK3568_FPGA_Project\1_PC_Training\datasets\yolo_format\images\train\crpd_66_1228.jpg	finetune_quant_dataset/quant_1339.jpg	58681DE76CA6BADBF42047689B3A53A528FF34114D2A19F266FB4AD58820A54E	1920	1080	0.333333333333	0	140
1340	blue	old	train	train	0	D:\Yolo_LPR_RK3568_FPGA_Project\1_PC_Training\datasets\yolo_format\images\train\ccpd_blue_ccpd_tilt_1340-34_46-234&274_553&625-553&625_269&432_234&274_518&467-0_0_2_30_31_31_33-34-495.jpg	finetune_quant_dataset/quant_1340.jpg	1B3A5DE58BFCD0B137A08B9DA38A41DE5BD3F84D7CC6CBBCAF50AEEF0138DD4B	720	1160	0.551724137931	121	0
1341	other_all	old	train	train	3	D:\Yolo_LPR_RK3568_FPGA_Project\1_PC_Training\datasets\yolo_format\images\train\crpd_66_1697.jpg	finetune_quant_dataset/quant_1341.jpg	08C5C206BE804EE9B607722E5FFC44837332DA07D0A4DA60245B94A1CCBBDF00	1920	1080	0.333333333333	0	140
1342	other_all	old	train	train	3	D:\Yolo_LPR_RK3568_FPGA_Project\1_PC_Training\datasets\yolo_format\images\train\crpd_66_1741.jpg	finetune_quant_dataset/quant_1342.jpg	4D8C1465351B251A20C88EA820DABB4A310638EBA72123A55940F666CC9B2532	1920	1080	0.333333333333	0	140
1343	other_all	old	train	train	0,3	D:\Yolo_LPR_RK3568_FPGA_Project\1_PC_Training\datasets\yolo_format\images\train\crpd_66_0845.jpg	finetune_quant_dataset/quant_1343.jpg	51336C4D31715E866B2B73E7649A533688486AFC8C0B1460073DE478D60FB97A	1920	1080	0.333333333333	0	140
1344	yellow_single	old	train	train	2	D:\Yolo_LPR_RK3568_FPGA_Project\1_PC_Training\datasets\yolo_format\images\train\crpd_36_1052.jpg	finetune_quant_dataset/quant_1344.jpg	D479CD7448081FFCDA5B556CE46E1487E1383C8738F18F0CD789376D57758045	1920	1080	0.333333333333	0	140
1345	blue	old	train	train	0,0	D:\Yolo_LPR_RK3568_FPGA_Project\1_PC_Training\datasets\yolo_format\images\train\crpd_49_1395.jpg	finetune_quant_dataset/quant_1345.jpg	3E66EDC29FB5AE800793857444607EBA1F24704E38074BDED44DBE3C4E28488F	1600	1200	0.4	0	80
1346	green	old	train	train	1	D:\Yolo_LPR_RK3568_FPGA_Project\1_PC_Training\datasets\yolo_format\images\train\ccpd_green_train_0160416666667-92_90-227&416_451&489-441&489_227&481_227&416_451&425-0_0_3_24_31_33_27_30-81-92.jpg	finetune_quant_dataset/quant_1346.jpg	46DE42D058671F221FB4D6CC241EC07D02405F33434EB59AF6B61AE80B70FAF9	720	1160	0.551724137931	121	0
1347	yellow_single	old	train	train	2	D:\Yolo_LPR_RK3568_FPGA_Project\1_PC_Training\datasets\yolo_format\images\train\crpd_1 (677).jpg	finetune_quant_dataset/quant_1347.jpg	896C4E0D93DB9E2D40E1C81AF53EE52C4AB1AC83218048081487CA2A477A2142	1628	1236	0.39312039312	0	77
1348	green	old	train	train	1	D:\Yolo_LPR_RK3568_FPGA_Project\1_PC_Training\datasets\yolo_format\images\train\ccpd_green_train_0258029513889-91_99-199&448_489&538-489&538_207&529_199&448_479&455-0_0_3_24_28_33_29_32-137-231.jpg	finetune_quant_dataset/quant_1348.jpg	785FC7E884F529D91477198116AFA71F415476657327B37099961507C1F61537	720	1160	0.551724137931	121	0
1349	blue	old	train	train	0	D:\Yolo_LPR_RK3568_FPGA_Project\1_PC_Training\datasets\yolo_format\images\train\ccpd_blue_ccpd_tilt_0674-16_22-320&482_623&668-623&668_331&581_320&482_612&569-17_0_32_13_6_30_30-124-228.jpg	finetune_quant_dataset/quant_1349.jpg	4929DB20603C6F7AC319532FA20F4B4D54C6C1C1AB74599BB6722D80EE435266	720	1160	0.551724137931	121	0
1350	blue	old	train	train	0,0,0,0	D:\Yolo_LPR_RK3568_FPGA_Project\1_PC_Training\datasets\yolo_format\images\train\crpd_56_0747.jpg	finetune_quant_dataset/quant_1350.jpg	2545022B0E898DB66FD11D04EF03268989CF8344CF82A652021D8F9D150ADAD3	1920	1080	0.333333333333	0	140
1351	yellow_single	old	train	train	2	D:\Yolo_LPR_RK3568_FPGA_Project\1_PC_Training\datasets\yolo_format\images\train\crpd_45_1098.jpg	finetune_quant_dataset/quant_1351.jpg	06F68D3176C88117728EFE02A27F6BD3607C3CB1C87452B6094EE1588A056207	1920	1080	0.333333333333	0	140
1352	yellow_single	old	train	train	0,2	D:\Yolo_LPR_RK3568_FPGA_Project\1_PC_Training\datasets\yolo_format\images\train\crpd_40_0454.jpg	finetune_quant_dataset/quant_1352.jpg	B7516A69960F197BA43A6DFC8B281062AB4BE0D10A75761D312F68A81069BC30	1920	1080	0.333333333333	0	140
1353	other_all	special	train	教练车牌	3	D:\Yolo_LPR_RK3568_FPGA_Project\1_PC_Training\datasets\特殊车牌\image\教练车牌\粤C2208学.jpg	finetune_quant_dataset/quant_1353.jpg	814FAB66A35BC8C2DFD31802584330027F43C31D3795FAE069EE84FC7B5B708E	1600	1200	0.4	0	80
1354	yellow_single	old	train	train	2	D:\Yolo_LPR_RK3568_FPGA_Project\1_PC_Training\datasets\yolo_format\images\train\crpd_57_0023.jpg	finetune_quant_dataset/quant_1354.jpg	253EC1186D6790743DB5E733E2A7CE713236420015313B33CB5F297396514127	1920	1080	0.333333333333	0	140
1355	blue	old	train	train	0	D:\Yolo_LPR_RK3568_FPGA_Project\1_PC_Training\datasets\yolo_format\images\train\ccpd_blue_ccpd_tilt_0389-24_24-288&441_472&618-471&618_288&534_289&441_472&525-0_0_17_10_26_29_32-71-6.jpg	finetune_quant_dataset/quant_1355.jpg	5C22520C861A2D168B1084E5D6E41734FB05D7B4E2EB0F712002E752CC93DAB9	720	1160	0.551724137931	121	0
1356	yellow_single	old	train	train	2	D:\Yolo_LPR_RK3568_FPGA_Project\1_PC_Training\datasets\yolo_format\images\train\crpd_53_0421.jpg	finetune_quant_dataset/quant_1356.jpg	EF04E67ED0DC1848F77AA182B7BE084DD35D75459F22F69F318DEAFA98A9D19C	1920	1080	0.333333333333	0	140
1357	yellow_single	old	train	train	2	D:\Yolo_LPR_RK3568_FPGA_Project\1_PC_Training\datasets\yolo_format\images\train\crpd_46_0759.jpg	finetune_quant_dataset/quant_1357.jpg	C5F04BD40EB375BA799D7E5E8D94E07A390A42B1BC5E539994B54F52D6E66421	1920	1080	0.333333333333	0	140
1358	yellow_single	old	train	train	2	D:\Yolo_LPR_RK3568_FPGA_Project\1_PC_Training\datasets\yolo_format\images\train\crpd_1 (269).jpg	finetune_quant_dataset/quant_1358.jpg	28A62D106FC403C80EF6B99F77C97178FEDC2B223B0D9D9792F4045A19BB01E1	1628	1236	0.39312039312	0	77
1359	blue	old	train	train	0	D:\Yolo_LPR_RK3568_FPGA_Project\1_PC_Training\datasets\yolo_format\images\train\ccpd_blue_ccpd_challenge_0227-12_9-310&467_468&587-468&553_314&587_310&501_464&467-0_0_22_9_29_33_32-87-33.jpg	finetune_quant_dataset/quant_1359.jpg	EBB5B902ADD65E35FDB66A7EC979EDB6966217CEA7E890C23BF5AAF05AD28E3D	720	1160	0.551724137931	121	0
1360	blue	old	train	train	0	D:\Yolo_LPR_RK3568_FPGA_Project\1_PC_Training\datasets\yolo_format\images\train\ccpd_blue_ccpd_base_0310344827586-99_71-207&436_460&555-460&552_211&514_199&427_448&465-0_0_6_31_13_33_32-87-25.jpg	finetune_quant_dataset/quant_1360.jpg	9240F3E8EE46347F048B06DF2D02B0EAC2E063BA08299C6E08872CE5AB8312AC	720	1160	0.551724137931	121	0
1361	other_all	special	train	教练车牌	3	D:\Yolo_LPR_RK3568_FPGA_Project\1_PC_Training\datasets\特殊车牌\image\教练车牌\粤C2207学.jpg	finetune_quant_dataset/quant_1361.jpg	A4B5BADD0945EFEECD615F5A5FE6508F5D507F02CABA288B3EEFD72FB063B9EC	1600	1200	0.4	0	80
1362	blue	old	train	train	0	D:\Yolo_LPR_RK3568_FPGA_Project\1_PC_Training\datasets\yolo_format\images\train\ccpd_blue_ccpd_db_0350-1_0-221&438_500&543-500&537_224&543_221&444_497&438-0_0_32_33_31_5_29-225-34.jpg	finetune_quant_dataset/quant_1362.jpg	D702C8A7BE0C6770DB736127DC3BACCD9E3C32DF8779BC572FA41C725023651B	720	1160	0.551724137931	121	0
1363	yellow_single	old	train	train	2	D:\Yolo_LPR_RK3568_FPGA_Project\1_PC_Training\datasets\yolo_format\images\train\crpd_56_0805.jpg	finetune_quant_dataset/quant_1363.jpg	6FAD9422DF37BABDDAC1E006B570F43DDF9FF3EC6BB567A3D0556BE68D6C9F17	1920	1080	0.333333333333	0	140
1364	blue	old	train	train	0	D:\Yolo_LPR_RK3568_FPGA_Project\1_PC_Training\datasets\yolo_format\images\train\ccpd_blue_ccpd_blur_0187-0_4-203&505_412&580-406&580_203&579_209&505_412&506-0_0_30_29_6_24_30-110-4.jpg	finetune_quant_dataset/quant_1364.jpg	75132DC0C3ABAB251497C013896ADAB2306489AB26FDD4F705911425C6922F4D	720	1160	0.551724137931	121	0
1365	other_all	old	train	train	3	D:\Yolo_LPR_RK3568_FPGA_Project\1_PC_Training\datasets\yolo_format\images\train\crpd_66_0544.jpg	finetune_quant_dataset/quant_1365.jpg	CE67FC9C38ADE960E77AB818A934508674518F81363A78EA7E385A6583BB410C	1920	1080	0.333333333333	0	140
1366	blue	old	train	train	0,0,2	D:\Yolo_LPR_RK3568_FPGA_Project\1_PC_Training\datasets\yolo_format\images\train\crpd_1 (271).jpg	finetune_quant_dataset/quant_1366.jpg	E92137D4FEE87FF13E3B133581B453A142B0CD2CB2C632A1D2B7D15BF58940B9	1628	1236	0.39312039312	0	77
1367	green	old	train	train	1	D:\Yolo_LPR_RK3568_FPGA_Project\1_PC_Training\datasets\yolo_format\images\train\ccpd_green_train_0458984375-90_262-151&431_601&534-587&534_162&528_151&431_601&436-0_0_3_25_30_32_33_32-104-240.jpg	finetune_quant_dataset/quant_1367.jpg	155A09010BFE1F5E1FB177875F5A5730C730A8741EDDEC00766D43CD29FD6C13	720	1160	0.551724137931	121	0
1368	yellow_single	old	train	train	2	D:\Yolo_LPR_RK3568_FPGA_Project\1_PC_Training\datasets\yolo_format\images\train\crpd_1 (907).jpg	finetune_quant_dataset/quant_1368.jpg	E078F701326FE172990D571236D634EBD45D5BD5F45FFB22E6B7A229F4950953	1628	1236	0.39312039312	0	77
1369	blue	old	train	train	0	D:\Yolo_LPR_RK3568_FPGA_Project\1_PC_Training\datasets\yolo_format\images\train\ccpd_blue_ccpd_blur_0693-15_27-209&435_522&620-501&538_209&620_230&517_522&435-0_0_19_6_24_25_31-20-4.jpg	finetune_quant_dataset/quant_1369.jpg	918B21BD3C3A0418ECA5C5B811783BA471AEA10189304A00CB14361827CCFB41	720	1160	0.551724137931	121	0
1370	blue	old	train	train	0	D:\Yolo_LPR_RK3568_FPGA_Project\1_PC_Training\datasets\yolo_format\images\train\ccpd_blue_ccpd_challenge_0192-17_7-193&483_343&590-343&546_204&590_193&527_332&483-0_0_5_32_31_26_2-132-49.jpg	finetune_quant_dataset/quant_1370.jpg	0C7272BD2336C134B602A332B6926004FA182E8C90296A120F2AD6F987DB2867	720	1160	0.551724137931	121	0
1371	other_all	old	train	train	3	D:\Yolo_LPR_RK3568_FPGA_Project\1_PC_Training\datasets\yolo_format\images\train\crpd_66_0296.jpg	finetune_quant_dataset/quant_1371.jpg	97B1D6812C7ABE71AA2BF00BEA766F358F3142BC4538ED8E06013F9E6A70FAD4	1920	1080	0.333333333333	0	140
1372	blue	old	train	train	0	D:\Yolo_LPR_RK3568_FPGA_Project\1_PC_Training\datasets\yolo_format\images\train\ccpd_blue_ccpd_rotate_0343-26_8-316&462_487&630-487&561_349&630_316&531_454&462-0_0_4_29_30_32_30-116-73.jpg	finetune_quant_dataset/quant_1372.jpg	ADD7C4497A6C02F34471AEB426C548849C22ED3E084DBC8565F66331F3F61459	720	1160	0.551724137931	121	0
1373	yellow_single	old	train	train	2	D:\Yolo_LPR_RK3568_FPGA_Project\1_PC_Training\datasets\yolo_format\images\train\crpd_57_0603.jpg	finetune_quant_dataset/quant_1373.jpg	BF43F258394E51C21FD8CD09B604742E8B9B5A5FF5D3259E742E2AA8D9080848	1600	1200	0.4	0	80
1374	yellow_single	old	train	train	2	D:\Yolo_LPR_RK3568_FPGA_Project\1_PC_Training\datasets\yolo_format\images\train\crpd_45_1418.jpg	finetune_quant_dataset/quant_1374.jpg	FE78AEC863F87A99B73251629ED47B4FA2539BA1DD3AB0AA3E3F3201CD3A0E1D	1920	1080	0.333333333333	0	140
1375	yellow_single	old	train	train	2	D:\Yolo_LPR_RK3568_FPGA_Project\1_PC_Training\datasets\yolo_format\images\train\crpd_44_1438.jpg	finetune_quant_dataset/quant_1375.jpg	4182D43A741ECF0AA2AE1F77C8611D0CF87C5AF9C79B3BA73D5C5EB49971AEE5	1600	1200	0.4	0	80
1376	yellow_single	old	train	train	2	D:\Yolo_LPR_RK3568_FPGA_Project\1_PC_Training\datasets\yolo_format\images\train\crpd_61_0492.jpg	finetune_quant_dataset/quant_1376.jpg	FD81027A822B8C3C8E011A1F5D450EF84633EB4E624D823B4BD25B0FA35212E6	1920	1080	0.333333333333	0	140
1377	yellow_single	old	train	train	2	D:\Yolo_LPR_RK3568_FPGA_Project\1_PC_Training\datasets\yolo_format\images\train\crpd_44_1095.jpg	finetune_quant_dataset/quant_1377.jpg	891355BFB6D4C3F8491482D8EF9E69D3595D5A7014A1F856A58E1A92C7D332E6	1920	1080	0.333333333333	0	140
1378	yellow_single	old	train	train	2	D:\Yolo_LPR_RK3568_FPGA_Project\1_PC_Training\datasets\yolo_format\images\train\crpd_1 (552).jpg	finetune_quant_dataset/quant_1378.jpg	366B021AED502F396468015BF1F8EF540BBC3F98F7E9EE769BC39FAA00F14CB7	1628	1236	0.39312039312	0	77
1379	green	old	train	train	1	D:\Yolo_LPR_RK3568_FPGA_Project\1_PC_Training\datasets\yolo_format\images\train\ccpd_green_train_0197526041667-89_92-286&403_532&484-532&479_286&484_288&413_529&403-0_0_3_25_26_27_30_30-132-56.jpg	finetune_quant_dataset/quant_1379.jpg	78BF345E12652BED5563B88C0C9B6A2E7FE3772C8BFA0907088594F9959157B2	720	1160	0.551724137931	121	0
1380	blue	old	train	train	0	D:\Yolo_LPR_RK3568_FPGA_Project\1_PC_Training\datasets\yolo_format\images\train\ccpd_blue_ccpd_base_0147916666667-95_77-298&462_482&557-492&555_314&534_298&461_476&482-0_0_0_33_29_26_18-127-57.jpg	finetune_quant_dataset/quant_1380.jpg	20F3F13C34D842B3514A44E72B7933177FA816EF7E5E73E60CB53B5DE4D052E6	720	1160	0.551724137931	121	0
1381	yellow_single	old	train	train	2	D:\Yolo_LPR_RK3568_FPGA_Project\1_PC_Training\datasets\yolo_format\images\train\crpd_1 (549).jpg	finetune_quant_dataset/quant_1381.jpg	CCB8B0BA4E5107ECDEC0C068F3BE076C1A20BCA6E9F65AF76908CB5918115403	1628	1236	0.39312039312	0	77
1382	blue	old	train	train	0,2	D:\Yolo_LPR_RK3568_FPGA_Project\1_PC_Training\datasets\yolo_format\images\train\crpd_58_0279.jpg	finetune_quant_dataset/quant_1382.jpg	6CE0F34EE575E6CC0CAC87D03C756B09A428226F0E247E1595AAA1F2D68C5558	1920	1080	0.333333333333	0	140
1383	yellow_single	old	train	train	2	D:\Yolo_LPR_RK3568_FPGA_Project\1_PC_Training\datasets\yolo_format\images\train\crpd_1 (233).jpg	finetune_quant_dataset/quant_1383.jpg	3AF6459C7F8975CCF0DF85FF45A1EB4AEFC0C766845EC2FA036A91D70034576B	1628	1236	0.39312039312	0	77
1384	blue	old	train	train	0,0	D:\Yolo_LPR_RK3568_FPGA_Project\1_PC_Training\datasets\yolo_format\images\train\crpd_65_0377.jpg	finetune_quant_dataset/quant_1384.jpg	B0A1144347B3A9074CDBDFFBA92ACDEE4A421684F51ED7C0CB5C8C6FBFC4DB3E	1920	1080	0.333333333333	0	140
1385	yellow_single	old	train	train	2	D:\Yolo_LPR_RK3568_FPGA_Project\1_PC_Training\datasets\yolo_format\images\train\crpd_44_0973.jpg	finetune_quant_dataset/quant_1385.jpg	7AA2A7525FF52A51445C04F8BFD352A97B2A9A94A9658AC060DDD41350E1E654	1920	1080	0.333333333333	0	140
1386	yellow_single	old	train	train	2	D:\Yolo_LPR_RK3568_FPGA_Project\1_PC_Training\datasets\yolo_format\images\train\crpd_57_0283.jpg	finetune_quant_dataset/quant_1386.jpg	5A7160A5771BA9F7CC8A22BDFF6F6C31AF8A97C2B658142852A94EFF33C29432	1920	1080	0.333333333333	0	140
1387	green	old	train	train	1	D:\Yolo_LPR_RK3568_FPGA_Project\1_PC_Training\datasets\yolo_format\images\train\ccpd_green_train_0155620659722-88_270-252&413_454&491-454&478_254&491_252&423_451&413-0_0_3_25_25_25_31_26-91-58.jpg	finetune_quant_dataset/quant_1387.jpg	B87366A9136541F9A9DB9F0CD1A6F3F6772FE566F2E859728701DA597F2D0B83	720	1160	0.551724137931	121	0
1388	green	old	train	train	1	D:\Yolo_LPR_RK3568_FPGA_Project\1_PC_Training\datasets\yolo_format\images\train\ccpd_green_train_3033501519097222224-91_110-164&466_489&570-489&570_199&560_164&470_457&466-0_0_3_24_25_29_33_25-118-176.jpg	finetune_quant_dataset/quant_1388.jpg	A1BE22194616E5885871474C11F2BA40823F79FF627EC3BBF3D0CD10A1707B46	720	1160	0.551724137931	121	0
1389	other_all	old	train	train	0,0,3	D:\Yolo_LPR_RK3568_FPGA_Project\1_PC_Training\datasets\yolo_format\images\train\crpd_36_0453.jpg	finetune_quant_dataset/quant_1389.jpg	A6F00AFA9FA00C3EAAC34303E14EB24C26CC93790A27526D6BEBBCF73C206F85	1600	1200	0.4	0	80
1390	yellow_single	old	train	train	2	D:\Yolo_LPR_RK3568_FPGA_Project\1_PC_Training\datasets\yolo_format\images\train\crpd_45_0223.jpg	finetune_quant_dataset/quant_1390.jpg	9328DB5DD33D0FC284A832CE3FABA0C92BA3A1997587E166812148FB96E6979B	1920	1080	0.333333333333	0	140
1391	other_all	special	train	教练车牌	3	D:\Yolo_LPR_RK3568_FPGA_Project\1_PC_Training\datasets\特殊车牌\image\教练车牌\粤C2257学.jpg	finetune_quant_dataset/quant_1391.jpg	30586AC28CB951558D5629A1A1AB2AF76427B2B6CFF58F67CE99C1D53CC927B5	1600	1200	0.4	0	80
1392	other_all	old	train	train	3	D:\Yolo_LPR_RK3568_FPGA_Project\1_PC_Training\datasets\yolo_format\images\train\crpd_66_0837.jpg	finetune_quant_dataset/quant_1392.jpg	74837EC4F993FDEB558AA51A360349A7BC057CD2ABC9F1AEB8F8F675888CF108	1920	1080	0.333333333333	0	140
1393	blue	old	train	train	0,2	D:\Yolo_LPR_RK3568_FPGA_Project\1_PC_Training\datasets\yolo_format\images\train\crpd_39_0137.jpg	finetune_quant_dataset/quant_1393.jpg	7FF63020347A70514504E47CFF9DE415F00854507471DE6DA30DA61C4E059893	1920	1080	0.333333333333	0	140
1394	other_all	old	train	train	3	D:\Yolo_LPR_RK3568_FPGA_Project\1_PC_Training\datasets\yolo_format\images\train\crpd_66_0962.jpg	finetune_quant_dataset/quant_1394.jpg	79A60D059FEA3193B56E30F5E81F5A47987D75632380763F6FC9CE9A0E7CADF7	1920	1080	0.333333333333	0	140
1395	blue	old	train	train	0	D:\Yolo_LPR_RK3568_FPGA_Project\1_PC_Training\datasets\yolo_format\images\train\ccpd_blue_ccpd_base_0182112068966-90_87-181&479_448&567-463&561_201&563_195&481_457&479-0_0_21_22_31_32_26-131-47.jpg	finetune_quant_dataset/quant_1395.jpg	0A07A969D937C41EE0433CF3220647022219D5E6BC52F30BE3FE9A4DA6008B3C	720	1160	0.551724137931	121	0
1396	green	old	train	train	1	D:\Yolo_LPR_RK3568_FPGA_Project\1_PC_Training\datasets\yolo_format\images\train\ccpd_green_train_0191200086806-90_267-205&473_468&547-468&546_208&547_205&473_466&478-11_0_5_24_32_27_29_26-164-198.jpg	finetune_quant_dataset/quant_1396.jpg	209E4FBA1F1EDB3322A39F1D0E32F08E7C4615BCDFF735358F7FD5CA2EDC1DF1	720	1160	0.551724137931	121	0
1397	yellow_single	old	train	train	2	D:\Yolo_LPR_RK3568_FPGA_Project\1_PC_Training\datasets\yolo_format\images\train\crpd_43_0967.jpg	finetune_quant_dataset/quant_1397.jpg	2DD1527FEC3F0C19F25D0DE3F8010B010E81CD5CAA3DF79594B8A591B1317723	1920	1080	0.333333333333	0	140
1398	yellow_single	old	train	train	2	D:\Yolo_LPR_RK3568_FPGA_Project\1_PC_Training\datasets\yolo_format\images\train\crpd_39_0375.jpg	finetune_quant_dataset/quant_1398.jpg	F2AF2DBC4C48C52C52ADAEEE022A71C77638D41AB656760DFDC050F24B915ABD	1920	1080	0.333333333333	0	140
1399	other_all	special	train	澳门出入境车牌	3	D:\Yolo_LPR_RK3568_FPGA_Project\1_PC_Training\datasets\特殊车牌\image\澳门出入境车牌\粤Z7246澳.jpg	finetune_quant_dataset/quant_1399.jpg	428CAB0472CFF603B190F3BFB14D19E71182D40E5D27A3C55EF5A784241F5C0E	1600	1200	0.4	0	80
1400	green	old	train	train	1	D:\Yolo_LPR_RK3568_FPGA_Project\1_PC_Training\datasets\yolo_format\images\train\ccpd_green_train_0100434027778-92_262-291&419_469&476-469&476_291&470_299&419_469&427-0_0_3_24_26_28_24_28-123-95.jpg	finetune_quant_dataset/quant_1400.jpg	5E0D12EB93487CC6F963A5BD1445C25258633FDCDF6458CCD0940C8F4BEA6AEB	720	1160	0.551724137931	121	0
1401	yellow_single	old	train	train	2	D:\Yolo_LPR_RK3568_FPGA_Project\1_PC_Training\datasets\yolo_format\images\train\crpd_39_0887.jpg	finetune_quant_dataset/quant_1401.jpg	ACB9C8BFB4580B2AB7C7947D429A54BD5964FA8A5BE3605FE0558F62CE9854E5	1920	1080	0.333333333333	0	140
1402	yellow_single	old	train	train	2	D:\Yolo_LPR_RK3568_FPGA_Project\1_PC_Training\datasets\yolo_format\images\train\crpd_46_1291.jpg	finetune_quant_dataset/quant_1402.jpg	5B2950DA15929E5876445BC41227723E8A0E082B079B9F50F41E08EE8A7EE3F6	1920	1080	0.333333333333	0	140
1403	blue	old	train	train	0	D:\Yolo_LPR_RK3568_FPGA_Project\1_PC_Training\datasets\yolo_format\images\train\ccpd_blue_ccpd_weather_0421-14_15-236&430_466&583-466&583_238&524_236&430_464&489-0_0_31_30_25_16_31-42-65.jpg	finetune_quant_dataset/quant_1403.jpg	A9F70C56E420355E04EEED937417270F493180DC464B8867DE5AE53C697E78F0	720	1160	0.551724137931	121	0
1404	other_all	old	train	train	3	D:\Yolo_LPR_RK3568_FPGA_Project\1_PC_Training\datasets\yolo_format\images\train\crpd_61_0874.jpg	finetune_quant_dataset/quant_1404.jpg	62152532D2D6E0917946362CC64F0829B430EC1D0C5C65C76FD05E63EB106764	1920	1080	0.333333333333	0	140
1405	green	old	train	train	1	D:\Yolo_LPR_RK3568_FPGA_Project\1_PC_Training\datasets\yolo_format\images\train\ccpd_green_train_0141666666667-92_263-182&426_374&501-374&501_186&488_182&426_364&435-1_0_5_30_32_33_31_25-130-135.jpg	finetune_quant_dataset/quant_1405.jpg	75CA684799F26DCEEA7322B37FA927F242FEB398FA2E8D3DF4615F27D25D0DCC	720	1160	0.551724137931	121	0
1406	other_all	special	train	澳门出入境车牌	3	D:\Yolo_LPR_RK3568_FPGA_Project\1_PC_Training\datasets\特殊车牌\image\澳门出入境车牌\粤ZK118澳.jpg	finetune_quant_dataset/quant_1406.jpg	FCD9D39206BBD0E81D521060C37753496ED7BE507BDF27AFDF46948D43B5C28C	1600	1200	0.4	0	80
1407	green	old	train	train	1	D:\Yolo_LPR_RK3568_FPGA_Project\1_PC_Training\datasets\yolo_format\images\train\ccpd_green_train_025703125-89_237-214&450_543&529-543&529_253&523_214&457_510&450-0_0_3_24_33_26_30_30-52-203.jpg	finetune_quant_dataset/quant_1407.jpg	EC463D388F71DC09CDB6284F04648BC0D76595653E49643AAF82DF766699C0B5	720	1160	0.551724137931	121	0
1408	blue	old	train	train	0,2	D:\Yolo_LPR_RK3568_FPGA_Project\1_PC_Training\datasets\yolo_format\images\train\crpd_49_0988.jpg	finetune_quant_dataset/quant_1408.jpg	4A753A8F75417E66F88FAC766D0FD197F95D4EB25430C860701473E95DD91E47	1600	1200	0.4	0	80
1409	other_all	special	val	教练车牌	3	D:\Yolo_LPR_RK3568_FPGA_Project\1_PC_Training\datasets\特殊车牌\image\教练车牌\粤C2247学.jpg	finetune_quant_dataset/quant_1409.jpg	80CB5EF01FC0F0B04BC64319AF9F978D5A7284AE1383D6D20E0F2FD092083B7A	1600	1200	0.4	0	80
1410	other_all	old	train	train	3	D:\Yolo_LPR_RK3568_FPGA_Project\1_PC_Training\datasets\yolo_format\images\train\crpd_66_0167.jpg	finetune_quant_dataset/quant_1410.jpg	E64AFC06CFA8187FB0DA2C175A646A25E8B7F291F5D667333F3E5793BBCE4D54	1920	1080	0.333333333333	0	140
1411	green	old	train	train	1	D:\Yolo_LPR_RK3568_FPGA_Project\1_PC_Training\datasets\yolo_format\images\train\ccpd_green_train_01859375-88_92-209&499_447&577-447&567_214&577_209&504_443&499-0_0_3_24_27_31_27_32-166-7.jpg	finetune_quant_dataset/quant_1411.jpg	B14F7B0F6AA87824D00861F653EF8B6DF3041C6F8E45BF8DEE2EF6395925E48C	720	1160	0.551724137931	121	0
1412	green	old	train	train	1	D:\Yolo_LPR_RK3568_FPGA_Project\1_PC_Training\datasets\yolo_format\images\train\ccpd_green_train_3029326171875-89_94-226&404_523&504-519&496_226&504_229&414_523&404-0_0_3_26_27_24_30_32-182-444.jpg	finetune_quant_dataset/quant_1412.jpg	7FE7582D296711994133FCCC554A49BCB2E69AC1E6E18225EA56AC282FDA3639	720	1160	0.551724137931	121	0
1413	blue	old	train	train	0	D:\Yolo_LPR_RK3568_FPGA_Project\1_PC_Training\datasets\yolo_format\images\train\ccpd_blue_ccpd_blur_0195-2_0-199&441_403&521-403&512_201&521_199&450_401&441-0_0_33_33_11_30_32-104-4.jpg	finetune_quant_dataset/quant_1413.jpg	E61340F2A412A732A5BF232399B2DBAD490A0789FABCCD79C04C5ABDFD2BA075	720	1160	0.551724137931	121	0
1414	blue	old	train	train	0,2	D:\Yolo_LPR_RK3568_FPGA_Project\1_PC_Training\datasets\yolo_format\images\train\crpd_39_0398.jpg	finetune_quant_dataset/quant_1414.jpg	0A652AE5FEC494C15D76DAD03C1905862F7CFDDE470FA5111DA10196278B0610	1920	1080	0.333333333333	0	140
1415	other_all	old	train	train	0,3	D:\Yolo_LPR_RK3568_FPGA_Project\1_PC_Training\datasets\yolo_format\images\train\crpd_62_0903.jpg	finetune_quant_dataset/quant_1415.jpg	1D51A597646BDB90D27346A7935B37B9439025C4DF0FDF3FA3EEF34261E4A470	1600	1200	0.4	0	80
1416	green	old	train	train	1	D:\Yolo_LPR_RK3568_FPGA_Project\1_PC_Training\datasets\yolo_format\images\train\ccpd_green_train_0311924913194-91_263-115&438_438&536-438&536_122&526_115&438_438&449-0_0_3_24_30_29_32_30-69-70.jpg	finetune_quant_dataset/quant_1416.jpg	431E08154A0CF81C7C3549904528F803BF3A4540DB201504D0419C8F08C76008	720	1160	0.551724137931	121	0
1417	blue	old	train	train	0	D:\Yolo_LPR_RK3568_FPGA_Project\1_PC_Training\datasets\yolo_format\images\train\ccpd_blue_ccpd_base_029061302682-90_88-335&530_645&643-658&641_331&631_334&525_661&535-16_0_7_29_32_31_4-99-91.jpg	finetune_quant_dataset/quant_1417.jpg	E44F0A3A6DB6EB8C2A33310966D0B16479E74A4D963EAF7A4B3DA83B42F81B2F	720	1160	0.551724137931	121	0
1418	other_all	old	test	test	0,3	D:\Yolo_LPR_RK3568_FPGA_Project\1_PC_Training\datasets\yolo_format\images\test\crpd_64_1240.jpg	finetune_quant_dataset/quant_1418.jpg	22DA22328652E85D1403B5C6F8D0F3AA2A04029FB57F031EB1C7F6E7EF72BF76	1920	1080	0.333333333333	0	140
1419	green	old	train	train	1	D:\Yolo_LPR_RK3568_FPGA_Project\1_PC_Training\datasets\yolo_format\images\train\ccpd_green_train_3019618055555555555-93_92-289&517_515&605-509&605_296&589_289&517_515&525-0_0_3_24_25_29_25_26-114-113.jpg	finetune_quant_dataset/quant_1419.jpg	7592C7D527D573FD01E949E913463659A67A32EAE0414F8D542D3B7B111CC72E	720	1160	0.551724137931	121	0
1420	other_all	special	train	警用车牌	3	D:\Yolo_LPR_RK3568_FPGA_Project\1_PC_Training\datasets\特殊车牌\image\警用车牌\粤E5319警.jpg	finetune_quant_dataset/quant_1420.jpg	14E53D0D38F2597ED2F13B68D310AEE83DAEE6C54F79845BA65DD1C2F0A67130	1600	1200	0.4	0	80
1421	yellow_single	old	train	train	2	D:\Yolo_LPR_RK3568_FPGA_Project\1_PC_Training\datasets\yolo_format\images\train\crpd_66_1407.jpg	finetune_quant_dataset/quant_1421.jpg	01A29AEF9032418E037D477E47BE7B94435361A5359B1DA1BD540DA85FE26E80	1600	1200	0.4	0	80
1422	blue	old	train	train	0	D:\Yolo_LPR_RK3568_FPGA_Project\1_PC_Training\datasets\yolo_format\images\train\ccpd_blue_ccpd_blur_0301-6_15-270&477_510&582-510&582_282&556_270&477_498&503-0_0_5_33_21_29_32-87-5.jpg	finetune_quant_dataset/quant_1422.jpg	A7B1DC45A5F2061267892EB73D1C56EF018342D022A34EB8AEF03863701D28A4	720	1160	0.551724137931	121	0
1423	blue	old	train	train	0	D:\Yolo_LPR_RK3568_FPGA_Project\1_PC_Training\datasets\yolo_format\images\train\ccpd_blue_ccpd_tilt_0586-19_30-161&412_427&596-427&596_180&508_161&412_408&500-0_0_2_30_2_29_29-102-16.jpg	finetune_quant_dataset/quant_1423.jpg	60203F701775BAC6C4AB0DB346878017C0F033DBEDD70BB86DDF5342741FE14B	720	1160	0.551724137931	121	0
1424	green	old	train	train	1	D:\Yolo_LPR_RK3568_FPGA_Project\1_PC_Training\datasets\yolo_format\images\train\ccpd_green_train_024375-88_260-271&439_559&525-559&525_283&516_271&450_546&439-0_0_3_24_26_29_27_30-142-32.jpg	finetune_quant_dataset/quant_1424.jpg	E668FAE2387C8C3B3F1C370921113A18475081BD240924737699E22023C21AB9	720	1160	0.551724137931	121	0
1425	yellow_single	old	train	train	2	D:\Yolo_LPR_RK3568_FPGA_Project\1_PC_Training\datasets\yolo_format\images\train\crpd_53_0870.jpg	finetune_quant_dataset/quant_1425.jpg	0D508CE718F10820D90D405EF9D8443FBF55389BA216259A774EE255018B6ECB	1920	1080	0.333333333333	0	140
1426	other_all	old	val	val	3	D:\Yolo_LPR_RK3568_FPGA_Project\1_PC_Training\datasets\yolo_format\images\val\crpd_50_0848.jpg	finetune_quant_dataset/quant_1426.jpg	5635BA42C1261585F567C07836A592D017AB3D313B741DED69318F38FF18159E	1920	1080	0.333333333333	0	140
1427	green	old	train	train	1	D:\Yolo_LPR_RK3568_FPGA_Project\1_PC_Training\datasets\yolo_format\images\train\ccpd_green_train_00439019097222-90_264-255&501_374&538-370&538_255&536_258&501_374&503-0_0_3_24_33_29_27_33-114-7.jpg	finetune_quant_dataset/quant_1427.jpg	705C2B38F7CF7383597AC83B1CE111210B102DCD2ADBE6C9306C7F8610F6886F	720	1160	0.551724137931	121	0
1428	blue	old	train	train	0,0	D:\Yolo_LPR_RK3568_FPGA_Project\1_PC_Training\datasets\yolo_format\images\train\crpd_58_0684.jpg	finetune_quant_dataset/quant_1428.jpg	469255E6E8E28A577F9F3DB59D43F68664D241AD1F871592017B7CA3F7E701A1	1920	1080	0.333333333333	0	140
1429	yellow_single	old	train	train	2	D:\Yolo_LPR_RK3568_FPGA_Project\1_PC_Training\datasets\yolo_format\images\train\crpd_1 (654).jpg	finetune_quant_dataset/quant_1429.jpg	9805BE55A0683A17FAD4B64151FBC154CD16CEFAB6A3C2787D0B83615EC41501	1628	1236	0.39312039312	0	77
1430	other_all	old	train	train	3	D:\Yolo_LPR_RK3568_FPGA_Project\1_PC_Training\datasets\yolo_format\images\train\crpd_61_0204.jpg	finetune_quant_dataset/quant_1430.jpg	E9FD5969D9A7C8CF8A1820269453A7C5670DA037D9F0D395195E1A368AB4F5EC	1920	1080	0.333333333333	0	140
1431	green	old	train	train	1	D:\Yolo_LPR_RK3568_FPGA_Project\1_PC_Training\datasets\yolo_format\images\train\ccpd_green_train_0203971354167-92_259-213&434_454&519-454&519_223&508_213&434_442&444-0_0_3_26_29_32_29_29-150-82.jpg	finetune_quant_dataset/quant_1431.jpg	31078A2C80530D36BC24401CCD8C3EE4A9312398595CA319FA2EADE16D343047	720	1160	0.551724137931	121	0
1432	green	old	train	train	1	D:\Yolo_LPR_RK3568_FPGA_Project\1_PC_Training\datasets\yolo_format\images\train\ccpd_green_train_0225423177083-90_261-173&407_450&489-450&489_184&488_173&407_446&411-0_0_3_24_32_26_26_24-145-45.jpg	finetune_quant_dataset/quant_1432.jpg	9AD331394BCC3D0B3F63274BBBB6BF3A8938CB6AA56E89B56A8D83FAF38FB277	720	1160	0.551724137931	121	0
1433	green	old	train	train	1	D:\Yolo_LPR_RK3568_FPGA_Project\1_PC_Training\datasets\yolo_format\images\train\ccpd_green_train_0241362847222-91_252-218&424_486&515-486&515_239&502_218&424_467&431-0_0_5_24_24_25_30_30-183-453.jpg	finetune_quant_dataset/quant_1433.jpg	8AE6040ED23E950D29912AF811FCFB0BB0E08307D43E3648920B30C366FC803A	720	1160	0.551724137931	121	0
1434	other_all	old	train	train	3	D:\Yolo_LPR_RK3568_FPGA_Project\1_PC_Training\datasets\yolo_format\images\train\crpd_66_0796.jpg	finetune_quant_dataset/quant_1434.jpg	45C6EAE6D8A83D9E12CA490850D3935F8AA8CB52D7C27A4A26E2810792C4673B	1920	1080	0.333333333333	0	140
1435	blue	old	train	train	0	D:\Yolo_LPR_RK3568_FPGA_Project\1_PC_Training\datasets\yolo_format\images\train\ccpd_blue_ccpd_challenge_0049-1_0-306&540_411&579-410&579_306&577_307&540_411&542-0_0_18_17_26_30_31-79-8.jpg	finetune_quant_dataset/quant_1435.jpg	9B051F37DC9DF93CDDD7BF0C9DB566538E60D995C9242893529231F8AE7E93A3	720	1160	0.551724137931	121	0
1436	blue	old	train	train	0	D:\Yolo_LPR_RK3568_FPGA_Project\1_PC_Training\datasets\yolo_format\images\train\ccpd_blue_ccpd_tilt_0420-37_27-178&467_347&675-331&675_178&557_194&467_347&585-0_0_23_30_22_32_27-46-118.jpg	finetune_quant_dataset/quant_1436.jpg	924CDE7AC8851D077E0F9C6E003D3F05D39E5CBDB8382D4AB8B9FF6434D40D0F	720	1160	0.551724137931	121	0
1437	other_all	special	train	警用车牌	3	D:\Yolo_LPR_RK3568_FPGA_Project\1_PC_Training\datasets\特殊车牌\image\警用车牌\粤C0775警.jpg	finetune_quant_dataset/quant_1437.jpg	1E50798D1C4C2193E5419084381EE278A7CC5231A90294D3C5E4ACC5A6463282	1600	1200	0.4	0	80
1438	green	old	train	train	1	D:\Yolo_LPR_RK3568_FPGA_Project\1_PC_Training\datasets\yolo_format\images\train\ccpd_green_train_016527777777777777-90_258-231&478_469&548-469&539_243&548_231&482_465&478-0_0_3_27_25_25_29_29-94-104.jpg	finetune_quant_dataset/quant_1438.jpg	295D0C2D325A144DBB208C45A699BE571AE4E088081B97891240143EAD0DB1AB	720	1160	0.551724137931	121	0
1439	other_all	old	train	train	3	D:\Yolo_LPR_RK3568_FPGA_Project\1_PC_Training\datasets\yolo_format\images\train\crpd_66_1104.jpg	finetune_quant_dataset/quant_1439.jpg	1C9C65B10BBC4E478DAE460CB2154391C5294CD727DF2B9A8C510E660D0C9014	1920	1080	0.333333333333	0	140
1440	other_all	old	train	train	3	D:\Yolo_LPR_RK3568_FPGA_Project\1_PC_Training\datasets\yolo_format\images\train\crpd_66_1612.jpg	finetune_quant_dataset/quant_1440.jpg	D3AF0F791D87E40F8110DDA1DF697BD93751ACAC4065DAB7545E1334570E654B	1920	1080	0.333333333333	0	140
1441	other_all	special	train	澳门出入境车牌	3	D:\Yolo_LPR_RK3568_FPGA_Project\1_PC_Training\datasets\特殊车牌\image\澳门出入境车牌\粤ZL445澳.jpg	finetune_quant_dataset/quant_1441.jpg	CD1F78E26DDE57C36A3BAE4CBE8593A15DE568A17B8705C1419A3BB28004F466	1600	1200	0.4	0	80
1442	green	old	train	train	1	D:\Yolo_LPR_RK3568_FPGA_Project\1_PC_Training\datasets\yolo_format\images\train\ccpd_green_train_30192578125-91_90-233&460_494&535-493&535_237&528_233&461_494&460-0_0_3_27_26_31_27_31-100-193.jpg	finetune_quant_dataset/quant_1442.jpg	AB6668D0200143A1F4BDA3B7C36F765AA47AE7DD8AE17D86C7C33FE7C9A3DF04	720	1160	0.551724137931	121	0
1443	blue	old	train	train	0,2	D:\Yolo_LPR_RK3568_FPGA_Project\1_PC_Training\datasets\yolo_format\images\train\crpd_57_0750.jpg	finetune_quant_dataset/quant_1443.jpg	A19923A2A0DB562CDF7A37D86B1C1F66F53C6E7465C256E7285BFCFE47C8331F	1920	1080	0.333333333333	0	140
1444	other_all	old	train	train	3	D:\Yolo_LPR_RK3568_FPGA_Project\1_PC_Training\datasets\yolo_format\images\train\crpd_66_1034.jpg	finetune_quant_dataset/quant_1444.jpg	4AFCB2687522C23C32AE80661EA6A09937489B1FD9DD5ACE3ED0341CBC342544	1920	1080	0.333333333333	0	140
1445	other_all	old	train	train	3	D:\Yolo_LPR_RK3568_FPGA_Project\1_PC_Training\datasets\yolo_format\images\train\crpd_66_0768.jpg	finetune_quant_dataset/quant_1445.jpg	F7D10A37F5413D087828F17A5ED00B52C5CB02349195B78C65F35FCDFDB7BF84	1920	1080	0.333333333333	0	140
1446	other_all	special	train	澳门出入境车牌	3	D:\Yolo_LPR_RK3568_FPGA_Project\1_PC_Training\datasets\特殊车牌\image\澳门出入境车牌\粤Z3837澳.jpg	finetune_quant_dataset/quant_1446.jpg	6B2351B1889ED23F2C12BD2B92345324F5CE9154DDF7618DDB03BACAD9491864	1600	1200	0.4	0	80
1447	green	old	train	train	1	D:\Yolo_LPR_RK3568_FPGA_Project\1_PC_Training\datasets\yolo_format\images\train\ccpd_green_train_3017413194444444443-90_94-199&469_435&543-435&542_209&543_199&472_431&469-0_0_3_24_29_31_30_30-199-55.jpg	finetune_quant_dataset/quant_1447.jpg	60E2BC332D550BDFC2CF91821039EA74A0E6E58A54244646D071B878657EAEB4	720	1160	0.551724137931	121	0
1448	blue	old	train	train	0	D:\Yolo_LPR_RK3568_FPGA_Project\1_PC_Training\datasets\yolo_format\images\train\ccpd_blue_ccpd_challenge_0139-1_0-283&454_452&523-452&518_285&523_283&459_450&454-0_0_0_5_31_26_29-201-12.jpg	finetune_quant_dataset/quant_1448.jpg	008068702F40EC3111EEC55233697DF7CFAF7BCD41A0D065CB02EC8C63C4B666	720	1160	0.551724137931	121	0
1449	blue	old	train	train	0,0,0	D:\Yolo_LPR_RK3568_FPGA_Project\1_PC_Training\datasets\yolo_format\images\train\crpd_58_0655.jpg	finetune_quant_dataset/quant_1449.jpg	B26CAB893E0F9CCE960979D9412A600078BAC6E1E9ED694CC41B55607E8C452D	1920	1080	0.333333333333	0	140
1450	yellow_single	old	train	train	2	D:\Yolo_LPR_RK3568_FPGA_Project\1_PC_Training\datasets\yolo_format\images\train\crpd_65_0733.jpg	finetune_quant_dataset/quant_1450.jpg	B6FC5FE5FBE5B26F16D2529528197F101A16C4B369B54B26B878ABA8A7D506C4	1920	1080	0.333333333333	0	140
1451	green	old	train	train	1	D:\Yolo_LPR_RK3568_FPGA_Project\1_PC_Training\datasets\yolo_format\images\train\ccpd_green_train_0210373263889-89_263-203&334_465&415-462&408_212&415_203&341_465&334-0_0_3_24_29_33_30_33-88-111.jpg	finetune_quant_dataset/quant_1451.jpg	11FFBF0A93093257ACA0023657421F59E7689C4D11B35EAB9AC87D23C10DCC13	720	1160	0.551724137931	121	0
1452	other_all	old	train	train	0,3	D:\Yolo_LPR_RK3568_FPGA_Project\1_PC_Training\datasets\yolo_format\images\train\crpd_66_0716.jpg	finetune_quant_dataset/quant_1452.jpg	B2EB1690F99D0400366CF18717024791AD6B23D0EEA287A4564A7B5CE678B097	1600	1200	0.4	0	80
1453	other_all	special	val	教练车牌	3	D:\Yolo_LPR_RK3568_FPGA_Project\1_PC_Training\datasets\特殊车牌\image\教练车牌\粤S8587学.jpg	finetune_quant_dataset/quant_1453.jpg	511D9F5CEE026946DE85957BEC2F82C61DBF85311BA628D9189D59A6F18916F9	1600	1200	0.4	0	80
1454	yellow_single	old	train	train	2	D:\Yolo_LPR_RK3568_FPGA_Project\1_PC_Training\datasets\yolo_format\images\train\crpd_1 (142).jpg	finetune_quant_dataset/quant_1454.jpg	5FB32C8E3D5EF0BAC306510B3C93C19636CE13427E77AC10A8C0312BA8F3DF9E	1628	1236	0.39312039312	0	77
1455	other_all	special	train	警用车牌	3	D:\Yolo_LPR_RK3568_FPGA_Project\1_PC_Training\datasets\特殊车牌\image\警用车牌\粤03361警.jpg	finetune_quant_dataset/quant_1455.jpg	14DEF4A193FFEDD35FCBE3252E2D1BB5D29FC7AB7D2E501584D71B6F2950BCD1	1600	1200	0.4	0	80
1456	green	old	train	train	1	D:\Yolo_LPR_RK3568_FPGA_Project\1_PC_Training\datasets\yolo_format\images\train\ccpd_green_train_0293598090278-90_261-166&400_492&491-492&491_178&489_166&400_490&402-0_0_3_24_33_29_30_29-98-20.jpg	finetune_quant_dataset/quant_1456.jpg	0697458BF34360ED8F27CAA1DA423096428A93D321B9DA00A26120FC209009AD	720	1160	0.551724137931	121	0
1457	blue	old	train	train	0,0	D:\Yolo_LPR_RK3568_FPGA_Project\1_PC_Training\datasets\yolo_format\images\train\crpd_57_0272.jpg	finetune_quant_dataset/quant_1457.jpg	19B2F6CCD14D7D4335FE7A7DD5841FB0B2DB9C2C11BB8415742266F3777F8665	1600	1200	0.4	0	80
1458	other_all	old	train	train	3	D:\Yolo_LPR_RK3568_FPGA_Project\1_PC_Training\datasets\yolo_format\images\train\crpd_66_1660.jpg	finetune_quant_dataset/quant_1458.jpg	B5DF1DA464838655C6D1AA32927648E3170648C988430533EBDCCBA12EFB79CF	1920	1080	0.333333333333	0	140
1459	other_all	special	train	香港出入境车牌	3	D:\Yolo_LPR_RK3568_FPGA_Project\1_PC_Training\datasets\特殊车牌\image\香港出入境车牌\粤Z2779港.jpg	finetune_quant_dataset/quant_1459.jpg	C29CAC8D5B06BAF1BF7B8F17CE1915E0C9BF79432354139D23B11494C8F55959	1600	1200	0.4	0	80
1460	other_all	old	train	train	3	D:\Yolo_LPR_RK3568_FPGA_Project\1_PC_Training\datasets\yolo_format\images\train\crpd_54_0820.jpg	finetune_quant_dataset/quant_1460.jpg	B1AD0E19F109A82981C8B4F9E43AFC8FC9510D18C943B1C0121205111FC7E3AB	1600	1200	0.4	0	80
1461	blue	old	train	train	0,0,2	D:\Yolo_LPR_RK3568_FPGA_Project\1_PC_Training\datasets\yolo_format\images\train\crpd_39_0655.jpg	finetune_quant_dataset/quant_1461.jpg	20436AAEFA195973DD74E589ACEBBD0395474854FC31548792F7144ECA8681B5	1600	1200	0.4	0	80
1462	yellow_single	old	train	train	2	D:\Yolo_LPR_RK3568_FPGA_Project\1_PC_Training\datasets\yolo_format\images\train\crpd_62_0151.jpg	finetune_quant_dataset/quant_1462.jpg	BC721225E15A7C4AADBFF194028F6843FBCCADF4AFC94D2175DB49012A2FC2F6	1920	1080	0.333333333333	0	140
1463	green	old	train	train	1	D:\Yolo_LPR_RK3568_FPGA_Project\1_PC_Training\datasets\yolo_format\images\train\ccpd_green_train_05565212673611111-89_266-150&420_581&550-575&541_159&550_150&433_581&420-0_0_3_24_26_29_30_33-172-137.jpg	finetune_quant_dataset/quant_1463.jpg	B98A809B71A5B241FB3A9C32E73E4BFE0AA4B1FFCBAA8B4BCDE41B1D94FBC57C	720	1160	0.551724137931	121	0
1464	blue	old	train	train	0,0,2	D:\Yolo_LPR_RK3568_FPGA_Project\1_PC_Training\datasets\yolo_format\images\train\crpd_62_1915.jpg	finetune_quant_dataset/quant_1464.jpg	EB32A2E9C3AB763ECA41B0418DC1D26F13608F6EE32DD879D8A3941F9D71D3BB	1920	1080	0.333333333333	0	140
1465	green	old	train	train	1	D:\Yolo_LPR_RK3568_FPGA_Project\1_PC_Training\datasets\yolo_format\images\train\ccpd_green_train_00875-90_266-279&430_447&482-446&482_279&482_282&430_447&430-0_1_3_24_27_27_29_26-173-50.jpg	finetune_quant_dataset/quant_1465.jpg	CF95EF450E6EA26E0913D32D5CF8D6974832A2D48EBA83D460611AD677836105	720	1160	0.551724137931	121	0
1466	blue	old	train	train	0	D:\Yolo_LPR_RK3568_FPGA_Project\1_PC_Training\datasets\yolo_format\images\train\ccpd_blue_ccpd_weather_0204-5_29-290&517_501&598-501&598_317&579_290&517_474&536-0_0_16_26_17_32_31-98-100.jpg	finetune_quant_dataset/quant_1466.jpg	34999F2B26322E1B88FFC6355EEF096F6A5B145169DDE6966528B8BB92CE6A2A	720	1160	0.551724137931	121	0
1467	green	old	train	train	1	D:\Yolo_LPR_RK3568_FPGA_Project\1_PC_Training\datasets\yolo_format\images\train\ccpd_green_train_0271549479167-92_94-179&474_470&569-470&569_188&555_179&474_468&481-0_0_3_25_32_32_32_29-165-300.jpg	finetune_quant_dataset/quant_1467.jpg	988C85EBADE819A9BBF06EFFF5508B9B0BE6E12146BAC49C45975FC1B4614D6C	720	1160	0.551724137931	121	0
1468	other_all	old	train	train	0,3	D:\Yolo_LPR_RK3568_FPGA_Project\1_PC_Training\datasets\yolo_format\images\train\crpd_66_0677.jpg	finetune_quant_dataset/quant_1468.jpg	6AE1BFB3E184DA52E2876C19D81E1134A10F3241777ABF2CB5E37BC09D14C154	1920	1080	0.333333333333	0	140
1469	green	old	train	train	1	D:\Yolo_LPR_RK3568_FPGA_Project\1_PC_Training\datasets\yolo_format\images\train\ccpd_green_train_302769097222222222-90_92-207&494_497&590-495&586_207&590_209&494_497&495-10_0_3_24_32_26_32_32-132-190.jpg	finetune_quant_dataset/quant_1469.jpg	69F44FC0EB32C9A63F4C6F77A5442EA76D9B88A1A004DB16D9ADD1C5C6880FB4	720	1160	0.551724137931	121	0
1470	other_all	old	train	train	3	D:\Yolo_LPR_RK3568_FPGA_Project\1_PC_Training\datasets\yolo_format\images\train\crpd_66_1765.jpg	finetune_quant_dataset/quant_1470.jpg	869A70B9C8686AEA0D73217748CD5B96007AFC9C3D6E9434DC73AAFEC124791A	1920	1080	0.333333333333	0	140
1471	yellow_single	old	train	train	2	D:\Yolo_LPR_RK3568_FPGA_Project\1_PC_Training\datasets\yolo_format\images\train\crpd_46_0519.jpg	finetune_quant_dataset/quant_1471.jpg	E4830647C2AA76B802010B699EB37C77F9A999AB4D42F21ABA2419DE705445A6	1920	1080	0.333333333333	0	140
1472	other_all	special	test	警用车牌	3	D:\Yolo_LPR_RK3568_FPGA_Project\1_PC_Training\datasets\特殊车牌\image\警用车牌\粤C0656警.jpg	finetune_quant_dataset/quant_1472.jpg	00C8E504136C350D1F788EEEAE62D0E4898DAC1212FB8812F827BE7AF3006EA0	1600	1200	0.4	0	80
1473	other_all	old	train	train	3	D:\Yolo_LPR_RK3568_FPGA_Project\1_PC_Training\datasets\yolo_format\images\train\crpd_65_0193.jpg	finetune_quant_dataset/quant_1473.jpg	ACF2BD1CDCAB0A4C8B9EE0F27C1D00421EDB0C7090FCF4AB13194987DD20A324	1600	1200	0.4	0	80
1474	other_all	old	train	train	3	D:\Yolo_LPR_RK3568_FPGA_Project\1_PC_Training\datasets\yolo_format\images\train\crpd_66_0223.jpg	finetune_quant_dataset/quant_1474.jpg	796469FC7F91C30C7323EC390C42FBFA05AC72D8C4EA24202DC3F72F6A48CE80	1600	1200	0.4	0	80
1475	yellow_single	old	train	train	2	D:\Yolo_LPR_RK3568_FPGA_Project\1_PC_Training\datasets\yolo_format\images\train\crpd_44_0835.jpg	finetune_quant_dataset/quant_1475.jpg	B4393187C05C797D4F2B9B6A20A6559D062F856A5EE3E99C89F6CBFF22E35854	1920	1080	0.333333333333	0	140
1476	green	old	train	train	1	D:\Yolo_LPR_RK3568_FPGA_Project\1_PC_Training\datasets\yolo_format\images\train\ccpd_green_train_3023203125-91_98-220&409_484&497-484&497_235&489_220&413_475&409-0_0_3_27_32_33_33_26-133-346.jpg	finetune_quant_dataset/quant_1476.jpg	1CF433F228DF9C99E6E8C1BD7F045664900D20C72417E2ADBA4F9BB835B40EDD	720	1160	0.551724137931	121	0
1477	blue	old	train	train	0	D:\Yolo_LPR_RK3568_FPGA_Project\1_PC_Training\datasets\yolo_format\images\train\ccpd_blue_ccpd_tilt_0316-15_19-361&307_566&436-561&380_361&436_366&363_566&307-14_0_32_20_29_32_25-89-44.jpg	finetune_quant_dataset/quant_1477.jpg	15CB1FBBF41EC76D1643C44F28CFE5B0B965054C21F297623B9881A9A748BCFB	720	1160	0.551724137931	121	0
1478	green	old	train	train	1	D:\Yolo_LPR_RK3568_FPGA_Project\1_PC_Training\datasets\yolo_format\images\train\ccpd_green_train_302896050347222222-88_95-241&456_555&549-552&536_241&549_245&466_555&456-0_0_3_24_31_24_32_30-150-111.jpg	finetune_quant_dataset/quant_1478.jpg	48041726D97E17999F0B298F34BB394FD22ACF65C8FB9F543C5F86B59F7EB352	720	1160	0.551724137931	121	0
1479	other_all	old	train	train	3	D:\Yolo_LPR_RK3568_FPGA_Project\1_PC_Training\datasets\yolo_format\images\train\crpd_66_0397.jpg	finetune_quant_dataset/quant_1479.jpg	EF60DCCA676AF8B9933F218C94A547A4C008D2E6DE7C23CBA5A36F88D47A6D63	1600	1200	0.4	0	80
1480	other_all	special	train	警用车牌	3	D:\Yolo_LPR_RK3568_FPGA_Project\1_PC_Training\datasets\特殊车牌\image\警用车牌\粤S1175警.jpg	finetune_quant_dataset/quant_1480.jpg	399722FDF94D0C1A990169CD2F1F00BDE9080AF6E5BA060F64140396695BFE2D	1600	1200	0.4	0	80
1481	other_all	special	train	香港出入境车牌	3	D:\Yolo_LPR_RK3568_FPGA_Project\1_PC_Training\datasets\特殊车牌\image\香港出入境车牌\粤Z843Z港.jpg	finetune_quant_dataset/quant_1481.jpg	2648D25454063CCDFFF2E827E536E43CB3B7B4C8A844B24D06FC24EE8B2EBBCB	1600	1200	0.4	0	80
1482	other_all	special	train	教练车牌	3	D:\Yolo_LPR_RK3568_FPGA_Project\1_PC_Training\datasets\特殊车牌\image\教练车牌\粤S3930学.jpg	finetune_quant_dataset/quant_1482.jpg	B22333D9DF7AF1D4BD5DACACDF56E1968B18B7F76EB05D646E515593AA1CF351	1600	1200	0.4	0	80
1483	blue	old	train	train	0	D:\Yolo_LPR_RK3568_FPGA_Project\1_PC_Training\datasets\yolo_format\images\train\crpd_47_0940.jpg	finetune_quant_dataset/quant_1483.jpg	2105E55A49BBDAFA63EA773A4FC059EE9DFEA9054D468034AE68CC650E0AB85F	1920	1080	0.333333333333	0	140
1484	other_all	old	train	train	3	D:\Yolo_LPR_RK3568_FPGA_Project\1_PC_Training\datasets\yolo_format\images\train\crpd_66_0584.jpg	finetune_quant_dataset/quant_1484.jpg	1454E633C6E1CEF8CF40DB904AE30CBDEF6D394796B017FB7FB3DB5F9AD59B7F	1920	1080	0.333333333333	0	140
1485	other_all	old	train	train	3	D:\Yolo_LPR_RK3568_FPGA_Project\1_PC_Training\datasets\yolo_format\images\train\crpd_66_0307.jpg	finetune_quant_dataset/quant_1485.jpg	19A65B11E98229FFAA6A7B9B5A2FCD18C68B50A5D375499D27D2CB8C468CF9E0	1920	1080	0.333333333333	0	140
1486	green	old	train	train	1	D:\Yolo_LPR_RK3568_FPGA_Project\1_PC_Training\datasets\yolo_format\images\train\ccpd_green_train_3025625-91_103-210&450_498&540-498&540_230&531_210&455_481&450-0_0_3_24_28_24_31_30-72-205.jpg	finetune_quant_dataset/quant_1486.jpg	3BA07E8F04425CCFE187C135FC3894859938704D4DC5F3CAC4C695A8546B8095	720	1160	0.551724137931	121	0
1487	blue	old	train	train	0	D:\Yolo_LPR_RK3568_FPGA_Project\1_PC_Training\datasets\yolo_format\images\train\ccpd_blue_ccpd_db_0354-0_4-237&476_482&597-482&597_245&593_237&476_474&480-0_0_20_0_27_30_27-198-10.jpg	finetune_quant_dataset/quant_1487.jpg	3F1E397E5D7F112AC1DC779AF5820BA6CF2E9680A22736B1186A46FD265026B8	720	1160	0.551724137931	121	0
1488	yellow_single	old	train	train	2	D:\Yolo_LPR_RK3568_FPGA_Project\1_PC_Training\datasets\yolo_format\images\train\crpd_54_0056.jpg	finetune_quant_dataset/quant_1488.jpg	2E472BFDA21626F671D6E263D391077198B9DE90230F652D80A9231122F83E42	1600	1200	0.4	0	80
1489	green	old	train	train	1	D:\Yolo_LPR_RK3568_FPGA_Project\1_PC_Training\datasets\yolo_format\images\train\ccpd_green_train_01796875-90_266-206&410_436&489-426&489_206&489_211&410_436&413-0_0_3_24_33_33_33_25-152-13.jpg	finetune_quant_dataset/quant_1489.jpg	A8B888E1A16551636583F7B154BE1DC2D784C67309AE9941BA91E44FED20696D	720	1160	0.551724137931	121	0
1490	green	old	train	train	1	D:\Yolo_LPR_RK3568_FPGA_Project\1_PC_Training\datasets\yolo_format\images\train\ccpd_green_train_0270703125-90_267-195&419_492&511-492&511_198&511_195&421_489&419-0_0_3_24_24_27_26_32-105-104.jpg	finetune_quant_dataset/quant_1490.jpg	A11ADAD2B2352ABE97F5A64E90934F1FFE7A86BCC50779535AFF25A1E8E420FF	720	1160	0.551724137931	121	0
1491	other_all	old	train	train	3	D:\Yolo_LPR_RK3568_FPGA_Project\1_PC_Training\datasets\yolo_format\images\train\crpd_66_0632.jpg	finetune_quant_dataset/quant_1491.jpg	A5A3CD903AB56BCB8BAA90F1BE31A9504C4D5976141E359DF139F0C098E1F77C	1920	1080	0.333333333333	0	140
1492	blue	old	train	train	0	D:\Yolo_LPR_RK3568_FPGA_Project\1_PC_Training\datasets\yolo_format\images\train\ccpd_blue_ccpd_db_0511-16_10-320&477_592&634-583&634_320&556_329&477_592&555-0_0_15_10_32_33_30-34-4.jpg	finetune_quant_dataset/quant_1492.jpg	F510BCA5F28AC4621E8B773D5BD395C40801FD4085FF98BBB4345E29A2EDC528	720	1160	0.551724137931	121	0
1493	green	old	train	train	1	D:\Yolo_LPR_RK3568_FPGA_Project\1_PC_Training\datasets\yolo_format\images\train\ccpd_green_train_304-91_91-135&439_519&544-517&544_143&536_135&439_519&448-0_0_3_24_27_32_31_31-72-141.jpg	finetune_quant_dataset/quant_1493.jpg	4CE8522CE4FF8F30DC51FDFD886F655DEC97C7D35483F9A5A1E93B9A04754EB2	720	1160	0.551724137931	121	0
1494	other_all	old	train	train	3	D:\Yolo_LPR_RK3568_FPGA_Project\1_PC_Training\datasets\yolo_format\images\train\crpd_62_0302.jpg	finetune_quant_dataset/quant_1494.jpg	66E1B511DA4BA74A7F3FBA227067B18F426F263F12D31727B1E68DB95DD84BEB	1920	1080	0.333333333333	0	140
1495	green	old	train	train	1	D:\Yolo_LPR_RK3568_FPGA_Project\1_PC_Training\datasets\yolo_format\images\train\ccpd_green_train_0213888888889-88_90-286&422_542&506-540&501_286&506_286&432_542&422-0_0_3_24_26_25_30_27-93-36.jpg	finetune_quant_dataset/quant_1495.jpg	36FA975CEE25A84E47898FDA79DA5FE0C45A502D9B0654AD4F5F958DABDA1454	720	1160	0.551724137931	121	0
1496	blue	old	train	train	0	D:\Yolo_LPR_RK3568_FPGA_Project\1_PC_Training\datasets\yolo_format\images\train\ccpd_blue_ccpd_blur_0469-19_17-273&419_497&594-494&594_273&515_276&419_497&498-0_0_2_22_26_25_28-30-3.jpg	finetune_quant_dataset/quant_1496.jpg	B87FECA48711327566B37E9A495B1F3E17E8796CA186455556032AFE5B3D6A16	720	1160	0.551724137931	121	0
1497	yellow_single	old	train	train	2	D:\Yolo_LPR_RK3568_FPGA_Project\1_PC_Training\datasets\yolo_format\images\train\crpd_45_0710.jpg	finetune_quant_dataset/quant_1497.jpg	0F600106DC615EFDCAACEF21EBDFA0BD30BF4F0D50379A5CB1D093C4D57E46DA	1920	1080	0.333333333333	0	140
1498	green	old	train	train	1	D:\Yolo_LPR_RK3568_FPGA_Project\1_PC_Training\datasets\yolo_format\images\train\ccpd_green_train_0179861111111-90_269-244&438_468&519-468&509_245&519_244&442_465&438-0_0_3_24_31_30_29_32-159-128.jpg	finetune_quant_dataset/quant_1498.jpg	FDCEE808B6EFBD63468358AE07E240B85AE7FF98480F0207493C6410DC662FBB	720	1160	0.551724137931	121	0
1499	other_all	special	train	警用车牌	3	D:\Yolo_LPR_RK3568_FPGA_Project\1_PC_Training\datasets\特殊车牌\image\警用车牌\粤C5058警.jpg	finetune_quant_dataset/quant_1499.jpg	01F9F445C6D25E841FB519001800B8B1BDE8620B899CE9D3337B33AD91B50F30	1600	1200	0.4	0	80
1500	blue	old	train	train	0	D:\Yolo_LPR_RK3568_FPGA_Project\1_PC_Training\datasets\yolo_format\images\train\ccpd_blue_ccpd_fn_0078-5_24-308&520_415&581-415&581_326&572_308&520_397&529-0_0_3_31_26_24_11-118-14.jpg	finetune_quant_dataset/quant_1500.jpg	ACFA844C358D90BFC00D3CA799E7FF055AA16F07A36FC4306422EBBDA0B5343F	720	1160	0.551724137931	121	0
1501	other_all	old	train	train	0,3	D:\Yolo_LPR_RK3568_FPGA_Project\1_PC_Training\datasets\yolo_format\images\train\crpd_66_1748.jpg	finetune_quant_dataset/quant_1501.jpg	9685865878BCC60B8624DDAEE9C928FD8AD527B26F77A5DBD14202AC88954D11	1920	1080	0.333333333333	0	140
1502	other_all	old	train	train	3	D:\Yolo_LPR_RK3568_FPGA_Project\1_PC_Training\datasets\yolo_format\images\train\crpd_66_1781.jpg	finetune_quant_dataset/quant_1502.jpg	A8A3D9609B0B7BA953F097AE9287D83335083A13D146B4E35725D449231BCC57	1920	1080	0.333333333333	0	140
1503	other_all	old	train	train	0,3	D:\Yolo_LPR_RK3568_FPGA_Project\1_PC_Training\datasets\yolo_format\images\train\crpd_66_0636.jpg	finetune_quant_dataset/quant_1503.jpg	910247620D66921F9E9D0E4798A9522F830739C3BFD1DB7FF80A35202805BAD1	1920	1080	0.333333333333	0	140
1504	green	old	train	train	1	D:\Yolo_LPR_RK3568_FPGA_Project\1_PC_Training\datasets\yolo_format\images\train\ccpd_green_train_015625-90_268-250&425_475&495-473&492_252&495_250&427_475&425-0_0_3_24_29_26_26_32-225-21.jpg	finetune_quant_dataset/quant_1504.jpg	7691401F52C98BCEF3D7A3BF80DEFEF76B102CDD3E952771F28A2529522FDAAD	720	1160	0.551724137931	121	0
1505	blue	old	train	train	0	D:\Yolo_LPR_RK3568_FPGA_Project\1_PC_Training\datasets\yolo_format\images\train\crpd_42_0012.jpg	finetune_quant_dataset/quant_1505.jpg	F1E5C7BA97DC6FA566DF50E491D253A2B405C02AC8B638D73AB7C04051EE66AB	1920	1080	0.333333333333	0	140
1506	other_all	old	train	train	3	D:\Yolo_LPR_RK3568_FPGA_Project\1_PC_Training\datasets\yolo_format\images\train\crpd_66_1641.jpg	finetune_quant_dataset/quant_1506.jpg	B8CB834F0B0FC841D9CF75E50C62138D3DF59D0A961924FBDD73CD37AC670135	1920	1080	0.333333333333	0	140
1507	other_all	special	train	香港出入境车牌	3	D:\Yolo_LPR_RK3568_FPGA_Project\1_PC_Training\datasets\特殊车牌\image\香港出入境车牌\粤Z4J37港.jpg	finetune_quant_dataset/quant_1507.jpg	7237D4476EF2294FF2065F4B1E47A33C31C6EC6F48DF782F14235EA54A0C1F22	1600	1200	0.4	0	80
1508	other_all	special	train	教练车牌	3	D:\Yolo_LPR_RK3568_FPGA_Project\1_PC_Training\datasets\特殊车牌\image\教练车牌\粤S4332学.jpg	finetune_quant_dataset/quant_1508.jpg	FB72E70A92857292F5EF0D6BEC2457EBE6D36761200D08ACD0545450A33FF972	1600	1200	0.4	0	80
1509	yellow_single	old	train	train	2	D:\Yolo_LPR_RK3568_FPGA_Project\1_PC_Training\datasets\yolo_format\images\train\crpd_1 (582).jpg	finetune_quant_dataset/quant_1509.jpg	B53E23C0023595A8893FC6DFC79BA930639EBBD012C6672920DB079D816770F6	1628	1236	0.39312039312	0	77
1510	blue	old	train	train	0	D:\Yolo_LPR_RK3568_FPGA_Project\1_PC_Training\datasets\yolo_format\images\train\ccpd_blue_ccpd_rotate_0699-27_9-165&419_427&642-427&525_199&642_165&536_393&419-0_0_0_29_30_24_6-164-57.jpg	finetune_quant_dataset/quant_1510.jpg	F1FE3715E8062044AF8DBC79A496668C84CF12D6316FD5749C0483FDC0A1D899	720	1160	0.551724137931	121	0
1511	other_all	special	train	警用车牌	3	D:\Yolo_LPR_RK3568_FPGA_Project\1_PC_Training\datasets\特殊车牌\image\警用车牌\粤C0669警.jpg	finetune_quant_dataset/quant_1511.jpg	8F00FF4BDB32AC0EB329A4D87E6EC8E19F00B5E6171D77E4CD222DD9A13FD02E	1600	1200	0.4	0	80
1512	yellow_single	old	train	train	2	D:\Yolo_LPR_RK3568_FPGA_Project\1_PC_Training\datasets\yolo_format\images\train\crpd_1 (714).jpg	finetune_quant_dataset/quant_1512.jpg	A8498474E935244069FF8880EB1F6AA4D6AF67723828E69F51CB13BBBFE56276	1628	1236	0.39312039312	0	77
1513	blue	old	train	train	0	D:\Yolo_LPR_RK3568_FPGA_Project\1_PC_Training\datasets\yolo_format\images\train\ccpd_blue_ccpd_base_0178879310345-83_94-375&431_571&527-584&508_380&536_376&462_580&434-0_0_25_26_30_8_25-131-54.jpg	finetune_quant_dataset/quant_1513.jpg	B1574A30A415E05B1F5E8115EF38FD527FD89B38708AF3C0C80EC0CAC22A49B5	720	1160	0.551724137931	121	0
1514	green	old	train	train	1	D:\Yolo_LPR_RK3568_FPGA_Project\1_PC_Training\datasets\yolo_format\images\train\ccpd_green_train_303177083333333333-91_99-175&466_541&553-528&553_194&543_175&466_541&472-0_0_3_24_33_33_26_29-72-304.jpg	finetune_quant_dataset/quant_1514.jpg	336956EBD79EC00B19221E366C9C962234B6CB1C61E4223B3965675D3228237D	720	1160	0.551724137931	121	0
1515	yellow_single	old	train	train	2	D:\Yolo_LPR_RK3568_FPGA_Project\1_PC_Training\datasets\yolo_format\images\train\crpd_46_0772.jpg	finetune_quant_dataset/quant_1515.jpg	BD46E5C820F951F1788B3E078DADFAE7D9BF7362F26C3D4831DB0794D2CE99AD	1600	1200	0.4	0	80
1516	blue	old	train	train	0,0,0	D:\Yolo_LPR_RK3568_FPGA_Project\1_PC_Training\datasets\yolo_format\images\train\crpd_36_0879.jpg	finetune_quant_dataset/quant_1516.jpg	D844C447B9A110FAABCBC5C4AE117A765A89672354F8855C8755AE2DBA99FDAC	1920	1080	0.333333333333	0	140
1517	other_all	old	train	train	3	D:\Yolo_LPR_RK3568_FPGA_Project\1_PC_Training\datasets\yolo_format\images\train\crpd_66_1139.jpg	finetune_quant_dataset/quant_1517.jpg	AA5821EDF9F92ACC38D3D1CABC5EE6C8E140A78DFBF4E6A527EB26A10BC42467	1600	1200	0.4	0	80
1518	yellow_single	old	train	train	2	D:\Yolo_LPR_RK3568_FPGA_Project\1_PC_Training\datasets\yolo_format\images\train\crpd_1 (851).jpg	finetune_quant_dataset/quant_1518.jpg	D4B10A61F2002A0A27B7DBDB75A9E27B50505845A895FF5B601DC311D4A521D8	1628	1236	0.39312039312	0	77
1519	green	old	train	train	1	D:\Yolo_LPR_RK3568_FPGA_Project\1_PC_Training\datasets\yolo_format\images\train\ccpd_green_train_30203125-93_269-264&462_498&550-487&550_264&546_268&462_498&478-0_0_3_24_31_24_32_30-148-86.jpg	finetune_quant_dataset/quant_1519.jpg	D8EB4FCB5F1F3CB9E263A71F21159227F5D1EC8B94CAE13E2EE0F632A7FCBF06	720	1160	0.551724137931	121	0
1520	green	old	train	train	1	D:\Yolo_LPR_RK3568_FPGA_Project\1_PC_Training\datasets\yolo_format\images\train\ccpd_green_train_0230034722222-90_267-244&414_509&502-507&502_244&502_248&414_509&419-0_0_3_17_24_33_25_32-153-11.jpg	finetune_quant_dataset/quant_1520.jpg	B933C018A10EB5B0AEC8D6FA8FA68934C83C96655F47305FDDBBC4AE0701CB74	720	1160	0.551724137931	121	0
1521	blue	old	train	train	0	D:\Yolo_LPR_RK3568_FPGA_Project\1_PC_Training\datasets\yolo_format\images\train\crpd_53_0469.jpg	finetune_quant_dataset/quant_1521.jpg	5448A5A1B181E6E7083E68456133EFE7036403FE7BDAE216F6376B56803D24B7	1600	1200	0.4	0	80
1522	other_all	special	test	教练车牌	3	D:\Yolo_LPR_RK3568_FPGA_Project\1_PC_Training\datasets\特殊车牌\image\教练车牌\粤C2778学.jpg	finetune_quant_dataset/quant_1522.jpg	F251EC7F5C87E625AE030CA3FF8F01C9A2A67D919BB52133125BBA7B9D46684F	1600	1200	0.4	0	80
1523	yellow_single	old	train	train	2	D:\Yolo_LPR_RK3568_FPGA_Project\1_PC_Training\datasets\yolo_format\images\train\crpd_66_0641.jpg	finetune_quant_dataset/quant_1523.jpg	DF5B6817DB0933F319A40E75905D50D0760F65924414E504C6F2CC734502804C	1600	1200	0.4	0	80
1524	other_all	special	train	教练车牌	3	D:\Yolo_LPR_RK3568_FPGA_Project\1_PC_Training\datasets\特殊车牌\image\教练车牌\粤S3357学.jpg	finetune_quant_dataset/quant_1524.jpg	B6A182E9A57726D684479D33B5B7F6D6B080C95C2565848FFA93B81DF67D16E7	1600	1200	0.4	0	80
1525	green	old	train	train	1	D:\Yolo_LPR_RK3568_FPGA_Project\1_PC_Training\datasets\yolo_format\images\train\ccpd_green_train_0178125-90_265-246&402_462&485-458&478_246&485_252&402_462&402-0_0_3_24_33_29_33_29-127-67.jpg	finetune_quant_dataset/quant_1525.jpg	BCA98322D5C401942B3C252FF6D2149675DBEAD864A19A63B5F626DEE2795CB4	720	1160	0.551724137931	121	0
1526	yellow_single	old	train	train	2	D:\Yolo_LPR_RK3568_FPGA_Project\1_PC_Training\datasets\yolo_format\images\train\crpd_54_0145.jpg	finetune_quant_dataset/quant_1526.jpg	B18796D93FEA1A07428A7F84994D04E282170318FF71C021D36EF0F2A6810DBC	1920	1080	0.333333333333	0	140
1527	blue	old	train	train	0	D:\Yolo_LPR_RK3568_FPGA_Project\1_PC_Training\datasets\yolo_format\images\train\crpd_45_1540.jpg	finetune_quant_dataset/quant_1527.jpg	D1661520AF35AF0ABDCF269E4CAFBCD22022C28F6BBE94F46471C583BB46F973	1920	1080	0.333333333333	0	140
1528	other_all	old	train	train	3	D:\Yolo_LPR_RK3568_FPGA_Project\1_PC_Training\datasets\yolo_format\images\train\crpd_66_1551.jpg	finetune_quant_dataset/quant_1528.jpg	6FFE2EEE4B8BFEAC61151D53C40AB4672B9E84CAF5E362071D5449B70C4A39DF	1920	1080	0.333333333333	0	140
1529	other_all	special	train	警用车牌	3	D:\Yolo_LPR_RK3568_FPGA_Project\1_PC_Training\datasets\特殊车牌\image\警用车牌\粤A9022警.jpg	finetune_quant_dataset/quant_1529.jpg	341B5B2CA36D50948FDB85F07385768CC96DBA1BF9135ACC5204579C40348205	1600	1200	0.4	0	80
1530	yellow_single	old	train	train	2	D:\Yolo_LPR_RK3568_FPGA_Project\1_PC_Training\datasets\yolo_format\images\train\crpd_66_0249.jpg	finetune_quant_dataset/quant_1530.jpg	4A83944FA3FBC84D93F0AA5345C8C169FC8DA113CD1921CE50FA97B93C6D5CAB	1920	1080	0.333333333333	0	140
1531	other_all	old	train	train	3	D:\Yolo_LPR_RK3568_FPGA_Project\1_PC_Training\datasets\yolo_format\images\train\crpd_66_1039.jpg	finetune_quant_dataset/quant_1531.jpg	F10C07A2479FE222A609C343489207AF9E44163D333351691AE8F3CD1875C867	1920	1080	0.333333333333	0	140
1532	other_all	old	train	train	3	D:\Yolo_LPR_RK3568_FPGA_Project\1_PC_Training\datasets\yolo_format\images\train\crpd_66_0749.jpg	finetune_quant_dataset/quant_1532.jpg	D3CA5A2CE857B7AF5B933E88088EFE56D1C6569CCCD507D53EFDDCEC307D7DFD	1600	1200	0.4	0	80
1533	blue	old	train	train	0	D:\Yolo_LPR_RK3568_FPGA_Project\1_PC_Training\datasets\yolo_format\images\train\ccpd_blue_ccpd_challenge_0071-5_8-244&506_347&564-335&564_244&556_256&506_347&514-0_0_20_26_26_27_16-98-31.jpg	finetune_quant_dataset/quant_1533.jpg	18CB5D8C7824CEBC8CAE176050D549815B026FEAE4AEBB0FF531454F93C6C1F2	720	1160	0.551724137931	121	0
1534	blue	old	train	train	0,0,2	D:\Yolo_LPR_RK3568_FPGA_Project\1_PC_Training\datasets\yolo_format\images\train\crpd_65_0727.jpg	finetune_quant_dataset/quant_1534.jpg	23A24E86F29E47F2425D8AE51A88C11DB5A65F071B871085E8F7442898207E49	1920	1080	0.333333333333	0	140
1535	green	old	train	train	1	D:\Yolo_LPR_RK3568_FPGA_Project\1_PC_Training\datasets\yolo_format\images\train\ccpd_green_train_0326453993056-90_263-142&404_449&512-435&500_142&512_153&404_449&409-0_0_3_26_26_33_31_31-148-75.jpg	finetune_quant_dataset/quant_1535.jpg	CC4200D6991ABEF358F4D8880ABCD59BE98022256851D0C55E4D6F46D8F4B77E	720	1160	0.551724137931	121	0
1536	other_all	old	train	train	3	D:\Yolo_LPR_RK3568_FPGA_Project\1_PC_Training\datasets\yolo_format\images\train\crpd_66_1143.jpg	finetune_quant_dataset/quant_1536.jpg	5507D8E4EC30FE6D9DEE66FA4BFFCC23B3A7977590D00C0403F46AF4E903DBA4	1600	1200	0.4	0	80
1537	blue	old	train	train	0,0	D:\Yolo_LPR_RK3568_FPGA_Project\1_PC_Training\datasets\yolo_format\images\train\crpd_35_0217.jpg	finetune_quant_dataset/quant_1537.jpg	A9AD6525122696C6F86BF31261065223C0B7AD0F6CFD37C030DF25DECFA35136	1920	1080	0.333333333333	0	140
1538	green	old	train	train	1	D:\Yolo_LPR_RK3568_FPGA_Project\1_PC_Training\datasets\yolo_format\images\train\ccpd_green_train_0252690972222-90_267-164&480_448&570-448&570_167&570_164&484_446&480-0_0_3_25_24_32_32_32-89-149.jpg	finetune_quant_dataset/quant_1538.jpg	11949B2A03A9BDE8CF9A66E7AEA6F8C71CB61F701568E46F2AFF5D27808C1473	720	1160	0.551724137931	121	0
1539	other_all	old	train	train	3	D:\Yolo_LPR_RK3568_FPGA_Project\1_PC_Training\datasets\yolo_format\images\train\crpd_66_0184.jpg	finetune_quant_dataset/quant_1539.jpg	B524C3D144E2522414DEA49CA0A2BFC18EB854484EE58F10C9DF40E8F6418808	1920	1080	0.333333333333	0	140
1540	blue	old	train	train	0,2	D:\Yolo_LPR_RK3568_FPGA_Project\1_PC_Training\datasets\yolo_format\images\train\crpd_65_0491.jpg	finetune_quant_dataset/quant_1540.jpg	F3EF1B3A800DBBA0D8041D33D66DCC20E0C2EA2454A5787F53F73577EDF3C68E	1920	1080	0.333333333333	0	140
1541	other_all	special	train	香港出入境车牌	3	D:\Yolo_LPR_RK3568_FPGA_Project\1_PC_Training\datasets\特殊车牌\image\香港出入境车牌\粤Z878L港.jpg	finetune_quant_dataset/quant_1541.jpg	0B566C7C18C6384F781855651FE09ADB5BD5CA9153B16D43046C698A4D249EC5	1600	1200	0.4	0	80
1542	green	old	train	train	1	D:\Yolo_LPR_RK3568_FPGA_Project\1_PC_Training\datasets\yolo_format\images\train\ccpd_green_train_0308072916667-90_91-209&479_521&578-521&578_209&574_209&481_520&479-0_0_3_17_25_28_31_33-100-42.jpg	finetune_quant_dataset/quant_1542.jpg	82E2E1E96D79A9921741158F461EA033C909811BE1E1F8BF6E8931641C01CF88	720	1160	0.551724137931	121	0
1543	blue	old	train	train	0	D:\Yolo_LPR_RK3568_FPGA_Project\1_PC_Training\datasets\yolo_format\images\train\ccpd_blue_ccpd_tilt_0540-30_37-236&420_448&633-448&633_249&517_236&420_435&536-0_5_7_32_32_32_21-82-373.jpg	finetune_quant_dataset/quant_1543.jpg	FF3A644D974D40E4883D76A7427F64947E4DC09C257C4AE5AD76F0C8DBA70CD9	720	1160	0.551724137931	121	0
1544	other_all	special	train	警用车牌	3	D:\Yolo_LPR_RK3568_FPGA_Project\1_PC_Training\datasets\特殊车牌\image\警用车牌\粤C0667警.jpg	finetune_quant_dataset/quant_1544.jpg	964C9806313A38D2C4799E9E58749438337484DE3CDCD2798EAAEE9A3AEBE6DA	1600	1200	0.4	0	80
1545	blue	old	train	train	0	D:\Yolo_LPR_RK3568_FPGA_Project\1_PC_Training\datasets\yolo_format\images\train\ccpd_blue_ccpd_challenge_0194-5_13-241&501_432&586-432&586_251&569_241&501_422&518-10_0_19_0_25_32_24-92-5.jpg	finetune_quant_dataset/quant_1545.jpg	CC1F46C55C226E7673800A1F999B714D521BD7C0F2A0A2EF8C26FAFEE6D2FFA0	720	1160	0.551724137931	121	0
1546	blue	old	train	train	0	D:\Yolo_LPR_RK3568_FPGA_Project\1_PC_Training\datasets\yolo_format\images\train\ccpd_blue_ccpd_base_0227909482759-90_89-284&391_555&486-542&488_291&502_298&393_549&379-0_0_12_24_7_29_30-85-59.jpg	finetune_quant_dataset/quant_1546.jpg	EF031BA4C8240E2A1D3F17D65FEA5E04807D403A8CEC2384733B7ABC932BA88B	720	1160	0.551724137931	121	0
1547	green	old	train	train	1	D:\Yolo_LPR_RK3568_FPGA_Project\1_PC_Training\datasets\yolo_format\images\train\ccpd_green_train_3028116319444444444-90_101-215&457_531&547-531&542_241&547_215&462_517&457-0_0_3_25_32_26_30_32-129-194.jpg	finetune_quant_dataset/quant_1547.jpg	1FC90A5E0C26D7E4527DB52238F395E1EEF9207F2E6FED9AFB667AFF5A366173	720	1160	0.551724137931	121	0
1548	yellow_single	old	train	train	2	D:\Yolo_LPR_RK3568_FPGA_Project\1_PC_Training\datasets\yolo_format\images\train\crpd_61_0496.jpg	finetune_quant_dataset/quant_1548.jpg	D5A7B8CD18DF88DDE2FF93D5F5E2EDE2AA99643E9DB1F38A11A2F4B82B217085	1920	1080	0.333333333333	0	140
1549	blue	old	train	train	0,0	D:\Yolo_LPR_RK3568_FPGA_Project\1_PC_Training\datasets\yolo_format\images\train\crpd_40_0690.jpg	finetune_quant_dataset/quant_1549.jpg	04F8F726FD25DE189F327F94E31D722E86FE940A3A11DE58B883A725E077CB3B	1920	1080	0.333333333333	0	140
1550	blue	old	train	train	0	D:\Yolo_LPR_RK3568_FPGA_Project\1_PC_Training\datasets\yolo_format\images\train\ccpd_blue_ccpd_db_0399-2_12-134&437_427&551-427&551_154&541_134&437_407&447-0_0_17_6_25_32_24-29-2.jpg	finetune_quant_dataset/quant_1550.jpg	AEA1BA0B15123CE0FF3FBE23AF738B9E0241F6DA60E0BC855185C31A4700B35D	720	1160	0.551724137931	121	0
1551	blue	old	train	train	0	D:\Yolo_LPR_RK3568_FPGA_Project\1_PC_Training\datasets\yolo_format\images\train\ccpd_blue_ccpd_challenge_0125-0_2-325&457_479&525-477&523_325&525_327&459_479&457-0_0_12_0_33_24_27-128-8.jpg	finetune_quant_dataset/quant_1551.jpg	216919F935C5655D9DA4E5F5628635BFA067864B357B22B0A35F9A202D1FA5E1	720	1160	0.551724137931	121	0
1552	blue	old	train	train	0,0,0	D:\Yolo_LPR_RK3568_FPGA_Project\1_PC_Training\datasets\yolo_format\images\train\crpd_53_0413.jpg	finetune_quant_dataset/quant_1552.jpg	FCE77FB3EB999C41487BB79A6B5F8B510DFFCB021466528111D024075B5AC832	1920	1080	0.333333333333	0	140
1553	green	old	train	train	1	D:\Yolo_LPR_RK3568_FPGA_Project\1_PC_Training\datasets\yolo_format\images\train\ccpd_green_train_013958333333333333-90_268-239&482_440&552-440&550_241&552_239&482_439&484-0_0_5_25_25_31_31_31-157-48.jpg	finetune_quant_dataset/quant_1553.jpg	169FAC90DA6A12365E088C44E378F58177F90A81BD819B0749643BF69B242B73	720	1160	0.551724137931	121	0
1554	yellow_single	old	train	train	2	D:\Yolo_LPR_RK3568_FPGA_Project\1_PC_Training\datasets\yolo_format\images\train\crpd_57_0512.jpg	finetune_quant_dataset/quant_1554.jpg	D6EDDC58B0BE1B79B9CFEF99A72174773875C476536CDE9D682F75F23E839015	1920	1080	0.333333333333	0	140
1555	green	old	train	train	1	D:\Yolo_LPR_RK3568_FPGA_Project\1_PC_Training\datasets\yolo_format\images\train\ccpd_green_train_3013387586805555556-88_94-245&468_444&536-443&527_245&536_246&470_444&468-0_0_3_25_26_32_26_25-118-41.jpg	finetune_quant_dataset/quant_1555.jpg	B364FF33B6AD64AB4D7F239CD90D6C1FF834B6662459A2A4C0588E4E36405B2C	720	1160	0.551724137931	121	0
1556	other_all	special	train	澳门出入境车牌	3	D:\Yolo_LPR_RK3568_FPGA_Project\1_PC_Training\datasets\特殊车牌\image\澳门出入境车牌\粤Z8318澳.jpg	finetune_quant_dataset/quant_1556.jpg	572F4A6351A366BD8A4FA36E7B9D8B1108B696141E0E36B95EECBB2D29FED3C8	1600	1200	0.4	0	80
1557	green	old	train	train	1	D:\Yolo_LPR_RK3568_FPGA_Project\1_PC_Training\datasets\yolo_format\images\train\ccpd_green_train_00716145833333-91_90-310&397_460&445-460&445_310&442_310&397_460&400-0_0_3_24_30_32_24_33-140-41.jpg	finetune_quant_dataset/quant_1557.jpg	A6469E705E39CB6694DA556E8FA34A765BB0CBF686137EE5D0881B975AE44B33	720	1160	0.551724137931	121	0
1558	blue	old	train	train	0	D:\Yolo_LPR_RK3568_FPGA_Project\1_PC_Training\datasets\yolo_format\images\train\ccpd_blue_ccpd_fn_0052-0_1-274&521_389&559-389&559_275&559_274&521_388&521-0_0_15_27_26_27_24-67-15.jpg	finetune_quant_dataset/quant_1558.jpg	36200D8CB44530C859FE221BBE2C097353A81BF2929B8FC71C004A4DB00D28ED	720	1160	0.551724137931	121	0
1559	green	old	train	train	1	D:\Yolo_LPR_RK3568_FPGA_Project\1_PC_Training\datasets\yolo_format\images\train\ccpd_green_train_303568033854166667-88_99-178&468_517&574-507&561_183&574_178&471_517&468-0_0_3_26_32_32_24_30-169-135.jpg	finetune_quant_dataset/quant_1559.jpg	AD88BCAAE32877F04AF28ECFA2BA3F0575706313378CF134C535DB5A5334F8F7	720	1160	0.551724137931	121	0
1560	blue	old	train	train	0,0	D:\Yolo_LPR_RK3568_FPGA_Project\1_PC_Training\datasets\yolo_format\images\train\crpd_56_0581.jpg	finetune_quant_dataset/quant_1560.jpg	8F59E46989D5DC45C9CADA867929569E64076CDA7F01D973378898204F35A205	1920	1080	0.333333333333	0	140
1561	green	old	train	train	1	D:\Yolo_LPR_RK3568_FPGA_Project\1_PC_Training\datasets\yolo_format\images\train\ccpd_green_train_3013828125-90_93-295&500_511&564-511&564_302&562_295&500_508&501-0_0_3_27_25_27_25_32-115-54.jpg	finetune_quant_dataset/quant_1561.jpg	4FDC154065BCD770D7D401F37D30E09636CE419CB3655B9A72E87137007A24B8	720	1160	0.551724137931	121	0
1562	yellow_single	old	train	train	2	D:\Yolo_LPR_RK3568_FPGA_Project\1_PC_Training\datasets\yolo_format\images\train\crpd_45_1396.jpg	finetune_quant_dataset/quant_1562.jpg	9695B85CC2E2982F21F9D8336BAE0B8AF02962F16F1FAB6B0634D45C3F4BC260	1920	1080	0.333333333333	0	140
1563	yellow_single	old	train	train	2	D:\Yolo_LPR_RK3568_FPGA_Project\1_PC_Training\datasets\yolo_format\images\train\crpd_53_0973.jpg	finetune_quant_dataset/quant_1563.jpg	C206FCD90B5949C60874E43BFFDE334D0F14E6EE32B02B78A0F47964018A6A42	1920	1080	0.333333333333	0	140
1564	other_all	special	train	香港出入境车牌	3	D:\Yolo_LPR_RK3568_FPGA_Project\1_PC_Training\datasets\特殊车牌\image\香港出入境车牌\粤Z7353港.jpg	finetune_quant_dataset/quant_1564.jpg	F163C6FA022CE3D884B7A1C032A349D042D466D7DE89520AA299E1297532086B	1600	1200	0.4	0	80
1565	green	old	train	train	1	D:\Yolo_LPR_RK3568_FPGA_Project\1_PC_Training\datasets\yolo_format\images\train\ccpd_green_train_0427690972222-90_266-169&438_548&552-548&552_175&550_169&444_546&438-0_0_3_24_33_32_26_33-59-256.jpg	finetune_quant_dataset/quant_1565.jpg	32A10D434E1A3F4C91CA017C6877AB1E251A3A60A05FDD0C7B5A45CF42F15C9E	720	1160	0.551724137931	121	0
1566	green	old	train	train	1	D:\Yolo_LPR_RK3568_FPGA_Project\1_PC_Training\datasets\yolo_format\images\train\ccpd_green_train_0194911024306-90_263-215&456_468&534-468&534_222&522_215&456_462&457-0_0_3_24_33_32_30_26-119-141.jpg	finetune_quant_dataset/quant_1566.jpg	83F598CD459674BED1E5DFE9042D13F34261F76C7320FD4961FECA844A488361	720	1160	0.551724137931	121	0
1567	blue	old	train	train	0	D:\Yolo_LPR_RK3568_FPGA_Project\1_PC_Training\datasets\yolo_format\images\train\ccpd_blue_ccpd_fn_0061-1_0-272&539_394&581-393&581_272&578_273&539_394&542-0_0_30_32_24_1_31-125-12.jpg	finetune_quant_dataset/quant_1567.jpg	9770CC48405CCD87368A68F249D3EA063DAA6084674E48876396AD6620F84885	720	1160	0.551724137931	121	0
1568	blue	old	train	train	0	D:\Yolo_LPR_RK3568_FPGA_Project\1_PC_Training\datasets\yolo_format\images\train\crpd_35_0714.jpg	finetune_quant_dataset/quant_1568.jpg	FDE6B066C9ADFCF90BF3CA6FA4CD89D60631EE48DE2DFADACD1591EE74B8DA3B	1920	1080	0.333333333333	0	140
1569	green	old	train	train	1	D:\Yolo_LPR_RK3568_FPGA_Project\1_PC_Training\datasets\yolo_format\images\train\ccpd_green_train_00729166666667-91_90-288&473_428&526-428&526_288&523_288&473_426&478-0_0_3_24_26_32_26_26-212-50.jpg	finetune_quant_dataset/quant_1569.jpg	27FD7952D5624477F7161E76608438DD85868769B8DC39626C4577489C1B4C22	720	1160	0.551724137931	121	0
1570	green	old	train	train	1	D:\Yolo_LPR_RK3568_FPGA_Project\1_PC_Training\datasets\yolo_format\images\train\ccpd_green_train_022239583333333333-91_269-266&476_510&567-509&563_266&567_268&476_510&484-0_0_3_17_25_25_30_29-133-244.jpg	finetune_quant_dataset/quant_1570.jpg	1425DFC7DD8DD44DE796688E5833933CB4CAF28CA5809D5BA267F2701B920863	720	1160	0.551724137931	121	0
1571	other_all	old	train	train	3	D:\Yolo_LPR_RK3568_FPGA_Project\1_PC_Training\datasets\yolo_format\images\train\crpd_66_0220.jpg	finetune_quant_dataset/quant_1571.jpg	6B6141919778F2D7D793DDCBD200A00AAABCC466F223931FD1565075EA1204B9	1920	1080	0.333333333333	0	140
1572	green	old	train	train	1	D:\Yolo_LPR_RK3568_FPGA_Project\1_PC_Training\datasets\yolo_format\images\train\ccpd_green_train_3042083333333333334-90_91-197&442_581&552-581&551_208&552_197&445_580&442-0_0_3_26_30_30_26_33-103-149.jpg	finetune_quant_dataset/quant_1572.jpg	B2094B54E78375B2A6DCF48637DF6A3D5D500579851AE24008CD2785CB1DB003	720	1160	0.551724137931	121	0
1573	green	old	train	train	1	D:\Yolo_LPR_RK3568_FPGA_Project\1_PC_Training\datasets\yolo_format\images\train\ccpd_green_train_0129557291667-90_267-254&418_453&483-453&483_254&471_256&421_443&418-0_0_3_24_31_29_31_27-115-18.jpg	finetune_quant_dataset/quant_1573.jpg	F05FCE4A2162F10962C7AE85C246F10E66B360DBF875C9A123F055A6AB484040	720	1160	0.551724137931	121	0
1574	yellow_single	old	train	train	2	D:\Yolo_LPR_RK3568_FPGA_Project\1_PC_Training\datasets\yolo_format\images\train\crpd_54_0533.jpg	finetune_quant_dataset/quant_1574.jpg	8F829AB86743EDF33CEF1662856610CEFDB252711E60100922F41F83311730FB	1920	1080	0.333333333333	0	140
1575	blue	old	train	train	0	D:\Yolo_LPR_RK3568_FPGA_Project\1_PC_Training\datasets\yolo_format\images\train\crpd_49_1362.jpg	finetune_quant_dataset/quant_1575.jpg	DA1E2D8FC40CF94F5322919A67ABB162E074A9CB5D279C392617C79E2B41C45C	1920	1080	0.333333333333	0	140
1576	yellow_single	old	train	train	2	D:\Yolo_LPR_RK3568_FPGA_Project\1_PC_Training\datasets\yolo_format\images\train\crpd_45_1237.jpg	finetune_quant_dataset/quant_1576.jpg	10E9FCCF95BB6EECCB4A2B5276FA8F4C53E307BA6A4F27B4B3779CD470FB6011	1920	1080	0.333333333333	0	140
1577	other_all	old	train	train	0,3	D:\Yolo_LPR_RK3568_FPGA_Project\1_PC_Training\datasets\yolo_format\images\train\crpd_66_0293.jpg	finetune_quant_dataset/quant_1577.jpg	5E29C26303C4F76F73762313E5108595712AAB9784EDBE9D099A8AE67AF95F16	1920	1080	0.333333333333	0	140
1578	blue	old	train	train	0,0	D:\Yolo_LPR_RK3568_FPGA_Project\1_PC_Training\datasets\yolo_format\images\train\crpd_44_0578.jpg	finetune_quant_dataset/quant_1578.jpg	63FB02E300C4C96630D000969E55489B9A4ED077B0C55BB18D3971101865B398	1600	1200	0.4	0	80
1579	other_all	special	train	教练车牌	3	D:\Yolo_LPR_RK3568_FPGA_Project\1_PC_Training\datasets\特殊车牌\image\教练车牌\粤C2321学.jpg	finetune_quant_dataset/quant_1579.jpg	E74B92377120393B5CCD4E27CB39D8747D9E63805024A0EF0B3FC101F12E0F7B	1600	1200	0.4	0	80
1580	other_all	old	train	train	3	D:\Yolo_LPR_RK3568_FPGA_Project\1_PC_Training\datasets\yolo_format\images\train\crpd_61_0992.jpg	finetune_quant_dataset/quant_1580.jpg	A70EEB2B77719558E2D99A3AF89CCC5036EA033BAF63C710AC726B9CD829B6C5	1920	1080	0.333333333333	0	140
1581	other_all	old	train	train	3	D:\Yolo_LPR_RK3568_FPGA_Project\1_PC_Training\datasets\yolo_format\images\train\crpd_66_1203.jpg	finetune_quant_dataset/quant_1581.jpg	43EFDA68089C5E96983F311670E0715C242C52B28D5653A27D3FDE63E7FEE539	1920	1080	0.333333333333	0	140
1582	other_all	special	train	香港出入境车牌	3	D:\Yolo_LPR_RK3568_FPGA_Project\1_PC_Training\datasets\特殊车牌\image\香港出入境车牌\粤Z507P港.jpg	finetune_quant_dataset/quant_1582.jpg	55B6D466281B12ED83076F5C0CA308B3E792E14F6BAB8DA62D0D2A6CFEEDDBD6	1600	1200	0.4	0	80
1583	other_all	special	train	教练车牌	3	D:\Yolo_LPR_RK3568_FPGA_Project\1_PC_Training\datasets\特殊车牌\image\教练车牌\粤S2278学.jpg	finetune_quant_dataset/quant_1583.jpg	6657EFD78147DB0523B5C866BCD36F4C3E4A2DA7EDCC3EBD837EC3588FE66BA6	1600	1200	0.4	0	80
1584	yellow_single	old	train	train	2	D:\Yolo_LPR_RK3568_FPGA_Project\1_PC_Training\datasets\yolo_format\images\train\crpd_40_0932.jpg	finetune_quant_dataset/quant_1584.jpg	26FA333792D2B6E09333AEBFB1D02FF28CBD2AB8E97F2B9A784200D677670C4D	1920	1080	0.333333333333	0	140
1585	other_all	special	train	教练车牌	3	D:\Yolo_LPR_RK3568_FPGA_Project\1_PC_Training\datasets\特殊车牌\image\教练车牌\粤S2280学.jpg	finetune_quant_dataset/quant_1585.jpg	B8521F940C8AD60810A5C0EDFAA74874554BF803A29E1F831711325ADC5AC68E	1600	1200	0.4	0	80
1586	yellow_single	old	train	train	0,2	D:\Yolo_LPR_RK3568_FPGA_Project\1_PC_Training\datasets\yolo_format\images\train\crpd_44_0128.jpg	finetune_quant_dataset/quant_1586.jpg	92F39E01F5A190D3B71ECDFB8EB7D8D3CAF1B316189BF83A8F160A6E79C1D482	1920	1080	0.333333333333	0	140
1587	green	old	train	train	1	D:\Yolo_LPR_RK3568_FPGA_Project\1_PC_Training\datasets\yolo_format\images\train\ccpd_green_train_0148003472222-90_269-258&493_478&561-477&560_258&561_259&496_478&493-0_0_3_24_24_24_29_25-180-22.jpg	finetune_quant_dataset/quant_1587.jpg	C8797A2B93A1B80E8CF41DA4F8CAECDF4D33891F519034F05A3AEDCC50275893	720	1160	0.551724137931	121	0
1588	yellow_single	old	train	train	2	D:\Yolo_LPR_RK3568_FPGA_Project\1_PC_Training\datasets\yolo_format\images\train\crpd_39_0029.jpg	finetune_quant_dataset/quant_1588.jpg	F7B8853E2E8949ECEFA1D78BB131BDCCEF41D24E54D2A3F1573F64E17CC024D2	1920	1080	0.333333333333	0	140
1589	other_all	old	train	train	3	D:\Yolo_LPR_RK3568_FPGA_Project\1_PC_Training\datasets\yolo_format\images\train\crpd_66_0805.jpg	finetune_quant_dataset/quant_1589.jpg	D903BFFFB55F27D000CD071D7F792C829F608310A3E002CDDD6968642BD6383F	1600	1200	0.4	0	80
1590	green	old	train	train	1	D:\Yolo_LPR_RK3568_FPGA_Project\1_PC_Training\datasets\yolo_format\images\train\ccpd_green_train_0158637152778-89_90-212&524_427&598-427&594_212&598_214&524_427&527-0_0_3_24_30_32_24_33-47-15.jpg	finetune_quant_dataset/quant_1590.jpg	F4206F2414111A81BCEB3B752A0C8E4D50BFEC50EBEBCCDBE9E2E2E1281E1BF2	720	1160	0.551724137931	121	0
1591	other_all	special	train	澳门出入境车牌	3	D:\Yolo_LPR_RK3568_FPGA_Project\1_PC_Training\datasets\特殊车牌\image\澳门出入境车牌\粤ZP322澳.jpg	finetune_quant_dataset/quant_1591.jpg	C607FEB26124AFFB8436CB36902D171FCEF3E8E54AC9D986BE7FF033DE251296	1600	1200	0.4	0	80
1592	other_all	old	train	train	3	D:\Yolo_LPR_RK3568_FPGA_Project\1_PC_Training\datasets\yolo_format\images\train\crpd_66_1668.jpg	finetune_quant_dataset/quant_1592.jpg	346DA34C250F0C8789DBCB54184CBCFA8BFD5FCEBC3A0A4E7F9D68295BDB5E5E	1920	1080	0.333333333333	0	140
1593	green	old	train	train	1	D:\Yolo_LPR_RK3568_FPGA_Project\1_PC_Training\datasets\yolo_format\images\train\ccpd_green_train_303937717013888889-91_92-174&450_556&554-552&554_187&546_174&450_556&459-0_0_3_24_27_24_30_31-84-100.jpg	finetune_quant_dataset/quant_1593.jpg	6F5179141D6A7A841321972908908F5CE90A73A9E2B94D820B18BA09F070558A	720	1160	0.551724137931	121	0
1594	blue	old	train	train	0	D:\Yolo_LPR_RK3568_FPGA_Project\1_PC_Training\datasets\yolo_format\images\train\crpd_54_0689.jpg	finetune_quant_dataset/quant_1594.jpg	47767EE8BF0E820699AFB77F2A27C7D9AE8DE718731D2638C8C7E5FF6D2ACE47	1600	1200	0.4	0	80
1595	yellow_single	old	train	train	2	D:\Yolo_LPR_RK3568_FPGA_Project\1_PC_Training\datasets\yolo_format\images\train\crpd_42_1819.jpg	finetune_quant_dataset/quant_1595.jpg	71CA422EC35E274E84CC8226ED54C002588BB5BE75E219BBF7DFDA7E87A47815	1920	1080	0.333333333333	0	140
1596	blue	old	train	train	0	D:\Yolo_LPR_RK3568_FPGA_Project\1_PC_Training\datasets\yolo_format\images\train\ccpd_blue_ccpd_challenge_0078-1_1-311&488_447&536-447&532_311&536_311&492_447&488-0_0_20_21_27_33_33-202-17.jpg	finetune_quant_dataset/quant_1596.jpg	315E4DA69A044CA2587158D6B4712B9933350C1D4B6724DE16FEA13682993245	720	1160	0.551724137931	121	0
1597	green	old	train	train	1	D:\Yolo_LPR_RK3568_FPGA_Project\1_PC_Training\datasets\yolo_format\images\train\ccpd_green_train_0255360243056-90_267-242&419_529&508-529&501_245&508_242&421_527&419-0_0_3_24_26_26_24_28-122-88.jpg	finetune_quant_dataset/quant_1597.jpg	63CCFB7B0CC7CB719CEAD560D19922B71D34C8EFA0267C581EC5868ABC384B7D	720	1160	0.551724137931	121	0
1598	other_all	special	train	警用车牌	3	D:\Yolo_LPR_RK3568_FPGA_Project\1_PC_Training\datasets\特殊车牌\image\警用车牌\粤C0506警.jpg	finetune_quant_dataset/quant_1598.jpg	ED85C8814DACDBF38B10833CD786EA1A8FD5277C9DC0702CD796654A3D4C43C1	1600	1200	0.4	0	80
1599	blue	old	train	train	0	D:\Yolo_LPR_RK3568_FPGA_Project\1_PC_Training\datasets\yolo_format\images\train\ccpd_blue_ccpd_base_0370114942529-90_91-201&401_541&510-547&504_214&503_212&404_545&405-0_0_12_24_0_26_26-96-30.jpg	finetune_quant_dataset/quant_1599.jpg	95E23B6712DE91C3BA3FFE94540195FB497AD96462D38C9AC75980CB29098AA2	720	1160	0.551724137931	121	0
1600	blue	old	train	train	0	D:\Yolo_LPR_RK3568_FPGA_Project\1_PC_Training\datasets\yolo_format\images\train\ccpd_blue_ccpd_tilt_0540-19_29-274&436_532&611-532&611_291&527_274&436_515&520-2_9_17_3_32_25_32-95-232.jpg	finetune_quant_dataset/quant_1600.jpg	A23D08846CD6814B3CB83900612727608703BC15D9A6E409A8F4C6958CC80043	720	1160	0.551724137931	121	0
1601	other_all	special	train	警用车牌	3	D:\Yolo_LPR_RK3568_FPGA_Project\1_PC_Training\datasets\特殊车牌\image\警用车牌\粤C0507警.jpg	finetune_quant_dataset/quant_1601.jpg	FD286D7A3F42C12834155DC5E702CB899E0298B79544122C6BA1E13D4C359B42	1600	1200	0.4	0	80
1602	other_all	special	train	警用车牌	3	D:\Yolo_LPR_RK3568_FPGA_Project\1_PC_Training\datasets\特殊车牌\image\警用车牌\粤R6900警.jpg	finetune_quant_dataset/quant_1602.jpg	6434F77FF893F1682B49C3BF1B1F18820B6FD4CD5BE6FF66F5BAAC19050083E4	1600	1200	0.4	0	80
1603	other_all	old	train	train	0,3	D:\Yolo_LPR_RK3568_FPGA_Project\1_PC_Training\datasets\yolo_format\images\train\crpd_62_0872.jpg	finetune_quant_dataset/quant_1603.jpg	A328B2AA9669CB9D518FBE96272EBED95EF2F1D44A7EE69E6EE047F038B8B852	1920	1080	0.333333333333	0	140
1604	other_all	old	train	train	3	D:\Yolo_LPR_RK3568_FPGA_Project\1_PC_Training\datasets\yolo_format\images\train\crpd_66_0447.jpg	finetune_quant_dataset/quant_1604.jpg	5AD9A1546E4161BAA97342EACD2E1C6974970A92FC2A0356BE09A5C16B7A44FB	1920	1080	0.333333333333	0	140
1605	yellow_single	old	train	train	0,0,2	D:\Yolo_LPR_RK3568_FPGA_Project\1_PC_Training\datasets\yolo_format\images\train\crpd_54_0077.jpg	finetune_quant_dataset/quant_1605.jpg	1DA5101F0D032BDECCB2EF33EBCD39F7A49D8DBABC89A120F307FB23B6AAF9FF	1920	1080	0.333333333333	0	140
1606	blue	old	train	train	0	D:\Yolo_LPR_RK3568_FPGA_Project\1_PC_Training\datasets\yolo_format\images\train\ccpd_blue_ccpd_db_0151-3_2-210&365_386&437-386&425_211&437_210&377_385&365-13_2_29_24_32_5_2-20-14.jpg	finetune_quant_dataset/quant_1606.jpg	9E252D86E5F2D0F35860A609E870003809FE6FD2D733C0785E27111897934ABC	720	1160	0.551724137931	121	0
1607	blue	old	train	train	0	D:\Yolo_LPR_RK3568_FPGA_Project\1_PC_Training\datasets\yolo_format\images\train\crpd_39_0157.jpg	finetune_quant_dataset/quant_1607.jpg	4DEA9E1C6F041AD2EA884CA51B6210DF35A90D70A0E64A20AF20DADF3B474B49	1600	1200	0.4	0	80
1608	green	old	train	train	1	D:\Yolo_LPR_RK3568_FPGA_Project\1_PC_Training\datasets\yolo_format\images\train\ccpd_green_train_0124131944444-90_264-196&434_416&491-411&491_200&483_196&434_416&434-0_0_3_25_25_32_25_32-183-121.jpg	finetune_quant_dataset/quant_1608.jpg	D83B34AF4BF4DE16934B78D0CC908E4E892EBFC07F7D81D4CD2A0611F87345F2	720	1160	0.551724137931	121	0
1609	other_all	old	train	train	3	D:\Yolo_LPR_RK3568_FPGA_Project\1_PC_Training\datasets\yolo_format\images\train\crpd_66_0030.jpg	finetune_quant_dataset/quant_1609.jpg	2E8B54924FBFD9E9F542CE1BB010D508236BCC904494591C8B3B63869F53ED23	1920	1080	0.333333333333	0	140
1610	green	old	train	train	1	D:\Yolo_LPR_RK3568_FPGA_Project\1_PC_Training\datasets\yolo_format\images\train\ccpd_green_train_3016675347222222223-89_92-240&488_466&562-465&557_240&562_248&492_466&488-0_0_3_24_33_29_31_32-125-241.jpg	finetune_quant_dataset/quant_1610.jpg	D5EEF72DC278A10D24749174BC6491025C8F143D5FE922368EB4F4BA32AF01AD	720	1160	0.551724137931	121	0
1611	yellow_single	old	train	train	2	D:\Yolo_LPR_RK3568_FPGA_Project\1_PC_Training\datasets\yolo_format\images\train\crpd_1 (65).jpg	finetune_quant_dataset/quant_1611.jpg	2505006022E69BA2F66F0C8F00CB666562B20B19A011A6AE218F4A663B49093E	1628	1236	0.39312039312	0	77
1612	other_all	special	train	香港出入境车牌	3	D:\Yolo_LPR_RK3568_FPGA_Project\1_PC_Training\datasets\特殊车牌\image\香港出入境车牌\粤ZE994港.jpg	finetune_quant_dataset/quant_1612.jpg	EF139A97EDD9A2408F3233D2B68827795B5F20B41ADD36052F7189E8880A16F8	1600	1200	0.4	0	80
1613	blue	old	train	train	0	D:\Yolo_LPR_RK3568_FPGA_Project\1_PC_Training\datasets\yolo_format\images\train\ccpd_blue_ccpd_weather_0280-0_0-302&660_584&743-583&743_302&741_303&660_584&662-0_0_22_27_26_29_1-74-155.jpg	finetune_quant_dataset/quant_1613.jpg	7603FF661BE9D738E68BC56801E27699E847E259C469724BF71FAA88BEDC20C8	720	1160	0.551724137931	121	0
1614	other_all	old	train	train	3	D:\Yolo_LPR_RK3568_FPGA_Project\1_PC_Training\datasets\yolo_format\images\train\crpd_62_0490.jpg	finetune_quant_dataset/quant_1614.jpg	C53F11DE66F95E658CF9A4A7DCC4747402E0AB4FD4A87025388EF1C3854298EC	1600	1200	0.4	0	80
1615	other_all	special	train	澳门出入境车牌	3	D:\Yolo_LPR_RK3568_FPGA_Project\1_PC_Training\datasets\特殊车牌\image\澳门出入境车牌\粤ZN882澳.jpg	finetune_quant_dataset/quant_1615.jpg	23CD21B25724106417FE8BE2EBF9CD3634C5C9DB9B0DEC0D53049D7F9949DD4C	1600	1200	0.4	0	80
1616	green	old	train	train	1	D:\Yolo_LPR_RK3568_FPGA_Project\1_PC_Training\datasets\yolo_format\images\train\ccpd_green_train_0343055555556-92_100-174&469_478&583-478&583_183&567_174&471_464&469-19_1_5_24_28_28_32_32-165-171.jpg	finetune_quant_dataset/quant_1616.jpg	7154FF1CE746CFF3E209DEC8AC4E45F5F476A1620CE514122F156332C0EF79AA	720	1160	0.551724137931	121	0
1617	green	old	train	train	1	D:\Yolo_LPR_RK3568_FPGA_Project\1_PC_Training\datasets\yolo_format\images\train\ccpd_green_train_0234776475694-90_261-174&411_455&495-455&495_185&490_174&411_450&413-0_0_3_25_33_32_32_33-97-63.jpg	finetune_quant_dataset/quant_1617.jpg	D79C833C6B3B4E27F858307644565F22146ECB9A12A48BCAD70EB71F683E81F2	720	1160	0.551724137931	121	0
1618	other_all	old	train	train	3	D:\Yolo_LPR_RK3568_FPGA_Project\1_PC_Training\datasets\yolo_format\images\train\crpd_66_1235.jpg	finetune_quant_dataset/quant_1618.jpg	4346C12907EC9FFEFE384CC2C6D399F8371B92EEE06151D3134E6CC1E9DFC72F	1600	1200	0.4	0	80
1619	green	old	train	train	1	D:\Yolo_LPR_RK3568_FPGA_Project\1_PC_Training\datasets\yolo_format\images\train\ccpd_green_train_0561686197917-90_267-84&385_519&515-516&506_90&515_84&386_519&385-0_0_3_24_31_29_29_31-132-87.jpg	finetune_quant_dataset/quant_1619.jpg	5739A704DADB6C225E7ED4C50C6B9C3687E24D79C9634AF599105384B601DD40	720	1160	0.551724137931	121	0
1620	other_all	special	train	教练车牌	3	D:\Yolo_LPR_RK3568_FPGA_Project\1_PC_Training\datasets\特殊车牌\image\教练车牌\粤C1811学.jpg	finetune_quant_dataset/quant_1620.jpg	7420C466E62118A23A9563E70A4F87034F5B24C1372F4FA9FB1E79A87C8312AB	1600	1200	0.4	0	80
1621	blue	old	train	train	0	D:\Yolo_LPR_RK3568_FPGA_Project\1_PC_Training\datasets\yolo_format\images\train\ccpd_blue_ccpd_db_0133-2_6-249&438_420&503-415&497_249&503_254&444_420&438-0_12_9_18_33_25_32-198-18.jpg	finetune_quant_dataset/quant_1621.jpg	9DFFBAE82A538849893B6504DEA9A7E3C2C7832E0CE054C55C1CA32921794AC3	720	1160	0.551724137931	121	0
1622	blue	old	train	train	0,0	D:\Yolo_LPR_RK3568_FPGA_Project\1_PC_Training\datasets\yolo_format\images\train\crpd_45_1554.jpg	finetune_quant_dataset/quant_1622.jpg	57594EA221D8CF4AA6D2AF7C076C88EB51464D7D22EFA8748E726E85E532A61E	1920	1080	0.333333333333	0	140
1623	other_all	special	train	警用车牌	3	D:\Yolo_LPR_RK3568_FPGA_Project\1_PC_Training\datasets\特殊车牌\image\警用车牌\粤C0688警.jpg	finetune_quant_dataset/quant_1623.jpg	A3D21B80C284A3405D609C723E1C94F1FC025961B40FAF0CAFB62A6C4AF52994	1600	1200	0.4	0	80
1624	blue	old	train	train	0	D:\Yolo_LPR_RK3568_FPGA_Project\1_PC_Training\datasets\yolo_format\images\train\ccpd_blue_ccpd_fn_0898-5_34-112&370_556&539-481&505_112&539_187&404_556&370-0_0_4_26_21_32_31-107-212.jpg	finetune_quant_dataset/quant_1624.jpg	B8E618C6DA4E66C0B223448FAA6626FA58CBE10D92BBEF80B3A0889B53A6585D	720	1160	0.551724137931	121	0
1625	yellow_single	old	train	train	0,0,2	D:\Yolo_LPR_RK3568_FPGA_Project\1_PC_Training\datasets\yolo_format\images\train\crpd_36_0713.jpg	finetune_quant_dataset/quant_1625.jpg	6C55F9078FFC5FA33E79707B202EA9F3F3AC261D2710C6784EDD820C37B9BEE9	1600	1200	0.4	0	80
1626	blue	old	train	train	0,0,0,0	D:\Yolo_LPR_RK3568_FPGA_Project\1_PC_Training\datasets\yolo_format\images\train\crpd_60_0285.jpg	finetune_quant_dataset/quant_1626.jpg	CA7C88FF58D5C70A19CD2C067CA435EA1FF0D61315368C7BC507D180816851C1	1600	1200	0.4	0	80
1627	other_all	old	train	train	0,0,0,3	D:\Yolo_LPR_RK3568_FPGA_Project\1_PC_Training\datasets\yolo_format\images\train\crpd_58_0922.jpg	finetune_quant_dataset/quant_1627.jpg	A36F193F8465F368785B9E82C0A74C16F8CF0893B5E0F90D6ADE254635275864	1920	1080	0.333333333333	0	140
1628	yellow_single	old	train	train	2	D:\Yolo_LPR_RK3568_FPGA_Project\1_PC_Training\datasets\yolo_format\images\train\crpd_66_0656.jpg	finetune_quant_dataset/quant_1628.jpg	35A3898EB54D0D689EF56EAEAA6F633499D086566657C812FB3CFA3CB300C34B	1920	1080	0.333333333333	0	140
1629	other_all	old	train	train	3	D:\Yolo_LPR_RK3568_FPGA_Project\1_PC_Training\datasets\yolo_format\images\train\crpd_66_1301.jpg	finetune_quant_dataset/quant_1629.jpg	2A47198B2CE510BDC4D36E7D12BF3001CED9FC1CC2F16C1DCAFD58FD1BBCABF6	1920	1080	0.333333333333	0	140
1630	yellow_single	old	train	train	2	D:\Yolo_LPR_RK3568_FPGA_Project\1_PC_Training\datasets\yolo_format\images\train\crpd_1 (460).jpg	finetune_quant_dataset/quant_1630.jpg	E61E61532EE05807AA8E6FFE415765730EF186E8D3DA76F3CE4EF753BA97644D	1628	1236	0.39312039312	0	77
1631	green	old	train	train	1	D:\Yolo_LPR_RK3568_FPGA_Project\1_PC_Training\datasets\yolo_format\images\train\ccpd_green_train_0182269965278-92_99-247&490_474&571-474&571_248&562_247&490_467&500-0_0_3_24_25_32_24_28-134-7.jpg	finetune_quant_dataset/quant_1631.jpg	23E6027DFB4E4D0DFDBA7267DC48C4073B9D19996FAFDCE315C70A386C870926	720	1160	0.551724137931	121	0
1632	yellow_single	old	train	train	2	D:\Yolo_LPR_RK3568_FPGA_Project\1_PC_Training\datasets\yolo_format\images\train\crpd_54_1031.jpg	finetune_quant_dataset/quant_1632.jpg	F9A9CC697A5881E718C9169021BF170DD760BD5563EE89139EF8A69E163F6253	1600	1200	0.4	0	80
1633	other_all	special	train	香港出入境车牌	3	D:\Yolo_LPR_RK3568_FPGA_Project\1_PC_Training\datasets\特殊车牌\image\香港出入境车牌\粤ZF808港.jpg	finetune_quant_dataset/quant_1633.jpg	EA7874ABBFD89544D0E5EF90B3C1FA69CF81FE31988154DA9D68C9C02A0301FA	1600	1200	0.4	0	80
1634	yellow_single	old	train	train	2	D:\Yolo_LPR_RK3568_FPGA_Project\1_PC_Training\datasets\yolo_format\images\train\crpd_46_0712.jpg	finetune_quant_dataset/quant_1634.jpg	13C314B120E78184496CB9E4C272873D023809DA0E42862506C13451D5975E4F	1920	1080	0.333333333333	0	140
1635	blue	old	train	train	0,2	D:\Yolo_LPR_RK3568_FPGA_Project\1_PC_Training\datasets\yolo_format\images\train\crpd_57_0678.jpg	finetune_quant_dataset/quant_1635.jpg	1A8976F54DFFD022E3A0B3B4E72E53AC678AC934F0EBF1BBBE1AFEB28D8846D8	1920	1080	0.333333333333	0	140
1636	green	old	train	train	1	D:\Yolo_LPR_RK3568_FPGA_Project\1_PC_Training\datasets\yolo_format\images\train\ccpd_green_train_3014166666666666666-91_93-211&455_403&529-399&529_226&525_211&462_403&455-0_0_3_24_24_32_27_25-95-57.jpg	finetune_quant_dataset/quant_1636.jpg	3949CD4834F1D67CE0643C3FB37129FB80CB3F512405FA27443253A22CC3F065	720	1160	0.551724137931	121	0
1637	blue	old	train	train	0,2	D:\Yolo_LPR_RK3568_FPGA_Project\1_PC_Training\datasets\yolo_format\images\train\crpd_54_0468.jpg	finetune_quant_dataset/quant_1637.jpg	130365C60E912A03652333355F30DDF63AADF8D592FC2BC9F9FC1D598F6F07AC	1600	1200	0.4	0	80
1638	blue	old	train	train	0	D:\Yolo_LPR_RK3568_FPGA_Project\1_PC_Training\datasets\yolo_format\images\train\ccpd_blue_ccpd_rotate_0582-25_7-258&389_492&597-492&503_294&597_258&483_456&389-4_3_19_23_33_24_24-174-177.jpg	finetune_quant_dataset/quant_1638.jpg	EEE99FE58DB6919EEA0D531CC1516499B1762C5C1B2B73317BD6562BEF301455	720	1160	0.551724137931	121	0
1639	yellow_single	old	train	train	2	D:\Yolo_LPR_RK3568_FPGA_Project\1_PC_Training\datasets\yolo_format\images\train\crpd_55_0807.jpg	finetune_quant_dataset/quant_1639.jpg	0F322FD5F6096B9559A27952CEF7F3C1D4E541BC92EC4E3CDDB4D8116E94DC99	1600	1200	0.4	0	80
1640	yellow_single	old	train	train	2	D:\Yolo_LPR_RK3568_FPGA_Project\1_PC_Training\datasets\yolo_format\images\train\crpd_61_0135.jpg	finetune_quant_dataset/quant_1640.jpg	CDD996F66A9FDDC399995A466880EBF76D3A2B46D46093BC9C7551145323651B	1600	1200	0.4	0	80
1641	blue	old	train	train	0,0	D:\Yolo_LPR_RK3568_FPGA_Project\1_PC_Training\datasets\yolo_format\images\train\crpd_58_0269.jpg	finetune_quant_dataset/quant_1641.jpg	67D3CAF199C39494D55AE058294F79D929A67617779A6110125F4C9BCA986A73	1920	1080	0.333333333333	0	140
1642	other_all	special	train	教练车牌	3	D:\Yolo_LPR_RK3568_FPGA_Project\1_PC_Training\datasets\特殊车牌\image\教练车牌\粤S4496学.jpg	finetune_quant_dataset/quant_1642.jpg	451F61D4172190A8859664B24B93A70006654A37C904F41FC7343BC02B709920	1600	1200	0.4	0	80
1643	blue	old	train	train	0	D:\Yolo_LPR_RK3568_FPGA_Project\1_PC_Training\datasets\yolo_format\images\train\ccpd_blue_ccpd_tilt_0411-26_42-325&401_519&578-492&494_325&578_352&485_519&401-0_0_15_30_32_29_3-119-90.jpg	finetune_quant_dataset/quant_1643.jpg	674E2034D99E0EF33C62F43F90376B59BC6959223EDCFCE266CF3BF9CDDDE51A	720	1160	0.551724137931	121	0
1644	blue	old	train	train	0	D:\Yolo_LPR_RK3568_FPGA_Project\1_PC_Training\datasets\yolo_format\images\train\ccpd_blue_ccpd_base_0195522030652-94_75-251&504_492&600-521&608_256&582_230&493_495&519-0_0_21_1_24_32_32-149-53.jpg	finetune_quant_dataset/quant_1644.jpg	A09538B1D111785A8AF689138569B5D9E622A1C730C61F33E6DDE0B6B3022008	720	1160	0.551724137931	121	0
1645	other_all	old	train	train	3	D:\Yolo_LPR_RK3568_FPGA_Project\1_PC_Training\datasets\yolo_format\images\train\crpd_66_0224.jpg	finetune_quant_dataset/quant_1645.jpg	1490EE36718C9A58E13C644FA39B6651468578C5A952A4332ED24022AEEBC434	1600	1200	0.4	0	80
1646	other_all	special	train	警用车牌	3	D:\Yolo_LPR_RK3568_FPGA_Project\1_PC_Training\datasets\特殊车牌\image\警用车牌\粤C0334警.jpg	finetune_quant_dataset/quant_1646.jpg	68127C20EFC3FEFB493482A854E008A651D0B8777240B3FBAAC8D3E5E756C801	1600	1200	0.4	0	80
1647	blue	old	train	train	0	D:\Yolo_LPR_RK3568_FPGA_Project\1_PC_Training\datasets\yolo_format\images\train\ccpd_blue_ccpd_base_0166546934866-90_89-239&400_510&468-497&487_236&478_242&389_503&398-0_1_10_27_24_33_22-139-19.jpg	finetune_quant_dataset/quant_1647.jpg	9271938A8BF994545FBCD2486A2CBCFC382ABA408919B68693C818415634E4A0	720	1160	0.551724137931	121	0
1648	yellow_single	old	train	train	2	D:\Yolo_LPR_RK3568_FPGA_Project\1_PC_Training\datasets\yolo_format\images\train\crpd_57_0588.jpg	finetune_quant_dataset/quant_1648.jpg	BDF5A77F3FDBDB5704C26B28B3FC7B9938D0941CABFDC12FFFEAEA4F04E6D242	1920	1080	0.333333333333	0	140
1649	green	old	train	train	1	D:\Yolo_LPR_RK3568_FPGA_Project\1_PC_Training\datasets\yolo_format\images\train\ccpd_green_train_304548719618055556-90_93-157&411_564&524-560&524_163&518_157&411_564&419-0_0_3_26_27_27_24_31-109-296.jpg	finetune_quant_dataset/quant_1649.jpg	D080FD7576A0FB746356F0FB304B60714FC538C7A652A4036DCEB5DACB8234D4	720	1160	0.551724137931	121	0
1650	yellow_single	old	train	train	2	D:\Yolo_LPR_RK3568_FPGA_Project\1_PC_Training\datasets\yolo_format\images\train\crpd_45_1344.jpg	finetune_quant_dataset/quant_1650.jpg	DF29E770EA885565ADD12C54FF87E7FDA81F58FD3E59A7E2043439AB75DE1EB8	1920	1080	0.333333333333	0	140
1651	yellow_single	old	train	train	2	D:\Yolo_LPR_RK3568_FPGA_Project\1_PC_Training\datasets\yolo_format\images\train\crpd_66_0853.jpg	finetune_quant_dataset/quant_1651.jpg	408C8EEAB2F333982F0DD0D2B6D2614BD40A80A67E61B6C9F8767DD457B0B1D2	1920	1080	0.333333333333	0	140
1652	other_all	old	train	train	3	D:\Yolo_LPR_RK3568_FPGA_Project\1_PC_Training\datasets\yolo_format\images\train\crpd_66_0226.jpg	finetune_quant_dataset/quant_1652.jpg	12B02F60DBE22ABFB96294BF8F3DA0D01D8383E6E00F021C8E8E99428495FB7D	1600	1200	0.4	0	80
1653	other_all	old	train	train	3	D:\Yolo_LPR_RK3568_FPGA_Project\1_PC_Training\datasets\yolo_format\images\train\crpd_62_0670.jpg	finetune_quant_dataset/quant_1653.jpg	EF6AFA93D9CAA84224A93E7EEE7EC38A7540050E52A3C602D5BEE8C3C2B7F985	1920	1080	0.333333333333	0	140
1654	yellow_single	old	train	train	2	D:\Yolo_LPR_RK3568_FPGA_Project\1_PC_Training\datasets\yolo_format\images\train\crpd_45_0336.jpg	finetune_quant_dataset/quant_1654.jpg	F504D79EB05E2389CC8B29F8F6EFCA675F601472DFF4A86E39EFF7B47A807D21	1920	1080	0.333333333333	0	140
1655	yellow_single	old	train	train	2	D:\Yolo_LPR_RK3568_FPGA_Project\1_PC_Training\datasets\yolo_format\images\train\crpd_47_0645.jpg	finetune_quant_dataset/quant_1655.jpg	E4F8445F784C6AB6C36C46F23FD140A01682668759B91C025F97AE25C7CC6103	1920	1080	0.333333333333	0	140
1656	blue	old	train	train	0	D:\Yolo_LPR_RK3568_FPGA_Project\1_PC_Training\datasets\yolo_format\images\train\ccpd_blue_ccpd_base_0126077586207-90_90-338&486_564&557-542&558_351&552_356&484_547&490-0_0_23_27_30_30_1-161-19.jpg	finetune_quant_dataset/quant_1656.jpg	CDF7C1F60D3565BE80D5CF71817DB4CC3834656CE7E813E51C9E492DA38BF662	720	1160	0.551724137931	121	0
1657	yellow_single	old	train	train	2	D:\Yolo_LPR_RK3568_FPGA_Project\1_PC_Training\datasets\yolo_format\images\train\crpd_49_1004.jpg	finetune_quant_dataset/quant_1657.jpg	54B91735817126C982FB80239BDE1F29CC127E5817FDD2BBC25079BC633966E3	1600	1200	0.4	0	80
1658	yellow_single	old	train	train	2	D:\Yolo_LPR_RK3568_FPGA_Project\1_PC_Training\datasets\yolo_format\images\train\crpd_39_0974.jpg	finetune_quant_dataset/quant_1658.jpg	405298654D50099AA6EB00EF9BC6382620CC77997E2B0783225A484D5C6CF3B7	1600	1200	0.4	0	80
1659	green	old	train	train	1	D:\Yolo_LPR_RK3568_FPGA_Project\1_PC_Training\datasets\yolo_format\images\train\ccpd_green_train_0161783854167-93_97-255&489_465&566-465&566_258&553_255&489_461&495-0_0_3_24_27_26_31_30-148-296.jpg	finetune_quant_dataset/quant_1659.jpg	036C7C0A1CADFC5887BAAFF1353B982BA7BF6D891C4BABA2B9C4A8A736C17246	720	1160	0.551724137931	121	0
1660	green	old	train	train	1	D:\Yolo_LPR_RK3568_FPGA_Project\1_PC_Training\datasets\yolo_format\images\train\ccpd_green_train_0157638888889-89_90-207&458_434&528-434&523_207&528_208&462_433&458-0_0_3_26_25_31_33_32-139-74.jpg	finetune_quant_dataset/quant_1660.jpg	A68C0532D6694897D13F75F60820AFEE10F98E001A9A324D84A9D4B65111B87B	720	1160	0.551724137931	121	0
1661	blue	old	train	train	0,0	D:\Yolo_LPR_RK3568_FPGA_Project\1_PC_Training\datasets\yolo_format\images\train\crpd_44_0146.jpg	finetune_quant_dataset/quant_1661.jpg	2B46791C1E7B091ACC568F7010F31146EBDD5662D611D97729C86FCF7F35745C	1920	1080	0.333333333333	0	140
1662	green	old	train	train	1	D:\Yolo_LPR_RK3568_FPGA_Project\1_PC_Training\datasets\yolo_format\images\train\ccpd_green_train_0162923177083-90_266-269&451_500&523-498&515_269&523_273&455_500&451-0_0_3_24_31_30_29_31-164-36.jpg	finetune_quant_dataset/quant_1662.jpg	725AA3175A681E2BD03057F1EE1EAC3074B0B256ABC131F7102364289A0F797E	720	1160	0.551724137931	121	0
1663	other_all	old	train	train	3	D:\Yolo_LPR_RK3568_FPGA_Project\1_PC_Training\datasets\yolo_format\images\train\crpd_49_0897.jpg	finetune_quant_dataset/quant_1663.jpg	7F4DC9058C8F5C5E62283DE1BB4CAF31717F9A7101B4D75ECB3003D27637B3EF	1920	1080	0.333333333333	0	140
1664	green	old	train	train	1	D:\Yolo_LPR_RK3568_FPGA_Project\1_PC_Training\datasets\yolo_format\images\train\ccpd_green_train_0168717447917-89_268-260&433_479&511-476&502_263&511_260&441_479&433-0_0_3_25_25_25_25_26-155-10.jpg	finetune_quant_dataset/quant_1664.jpg	E1AD52A6A1F2EE75D5D5AAD2104E08C03E63B99ED0CC7C20849D4DF5FB98EFD3	720	1160	0.551724137931	121	0
1665	other_all	old	train	train	3	D:\Yolo_LPR_RK3568_FPGA_Project\1_PC_Training\datasets\yolo_format\images\train\crpd_66_0186.jpg	finetune_quant_dataset/quant_1665.jpg	B5A334D4520B0B3535DAA386CB7B4EE748CF8E0FCF90BC2804DA0B3DAB57298E	1920	1080	0.333333333333	0	140
1666	yellow_single	old	train	train	2	D:\Yolo_LPR_RK3568_FPGA_Project\1_PC_Training\datasets\yolo_format\images\train\crpd_65_0737.jpg	finetune_quant_dataset/quant_1666.jpg	1403D75D9AD7862DCE061D4E492E613F1389DAA63F02343502EC67C8EB64F39D	1920	1080	0.333333333333	0	140
1667	other_all	old	train	train	3	D:\Yolo_LPR_RK3568_FPGA_Project\1_PC_Training\datasets\yolo_format\images\train\crpd_66_1362.jpg	finetune_quant_dataset/quant_1667.jpg	1575D59AA046B6B40059E229580A7B7D9EF92B9D8CB3AD3113CF88D80C86EF5E	1920	1080	0.333333333333	0	140
1668	blue	old	train	train	0	D:\Yolo_LPR_RK3568_FPGA_Project\1_PC_Training\datasets\yolo_format\images\train\ccpd_blue_ccpd_fn_0817-22_3-194&454_516&666-467&666_194&554_243&454_516&566-0_0_22_29_31_25_15-111-319.jpg	finetune_quant_dataset/quant_1668.jpg	CC8CCC2176AB5A400A80C250D65AB946B4BD9CBE0C891FCAC0225B8313474487	720	1160	0.551724137931	121	0
1669	blue	old	train	train	0	D:\Yolo_LPR_RK3568_FPGA_Project\1_PC_Training\datasets\yolo_format\images\train\ccpd_blue_ccpd_weather_0308-1_8-199&515_470&610-470&610_209&601_199&515_460&524-0_0_25_29_30_30_32-60-64.jpg	finetune_quant_dataset/quant_1669.jpg	CB86EE2A2AC6A0B0EB62381C27EFA4D4ED822D6ABB13A627370232CE1C4F58F7	720	1160	0.551724137931	121	0
1670	yellow_single	old	train	train	2	D:\Yolo_LPR_RK3568_FPGA_Project\1_PC_Training\datasets\yolo_format\images\train\crpd_40_0747.jpg	finetune_quant_dataset/quant_1670.jpg	611C9FF4BC0D0DB6712B2BF86B1F9067DDEA3477B124048DEC2505919C549CCD	1920	1080	0.333333333333	0	140
1671	blue	old	train	train	0	D:\Yolo_LPR_RK3568_FPGA_Project\1_PC_Training\datasets\yolo_format\images\train\crpd_44_0318.jpg	finetune_quant_dataset/quant_1671.jpg	F3E12BC7843452E469DAAC50DB293929D57BC80A70185DDB8A2DC5FE3B61D14D	1920	1080	0.333333333333	0	140
1672	yellow_single	old	train	train	0,2	D:\Yolo_LPR_RK3568_FPGA_Project\1_PC_Training\datasets\yolo_format\images\train\crpd_39_0371.jpg	finetune_quant_dataset/quant_1672.jpg	C4CC1D007DBD720D7E15438B201D4473749A554BBC6126978F7EBD1C1A2730CC	1920	1080	0.333333333333	0	140
1673	yellow_single	old	train	train	2	D:\Yolo_LPR_RK3568_FPGA_Project\1_PC_Training\datasets\yolo_format\images\train\crpd_45_0653.jpg	finetune_quant_dataset/quant_1673.jpg	47F24ADE640B1AD643294FD507535E6C762F4E83040CECA1FE90250945F07525	1920	1080	0.333333333333	0	140
1674	other_all	old	train	train	3	D:\Yolo_LPR_RK3568_FPGA_Project\1_PC_Training\datasets\yolo_format\images\train\crpd_66_1038.jpg	finetune_quant_dataset/quant_1674.jpg	17A4D21727349A2137C5E833DE7B6D9471D2A2202EA5B24D9593CFF360E634D3	1920	1080	0.333333333333	0	140
1675	blue	old	train	train	0	D:\Yolo_LPR_RK3568_FPGA_Project\1_PC_Training\datasets\yolo_format\images\train\ccpd_blue_ccpd_tilt_0396-15_26-125&533_349&681-330&626_125&681_144&588_349&533-10_4_24_6_31_31_19-117-118.jpg	finetune_quant_dataset/quant_1675.jpg	958AE8C199967DB14D9E7804CADC66CC478E0B9D3641F79CD10BD423CBD3DAF4	720	1160	0.551724137931	121	0
1676	green	old	train	train	1	D:\Yolo_LPR_RK3568_FPGA_Project\1_PC_Training\datasets\yolo_format\images\train\ccpd_green_train_3017950303819444444-91_103-218&476_451&553-451&553_225&546_218&478_437&476-0_0_3_24_30_25_29_25-102-164.jpg	finetune_quant_dataset/quant_1676.jpg	A311760570A13041D3C8CBF5CF3FA4BCEACCC5188A75004FD4C112B2D510A47E	720	1160	0.551724137931	121	0
1677	green	old	train	train	1	D:\Yolo_LPR_RK3568_FPGA_Project\1_PC_Training\datasets\yolo_format\images\train\ccpd_green_train_020234375-90_258-200&444_459&523-459&523_213&512_200&444_459&446-0_0_3_24_31_27_26_24-110-68.jpg	finetune_quant_dataset/quant_1677.jpg	F2ADC88EBE58EF97F555AA0DF1B8CF72DEA0018FEF25DD556F558572EA18717B	720	1160	0.551724137931	121	0
1678	other_all	special	train	香港出入境车牌	3	D:\Yolo_LPR_RK3568_FPGA_Project\1_PC_Training\datasets\特殊车牌\image\香港出入境车牌\粤Z808Y港.jpg	finetune_quant_dataset/quant_1678.jpg	306EC6EBBDDA41E5FC7D913E388D9D85193C5BF47B7D7E102405169E004F56B7	1600	1200	0.4	0	80
1679	other_all	old	val	val	3	D:\Yolo_LPR_RK3568_FPGA_Project\1_PC_Training\datasets\yolo_format\images\val\crpd_64_0723.jpg	finetune_quant_dataset/quant_1679.jpg	399B71BE2AB64B8A0A2B019C461D04CA5C4BD611E02036716F80E7ECD96085BC	1920	1080	0.333333333333	0	140
1680	yellow_single	old	train	train	2	D:\Yolo_LPR_RK3568_FPGA_Project\1_PC_Training\datasets\yolo_format\images\train\crpd_66_0683.jpg	finetune_quant_dataset/quant_1680.jpg	A3BE43EBF814970B79E090B14B3F4CAE54DEA3DCF0FC90D20BF35C77C5776E27	1920	1080	0.333333333333	0	140
1681	yellow_single	old	train	train	2	D:\Yolo_LPR_RK3568_FPGA_Project\1_PC_Training\datasets\yolo_format\images\train\crpd_45_0657.jpg	finetune_quant_dataset/quant_1681.jpg	59087C7BEFE52F0A52793477AA087C8340AAFA69C78BA8105EEEC4BDAAF31E5B	1920	1080	0.333333333333	0	140
1682	yellow_single	old	train	train	2	D:\Yolo_LPR_RK3568_FPGA_Project\1_PC_Training\datasets\yolo_format\images\train\crpd_53_0917.jpg	finetune_quant_dataset/quant_1682.jpg	A91F3964C5B34445A606E1D8B94685BFB28CEFF2A147BA73A000FCCC1E365733	1920	1080	0.333333333333	0	140
1683	other_all	special	train	警用车牌	3	D:\Yolo_LPR_RK3568_FPGA_Project\1_PC_Training\datasets\特殊车牌\image\警用车牌\粤C0772警.jpg	finetune_quant_dataset/quant_1683.jpg	F77EE7C88F34DB3CE1A866C16F0C8B437B00654EDD634BA8F1CCB24189C61044	1600	1200	0.4	0	80
1684	other_all	special	val	香港出入境车牌	3	D:\Yolo_LPR_RK3568_FPGA_Project\1_PC_Training\datasets\特殊车牌\image\香港出入境车牌\粤Z0409港.jpg	finetune_quant_dataset/quant_1684.jpg	18C2AA1E3D98DD44057FCCDF984B72FDA4E4474369DF3F32EA6857B3B71F6149	1600	1200	0.4	0	80
1685	green	old	train	train	1	D:\Yolo_LPR_RK3568_FPGA_Project\1_PC_Training\datasets\yolo_format\images\train\ccpd_green_train_0154166666667-91_268-258&448_480&518-478&516_258&518_261&448_480&453-0_0_3_25_30_30_32_32-121-142.jpg	finetune_quant_dataset/quant_1685.jpg	55DA7048ACE61DE3D15D7F231D0BA9EF5565CEA1FFAD7D37FAFDBDA65BB96A16	720	1160	0.551724137931	121	0
1686	blue	old	train	train	0	D:\Yolo_LPR_RK3568_FPGA_Project\1_PC_Training\datasets\yolo_format\images\train\ccpd_blue_ccpd_db_0117-4_5-264&525_410&592-410&592_265&581_264&525_409&536-0_0_5_7_30_24_30-195-36.jpg	finetune_quant_dataset/quant_1686.jpg	D91A97F22D1456B6BCFE4E5EB9FC1DAC1DEF1FD29BFD23ECCDBA58760F539995	720	1160	0.551724137931	121	0
1687	yellow_single	old	train	train	2	D:\Yolo_LPR_RK3568_FPGA_Project\1_PC_Training\datasets\yolo_format\images\train\crpd_55_1115.jpg	finetune_quant_dataset/quant_1687.jpg	4624096EFA4D9E574B961A39155339BFD83389313EA350D01DB11ACBB66005A8	1920	1080	0.333333333333	0	140
1688	blue	old	train	train	0	D:\Yolo_LPR_RK3568_FPGA_Project\1_PC_Training\datasets\yolo_format\images\train\ccpd_blue_ccpd_tilt_0296-16_19-116&470_294&609-294&609_120&556_116&470_290&523-0_8_11_16_30_30_32-108-23.jpg	finetune_quant_dataset/quant_1688.jpg	E8A42A576401827C9605DE4114E1ACD8FC24D6A7596569AD21723C7A34F2DB63	720	1160	0.551724137931	121	0
1689	yellow_single	old	train	train	2	D:\Yolo_LPR_RK3568_FPGA_Project\1_PC_Training\datasets\yolo_format\images\train\crpd_57_0314.jpg	finetune_quant_dataset/quant_1689.jpg	E7D1730A130F4A3DD5F747012D84BB8DFA6D25EF10F6F61DE798F760D01F6876	1920	1080	0.333333333333	0	140
1690	yellow_single	old	train	train	0,0,2	D:\Yolo_LPR_RK3568_FPGA_Project\1_PC_Training\datasets\yolo_format\images\train\crpd_60_0031.jpg	finetune_quant_dataset/quant_1690.jpg	066DBDBC7D4D35691CC1ECF917B5FAFE5D5449028058FFDDB4393375BFD004D9	1920	1080	0.333333333333	0	140
1691	yellow_single	old	train	train	2	D:\Yolo_LPR_RK3568_FPGA_Project\1_PC_Training\datasets\yolo_format\images\train\crpd_54_0590.jpg	finetune_quant_dataset/quant_1691.jpg	34A677C693FDDB3CBC74874529126E9730F139884E78BB19CADD881710DBC9A7	1920	1080	0.333333333333	0	140
1692	yellow_single	old	train	train	2	D:\Yolo_LPR_RK3568_FPGA_Project\1_PC_Training\datasets\yolo_format\images\train\crpd_66_0471.jpg	finetune_quant_dataset/quant_1692.jpg	AED2C47175E3BC2C1E7CFCC50909FF87C32BC3F9C6772F66375A50C1F1EDB592	1920	1080	0.333333333333	0	140
1693	other_all	old	train	train	3	D:\Yolo_LPR_RK3568_FPGA_Project\1_PC_Training\datasets\yolo_format\images\train\crpd_66_1138.jpg	finetune_quant_dataset/quant_1693.jpg	7B3DDA113B206E00D7BA757C794EC292C2CB7EEE6143DE18B915C8BB24B891CC	1920	1080	0.333333333333	0	140
1694	blue	old	train	train	0	D:\Yolo_LPR_RK3568_FPGA_Project\1_PC_Training\datasets\yolo_format\images\train\crpd_39_0274.jpg	finetune_quant_dataset/quant_1694.jpg	51F43017D4444C0E3735FEF1687A7169F06659A4DA7E13C03FDBC1879E48A002	1920	1080	0.333333333333	0	140
1695	other_all	old	train	train	3	D:\Yolo_LPR_RK3568_FPGA_Project\1_PC_Training\datasets\yolo_format\images\train\crpd_66_1595.jpg	finetune_quant_dataset/quant_1695.jpg	45DEED84E3B9D463AE2A2B0CD43603A5C9E4C6DBAF1B46A70A907E6C53B7D4C6	1920	1080	0.333333333333	0	140
1696	green	old	train	train	1	D:\Yolo_LPR_RK3568_FPGA_Project\1_PC_Training\datasets\yolo_format\images\train\ccpd_green_train_0170225694444-89_90-262&482_474&563-474&555_262&563_262&486_471&482-0_0_5_24_30_31_32_33-97-66.jpg	finetune_quant_dataset/quant_1696.jpg	9D9059F6D34F329AE628BE9FCC057C3629E22EC75AD9A2ABEB12AA92E6DA4272	720	1160	0.551724137931	121	0
1697	other_all	special	train	香港出入境车牌	3	D:\Yolo_LPR_RK3568_FPGA_Project\1_PC_Training\datasets\特殊车牌\image\香港出入境车牌\粤Z9775港.jpg	finetune_quant_dataset/quant_1697.jpg	2B550746075B7FDE831D320FF22F060D5F483571DCF6519033FA7930F312CD46	1600	1200	0.4	0	80
1698	green	old	train	train	1	D:\Yolo_LPR_RK3568_FPGA_Project\1_PC_Training\datasets\yolo_format\images\train\ccpd_green_train_3028802083333333332-90_255-241&472_557&564-557&564_261&558_241&474_524&472-0_0_3_27_24_29_29_32-85-76.jpg	finetune_quant_dataset/quant_1698.jpg	B4E9A969354EC3CF67D71F27E20A74DCF4CDFCA90288BF59BB79D233363B9811	720	1160	0.551724137931	121	0
1699	yellow_single	old	train	train	2	D:\Yolo_LPR_RK3568_FPGA_Project\1_PC_Training\datasets\yolo_format\images\train\crpd_44_0967.jpg	finetune_quant_dataset/quant_1699.jpg	BAA5C2732B184ED792799C6EA331FF346397C3B2ABC8036025D7AF467A8362FE	1920	1080	0.333333333333	0	140
1700	yellow_single	old	train	train	2	D:\Yolo_LPR_RK3568_FPGA_Project\1_PC_Training\datasets\yolo_format\images\train\crpd_45_0384.jpg	finetune_quant_dataset/quant_1700.jpg	37A9A4200BA396B9C6A31E11F3C39426FF8034F6DD06748AAC279DE8D8FACE03	1920	1080	0.333333333333	0	140
1701	other_all	old	train	train	3	D:\Yolo_LPR_RK3568_FPGA_Project\1_PC_Training\datasets\yolo_format\images\train\crpd_66_0285.jpg	finetune_quant_dataset/quant_1701.jpg	CBD6AEE119BE2C4CC26E13DAEA3B2EACF2CED29542CEB552B06ECEFB89F79BEC	1600	1200	0.4	0	80
1702	blue	old	train	train	0	D:\Yolo_LPR_RK3568_FPGA_Project\1_PC_Training\datasets\yolo_format\images\train\ccpd_blue_ccpd_challenge_0181-1_10-216&554_410&632-410&626_232&632_216&560_394&554-0_0_19_0_24_24_27-53-3.jpg	finetune_quant_dataset/quant_1702.jpg	4F637D29725B8919F027432C0BCC8472DA878EA9D040E12BA76CE46B81E31E37	720	1160	0.551724137931	121	0
1703	yellow_single	old	train	train	2	D:\Yolo_LPR_RK3568_FPGA_Project\1_PC_Training\datasets\yolo_format\images\train\crpd_57_0240.jpg	finetune_quant_dataset/quant_1703.jpg	1D39B2768821A55560BA499B55AEA91EB4ACF017811962D4E399063B73CB1D79	1920	1080	0.333333333333	0	140
1704	other_all	special	train	香港出入境车牌	3	D:\Yolo_LPR_RK3568_FPGA_Project\1_PC_Training\datasets\特殊车牌\image\香港出入境车牌\粤ZRR44港.jpg	finetune_quant_dataset/quant_1704.jpg	464EE786D94BDD6BC4FDE4A43F494A0C863DC9EF979646AD0390F3D536BA70BC	1600	1200	0.4	0	80
1705	blue	old	train	train	0,0	D:\Yolo_LPR_RK3568_FPGA_Project\1_PC_Training\datasets\yolo_format\images\train\crpd_39_0729.jpg	finetune_quant_dataset/quant_1705.jpg	9B441FB04DB768F12EF7D0DF652CCD2D5EA3DFA715858C1A8ED0D67EFD3CEC42	1600	1200	0.4	0	80
1706	other_all	old	train	train	3	D:\Yolo_LPR_RK3568_FPGA_Project\1_PC_Training\datasets\yolo_format\images\train\crpd_66_1553.jpg	finetune_quant_dataset/quant_1706.jpg	1D96ECAA4FA0D8498C51DB8AEAE976D537B098F62F7F1B1D96C7205DF99102F4	1920	1080	0.333333333333	0	140
1707	yellow_single	old	train	train	2	D:\Yolo_LPR_RK3568_FPGA_Project\1_PC_Training\datasets\yolo_format\images\train\crpd_66_1722.jpg	finetune_quant_dataset/quant_1707.jpg	690B453C570F51912FE8A11DAAAED53381E58B43F1359F96A40689737B74916F	1920	1080	0.333333333333	0	140
1708	yellow_single	old	train	train	2	D:\Yolo_LPR_RK3568_FPGA_Project\1_PC_Training\datasets\yolo_format\images\train\crpd_1 (906).jpg	finetune_quant_dataset/quant_1708.jpg	810FAD436AA9760D5D899CCB40104DD9372FD28E4FDBFFA28AF46C71DAB1C4EC	1628	1236	0.39312039312	0	77
1709	green	old	train	train	1	D:\Yolo_LPR_RK3568_FPGA_Project\1_PC_Training\datasets\yolo_format\images\train\ccpd_green_train_0603255208333-91_93-183&436_635&571-635&571_183&557_185&436_631&443-0_0_3_24_31_33_24_26-62-113.jpg	finetune_quant_dataset/quant_1709.jpg	44BE6F5DABCE8FFBDB295C933DB6C1BB4B1EBB2D35A2CFA3DCB59990CA191CFB	720	1160	0.551724137931	121	0
1710	other_all	special	train	澳门出入境车牌	3	D:\Yolo_LPR_RK3568_FPGA_Project\1_PC_Training\datasets\特殊车牌\image\澳门出入境车牌\粤ZD999澳.jpg	finetune_quant_dataset/quant_1710.jpg	BA5147010987F56DA7D38CE1DA40D64488D4B91AEFD72C9F213A976C8CA90953	1600	1200	0.4	0	80
1711	blue	old	train	train	0	D:\Yolo_LPR_RK3568_FPGA_Project\1_PC_Training\datasets\yolo_format\images\train\ccpd_blue_ccpd_fn_0055-1_3-286&500_400&541-400&539_289&541_286&502_397&500-0_0_7_30_23_29_29-89-10.jpg	finetune_quant_dataset/quant_1711.jpg	ABDF141141ECA1182DF49425D2673BA8B98EB0E39F67DE2F159F9B22FFF1486A	720	1160	0.551724137931	121	0
1712	other_all	old	train	train	3	D:\Yolo_LPR_RK3568_FPGA_Project\1_PC_Training\datasets\yolo_format\images\train\crpd_66_0581.jpg	finetune_quant_dataset/quant_1712.jpg	171D0537BB4E5783746C4453CB92F5F949D6128A33932EE66E7A3322B203F5FA	1920	1080	0.333333333333	0	140
1713	blue	old	train	train	0	D:\Yolo_LPR_RK3568_FPGA_Project\1_PC_Training\datasets\yolo_format\images\train\crpd_42_1227.jpg	finetune_quant_dataset/quant_1713.jpg	F56707C512D86C036A82D7F42704F12477AC6E0D797BF125D2AFA12C33A6A8B6	1920	1080	0.333333333333	0	140
1714	other_all	old	train	train	3	D:\Yolo_LPR_RK3568_FPGA_Project\1_PC_Training\datasets\yolo_format\images\train\crpd_66_0730.jpg	finetune_quant_dataset/quant_1714.jpg	9F3AEC16824E0D5AE7A638752CED5147E9CF3C83A5566C3D12D2B8AA30A42175	1600	1200	0.4	0	80
1715	other_all	old	train	train	3	D:\Yolo_LPR_RK3568_FPGA_Project\1_PC_Training\datasets\yolo_format\images\train\crpd_66_0731.jpg	finetune_quant_dataset/quant_1715.jpg	896475123206A27A129DE34D9895FF7698821A3F7D186D5290A9D1E9E28C051B	1600	1200	0.4	0	80
1716	blue	old	train	train	0	D:\Yolo_LPR_RK3568_FPGA_Project\1_PC_Training\datasets\yolo_format\images\train\crpd_60_0352.jpg	finetune_quant_dataset/quant_1716.jpg	13ACCBBBA856EF016CDFBE4697DB835278A5D15BD570B7A0A26FFC2C5332229D	1920	1080	0.333333333333	0	140
1717	other_all	special	train	香港出入境车牌	3	D:\Yolo_LPR_RK3568_FPGA_Project\1_PC_Training\datasets\特殊车牌\image\香港出入境车牌\粤ZUU14港.jpg	finetune_quant_dataset/quant_1717.jpg	0687A007811F3927DDB6F71EC524D854C66A204F1D316AEE26390697C0310D70	1600	1200	0.4	0	80
1718	other_all	old	train	train	3	D:\Yolo_LPR_RK3568_FPGA_Project\1_PC_Training\datasets\yolo_format\images\train\crpd_66_0564.jpg	finetune_quant_dataset/quant_1718.jpg	95E8DB7A78FA9A530223A45EF78C353AA632AEC6121FFB3487D67AE424A88BDA	1920	1080	0.333333333333	0	140
1719	blue	old	train	train	0	D:\Yolo_LPR_RK3568_FPGA_Project\1_PC_Training\datasets\yolo_format\images\train\ccpd_blue_ccpd_challenge_0089-12_25-346&443_450&515-438&495_346&515_358&463_450&443-0_0_7_26_26_31_20-77-9.jpg	finetune_quant_dataset/quant_1719.jpg	8A6D2558AC969EE46B7D8367B13C7138A2C3B1B3286DF58E243D873E562286AC	720	1160	0.551724137931	121	0
1720	other_all	old	train	train	3	D:\Yolo_LPR_RK3568_FPGA_Project\1_PC_Training\datasets\yolo_format\images\train\crpd_66_1460.jpg	finetune_quant_dataset/quant_1720.jpg	D385F09B59B17A03E0C774FD1D8216B486B4A64A2637D7831FF511ED3E3B2177	1600	1200	0.4	0	80
1721	yellow_single	old	train	train	2	D:\Yolo_LPR_RK3568_FPGA_Project\1_PC_Training\datasets\yolo_format\images\train\crpd_40_0584.jpg	finetune_quant_dataset/quant_1721.jpg	A0AC9AD41B9471B2D57AF51E8108166BC58CD9EDE3005FD1DAFFB3A4F783BA30	1920	1080	0.333333333333	0	140
1722	yellow_single	old	train	train	2	D:\Yolo_LPR_RK3568_FPGA_Project\1_PC_Training\datasets\yolo_format\images\train\crpd_57_0096.jpg	finetune_quant_dataset/quant_1722.jpg	C9637E3F242B154D9019623E004928090F83B6E5A1953A489407EDA95DAA2CDE	1920	1080	0.333333333333	0	140
1723	yellow_single	old	train	train	2	D:\Yolo_LPR_RK3568_FPGA_Project\1_PC_Training\datasets\yolo_format\images\train\crpd_1 (777).jpg	finetune_quant_dataset/quant_1723.jpg	BC90E31A573108161E3D9DD7D373145B6B77882996E994F987CA9BC4935B8754	1628	1236	0.39312039312	0	77
1724	blue	old	train	train	0	D:\Yolo_LPR_RK3568_FPGA_Project\1_PC_Training\datasets\yolo_format\images\train\ccpd_blue_ccpd_weather_0149-1_0-189&441_373&509-371&509_189&504_191&441_373&446-0_0_21_31_28_24_30-119-25.jpg	finetune_quant_dataset/quant_1724.jpg	8DC61C387DBBA1B699E9B3542CEBD63DC73AAB43341ADE0FB77D7645048FD584	720	1160	0.551724137931	121	0
1725	green	old	train	train	1	D:\Yolo_LPR_RK3568_FPGA_Project\1_PC_Training\datasets\yolo_format\images\train\ccpd_green_train_0191200086806-90_90-272&447_535&520-535&520_272&519_272&448_532&447-0_0_3_24_33_32_33_29-123-34.jpg	finetune_quant_dataset/quant_1725.jpg	A6BBFB932286C4951A02F7562302A87C83A33D9CEAD91B9BCD213FA7B256646F	720	1160	0.551724137931	121	0
1726	blue	old	train	train	0	D:\Yolo_LPR_RK3568_FPGA_Project\1_PC_Training\datasets\yolo_format\images\train\ccpd_blue_ccpd_fn_0045-0_3-296&449_390&489-390&489_298&488_296&449_388&450-0_0_22_27_27_24_4-100-7.jpg	finetune_quant_dataset/quant_1726.jpg	D8D65DA8480F9F94CC462CB89AB8A6CA1124301CDF96C41F669AFB630DC911BE	720	1160	0.551724137931	121	0
1727	yellow_single	old	train	train	2	D:\Yolo_LPR_RK3568_FPGA_Project\1_PC_Training\datasets\yolo_format\images\train\crpd_66_1017.jpg	finetune_quant_dataset/quant_1727.jpg	C05927099D70E8CD7BE6A3CB5725A0E8A8739DBBA95A6F0EF1EBE3098EB311A4	1920	1080	0.333333333333	0	140
1728	other_all	old	train	train	3	D:\Yolo_LPR_RK3568_FPGA_Project\1_PC_Training\datasets\yolo_format\images\train\crpd_66_0759.jpg	finetune_quant_dataset/quant_1728.jpg	FC68E8788862B31C0E625F584538DF1887A6D993954DCA875150CBE9CABF76C7	1920	1080	0.333333333333	0	140
1729	blue	old	train	train	0,0	D:\Yolo_LPR_RK3568_FPGA_Project\1_PC_Training\datasets\yolo_format\images\train\crpd_62_1668.jpg	finetune_quant_dataset/quant_1729.jpg	8094FA4DD86EDBB2CE16EC616524C8D8D38512EB6E0649F7795DF5249B4371F4	2592	1936	0.246913580247	0	81
1730	other_all	old	train	train	3	D:\Yolo_LPR_RK3568_FPGA_Project\1_PC_Training\datasets\yolo_format\images\train\crpd_66_1232.jpg	finetune_quant_dataset/quant_1730.jpg	4138B082557D759860B36450E9909E80326E29D32D37E0EFD58E2A15D7C3EBDB	1920	1080	0.333333333333	0	140
1731	green	old	train	train	1	D:\Yolo_LPR_RK3568_FPGA_Project\1_PC_Training\datasets\yolo_format\images\train\ccpd_green_train_0201009114583-91_269-288&474_535&557-535&557_288&554_290&474_532&480-0_0_3_26_30_27_33_33-88-9.jpg	finetune_quant_dataset/quant_1731.jpg	DF2547BD8AFA6F16632303DC14C0B0B4E7B093A27B8D2D9D88838104D5DAE468	720	1160	0.551724137931	121	0
1732	green	old	train	train	1	D:\Yolo_LPR_RK3568_FPGA_Project\1_PC_Training\datasets\yolo_format\images\train\ccpd_green_train_0173394097222-90_97-272&479_507&553-507&549_277&553_272&482_500&479-0_0_3_25_33_30_30_30-86-24.jpg	finetune_quant_dataset/quant_1732.jpg	974C9DB5F69398DEEFDB61DD1BA44DA13B1515EF120DD0760966FB4DEEDEEC1C	720	1160	0.551724137931	121	0
1733	other_all	old	train	train	3	D:\Yolo_LPR_RK3568_FPGA_Project\1_PC_Training\datasets\yolo_format\images\train\crpd_66_0139.jpg	finetune_quant_dataset/quant_1733.jpg	2444CC4C5C8248AC07C3716E3BB17A8BE30F75B37255651BBAD7106CD97AA2CD	1920	1080	0.333333333333	0	140
1734	green	old	train	train	1	D:\Yolo_LPR_RK3568_FPGA_Project\1_PC_Training\datasets\yolo_format\images\train\ccpd_green_train_0280381944444-90_263-174&432_478&525-466&520_174&525_184&432_478&434-0_0_3_24_24_32_30_31-88-139.jpg	finetune_quant_dataset/quant_1734.jpg	A3BFB96E203E738654D4B72DED302869988021D421DF63580216878C00493FD1	720	1160	0.551724137931	121	0
1735	other_all	old	train	train	3	D:\Yolo_LPR_RK3568_FPGA_Project\1_PC_Training\datasets\yolo_format\images\train\crpd_66_0251.jpg	finetune_quant_dataset/quant_1735.jpg	F6067C1DC2E888EA19FD13F35BA58C5D7909DF2F5246222C90EAF6F915049498	1920	1080	0.333333333333	0	140
1736	green	old	train	train	1	D:\Yolo_LPR_RK3568_FPGA_Project\1_PC_Training\datasets\yolo_format\images\train\ccpd_green_train_0232356770833-87_102-284&410_542&501-532&485_284&501_294&423_542&410-0_0_3_24_33_31_29_27-87-96.jpg	finetune_quant_dataset/quant_1736.jpg	4136073E7D22A8DA4E5894113B546BD590832FCD038033C303C5E44F465DFDE1	720	1160	0.551724137931	121	0
1737	green	old	train	train	1	D:\Yolo_LPR_RK3568_FPGA_Project\1_PC_Training\datasets\yolo_format\images\train\ccpd_green_train_3021701388888888888-91_100-191&466_441&553-441&553_213&547_191&466_429&470-0_0_3_24_32_30_26_27-62-13.jpg	finetune_quant_dataset/quant_1737.jpg	AD3605920EA947965F6505A743BC388B522F666EE98F2F97FBDF1FC9C51601B5	720	1160	0.551724137931	121	0
1738	yellow_single	old	train	train	2	D:\Yolo_LPR_RK3568_FPGA_Project\1_PC_Training\datasets\yolo_format\images\train\crpd_40_0270.jpg	finetune_quant_dataset/quant_1738.jpg	4D6538A90EE35653417D787E59EED5A9B9587A4699015BDDB5B47589C049AF45	1600	1200	0.4	0	80
1739	other_all	old	train	train	3	D:\Yolo_LPR_RK3568_FPGA_Project\1_PC_Training\datasets\yolo_format\images\train\crpd_66_0463.jpg	finetune_quant_dataset/quant_1739.jpg	BE5164F18E656D1D46EBE4F9B39B41389CA621AFB6F5304E99924CC3E92AF666	1600	1200	0.4	0	80
1740	blue	old	train	train	0	D:\Yolo_LPR_RK3568_FPGA_Project\1_PC_Training\datasets\yolo_format\images\train\ccpd_blue_ccpd_base_0343965517241-90_84-204&430_555&549-552&547_200&549_201&435_553&433-0_0_30_28_4_26_32-46-157.jpg	finetune_quant_dataset/quant_1740.jpg	60A4EA3F86352BAFDB84ED2E73DE84FE72B1D2CCF517B2B95EE8937E432EB056	720	1160	0.551724137931	121	0
1741	other_all	old	train	train	3	D:\Yolo_LPR_RK3568_FPGA_Project\1_PC_Training\datasets\yolo_format\images\train\crpd_66_0345.jpg	finetune_quant_dataset/quant_1741.jpg	B8832DDD9F20F685296AC5EE29BE3402E6C9FAE2EE48EC4F0B3E9BA6AEC6B5D3	1600	1200	0.4	0	80
1742	blue	old	train	train	0,0,0	D:\Yolo_LPR_RK3568_FPGA_Project\1_PC_Training\datasets\yolo_format\images\train\crpd_45_0239.jpg	finetune_quant_dataset/quant_1742.jpg	D28CC855193074857D5D3E7E989888D0150196C23519FADCB7BFDF49880059C1	1920	1080	0.333333333333	0	140
1743	yellow_single	old	train	train	2	D:\Yolo_LPR_RK3568_FPGA_Project\1_PC_Training\datasets\yolo_format\images\train\crpd_61_0030.jpg	finetune_quant_dataset/quant_1743.jpg	8EAAD241B217CD4EF62901E031B180C40BF24CD41AB3D583CC26182F88FAB888	1600	1200	0.4	0	80
1744	green	old	train	train	1	D:\Yolo_LPR_RK3568_FPGA_Project\1_PC_Training\datasets\yolo_format\images\train\ccpd_green_train_0180436197917-90_265-247&471_488&547-488&547_253&547_247&471_482&474-0_0_3_24_30_30_30_33-110-61.jpg	finetune_quant_dataset/quant_1744.jpg	2DA83C2E0F52BB69A05B828CC6C4EDF7B7F3AF81880152C65A8EE7FE5D2A1553	720	1160	0.551724137931	121	0
1745	green	old	train	train	1	D:\Yolo_LPR_RK3568_FPGA_Project\1_PC_Training\datasets\yolo_format\images\train\ccpd_green_train_0169444444444-90_262-210&453_454&523-454&523_218&522_210&457_445&453-0_0_3_24_28_31_33_30-126-112.jpg	finetune_quant_dataset/quant_1745.jpg	6251B06DFF0EE5EA43C6676DEC61E3A6EAD4D7C391F609882C081970A5EA6D8E	720	1160	0.551724137931	121	0
1746	other_all	old	train	train	3	D:\Yolo_LPR_RK3568_FPGA_Project\1_PC_Training\datasets\yolo_format\images\train\crpd_62_0508.jpg	finetune_quant_dataset/quant_1746.jpg	49E1AE4BFA8E2816A977CE9A48874F9E0C78D998439A32BAF9564AB0A35722FB	1920	1080	0.333333333333	0	140
1747	yellow_single	old	train	train	2	D:\Yolo_LPR_RK3568_FPGA_Project\1_PC_Training\datasets\yolo_format\images\train\crpd_47_0212.jpg	finetune_quant_dataset/quant_1747.jpg	99C85BD62EA9DC02726B1D7FBE656B57341B93898CFD00A02FDCDA7B79C95D74	1920	1080	0.333333333333	0	140
1748	green	old	train	train	1	D:\Yolo_LPR_RK3568_FPGA_Project\1_PC_Training\datasets\yolo_format\images\train\ccpd_green_train_0157986111111-90_265-283&404_491&481-491&479_288&481_283&404_490&408-0_0_5_24_24_25_30_30-194-104.jpg	finetune_quant_dataset/quant_1748.jpg	898C452EA1BD4090A5910F11AA748AF6C7D5DC5269B26082C190CA406A2DCB63	720	1160	0.551724137931	121	0
1749	yellow_single	old	train	train	2	D:\Yolo_LPR_RK3568_FPGA_Project\1_PC_Training\datasets\yolo_format\images\train\crpd_1 (900).jpg	finetune_quant_dataset/quant_1749.jpg	308EB8CAB60578A767D0CE6CCB01B545947CD73E77610653C0D8A7EE9B9A611E	1628	1236	0.39312039312	0	77
1750	other_all	old	train	train	3	D:\Yolo_LPR_RK3568_FPGA_Project\1_PC_Training\datasets\yolo_format\images\train\crpd_66_1497.jpg	finetune_quant_dataset/quant_1750.jpg	AEA965BDF63417F07FAF11B2E8E8F26FD895E619D0BACDCA5C3C699A60B22557	1920	1080	0.333333333333	0	140
1751	other_all	special	train	澳门出入境车牌	3	D:\Yolo_LPR_RK3568_FPGA_Project\1_PC_Training\datasets\特殊车牌\image\澳门出入境车牌\粤ZE588澳.jpg	finetune_quant_dataset/quant_1751.jpg	4A1646444C7C9EC2A1B5A0A95C8D6E187D473821B4B5BAA56A9236982690DF4E	1600	1200	0.4	0	80
1752	other_all	old	train	train	3	D:\Yolo_LPR_RK3568_FPGA_Project\1_PC_Training\datasets\yolo_format\images\train\crpd_66_1206.jpg	finetune_quant_dataset/quant_1752.jpg	8FA989C661D9C3006CA285382745098BD66938C3A85D1ECF41FC6B217DA7A8B2	1920	1080	0.333333333333	0	140
1753	yellow_single	old	train	train	2	D:\Yolo_LPR_RK3568_FPGA_Project\1_PC_Training\datasets\yolo_format\images\train\crpd_45_0489.jpg	finetune_quant_dataset/quant_1753.jpg	2453C50C18096F6A32560D84422F80996FB7A98F5218F6CD8F881FD0EA7F143C	1920	1080	0.333333333333	0	140
1754	green	old	train	train	1	D:\Yolo_LPR_RK3568_FPGA_Project\1_PC_Training\datasets\yolo_format\images\train\ccpd_green_train_0196126302083-90_90-227&441_468&523-468&515_227&523_227&441_468&442-0_0_3_26_29_30_30_33-97-81.jpg	finetune_quant_dataset/quant_1754.jpg	5C3E022F492667B802BE77879642DDEAD13E6689A80774CAEBA0AFB959B71BEC	720	1160	0.551724137931	121	0
1755	yellow_single	old	train	train	2	D:\Yolo_LPR_RK3568_FPGA_Project\1_PC_Training\datasets\yolo_format\images\train\crpd_57_0753.jpg	finetune_quant_dataset/quant_1755.jpg	35082FFF321C38C668B49AB2E64FCCA973A3BE5CDAF93566421C19E783E132D7	1920	1080	0.333333333333	0	140
1756	blue	old	train	train	0	D:\Yolo_LPR_RK3568_FPGA_Project\1_PC_Training\datasets\yolo_format\images\train\ccpd_blue_ccpd_weather_0148-2_0-318&451_509&516-507&516_318&509_320&451_509&458-10_4_26_27_8_13_31-58-29.jpg	finetune_quant_dataset/quant_1756.jpg	8DBDC10F4BA3D885AE9B43F864F77F01F5B38C76FF6A6B2AC9EDFE200D00D970	720	1160	0.551724137931	121	0
1757	yellow_single	old	train	train	2	D:\Yolo_LPR_RK3568_FPGA_Project\1_PC_Training\datasets\yolo_format\images\train\crpd_55_0902.jpg	finetune_quant_dataset/quant_1757.jpg	DE503347562A23288A615CD239179A05895701E7C101297A1945B932A525E157	1920	1080	0.333333333333	0	140
1758	blue	old	train	train	0	D:\Yolo_LPR_RK3568_FPGA_Project\1_PC_Training\datasets\yolo_format\images\train\ccpd_blue_ccpd_fn_0805-15_29-283&592_621&791-595&702_283&791_309&681_621&592-14_0_23_27_28_27_24-92-58.jpg	finetune_quant_dataset/quant_1758.jpg	4695E9E1593796B9C41368A09158E55B80C1B5D083A1086A268FE04EB876124A	720	1160	0.551724137931	121	0
1759	yellow_single	old	train	train	2	D:\Yolo_LPR_RK3568_FPGA_Project\1_PC_Training\datasets\yolo_format\images\train\crpd_1 (170).jpg	finetune_quant_dataset/quant_1759.jpg	BEE1434FE0F3C189D5DDB3A84F4D0FAB2B8B057C34DDE30EBCEF02E7AFBD5175	1628	1236	0.39312039312	0	77
1760	other_all	old	train	train	0,3	D:\Yolo_LPR_RK3568_FPGA_Project\1_PC_Training\datasets\yolo_format\images\train\crpd_62_2330.jpg	finetune_quant_dataset/quant_1760.jpg	33BE8B3F9C02F0C0D83F16DF357FF87982478B003632B2483E4527B8F93FF9A4	1600	1200	0.4	0	80
1761	other_all	old	train	train	3	D:\Yolo_LPR_RK3568_FPGA_Project\1_PC_Training\datasets\yolo_format\images\train\crpd_66_0301.jpg	finetune_quant_dataset/quant_1761.jpg	E84DD57E3ADD97A7FB8EF8991803B46AE26E98065FE7139B8D14852DE0B1B689	1920	1080	0.333333333333	0	140
1762	other_all	special	train	警用车牌	3	D:\Yolo_LPR_RK3568_FPGA_Project\1_PC_Training\datasets\特殊车牌\image\警用车牌\粤01251警.jpg	finetune_quant_dataset/quant_1762.jpg	0B71F01728A50F2117F30A7219149693575AE8ED4D245ABA8EBE20FF55B6ECE7	1600	1200	0.4	0	80
1763	other_all	old	train	train	3	D:\Yolo_LPR_RK3568_FPGA_Project\1_PC_Training\datasets\yolo_format\images\train\crpd_66_0284.jpg	finetune_quant_dataset/quant_1763.jpg	C0D44D461AD7DC7774BA0B1DA9818281ADC2F1B93FA6CAC783222D18FB9BCCEC	1600	1200	0.4	0	80
1764	blue	old	train	train	0	D:\Yolo_LPR_RK3568_FPGA_Project\1_PC_Training\datasets\yolo_format\images\train\ccpd_blue_ccpd_challenge_0329-1_0-188&368_443&476-443&470_189&476_188&374_442&368-0_0_2_32_33_25_32-217-6.jpg	finetune_quant_dataset/quant_1764.jpg	D685AAD2184A9BE618F03C879F423C3FE0C383476602E4654FED8383A78FF773	720	1160	0.551724137931	121	0
1765	other_all	special	train	警用车牌	3	D:\Yolo_LPR_RK3568_FPGA_Project\1_PC_Training\datasets\特殊车牌\image\警用车牌\粤04540警.jpg	finetune_quant_dataset/quant_1765.jpg	913EA94B7B7471404FFDC1BA6C33483132A6B64BD55D2EA3A3BD03C99D41F7E5	1600	1200	0.4	0	80
1766	green	old	train	train	1	D:\Yolo_LPR_RK3568_FPGA_Project\1_PC_Training\datasets\yolo_format\images\train\ccpd_green_train_0122222222222-87_264-270&449_446&519-441&508_270&519_272&460_446&449-0_0_3_25_33_33_31_33-110-15.jpg	finetune_quant_dataset/quant_1766.jpg	418492016514B7F05BC00950D3EA536A42E51D2ED8D26353B1C5E1ACA53ECAD8	720	1160	0.551724137931	121	0
1767	green	old	train	train	1	D:\Yolo_LPR_RK3568_FPGA_Project\1_PC_Training\datasets\yolo_format\images\train\ccpd_green_train_0289171006944-90_96-192&468_517&558-510&553_192&558_194&471_517&468-0_0_3_26_25_31_31_24-79-64.jpg	finetune_quant_dataset/quant_1767.jpg	9369B7381B27A23E8C39CC66649BF19E815289D5E74A6FCBA0C3CAB71C3F2376	720	1160	0.551724137931	121	0
1768	green	old	train	train	1	D:\Yolo_LPR_RK3568_FPGA_Project\1_PC_Training\datasets\yolo_format\images\train\ccpd_green_train_0636176215278-89_99-53&441_586&561-573&549_71&561_53&453_586&441-0_0_3_24_25_24_30_29-82-185.jpg	finetune_quant_dataset/quant_1768.jpg	9EB172DE6673A82696755BE3358B3976C0A8F77B14343DE6947656C635CDEB78	720	1160	0.551724137931	121	0
1769	blue	old	train	train	0,2	D:\Yolo_LPR_RK3568_FPGA_Project\1_PC_Training\datasets\yolo_format\images\train\crpd_54_0239.jpg	finetune_quant_dataset/quant_1769.jpg	2835DEFDFF86482205E3E8244D4D3F04A3958E3CB3ABB3655CFE65F2B9D99F1C	1920	1080	0.333333333333	0	140
1770	yellow_single	old	train	train	2	D:\Yolo_LPR_RK3568_FPGA_Project\1_PC_Training\datasets\yolo_format\images\train\crpd_53_0871.jpg	finetune_quant_dataset/quant_1770.jpg	55AA561CBB18CDEBA16F308E93AE35D55F883F8FD0EF97173D8E4283C25722EF	1920	1080	0.333333333333	0	140
1771	green	old	train	train	1	D:\Yolo_LPR_RK3568_FPGA_Project\1_PC_Training\datasets\yolo_format\images\train\ccpd_green_train_0195681423611-90_255-231&442_485&519-485&519_248&512_231&442_472&442-0_0_3_24_26_29_26_24-80-58.jpg	finetune_quant_dataset/quant_1771.jpg	7941ED424495D7F3F89800FD1D9BD44535CE1E96A87BBA10859DD396E0BCE774	720	1160	0.551724137931	121	0
1772	other_all	old	train	train	3	D:\Yolo_LPR_RK3568_FPGA_Project\1_PC_Training\datasets\yolo_format\images\train\crpd_66_0179.jpg	finetune_quant_dataset/quant_1772.jpg	EE776DDA36B884F85830DC7B2674F3AC307B893EF88870F0EF13AC7B722801BC	1920	1080	0.333333333333	0	140
1773	yellow_single	old	train	train	2	D:\Yolo_LPR_RK3568_FPGA_Project\1_PC_Training\datasets\yolo_format\images\train\crpd_66_0669.jpg	finetune_quant_dataset/quant_1773.jpg	E2E2F8DB39970865708604DD3D4C2DC51CA915CD8A5177467DA54D41A8578E49	1920	1080	0.333333333333	0	140
1774	other_all	special	train	教练车牌	3	D:\Yolo_LPR_RK3568_FPGA_Project\1_PC_Training\datasets\特殊车牌\image\教练车牌\粤C2201学.jpg	finetune_quant_dataset/quant_1774.jpg	AD393DF4AAEE933063BBF49B2FD901ED8016E756FEBCF4D94A009FFEF9479937	1600	1200	0.4	0	80
1775	other_all	special	train	香港出入境车牌	3	D:\Yolo_LPR_RK3568_FPGA_Project\1_PC_Training\datasets\特殊车牌\image\香港出入境车牌\粤Z779B港.jpg	finetune_quant_dataset/quant_1775.jpg	47F9D914298BB9CCD1DD665774F96BE9765E44143754949F7137CB7FCD367C25	1600	1200	0.4	0	80
1776	other_all	old	train	train	0,3	D:\Yolo_LPR_RK3568_FPGA_Project\1_PC_Training\datasets\yolo_format\images\train\crpd_65_0439.jpg	finetune_quant_dataset/quant_1776.jpg	791A2E73B19F1B1FBE0B795659AF29031D70EEF55898A48427921BB89A7E9408	1920	1080	0.333333333333	0	140
1777	green	old	train	train	1	D:\Yolo_LPR_RK3568_FPGA_Project\1_PC_Training\datasets\yolo_format\images\train\ccpd_green_train_0221788194444-89_253-187&433_467&513-467&513_207&507_187&438_460&433-0_0_3_24_24_24_28_30-122-132.jpg	finetune_quant_dataset/quant_1777.jpg	9FE5A5E904C604B9791A58DD8FE8DADA65F5323F1A14BA77C4CD115B8FBFEF72	720	1160	0.551724137931	121	0
1778	other_all	old	train	train	3	D:\Yolo_LPR_RK3568_FPGA_Project\1_PC_Training\datasets\yolo_format\images\train\crpd_66_0589.jpg	finetune_quant_dataset/quant_1778.jpg	4FFC925F8CA6F965F1346A8BD54F8708AE92449FA290DB7B5D72853AF68AFCE8	1600	1200	0.4	0	80
1779	green	old	train	train	1	D:\Yolo_LPR_RK3568_FPGA_Project\1_PC_Training\datasets\yolo_format\images\train\ccpd_green_train_0215190972222-89_267-214&479_482&560-480&551_218&560_214&488_482&479-0_0_3_24_26_26_30_28-83-177.jpg	finetune_quant_dataset/quant_1779.jpg	57A45CA49CF7A5873478231DDF3024E79BAB24BC8123BFA055809B3CFB2A0897	720	1160	0.551724137931	121	0
1780	other_all	special	train	澳门出入境车牌	3	D:\Yolo_LPR_RK3568_FPGA_Project\1_PC_Training\datasets\特殊车牌\image\澳门出入境车牌\粤ZF575澳.jpg	finetune_quant_dataset/quant_1780.jpg	8FF4DE313C8A28D65DF5A0E041D4A31A233D1A79A896A2C1AD1E8BC0786F2050	1600	1200	0.4	0	80
1781	green	old	train	train	1	D:\Yolo_LPR_RK3568_FPGA_Project\1_PC_Training\datasets\yolo_format\images\train\ccpd_green_train_3017545572916666665-91_97-211&470_442&547-433&547_211&540_212&470_442&472-0_0_3_24_31_29_32_32-94-88.jpg	finetune_quant_dataset/quant_1781.jpg	7D6DB2887DAA65238539CDD64F5D6687E8A372F3158A5FA1D2F1B373111A4BAB	720	1160	0.551724137931	121	0
1782	other_all	special	train	香港出入境车牌	3	D:\Yolo_LPR_RK3568_FPGA_Project\1_PC_Training\datasets\特殊车牌\image\香港出入境车牌\粤Z5N18港.jpg	finetune_quant_dataset/quant_1782.jpg	211F904DEB2DB13212E7913D1F3886BCF460D4EDBBFA1F1975C474BE5BAEE606	1600	1200	0.4	0	80
1783	other_all	old	train	train	3	D:\Yolo_LPR_RK3568_FPGA_Project\1_PC_Training\datasets\yolo_format\images\train\crpd_66_0567.jpg	finetune_quant_dataset/quant_1783.jpg	FA654B7846D96BAE27FB87857BC6D2A61906BE2474FF9DA1B91E5327D8EA0292	1920	1080	0.333333333333	0	140
1784	blue	old	train	train	0	D:\Yolo_LPR_RK3568_FPGA_Project\1_PC_Training\datasets\yolo_format\images\train\ccpd_blue_ccpd_rotate_0729-21_1-345&468_645&671-609&671_345&566_381&468_645&573-19_0_32_30_29_33_8-130-69.jpg	finetune_quant_dataset/quant_1784.jpg	0CAD913DF68B4DBB806A87AF58698C84D2F579743B1719DF4A938B75C6B88BFB	720	1160	0.551724137931	121	0
1785	blue	old	train	train	0	D:\Yolo_LPR_RK3568_FPGA_Project\1_PC_Training\datasets\yolo_format\images\train\ccpd_blue_ccpd_base_0120114942529-90_90-257&396_449&466-458&464_255&467_254&398_457&395-0_0_32_25_26_10_24-152-21.jpg	finetune_quant_dataset/quant_1785.jpg	02629E1118A7C0DC0B660AA78D4B36BE2AEBF2223FCB752A29ACA411467506BC	720	1160	0.551724137931	121	0
1786	other_all	special	train	教练车牌	3	D:\Yolo_LPR_RK3568_FPGA_Project\1_PC_Training\datasets\特殊车牌\image\教练车牌\粤C2168学.jpg	finetune_quant_dataset/quant_1786.jpg	4E32F8A4BD9D1087CA4FB0913AEE927A25D82C0E131713DF609CA3174A826998	1600	1200	0.4	0	80
1787	other_all	old	train	train	3	D:\Yolo_LPR_RK3568_FPGA_Project\1_PC_Training\datasets\yolo_format\images\train\crpd_66_0583.jpg	finetune_quant_dataset/quant_1787.jpg	9E66C66A959FAF4E0B26386908286F2008A12BF6A3E3D35BC3DDD9F6D0019DB2	1920	1080	0.333333333333	0	140
1788	green	old	train	train	1	D:\Yolo_LPR_RK3568_FPGA_Project\1_PC_Training\datasets\yolo_format\images\train\ccpd_green_train_0318684895833-90_249-236&409_566&506-566&506_265&501_236&414_545&409-0_0_3_24_33_29_33_29-72-127.jpg	finetune_quant_dataset/quant_1788.jpg	EAFA306B21ED3FCF6B0C27643B26809749236A45779699AD47D3CE910E2FEF90	720	1160	0.551724137931	121	0
1789	other_all	old	train	train	3	D:\Yolo_LPR_RK3568_FPGA_Project\1_PC_Training\datasets\yolo_format\images\train\crpd_66_0395.jpg	finetune_quant_dataset/quant_1789.jpg	5597AD9426EEDD2D156A4EDC81B43D43CA2BA68158A0D59CA5B36C81CAAFCDD7	1600	1200	0.4	0	80
1790	green	old	train	train	1	D:\Yolo_LPR_RK3568_FPGA_Project\1_PC_Training\datasets\yolo_format\images\train\ccpd_green_train_303671875-92_98-195&477_555&580-540&580_204&564_195&477_555&481-0_0_3_24_32_32_32_25-89-632.jpg	finetune_quant_dataset/quant_1790.jpg	338A9443F8DEEDC4F584DDE1330F7FA8EE78A30245608AFB8D660490ABEAA177	720	1160	0.551724137931	121	0
1791	green	old	train	train	1	D:\Yolo_LPR_RK3568_FPGA_Project\1_PC_Training\datasets\yolo_format\images\train\ccpd_green_train_0228428819444-90_90-235&479_512&562-512&561_235&562_241&481_512&479-0_0_5_25_27_32_33_32-156-94.jpg	finetune_quant_dataset/quant_1791.jpg	AF142A89339F173FC656945CA95E77DFA0FA33407B9D8783DFE046FFE4807878	720	1160	0.551724137931	121	0
1792	blue	old	train	train	0	D:\Yolo_LPR_RK3568_FPGA_Project\1_PC_Training\datasets\yolo_format\images\train\crpd_60_0129.jpg	finetune_quant_dataset/quant_1792.jpg	1A6C14B175DE0EF4858020A96DDD8782FBD1D6F0327F3EAC1EDCDA9DE9CC322A	1920	1080	0.333333333333	0	140
1793	green	old	train	train	1	D:\Yolo_LPR_RK3568_FPGA_Project\1_PC_Training\datasets\yolo_format\images\train\ccpd_green_train_304114583333333333-88_108-181&414_576&519-553&505_181&519_185&427_576&414-0_0_3_27_25_25_29_24-101-314.jpg	finetune_quant_dataset/quant_1793.jpg	D3B49736B009211700826D22D40767930A74692E75E3E463980A0B8F7DB2CA50	720	1160	0.551724137931	121	0
1794	blue	old	train	train	0,0,2	D:\Yolo_LPR_RK3568_FPGA_Project\1_PC_Training\datasets\yolo_format\images\train\crpd_39_1091.jpg	finetune_quant_dataset/quant_1794.jpg	ACC83E0F57F48FB23B08C6396E22465B3945072AC651FD321AD8ED0DAFDE22AC	1920	1080	0.333333333333	0	140
1795	green	old	train	train	1	D:\Yolo_LPR_RK3568_FPGA_Project\1_PC_Training\datasets\yolo_format\images\train\ccpd_green_train_301859375-89_92-306&450_544&529-544&523_306&529_306&453_541&450-0_0_3_28_30_31_30_33-109-36.jpg	finetune_quant_dataset/quant_1795.jpg	B40A72B87EF17F0A2EC29552364D70C3B681480C0297C541A7C3BBE70F6C2336	720	1160	0.551724137931	121	0
1796	blue	old	train	train	0	D:\Yolo_LPR_RK3568_FPGA_Project\1_PC_Training\datasets\yolo_format\images\train\ccpd_blue_ccpd_fn_0038-1_3-296&531_393&564-393&564_297&562_296&531_392&533-0_0_32_26_26_32_27-77-13.jpg	finetune_quant_dataset/quant_1796.jpg	0E272CD009FDF2E44E9AC5CA3D78CBAAFECAAFA7FD594ECA5FA2687D518F3AFB	720	1160	0.551724137931	121	0
1797	other_all	old	val	val	3	D:\Yolo_LPR_RK3568_FPGA_Project\1_PC_Training\datasets\yolo_format\images\val\crpd_37_0441.jpg	finetune_quant_dataset/quant_1797.jpg	A7E6A8EBE9F560AB1F276851D45A3902F9BC35579B660F09959870896F7A7528	1920	1080	0.333333333333	0	140
1798	blue	old	train	train	0,2	D:\Yolo_LPR_RK3568_FPGA_Project\1_PC_Training\datasets\yolo_format\images\train\crpd_57_0992.jpg	finetune_quant_dataset/quant_1798.jpg	887DBC757E9CB79F4CD692DDF3A533F17C98D3A0AA07CEA980721F7F2D57EC7A	1920	1080	0.333333333333	0	140
1799	blue	old	train	train	0	D:\Yolo_LPR_RK3568_FPGA_Project\1_PC_Training\datasets\yolo_format\images\train\crpd_58_0786.jpg	finetune_quant_dataset/quant_1799.jpg	A05823B6193BF3E320BACCFF992A7E003E3488BFC801810557690D293ECDDF8C	1600	1200	0.4	0	80
1800	blue	old	train	train	0,0	D:\Yolo_LPR_RK3568_FPGA_Project\1_PC_Training\datasets\yolo_format\images\train\crpd_57_0054.jpg	finetune_quant_dataset/quant_1800.jpg	D9DF9E98BDFE9EF430F194C5E48B88BEAAF46D8DF5731379C187DD21E9B6E258	1920	1080	0.333333333333	0	140
1801	yellow_single	old	train	train	2	D:\Yolo_LPR_RK3568_FPGA_Project\1_PC_Training\datasets\yolo_format\images\train\crpd_46_0507.jpg	finetune_quant_dataset/quant_1801.jpg	F90344694700FB184E2956C2543FF59343137B169F525B76967D0711AAD4C14F	1920	1080	0.333333333333	0	140
1802	yellow_single	old	train	train	2	D:\Yolo_LPR_RK3568_FPGA_Project\1_PC_Training\datasets\yolo_format\images\train\crpd_46_1299.jpg	finetune_quant_dataset/quant_1802.jpg	7053A15A87BFD5032854163C05B7D4FDD81C82CD211A97919B8C0548F3557E6B	1920	1080	0.333333333333	0	140
1803	other_all	special	test	教练车牌	3	D:\Yolo_LPR_RK3568_FPGA_Project\1_PC_Training\datasets\特殊车牌\image\教练车牌\粤C1296学.jpg	finetune_quant_dataset/quant_1803.jpg	8248990E43FDFEB98CCAD9516846B4773857CB944CA6C1315A2C88DD62CCD3BA	1600	1200	0.4	0	80
1804	blue	old	train	train	0	D:\Yolo_LPR_RK3568_FPGA_Project\1_PC_Training\datasets\yolo_format\images\train\ccpd_blue_ccpd_rotate_0238-29_15-319&413_459&555-459&487_337&555_319&481_441&413-0_0_1_31_23_24_24-159-38.jpg	finetune_quant_dataset/quant_1804.jpg	DB07F778A7F1047A3965ECC5D5DEDE3AA552C9C28C1735A7CBAC64F169436FDB	720	1160	0.551724137931	121	0
1805	yellow_single	old	train	train	2	D:\Yolo_LPR_RK3568_FPGA_Project\1_PC_Training\datasets\yolo_format\images\train\crpd_46_1153.jpg	finetune_quant_dataset/quant_1805.jpg	3188E415706DE2EAE13B162862A340289FC9A7F4272472D758E861296B2EB498	1920	1080	0.333333333333	0	140
1806	other_all	special	train	香港出入境车牌	3	D:\Yolo_LPR_RK3568_FPGA_Project\1_PC_Training\datasets\特殊车牌\image\香港出入境车牌\粤Z55A5港.jpg	finetune_quant_dataset/quant_1806.jpg	CF9A66CBA6E727E688A92AB5BCE760921971702B791C5464BC5397123CB7E6E4	1600	1200	0.4	0	80
1807	yellow_single	old	train	train	2	D:\Yolo_LPR_RK3568_FPGA_Project\1_PC_Training\datasets\yolo_format\images\train\crpd_62_0162.jpg	finetune_quant_dataset/quant_1807.jpg	5C734BA0AB7891909989104717D925006114DE010BAB2BA28CBAF1C2A43313D9	1920	1080	0.333333333333	0	140
1808	green	old	train	train	1	D:\Yolo_LPR_RK3568_FPGA_Project\1_PC_Training\datasets\yolo_format\images\train\ccpd_green_train_0250368923611-88_271-193&449_471&540-467&527_194&540_193&461_471&449-0_0_3_24_32_31_32_24-139-205.jpg	finetune_quant_dataset/quant_1808.jpg	3745E5AE1433653041D78ECB413BBDA9FB9AA6B77A3C02F7644048C7C8F55D36	720	1160	0.551724137931	121	0
1809	blue	old	train	train	0	D:\Yolo_LPR_RK3568_FPGA_Project\1_PC_Training\datasets\yolo_format\images\train\ccpd_blue_ccpd_challenge_0168-5_2-276&485_452&565-452&550_285&565_276&500_443&485-0_0_16_28_26_32_11-147-11.jpg	finetune_quant_dataset/quant_1809.jpg	65526C292EBBAE792A23399ED80A98B562E5466445028C79F032B8C9A75A218B	720	1160	0.551724137931	121	0
1810	yellow_single	old	train	train	2	D:\Yolo_LPR_RK3568_FPGA_Project\1_PC_Training\datasets\yolo_format\images\train\crpd_40_0452.jpg	finetune_quant_dataset/quant_1810.jpg	0FD3E8D33F3AC72AB80543D1A8C62EDEA69931CD9093E7102031674017B9A661	1920	1080	0.333333333333	0	140
1811	yellow_single	old	train	train	2	D:\Yolo_LPR_RK3568_FPGA_Project\1_PC_Training\datasets\yolo_format\images\train\crpd_40_0229.jpg	finetune_quant_dataset/quant_1811.jpg	624F2824B9CFC5265CCD8D1990D0CA861E9771071E622A9C970065A6230E972C	1920	1080	0.333333333333	0	140
1812	blue	old	train	train	0,0	D:\Yolo_LPR_RK3568_FPGA_Project\1_PC_Training\datasets\yolo_format\images\train\crpd_49_0036.jpg	finetune_quant_dataset/quant_1812.jpg	F49A974EAFF519959FA79B46D17074DB3599938F36D8CF63EDE60294D9E54F44	1920	1080	0.333333333333	0	140
1813	other_all	old	train	train	3	D:\Yolo_LPR_RK3568_FPGA_Project\1_PC_Training\datasets\yolo_format\images\train\crpd_66_1029.jpg	finetune_quant_dataset/quant_1813.jpg	A3290322C136B637D771C0830DF1D033293D662B255644021D45217B8BE59599	1920	1080	0.333333333333	0	140
1814	green	old	train	train	1	D:\Yolo_LPR_RK3568_FPGA_Project\1_PC_Training\datasets\yolo_format\images\train\ccpd_green_train_304942708333333334-90_100-168&439_606&553-590&553_186&550_168&439_606&447-0_1_5_25_24_24_24_30-99-459.jpg	finetune_quant_dataset/quant_1814.jpg	165D28279DA05B641385520A6AC9370A1549B7526D73753DE130027793D95391	720	1160	0.551724137931	121	0
1815	green	old	train	train	1	D:\Yolo_LPR_RK3568_FPGA_Project\1_PC_Training\datasets\yolo_format\images\train\ccpd_green_train_3035244140625-90_95-149&437_550&526-543&526_178&523_149&437_550&437-0_0_3_24_32_32_27_30-77-429.jpg	finetune_quant_dataset/quant_1815.jpg	56BB2FA79B49783505FEE0CD2E00CB58B4DF4EC761476F26A6C0604EA14DE479	720	1160	0.551724137931	121	0
1816	green	old	train	train	1	D:\Yolo_LPR_RK3568_FPGA_Project\1_PC_Training\datasets\yolo_format\images\train\ccpd_green_train_0306206597222-90_267-223&472_563&563-557&563_226&561_223&472_563&474-0_0_3_24_33_33_26_27-152-264.jpg	finetune_quant_dataset/quant_1816.jpg	CD323DCED8D0E3706B5ADA240A19EE426C36AC293564435F772B9277C77DB230	720	1160	0.551724137931	121	0
1817	other_all	old	train	train	3	D:\Yolo_LPR_RK3568_FPGA_Project\1_PC_Training\datasets\yolo_format\images\train\crpd_66_0114.jpg	finetune_quant_dataset/quant_1817.jpg	AB6BD9C92647988694E99C0FE34FEF6DCD9E36F687A40F76F269B83F702F47B6	1920	1080	0.333333333333	0	140
1818	blue	old	train	train	0	D:\Yolo_LPR_RK3568_FPGA_Project\1_PC_Training\datasets\yolo_format\images\train\ccpd_blue_ccpd_challenge_0047-1_1-489&448_594&486-592&486_489&483_491&448_594&451-0_11_21_30_30_31_29-52-5.jpg	finetune_quant_dataset/quant_1818.jpg	BB035C94B0F1238A6A9DEE581C2C63E133D008AF3C26F3D853BD1FD15304EA15	720	1160	0.551724137931	121	0
1819	other_all	old	train	train	3	D:\Yolo_LPR_RK3568_FPGA_Project\1_PC_Training\datasets\yolo_format\images\train\crpd_54_0293.jpg	finetune_quant_dataset/quant_1819.jpg	E964899D9BD778A3A95F4B68263C793930B4C1D165803A346F189640117A8DCF	1600	1200	0.4	0	80
1820	other_all	special	val	教练车牌	3	D:\Yolo_LPR_RK3568_FPGA_Project\1_PC_Training\datasets\特殊车牌\image\教练车牌\粤C2732学.jpg	finetune_quant_dataset/quant_1820.jpg	52AE9908D326828800C0E7FA0EF5938752AB6D8D66603FDD624BB1FB448E1F59	1600	1200	0.4	0	80
1821	yellow_single	old	train	train	2	D:\Yolo_LPR_RK3568_FPGA_Project\1_PC_Training\datasets\yolo_format\images\train\crpd_66_1233.jpg	finetune_quant_dataset/quant_1821.jpg	A34E1B223AB87AD0D9333F93E1DCE1DE5AB6B9D0E7A10AB9B135E0F08E91FEEA	1600	1200	0.4	0	80
1822	blue	old	train	train	0	D:\Yolo_LPR_RK3568_FPGA_Project\1_PC_Training\datasets\yolo_format\images\train\ccpd_blue_ccpd_tilt_0308-25_20-228&391_392&548-392&473_236&548_228&466_384&391-0_0_7_27_10_26_29-118-38.jpg	finetune_quant_dataset/quant_1822.jpg	36BA08182441D93728EC0206504E7EBC3D4A7076ECD6FD7523BD8136A0D8C03B	720	1160	0.551724137931	121	0
1823	other_all	old	test	test	0,0,0,3	D:\Yolo_LPR_RK3568_FPGA_Project\1_PC_Training\datasets\yolo_format\images\test\crpd_48_0790.jpg	finetune_quant_dataset/quant_1823.jpg	7FB7A25467AC3B8FB9EB68130CBB5CB2D9E84ACA04701BD1E9F25F2E56868EB8	1920	1080	0.333333333333	0	140
1824	yellow_single	old	train	train	2	D:\Yolo_LPR_RK3568_FPGA_Project\1_PC_Training\datasets\yolo_format\images\train\crpd_1 (182).jpg	finetune_quant_dataset/quant_1824.jpg	8493D5C80D200FA8BA31E98B1CED1033F0BA04F9174E9154140B56F46DA7940C	1628	1236	0.39312039312	0	77
1825	yellow_single	old	train	train	2	D:\Yolo_LPR_RK3568_FPGA_Project\1_PC_Training\datasets\yolo_format\images\train\crpd_45_1327.jpg	finetune_quant_dataset/quant_1825.jpg	366315328A4B0CE83243C01C6D9871E8C0E437396E33C9A92707C394603651F8	1920	1080	0.333333333333	0	140
1826	blue	old	train	train	0	D:\Yolo_LPR_RK3568_FPGA_Project\1_PC_Training\datasets\yolo_format\images\train\ccpd_blue_ccpd_weather_0267-2_1-264&502_507&594-506&594_264&584_265&502_507&512-0_0_2_31_24_32_33-102-53.jpg	finetune_quant_dataset/quant_1826.jpg	555C6CFB4DE17D668A36FFDDE410412AC37499996F4FBED0CA2DDD65FE92E049	720	1160	0.551724137931	121	0
1827	yellow_single	old	train	train	2	D:\Yolo_LPR_RK3568_FPGA_Project\1_PC_Training\datasets\yolo_format\images\train\crpd_46_0334.jpg	finetune_quant_dataset/quant_1827.jpg	B0AF2803D6DB07498EB9F864EC16387556F0845F2A2A806E6C7A64A87F2F26F4	1600	1200	0.4	0	80
1828	blue	old	train	train	0,0	D:\Yolo_LPR_RK3568_FPGA_Project\1_PC_Training\datasets\yolo_format\images\train\crpd_45_0669.jpg	finetune_quant_dataset/quant_1828.jpg	52F840A2A26015CD8DF73C77939A3BC5F60D0ABFA11DF8AA882D1295C5321CDE	1920	1080	0.333333333333	0	140
1829	yellow_single	old	train	train	2	D:\Yolo_LPR_RK3568_FPGA_Project\1_PC_Training\datasets\yolo_format\images\train\crpd_54_0551.jpg	finetune_quant_dataset/quant_1829.jpg	A5F2187FD3E2B27DA743BEC6BF310979B1F577F43BA63D78184E35C412A1BB64	1920	1080	0.333333333333	0	140
1830	other_all	special	train	教练车牌	3	D:\Yolo_LPR_RK3568_FPGA_Project\1_PC_Training\datasets\特殊车牌\image\教练车牌\粤C1339学.jpg	finetune_quant_dataset/quant_1830.jpg	CCAA34F2E2312B9C42C3845A9B34C414469BECC86215660335B6486E6746C100	1600	1200	0.4	0	80
1831	other_all	old	train	train	3	D:\Yolo_LPR_RK3568_FPGA_Project\1_PC_Training\datasets\yolo_format\images\train\crpd_66_0465.jpg	finetune_quant_dataset/quant_1831.jpg	23A1BCE850603810CBDC1142A77568D0B908B4CEB76695755D02F3E553CD38DD	1920	1080	0.333333333333	0	140
1832	blue	old	train	train	0	D:\Yolo_LPR_RK3568_FPGA_Project\1_PC_Training\datasets\yolo_format\images\train\ccpd_blue_ccpd_weather_0332-1_11-203&577_515&666-515&666_218&659_203&577_500&584-0_0_28_28_32_7_30-73-38.jpg	finetune_quant_dataset/quant_1832.jpg	BF7E9DEF442B27654EC45A5D9C4AE56622E57F13586BE770EE4A85991833ABDC	720	1160	0.551724137931	121	0
1833	yellow_single	old	train	train	2	D:\Yolo_LPR_RK3568_FPGA_Project\1_PC_Training\datasets\yolo_format\images\train\crpd_60_0496.jpg	finetune_quant_dataset/quant_1833.jpg	0B9C05E797F462C2AB1282DA72913356B882CCDD61DC58DE9C74E0E9C0B1766B	1920	1080	0.333333333333	0	140
1834	blue	old	train	train	0,2	D:\Yolo_LPR_RK3568_FPGA_Project\1_PC_Training\datasets\yolo_format\images\train\crpd_45_0759.jpg	finetune_quant_dataset/quant_1834.jpg	FA542381B6159616FB28AB85A29A504CDCC363CFE4E788E76CF3300E27D1A08F	1920	1080	0.333333333333	0	140
1835	yellow_single	old	train	train	2	D:\Yolo_LPR_RK3568_FPGA_Project\1_PC_Training\datasets\yolo_format\images\train\crpd_53_0924.jpg	finetune_quant_dataset/quant_1835.jpg	750C981B1B08DD44E393453768B61D65581A5874859D01249F086C7ACF9EBC54	1920	1080	0.333333333333	0	140
1836	yellow_single	old	train	train	2	D:\Yolo_LPR_RK3568_FPGA_Project\1_PC_Training\datasets\yolo_format\images\train\crpd_45_0189.jpg	finetune_quant_dataset/quant_1836.jpg	9C69299B64C8C6984C9584A4C4AE3B17C7B1F204874BF5FA235A08F6C39C1911	1920	1080	0.333333333333	0	140
1837	yellow_single	old	train	train	2	D:\Yolo_LPR_RK3568_FPGA_Project\1_PC_Training\datasets\yolo_format\images\train\crpd_66_1759.jpg	finetune_quant_dataset/quant_1837.jpg	7312D952EB962A09939328885FD6EC441113A758117E22837B094208276967C3	1920	1080	0.333333333333	0	140
1838	green	old	train	train	1	D:\Yolo_LPR_RK3568_FPGA_Project\1_PC_Training\datasets\yolo_format\images\train\ccpd_green_train_0148003472222-91_266-229&407_449&474-449&474_232&472_229&407_449&414-0_0_3_24_26_28_27_31-92-49.jpg	finetune_quant_dataset/quant_1838.jpg	41846B402616A211FED53005150B64380F671780AA6CE75BBB6542961C5D4455	720	1160	0.551724137931	121	0
1839	blue	old	train	train	0,0	D:\Yolo_LPR_RK3568_FPGA_Project\1_PC_Training\datasets\yolo_format\images\train\crpd_58_0892.jpg	finetune_quant_dataset/quant_1839.jpg	EAE171B69541846E91F9E8CCF1BDB1B93CEA7F0CBE3572AAC38E180241C5BA65	1920	1080	0.333333333333	0	140
1840	green	old	train	train	1	D:\Yolo_LPR_RK3568_FPGA_Project\1_PC_Training\datasets\yolo_format\images\train\ccpd_green_train_00639756944444-90_268-316&473_450&522-450&518_316&522_317&476_449&473-0_0_3_24_33_33_33_33-139-7.jpg	finetune_quant_dataset/quant_1840.jpg	40EA35D365A626E60BDC7F18F7D1E5B8530281DCE4870105D26E152AA427E408	720	1160	0.551724137931	121	0
1841	green	old	train	train	1	D:\Yolo_LPR_RK3568_FPGA_Project\1_PC_Training\datasets\yolo_format\images\train\ccpd_green_train_0322884114583-90_92-142&478_469&577-467&577_142&576_147&478_469&483-0_0_3_25_33_32_32_33-128-256.jpg	finetune_quant_dataset/quant_1841.jpg	9B9EAFFE77FD2C05A9922414D739BDDC2159C58B34FB41E10ED1A33BDE34A6C3	720	1160	0.551724137931	121	0
1842	green	old	train	train	1	D:\Yolo_LPR_RK3568_FPGA_Project\1_PC_Training\datasets\yolo_format\images\train\ccpd_green_train_303090603298611111-90_94-163&458_476&558-470&558_163&557_163&458_476&464-0_0_3_25_24_26_24_32-168-261.jpg	finetune_quant_dataset/quant_1842.jpg	8CF2B228F365C72D72EB02B0AACAB3C5F278C623DBC95D008E9FCE5345AA2FD7	720	1160	0.551724137931	121	0
1843	blue	old	train	train	0	D:\Yolo_LPR_RK3568_FPGA_Project\1_PC_Training\datasets\yolo_format\images\train\ccpd_blue_ccpd_base_0142420977012-88_87-166&441_380&515-385&501_169&523_157&453_373&431-0_0_18_17_27_27_29-33-30.jpg	finetune_quant_dataset/quant_1843.jpg	1194D0F7E40108ECD9B4870D11B7E4754AAFE6F1DE1C04F574CFA68EC376B93E	720	1160	0.551724137931	121	0
1844	green	old	train	train	1	D:\Yolo_LPR_RK3568_FPGA_Project\1_PC_Training\datasets\yolo_format\images\train\ccpd_green_train_3016686197916666666-90_99-209&474_442&547-442&544_223&547_209&479_433&474-0_0_3_24_31_30_25_27-131-14.jpg	finetune_quant_dataset/quant_1844.jpg	8D6CFF91F6E56C459190483423A2761C666F261885652EB9EF650DE2D2A3968C	720	1160	0.551724137931	121	0
1845	other_all	old	train	train	3	D:\Yolo_LPR_RK3568_FPGA_Project\1_PC_Training\datasets\yolo_format\images\train\crpd_66_1650.jpg	finetune_quant_dataset/quant_1845.jpg	DA0FC78846765B3911F53AAAC96DCD71002A6BB33F3BB888CA0852D370126F34	1920	1080	0.333333333333	0	140
1846	other_all	special	train	教练车牌	3	D:\Yolo_LPR_RK3568_FPGA_Project\1_PC_Training\datasets\特殊车牌\image\教练车牌\粤C2902学.jpg	finetune_quant_dataset/quant_1846.jpg	515E5945B09973A106862778A090F8A760CD1EA0232E33BECAF4C4A368F11CB1	1600	1200	0.4	0	80
1847	blue	old	train	train	0	D:\Yolo_LPR_RK3568_FPGA_Project\1_PC_Training\datasets\yolo_format\images\train\ccpd_blue_ccpd_db_0611-1_12-193&423_577&556-577&556_216&546_193&423_554&433-0_0_7_33_33_29_15-24-3.jpg	finetune_quant_dataset/quant_1847.jpg	C8B76AB1CF293E6F73342F37F3CDF39AB694592C1DFBA20782B43A35714D63E5	720	1160	0.551724137931	121	0
1848	blue	old	train	train	0,0,0	D:\Yolo_LPR_RK3568_FPGA_Project\1_PC_Training\datasets\yolo_format\images\train\crpd_62_2539.jpg	finetune_quant_dataset/quant_1848.jpg	C0BA554A53A12877B12CCFAF786146BD24283A51ECAEB17F0E6A1CCD3B9FBAF7	1600	1200	0.4	0	80
1849	other_all	special	train	香港出入境车牌	3	D:\Yolo_LPR_RK3568_FPGA_Project\1_PC_Training\datasets\特殊车牌\image\香港出入境车牌\粤ZH220港.jpg	finetune_quant_dataset/quant_1849.jpg	BEDCD31A38D045D46643C12A78DE3D22CEF43B1790D121DD106F200EE0EEBC61	1600	1200	0.4	0	80
1850	yellow_single	old	train	train	2	D:\Yolo_LPR_RK3568_FPGA_Project\1_PC_Training\datasets\yolo_format\images\train\crpd_46_0643.jpg	finetune_quant_dataset/quant_1850.jpg	EB13B0C764675332AD81D0A3CA5E19F232C6C7A29DB5C83C31CF17310651A3BA	1920	1080	0.333333333333	0	140
1851	yellow_single	old	train	train	2	D:\Yolo_LPR_RK3568_FPGA_Project\1_PC_Training\datasets\yolo_format\images\train\crpd_57_0275.jpg	finetune_quant_dataset/quant_1851.jpg	AE34671D8198C8B160652285DD0F3487317709095BBA33FEC743D9D297675963	1920	1080	0.333333333333	0	140
1852	yellow_single	old	train	train	2	D:\Yolo_LPR_RK3568_FPGA_Project\1_PC_Training\datasets\yolo_format\images\train\crpd_45_0221.jpg	finetune_quant_dataset/quant_1852.jpg	D6252CF85D92DB947FE503D7504608BAB235143275207C916E1CAFA3B17C7131	1920	1080	0.333333333333	0	140
1853	yellow_single	old	train	train	2	D:\Yolo_LPR_RK3568_FPGA_Project\1_PC_Training\datasets\yolo_format\images\train\crpd_1 (866).jpg	finetune_quant_dataset/quant_1853.jpg	3446331800BE19DF1C783854FA80371985B102C6844A8A162A3B8FA4A59DC5E8	1628	1236	0.39312039312	0	77
1854	green	old	train	train	1	D:\Yolo_LPR_RK3568_FPGA_Project\1_PC_Training\datasets\yolo_format\images\train\ccpd_green_train_3004657118055555556-88_107-349&557_465&597-465&593_351&597_349&557_456&563-0_0_5_24_26_33_24_24-70-9.jpg	finetune_quant_dataset/quant_1854.jpg	8D1F93020BD2FB5B2003FF608B5B119E7213981ED51D0C6DE9CCF6C02A0733B2	720	1160	0.551724137931	121	0
1855	yellow_single	old	train	train	2	D:\Yolo_LPR_RK3568_FPGA_Project\1_PC_Training\datasets\yolo_format\images\train\crpd_56_0292.jpg	finetune_quant_dataset/quant_1855.jpg	EE9E2F31DCDB2436CE3EEC19F675FD545D0A8045381607247651D7E1706E101B	1600	1200	0.4	0	80
1856	blue	old	train	train	0	D:\Yolo_LPR_RK3568_FPGA_Project\1_PC_Training\datasets\yolo_format\images\train\ccpd_blue_ccpd_weather_0329-6_0-207&474_453&586-453&560_215&586_207&500_445&474-0_0_2_22_24_29_26-130-42.jpg	finetune_quant_dataset/quant_1856.jpg	84B668C4C8D5EC50472EAB5A1D1F9BA149310E15F51A84AE6925B5B6F7A418B9	720	1160	0.551724137931	121	0
1857	green	old	train	train	1	D:\Yolo_LPR_RK3568_FPGA_Project\1_PC_Training\datasets\yolo_format\images\train\ccpd_green_train_30872265625-89_94-97&385_619&553-613&541_114&553_97&392_619&385-0_0_3_24_31_27_26_32-79-335.jpg	finetune_quant_dataset/quant_1857.jpg	6E2BE7B4D83813B79409345DDC012864A73CDF44229551663853A936593CEF13	720	1160	0.551724137931	121	0
1858	yellow_single	old	train	train	2	D:\Yolo_LPR_RK3568_FPGA_Project\1_PC_Training\datasets\yolo_format\images\train\crpd_45_0838.jpg	finetune_quant_dataset/quant_1858.jpg	F98D130D6CECB35160FE1207A7B59B8CE23A0BA09617CCE7638FB7AFB47F143A	1920	1080	0.333333333333	0	140
1859	blue	old	train	train	0	D:\Yolo_LPR_RK3568_FPGA_Project\1_PC_Training\datasets\yolo_format\images\train\ccpd_blue_ccpd_rotate_0670-22_18-296&266_559&479-559&375_302&479_296&370_553&266-0_16_11_22_30_24_30-137-82.jpg	finetune_quant_dataset/quant_1859.jpg	2A31BF877D28F4EA1901809325355E3E2DA48FFD6761809ECDF47F026F8298EB	720	1160	0.551724137931	121	0
1860	other_all	special	train	香港出入境车牌	3	D:\Yolo_LPR_RK3568_FPGA_Project\1_PC_Training\datasets\特殊车牌\image\香港出入境车牌\粤Z9445港.jpg	finetune_quant_dataset/quant_1860.jpg	AEE5744147AB177B23754ECE28DF27DE4D5188CB74B25D1AC0AB39BDD088A397	1600	1200	0.4	0	80
1861	yellow_single	old	train	train	2	D:\Yolo_LPR_RK3568_FPGA_Project\1_PC_Training\datasets\yolo_format\images\train\crpd_66_1658.jpg	finetune_quant_dataset/quant_1861.jpg	BBD137E43B55022F134173B4397443D4237B9A9A466B3808C08A1C51ABAAE5E1	1920	1080	0.333333333333	0	140
1862	green	old	train	train	1	D:\Yolo_LPR_RK3568_FPGA_Project\1_PC_Training\datasets\yolo_format\images\train\ccpd_green_train_3012679036458333333-89_92-245&403_450&466-450&459_249&466_245&403_448&407-0_0_3_17_24_33_27_26-93-68.jpg	finetune_quant_dataset/quant_1862.jpg	104486BF4C388CDEE2A76AE89BC62D89BC0AF5E863B542BF4526F3422A7DCBFA	720	1160	0.551724137931	121	0
1863	blue	old	train	train	0	D:\Yolo_LPR_RK3568_FPGA_Project\1_PC_Training\datasets\yolo_format\images\train\crpd_35_0383.jpg	finetune_quant_dataset/quant_1863.jpg	8505A721A0F1FA454CCDE66C471DE40DFC367172BFB130A7A8998A4DF587CA4D	1920	1080	0.333333333333	0	140
1864	other_all	special	train	澳门出入境车牌	3	D:\Yolo_LPR_RK3568_FPGA_Project\1_PC_Training\datasets\特殊车牌\image\澳门出入境车牌\粤Z9584澳.jpg	finetune_quant_dataset/quant_1864.jpg	630F0AA90A295CE966D8D8284D9D0A3CD5275643FC7B36524E2C03E1EA54D99F	1600	1200	0.4	0	80
1865	other_all	special	val	香港出入境车牌	3	D:\Yolo_LPR_RK3568_FPGA_Project\1_PC_Training\datasets\特殊车牌\image\香港出入境车牌\粤ZB227港.jpg	finetune_quant_dataset/quant_1865.jpg	89425CA3FFD82D303B3E6AF59DAB6ACE8707FFC7400577552F9DC1DC0EFBE3ED	1600	1200	0.4	0	80
1866	green	old	train	train	1	D:\Yolo_LPR_RK3568_FPGA_Project\1_PC_Training\datasets\yolo_format\images\train\ccpd_green_train_0236979166667-90_269-212&435_485&523-485&522_212&523_213&437_482&435-0_0_3_24_27_31_32_26-104-33.jpg	finetune_quant_dataset/quant_1866.jpg	E0553CDE2DD9955E073E1BBA2BB57B3B0733E751E51FBF5F36CDC80CF6C644B1	720	1160	0.551724137931	121	0
1867	blue	old	train	train	0	D:\Yolo_LPR_RK3568_FPGA_Project\1_PC_Training\datasets\yolo_format\images\train\crpd_44_0006.jpg	finetune_quant_dataset/quant_1867.jpg	D71444EDD91C76A9C207C7227B5E2BECDE0A29E3038D71C5C6B6445404E28AB3	1600	1200	0.4	0	80
1868	green	old	train	train	1	D:\Yolo_LPR_RK3568_FPGA_Project\1_PC_Training\datasets\yolo_format\images\train\ccpd_green_train_0243131510417-90_268-209&415_500&500-491&500_209&500_211&415_500&416-0_0_3_24_26_28_24_28-119-118.jpg	finetune_quant_dataset/quant_1868.jpg	432E89CE2D4A3571DEA2408C518AA6DDDA3939972B97B1076E75A29264FF746B	720	1160	0.551724137931	121	0
1869	yellow_single	old	train	train	2	D:\Yolo_LPR_RK3568_FPGA_Project\1_PC_Training\datasets\yolo_format\images\train\crpd_46_0119.jpg	finetune_quant_dataset/quant_1869.jpg	A3D231129387E2FE0DBECD43E39991C41BADC549C10ADF72E1F7437D6E2F5E49	1920	1080	0.333333333333	0	140
1870	yellow_single	old	train	train	2	D:\Yolo_LPR_RK3568_FPGA_Project\1_PC_Training\datasets\yolo_format\images\train\crpd_47_0227.jpg	finetune_quant_dataset/quant_1870.jpg	166596CC3CEA3744A6A2F5E056B093E674F177FB676A45E51AFF45643EFD2383	1920	1080	0.333333333333	0	140
1871	other_all	old	train	train	3	D:\Yolo_LPR_RK3568_FPGA_Project\1_PC_Training\datasets\yolo_format\images\train\crpd_66_0258.jpg	finetune_quant_dataset/quant_1871.jpg	205465BB3BD9D6F2E5A636676BB3CD6080AA4E3D8ABFD60E301ADC7C9B70CBC5	1920	1080	0.333333333333	0	140
1872	yellow_single	old	train	train	2	D:\Yolo_LPR_RK3568_FPGA_Project\1_PC_Training\datasets\yolo_format\images\train\crpd_46_0767.jpg	finetune_quant_dataset/quant_1872.jpg	AFF19B5D3B4692BBA616C90141AE2F873EC8B3285CC5464EA71EA6384C8F846C	1920	1080	0.333333333333	0	140
1873	yellow_single	old	train	train	2	D:\Yolo_LPR_RK3568_FPGA_Project\1_PC_Training\datasets\yolo_format\images\train\crpd_45_0457.jpg	finetune_quant_dataset/quant_1873.jpg	CAD843A8D7E71837C1650400D84900FDE94105B9C365EB97EECBD80E40679775	1920	1080	0.333333333333	0	140
1874	other_all	special	train	香港出入境车牌	3	D:\Yolo_LPR_RK3568_FPGA_Project\1_PC_Training\datasets\特殊车牌\image\香港出入境车牌\粤Z719B港.jpg	finetune_quant_dataset/quant_1874.jpg	3C3336C994B40600B739F2B4F9325A782B7FE7172FE1845C64A3109E1A2D0C55	1600	1200	0.4	0	80
1875	yellow_single	old	train	train	2	D:\Yolo_LPR_RK3568_FPGA_Project\1_PC_Training\datasets\yolo_format\images\train\crpd_57_0052.jpg	finetune_quant_dataset/quant_1875.jpg	776B4E348199CD5663F0E7195B13D6D3FC9512B6D63C17340A5615278AB70B1B	1920	1080	0.333333333333	0	140
1876	green	old	train	train	1	D:\Yolo_LPR_RK3568_FPGA_Project\1_PC_Training\datasets\yolo_format\images\train\ccpd_green_train_0359027777778-91_94-179&468_531&571-531&571_197&559_179&468_527&479-0_0_3_24_27_31_26_24-64-316.jpg	finetune_quant_dataset/quant_1876.jpg	40EA86646A339269EEE279939480221EEBEDA3A2D89565B5450755516AE9297A	720	1160	0.551724137931	121	0
1877	other_all	old	train	train	3	D:\Yolo_LPR_RK3568_FPGA_Project\1_PC_Training\datasets\yolo_format\images\train\crpd_66_1144.jpg	finetune_quant_dataset/quant_1877.jpg	AC9B12B1324A3641C42C5CF7B706C7ADE93C4EA3ECF2F683BFC52B084C3ED88C	1600	1200	0.4	0	80
1878	blue	old	train	train	0	D:\Yolo_LPR_RK3568_FPGA_Project\1_PC_Training\datasets\yolo_format\images\train\ccpd_blue_ccpd_tilt_0224-26_46-342&476_486&606-460&547_342&606_368&535_486&476-0_0_15_20_31_32_29-86-86.jpg	finetune_quant_dataset/quant_1878.jpg	3FE883D42D26516EC74D1906C0C72FD04E32E4296CB4542734B2066C9CDDF845	720	1160	0.551724137931	121	0
1879	yellow_single	old	train	train	2	D:\Yolo_LPR_RK3568_FPGA_Project\1_PC_Training\datasets\yolo_format\images\train\crpd_57_0554.jpg	finetune_quant_dataset/quant_1879.jpg	4271388295B92DA8727F37A2011DF965F2D29EB8A6D76F6A65BA9FBE821F34EF	1920	1080	0.333333333333	0	140
1880	other_all	old	train	train	3	D:\Yolo_LPR_RK3568_FPGA_Project\1_PC_Training\datasets\yolo_format\images\train\crpd_66_1046.jpg	finetune_quant_dataset/quant_1880.jpg	6480C505110AECD85A462391A50FB50105E3D803E91E7EA45CD13A2CB34C4A6A	1920	1080	0.333333333333	0	140
1881	yellow_single	old	train	train	2	D:\Yolo_LPR_RK3568_FPGA_Project\1_PC_Training\datasets\yolo_format\images\train\crpd_40_0242.jpg	finetune_quant_dataset/quant_1881.jpg	3ADEDF972448BD3DFCE8E2FC4A587E7D40EB6636C8262251754F538E9745C4A4	1920	1080	0.333333333333	0	140
1882	green	old	train	train	1	D:\Yolo_LPR_RK3568_FPGA_Project\1_PC_Training\datasets\yolo_format\images\train\ccpd_green_train_0111566840278-90_92-213&442_407&500-406&500_213&500_213&444_407&442-0_0_3_24_28_29_30_30-103-39.jpg	finetune_quant_dataset/quant_1882.jpg	092E25074D9D9588D13F476822090B761835E510C94618D106A3F61F428CD936	720	1160	0.551724137931	121	0
1883	green	old	train	train	1	D:\Yolo_LPR_RK3568_FPGA_Project\1_PC_Training\datasets\yolo_format\images\train\ccpd_green_train_019375-90_94-263&511_511&589-511&589_263&586_270&511_507&518-0_0_3_24_24_31_25_33-80-220.jpg	finetune_quant_dataset/quant_1883.jpg	5303FF47104A6AE298CE51D1A688CCC6F0ED2DEF8519DB6685509E4D077B7A25	720	1160	0.551724137931	121	0
1884	green	old	train	train	1	D:\Yolo_LPR_RK3568_FPGA_Project\1_PC_Training\datasets\yolo_format\images\train\ccpd_green_train_0171158854167-90_262-286&506_525&578-525&578_294&572_286&506_524&507-0_0_3_24_26_25_27_33-112-115.jpg	finetune_quant_dataset/quant_1884.jpg	DA5591BF3552EC9B6EFA764CC4CB6F52EF6B7798BAC0A8030B974B130F34FB95	720	1160	0.551724137931	121	0
1885	green	old	train	train	1	D:\Yolo_LPR_RK3568_FPGA_Project\1_PC_Training\datasets\yolo_format\images\train\ccpd_green_train_015869140625-90_267-244&410_469&481-462&476_244&481_247&410_469&411-0_0_3_25_30_32_33_32-117-54.jpg	finetune_quant_dataset/quant_1885.jpg	5B79963E1BF67E307876BEB72568ED563C0AB0086F1BD42B5530B694FBF2E90D	720	1160	0.551724137931	121	0
1886	other_all	old	train	train	3	D:\Yolo_LPR_RK3568_FPGA_Project\1_PC_Training\datasets\yolo_format\images\train\crpd_66_1747.jpg	finetune_quant_dataset/quant_1886.jpg	D98E4804B2CC2D41EEB8799AEF146E7D1188AFE67C9CD8C82F0813ACB0888D5B	1920	1080	0.333333333333	0	140
1887	green	old	train	train	1	D:\Yolo_LPR_RK3568_FPGA_Project\1_PC_Training\datasets\yolo_format\images\train\ccpd_green_train_0129958767361-90_268-242&523_445&587-444&586_242&587_243&525_445&523-0_0_3_25_25_33_25_25-166-159.jpg	finetune_quant_dataset/quant_1887.jpg	68265D76560AC5F88111C828A7C9FF42537A65A947D674CD33954EE8D55766E2	720	1160	0.551724137931	121	0
1888	yellow_single	old	train	train	2	D:\Yolo_LPR_RK3568_FPGA_Project\1_PC_Training\datasets\yolo_format\images\train\crpd_57_0672.jpg	finetune_quant_dataset/quant_1888.jpg	20E6AA8D78D71221E1A33C9121DD087A83163AB41E22798C1C7684812B93666E	1920	1080	0.333333333333	0	140
1889	other_all	special	train	澳门出入境车牌	3	D:\Yolo_LPR_RK3568_FPGA_Project\1_PC_Training\datasets\特殊车牌\image\澳门出入境车牌\粤Z6419澳.jpg	finetune_quant_dataset/quant_1889.jpg	5444910EE1DB85E921DAC3DB3BE53E2221A810CB08BEF79BC227CE2439CC6629	1600	1200	0.4	0	80
1890	blue	old	train	train	0	D:\Yolo_LPR_RK3568_FPGA_Project\1_PC_Training\datasets\yolo_format\images\train\crpd_60_0942.jpg	finetune_quant_dataset/quant_1890.jpg	E32982DD8D225A7F52D1B467159E9EE543A0EFC35222EE252C9FE342049EFD68	1920	1080	0.333333333333	0	140
1891	yellow_single	old	train	train	2	D:\Yolo_LPR_RK3568_FPGA_Project\1_PC_Training\datasets\yolo_format\images\train\crpd_1 (217).jpg	finetune_quant_dataset/quant_1891.jpg	473B91997B23EE560396F4A06263114D468974203F79FC43409DF37B544B7F90	1628	1236	0.39312039312	0	77
1892	other_all	old	train	train	0,3	D:\Yolo_LPR_RK3568_FPGA_Project\1_PC_Training\datasets\yolo_format\images\train\crpd_66_0896.jpg	finetune_quant_dataset/quant_1892.jpg	3ED674C696ECE660C50A6541199A1E54B57E796B88F2996E15EBE9DBBBBBCB04	1920	1080	0.333333333333	0	140
1893	green	old	train	train	1	D:\Yolo_LPR_RK3568_FPGA_Project\1_PC_Training\datasets\yolo_format\images\train\ccpd_green_train_3030460069444444446-91_92-177&446_496&542-492&542_177&536_183&446_496&456-0_0_3_24_31_29_29_31-85-81.jpg	finetune_quant_dataset/quant_1893.jpg	C80D26243DDD7D42421C5B7199CF99C39D1B29C6F1ABDC4533994E9C230E2073	720	1160	0.551724137931	121	0
1894	blue	old	train	train	0	D:\Yolo_LPR_RK3568_FPGA_Project\1_PC_Training\datasets\yolo_format\images\train\crpd_61_0216.jpg	finetune_quant_dataset/quant_1894.jpg	EBFC68A09F76A263BCD8CE4E5FA0B77202F7F16D9B9738735EBE01A3568A7EA0	1600	1200	0.4	0	80
1895	other_all	old	train	train	3	D:\Yolo_LPR_RK3568_FPGA_Project\1_PC_Training\datasets\yolo_format\images\train\crpd_66_0505.jpg	finetune_quant_dataset/quant_1895.jpg	3B1CF9DBE20C9C2DD9774CB08CCC9D1410ECD15382E15A40A78F6EA982A47A6C	1920	1080	0.333333333333	0	140
1896	green	old	train	train	1	D:\Yolo_LPR_RK3568_FPGA_Project\1_PC_Training\datasets\yolo_format\images\train\ccpd_green_train_013251953125-90_260-160&443_367&507-367&507_169&504_160&443_359&443-0_0_3_24_28_28_31_25-106-105.jpg	finetune_quant_dataset/quant_1896.jpg	A7A74202FD2A620AF0012C1D997AA5DE2FA8932A4C9A18EB3DBBF226E366B63E	720	1160	0.551724137931	121	0
1897	blue	old	train	train	0,2	D:\Yolo_LPR_RK3568_FPGA_Project\1_PC_Training\datasets\yolo_format\images\train\crpd_59_0383.jpg	finetune_quant_dataset/quant_1897.jpg	C5AFE2836507CD4A76B42C5AA30E91F31ADEA3A36D6DDCD3D76F997668FC54C1	1920	1080	0.333333333333	0	140
1898	blue	old	train	train	0	D:\Yolo_LPR_RK3568_FPGA_Project\1_PC_Training\datasets\yolo_format\images\train\ccpd_blue_ccpd_challenge_0210-6_0-390&462_564&563-564&545_400&563_390&480_554&462-0_0_31_30_29_10_26-103-93.jpg	finetune_quant_dataset/quant_1898.jpg	CF732F624077506540C70A6EAC34BB9454AD5475A48384C702AB62D133489E0B	720	1160	0.551724137931	121	0
1899	blue	old	train	train	0	D:\Yolo_LPR_RK3568_FPGA_Project\1_PC_Training\datasets\yolo_format\images\train\ccpd_blue_ccpd_tilt_0395-24_26-282&476_475&647-475&647_285&561_282&476_472&562-2_0_1_19_25_25_24-94-179.jpg	finetune_quant_dataset/quant_1899.jpg	60A71D992CAC4FCF3E96F29273399378AFB628A6D6F78900188A49F84D6E7C22	720	1160	0.551724137931	121	0
1900	blue	old	train	train	0,2	D:\Yolo_LPR_RK3568_FPGA_Project\1_PC_Training\datasets\yolo_format\images\train\crpd_40_0353.jpg	finetune_quant_dataset/quant_1900.jpg	79DD0A1B0AC27DF4347254F110C9C50596D13CBBCF83B59A6BC7DEA44ECB35F0	1920	1080	0.333333333333	0	140
1901	green	old	train	train	1	D:\Yolo_LPR_RK3568_FPGA_Project\1_PC_Training\datasets\yolo_format\images\train\ccpd_green_train_0224750434028-90_92-188&438_457&523-455&523_188&520_190&438_457&442-0_0_3_24_24_24_27_26-85-92.jpg	finetune_quant_dataset/quant_1901.jpg	5DF0A694E3B21928C309FB87B031343DD7B156406FBA1135595AB4AE7A3FB5F5	720	1160	0.551724137931	121	0
1902	other_all	old	train	train	3	D:\Yolo_LPR_RK3568_FPGA_Project\1_PC_Training\datasets\yolo_format\images\train\crpd_66_0551.jpg	finetune_quant_dataset/quant_1902.jpg	370CC6C3C476B8E412C845EB6F15A87CD0C628D2C88EC032A18AB18AB9FB49F8	1920	1080	0.333333333333	0	140
1903	blue	old	train	train	0	D:\Yolo_LPR_RK3568_FPGA_Project\1_PC_Training\datasets\yolo_format\images\train\ccpd_blue_ccpd_weather_0664-7_1-90&608_446&764-446&720_102&764_90&652_434&608-0_0_13_33_27_32_28-53-46.jpg	finetune_quant_dataset/quant_1903.jpg	60E675AA72F020CD319F80149261228ABEBC5FD55B92CD6F28CF9385650C81E7	720	1160	0.551724137931	121	0
1904	blue	old	train	train	0	D:\Yolo_LPR_RK3568_FPGA_Project\1_PC_Training\datasets\yolo_format\images\train\ccpd_blue_ccpd_blur_0562-1_3-228&448_571&585-558&585_228&574_241&448_571&459-0_0_5_6_26_31_33-24-5.jpg	finetune_quant_dataset/quant_1904.jpg	49D8DB3319431C17D0674B41A9D21F192D7FCF3BC4446B28AEFBD5E8190437D7	720	1160	0.551724137931	121	0
1905	blue	old	train	train	0	D:\Yolo_LPR_RK3568_FPGA_Project\1_PC_Training\datasets\yolo_format\images\train\ccpd_blue_ccpd_db_0262-0_3-251&435_500&523-495&521_251&523_256&437_500&435-0_0_14_30_29_28_30-22-4.jpg	finetune_quant_dataset/quant_1905.jpg	22BC07C721B15A5B6AAB2C447D316761FBA8F55311571760C73AB404D8F167DC	720	1160	0.551724137931	121	0
1906	green	old	train	train	1	D:\Yolo_LPR_RK3568_FPGA_Project\1_PC_Training\datasets\yolo_format\images\train\ccpd_green_train_3032470703125-92_91-165&464_480&567-476&567_166&553_165&464_480&472-0_0_3_25_25_25_31_26-110-101.jpg	finetune_quant_dataset/quant_1906.jpg	2D4C09C66F9A7918A544362CCF13594031133D4B0030769D27B5A680FD2D0115	720	1160	0.551724137931	121	0
1907	green	old	train	train	1	D:\Yolo_LPR_RK3568_FPGA_Project\1_PC_Training\datasets\yolo_format\images\train\ccpd_green_train_301697048611111111-92_253-288&512_518&586-494&586_288&585_310&512_518&520-0_0_3_17_24_33_27_26-140-201.jpg	finetune_quant_dataset/quant_1907.jpg	747D5F20E28AAE6121FF07F626C9CF5120F1265C3A6EABB5F75A734685D14DB4	720	1160	0.551724137931	121	0
1908	yellow_single	old	train	train	2	D:\Yolo_LPR_RK3568_FPGA_Project\1_PC_Training\datasets\yolo_format\images\train\crpd_45_0783.jpg	finetune_quant_dataset/quant_1908.jpg	07746376488AA29F65F4D08BFA218191B59781C401D5095587DEFC90837E6CEF	1920	1080	0.333333333333	0	140
1909	other_all	special	train	教练车牌	3	D:\Yolo_LPR_RK3568_FPGA_Project\1_PC_Training\datasets\特殊车牌\image\教练车牌\粤C2782学.jpg	finetune_quant_dataset/quant_1909.jpg	AC97668D5EDAC57D71AEEE8126A35188ADCAE78A2D7FAE51D4F65E44EA65DC52	1600	1200	0.4	0	80
1910	blue	old	train	train	0	D:\Yolo_LPR_RK3568_FPGA_Project\1_PC_Training\datasets\yolo_format\images\train\crpd_62_1595.jpg	finetune_quant_dataset/quant_1910.jpg	980B9505ED70BAC483827CAD3D9D616E3AEB4E8EE8B0F02BA40A7DF61918F492	1920	1080	0.333333333333	0	140
1911	other_all	special	train	警用车牌	3	D:\Yolo_LPR_RK3568_FPGA_Project\1_PC_Training\datasets\特殊车牌\image\警用车牌\粤C0730警.jpg	finetune_quant_dataset/quant_1911.jpg	C640FFFBE9D47C6A37A1A9767CF5FF06802322C0FDBB842FF5950933C616036C	1600	1200	0.4	0	80
1912	blue	old	train	train	0	D:\Yolo_LPR_RK3568_FPGA_Project\1_PC_Training\datasets\yolo_format\images\train\ccpd_blue_ccpd_db_0510-24_33-296&420_518&612-502&518_296&612_312&514_518&420-0_0_2_31_24_29_2-17-154.jpg	finetune_quant_dataset/quant_1912.jpg	473DEBF62982230C000BCD3000D44491408A737B94FE40DC92CF26F8613BAF1B	720	1160	0.551724137931	121	0
1913	blue	old	train	train	0	D:\Yolo_LPR_RK3568_FPGA_Project\1_PC_Training\datasets\yolo_format\images\train\ccpd_blue_ccpd_challenge_0225-8_1-249&361_430&465-430&439_259&465_249&387_420&361-0_0_29_27_4_30_32-128-20.jpg	finetune_quant_dataset/quant_1913.jpg	D020E1DE9369A6B9A46B0215FCB896446D8C3463ADD012E45B03BA3D09778F7E	720	1160	0.551724137931	121	0
1914	yellow_single	old	train	train	2	D:\Yolo_LPR_RK3568_FPGA_Project\1_PC_Training\datasets\yolo_format\images\train\crpd_47_0653.jpg	finetune_quant_dataset/quant_1914.jpg	1F4554752708983B2691C91C3D3C2EF8187E5F2BF61F6B8D0C2BFBE00E64C9E1	1920	1080	0.333333333333	0	140
1915	yellow_single	old	train	train	2	D:\Yolo_LPR_RK3568_FPGA_Project\1_PC_Training\datasets\yolo_format\images\train\crpd_42_1095.jpg	finetune_quant_dataset/quant_1915.jpg	33789E0BAAE4C146CDE69AEE0D93BEFD6892F4839BF18B6D60FF95B26D90C23F	1920	1080	0.333333333333	0	140
1916	other_all	special	train	警用车牌	3	D:\Yolo_LPR_RK3568_FPGA_Project\1_PC_Training\datasets\特殊车牌\image\警用车牌\粤C0706警.jpg	finetune_quant_dataset/quant_1916.jpg	4144A1BEC9FF02EC32AE73CA8BD4B46EAB8EB4D7ABED3CC0F6ECB149624E87DA	1600	1200	0.4	0	80
1917	other_all	special	train	教练车牌	3	D:\Yolo_LPR_RK3568_FPGA_Project\1_PC_Training\datasets\特殊车牌\image\教练车牌\粤C2120学.jpg	finetune_quant_dataset/quant_1917.jpg	41125A68B5135B139C8A35B0F1E9845C6F1E316B75A616893C5A0B51E7EA5708	1600	1200	0.4	0	80
1918	other_all	special	train	澳门出入境车牌	3	D:\Yolo_LPR_RK3568_FPGA_Project\1_PC_Training\datasets\特殊车牌\image\澳门出入境车牌\粤ZAW55澳.jpg	finetune_quant_dataset/quant_1918.jpg	D42157AFE471D11EBD7976630603AFACEB1612A66BC480E4431CC30F59A58891	1600	1200	0.4	0	80
1919	blue	old	train	train	0	D:\Yolo_LPR_RK3568_FPGA_Project\1_PC_Training\datasets\yolo_format\images\train\ccpd_blue_ccpd_tilt_0341-15_15-344&450_533&601-533&550_344&601_344&501_533&450-0_0_27_29_23_26_32-107-73.jpg	finetune_quant_dataset/quant_1919.jpg	264268E5C193AB0C77165A3155B1D4E9F8BCD7CDD8435D429DD96B44246F42C8	720	1160	0.551724137931	121	0
1920	yellow_single	old	train	train	2	D:\Yolo_LPR_RK3568_FPGA_Project\1_PC_Training\datasets\yolo_format\images\train\crpd_45_0216.jpg	finetune_quant_dataset/quant_1920.jpg	B77426FE421A9964F6D14A2CA35FE3FA18E42F3EE8D31579ECFE765F79090FCF	1920	1080	0.333333333333	0	140
1921	green	old	train	train	1	D:\Yolo_LPR_RK3568_FPGA_Project\1_PC_Training\datasets\yolo_format\images\train\ccpd_green_train_302892795138888889-92_266-152&469_462&563-455&563_154&549_152&469_462&484-0_0_3_24_33_31_33_33-88-273.jpg	finetune_quant_dataset/quant_1921.jpg	843E77A8B0C4A1A19835D5750B13C33B2A40A067CF71F6BD77AF8B5E3B1CC75C	720	1160	0.551724137931	121	0
1922	blue	old	train	train	0,2	D:\Yolo_LPR_RK3568_FPGA_Project\1_PC_Training\datasets\yolo_format\images\train\crpd_45_1102.jpg	finetune_quant_dataset/quant_1922.jpg	F469F3501DBE7EF7FBF5A1328F5D62C480A48ADF58A0BCAA10E70C610260878F	1920	1080	0.333333333333	0	140
1923	other_all	special	train	警用车牌	3	D:\Yolo_LPR_RK3568_FPGA_Project\1_PC_Training\datasets\特殊车牌\image\警用车牌\粤C0044警.jpg	finetune_quant_dataset/quant_1923.jpg	C732561D7EF6856AB07321171EC4FF67CD0121C6A90FCFDF0A8AF93FA1655F55	1600	1200	0.4	0	80
1924	yellow_single	old	train	train	2	D:\Yolo_LPR_RK3568_FPGA_Project\1_PC_Training\datasets\yolo_format\images\train\crpd_35_0446.jpg	finetune_quant_dataset/quant_1924.jpg	ABDE95F4201E1C03A8B2D8DB362446589260F2696C2CEF06B7D68C818FFBE7E9	1920	1080	0.333333333333	0	140
1925	blue	old	train	train	0,2	D:\Yolo_LPR_RK3568_FPGA_Project\1_PC_Training\datasets\yolo_format\images\train\crpd_60_0168.jpg	finetune_quant_dataset/quant_1925.jpg	2E6394A8DB5A17558B5DB810D2C33FC1CDB069224CD4CAC53C2CC6758AD9F770	1920	1080	0.333333333333	0	140
1926	other_all	old	train	train	3	D:\Yolo_LPR_RK3568_FPGA_Project\1_PC_Training\datasets\yolo_format\images\train\crpd_62_0358.jpg	finetune_quant_dataset/quant_1926.jpg	EB0EEAFD626B5957BEE2895DCC973AF37C3BEF74A7B67C5B9904CCCFBE29CBFF	1920	1080	0.333333333333	0	140
1927	other_all	old	train	train	3	D:\Yolo_LPR_RK3568_FPGA_Project\1_PC_Training\datasets\yolo_format\images\train\crpd_66_1140.jpg	finetune_quant_dataset/quant_1927.jpg	BE058636B524EEBD464CC54FFBA430D6802FA3FC1E176FF761B9960D74E514B6	1600	1200	0.4	0	80
1928	green	old	train	train	1	D:\Yolo_LPR_RK3568_FPGA_Project\1_PC_Training\datasets\yolo_format\images\train\ccpd_green_train_3029852430555555556-90_90-170&459_532&542-532&542_182&542_170&464_532&459-0_0_3_24_24_32_33_31-129-314.jpg	finetune_quant_dataset/quant_1928.jpg	A776A67C7CD89A92970AFDBAE569471C33FED33F1A001CC8A728C5AFB3650056	720	1160	0.551724137931	121	0
1929	other_all	special	test	教练车牌	3	D:\Yolo_LPR_RK3568_FPGA_Project\1_PC_Training\datasets\特殊车牌\image\教练车牌\粤C1517学.jpg	finetune_quant_dataset/quant_1929.jpg	2618CC050FB9A9E2D2BDE11FFCF8526D5110B9ABE664C51265305E287DB81B81	1600	1200	0.4	0	80
1930	blue	old	train	train	0,0,0,0	D:\Yolo_LPR_RK3568_FPGA_Project\1_PC_Training\datasets\yolo_format\images\train\crpd_49_1126.jpg	finetune_quant_dataset/quant_1930.jpg	5E92DDDC7F8B890255D126B0848EB236DEBD2BCFF1438C80FA743CCBB6DE9BAE	1920	1080	0.333333333333	0	140
1931	other_all	special	train	警用车牌	3	D:\Yolo_LPR_RK3568_FPGA_Project\1_PC_Training\datasets\特殊车牌\image\警用车牌\粤T7099警.jpg	finetune_quant_dataset/quant_1931.jpg	F94A4CE66039FE17D05106A8E38D18F1D74887726A44EF916D42D3BC4229801C	1600	1200	0.4	0	80
1932	yellow_single	old	train	train	2	D:\Yolo_LPR_RK3568_FPGA_Project\1_PC_Training\datasets\yolo_format\images\train\crpd_66_0495.jpg	finetune_quant_dataset/quant_1932.jpg	93D4BD5FE6C33B33A2D5371656FA07F726EB4C53FD1FAFD3508A97D152C2BDCF	1920	1080	0.333333333333	0	140
1933	other_all	old	train	train	3	D:\Yolo_LPR_RK3568_FPGA_Project\1_PC_Training\datasets\yolo_format\images\train\crpd_66_0579.jpg	finetune_quant_dataset/quant_1933.jpg	291C6291DEF56B11F71E35747BF7882460F1DDD6B176F41B2B3084282889373E	1600	1200	0.4	0	80
1934	other_all	old	train	train	3	D:\Yolo_LPR_RK3568_FPGA_Project\1_PC_Training\datasets\yolo_format\images\train\crpd_66_1229.jpg	finetune_quant_dataset/quant_1934.jpg	1D67AA1B22503286BB6887B7213E3CB32308E8FD356B13A24185B3F108CCE38D	1920	1080	0.333333333333	0	140
1935	other_all	old	train	train	3	D:\Yolo_LPR_RK3568_FPGA_Project\1_PC_Training\datasets\yolo_format\images\train\crpd_62_0114.jpg	finetune_quant_dataset/quant_1935.jpg	3B1DCB91467B0E8FA50744E4F639F96D5C41150D0FE2F77C667F3554BA26522C	1920	1080	0.333333333333	0	140
1936	green	old	train	train	1	D:\Yolo_LPR_RK3568_FPGA_Project\1_PC_Training\datasets\yolo_format\images\train\ccpd_green_train_0144639756944-90_90-236&469_451&537-447&534_236&537_236&471_451&469-0_0_3_25_31_32_31_32-137-88.jpg	finetune_quant_dataset/quant_1936.jpg	B77CF4E624B0A777EDEE3B35D039E89041D28E81243610E6B6BA802A57629ACD	720	1160	0.551724137931	121	0
1937	other_all	old	train	train	2,3	D:\Yolo_LPR_RK3568_FPGA_Project\1_PC_Training\datasets\yolo_format\images\train\crpd_66_1563.jpg	finetune_quant_dataset/quant_1937.jpg	EB707ACA14AD349EE3BF267051DF775282C11F1D7F7F1E2E6CF9730C9F9E56EE	1920	1080	0.333333333333	0	140
1938	blue	old	train	train	0,0	D:\Yolo_LPR_RK3568_FPGA_Project\1_PC_Training\datasets\yolo_format\images\train\crpd_62_2011.jpg	finetune_quant_dataset/quant_1938.jpg	FA101819B4CFE52AFC0EC4CCEFF8816241B5525B679361A43819CCB170FCED4D	1920	1080	0.333333333333	0	140
1939	other_all	old	train	train	3	D:\Yolo_LPR_RK3568_FPGA_Project\1_PC_Training\datasets\yolo_format\images\train\crpd_66_1215.jpg	finetune_quant_dataset/quant_1939.jpg	9C7BF0D9CA3FD14956433D4730D7C7AEC47842E47B07BCBC3A75F94EFD3A9AD2	1920	1080	0.333333333333	0	140
1940	blue	old	train	train	0	D:\Yolo_LPR_RK3568_FPGA_Project\1_PC_Training\datasets\yolo_format\images\train\ccpd_blue_ccpd_db_0281-0_0-230&459_488&550-488&550_230&550_230&459_488&459-0_0_1_15_29_26_24-20-21.jpg	finetune_quant_dataset/quant_1940.jpg	E3B8D87758A83E0C618E55BECA4B079685D005A823B281738C1FF7E2C34255B1	720	1160	0.551724137931	121	0
1941	yellow_single	old	train	train	2	D:\Yolo_LPR_RK3568_FPGA_Project\1_PC_Training\datasets\yolo_format\images\train\crpd_45_0415.jpg	finetune_quant_dataset/quant_1941.jpg	A2614AD0BF7EFFCD2AD81B72B95ACDF0563D66558A68074BC219D1A4CD037EC4	1920	1080	0.333333333333	0	140
1942	other_all	special	train	警用车牌	3	D:\Yolo_LPR_RK3568_FPGA_Project\1_PC_Training\datasets\特殊车牌\image\警用车牌\粤C0442警.jpg	finetune_quant_dataset/quant_1942.jpg	1841F0956869CE306931A164A143A254ED7CD2DCE9A58DF43F81A30503CED3D8	1600	1200	0.4	0	80
1943	green	old	train	train	1	D:\Yolo_LPR_RK3568_FPGA_Project\1_PC_Training\datasets\yolo_format\images\train\ccpd_green_train_3041277126736111114-91_96-178&484_527&604-527&604_184&596_178&488_519&484-0_0_3_27_27_28_30_27-93-86.jpg	finetune_quant_dataset/quant_1943.jpg	F0761841884E8ABE0028DC2DBCB0DC069C63A4D12348C1F60F4655923B4F2510	720	1160	0.551724137931	121	0
1944	other_all	special	train	澳门出入境车牌	3	D:\Yolo_LPR_RK3568_FPGA_Project\1_PC_Training\datasets\特殊车牌\image\澳门出入境车牌\粤Z334T澳.jpg	finetune_quant_dataset/quant_1944.jpg	5D788329275E225DAAB167D0FAFB1F45D503409535C7AEEBE24E55C032EE63B5	1600	1200	0.4	0	80
1945	green	old	train	train	1	D:\Yolo_LPR_RK3568_FPGA_Project\1_PC_Training\datasets\yolo_format\images\train\ccpd_green_train_0075-88_267-277&482_421&535-421&527_280&535_277&490_417&482-0_0_3_25_33_32_32_33-178-115.jpg	finetune_quant_dataset/quant_1945.jpg	391B71949DB485106115B3EDE7AB46DF877ED38C1F8B11D3E233370AA0AFAD6C	720	1160	0.551724137931	121	0
1946	yellow_single	old	train	train	2	D:\Yolo_LPR_RK3568_FPGA_Project\1_PC_Training\datasets\yolo_format\images\train\crpd_66_0503.jpg	finetune_quant_dataset/quant_1946.jpg	1C7F8C0322CDB39536E70DAF80846F645E7D6EC06F0DE2A612326EF61E338D79	1920	1080	0.333333333333	0	140
1947	yellow_single	old	train	train	2	D:\Yolo_LPR_RK3568_FPGA_Project\1_PC_Training\datasets\yolo_format\images\train\crpd_60_0845.jpg	finetune_quant_dataset/quant_1947.jpg	A6E135732478E10E0B3B7DE7697CD34754AE71F0C366F9BBA8FEE4BD59E001D6	1920	1080	0.333333333333	0	140
1948	green	old	train	train	1	D:\Yolo_LPR_RK3568_FPGA_Project\1_PC_Training\datasets\yolo_format\images\train\ccpd_green_train_301328125-90_90-276&490_480&555-480&553_286&555_276&493_480&490-1_0_3_30_24_31_31_30-165-32.jpg	finetune_quant_dataset/quant_1948.jpg	BF2B48A6DA70FB31FA96E5029101D55D4D6945D2ABD6814A0730A847C1D70CA1	720	1160	0.551724137931	121	0
1949	yellow_single	old	train	train	2	D:\Yolo_LPR_RK3568_FPGA_Project\1_PC_Training\datasets\yolo_format\images\train\crpd_1 (138).jpg	finetune_quant_dataset/quant_1949.jpg	334C588374312C78ADBDBC39EF1E1C47693B0477783A8A5787B49400B9882B17	1628	1236	0.39312039312	0	77
1950	yellow_single	old	train	train	0,0,0,2	D:\Yolo_LPR_RK3568_FPGA_Project\1_PC_Training\datasets\yolo_format\images\train\crpd_65_0870.jpg	finetune_quant_dataset/quant_1950.jpg	70C4512E47F8DB55B1D3AC151CC1E43B001699529A542F7D1243028ECFABE1B3	1600	1200	0.4	0	80
1951	blue	old	train	train	0,0	D:\Yolo_LPR_RK3568_FPGA_Project\1_PC_Training\datasets\yolo_format\images\train\crpd_54_0149.jpg	finetune_quant_dataset/quant_1951.jpg	0E3B376517B123D97F3FCD4A3AAD4DF90393387909A1D4B7747C7A4B958FF088	1600	1200	0.4	0	80
1952	yellow_single	old	train	train	2	D:\Yolo_LPR_RK3568_FPGA_Project\1_PC_Training\datasets\yolo_format\images\train\crpd_57_0592.jpg	finetune_quant_dataset/quant_1952.jpg	3E2F975A18EFCE86BB2F656756B149F2DC84C2E84C58F82D6228A7D108B49BBC	1920	1080	0.333333333333	0	140
1953	other_all	old	train	train	3	D:\Yolo_LPR_RK3568_FPGA_Project\1_PC_Training\datasets\yolo_format\images\train\crpd_66_1308.jpg	finetune_quant_dataset/quant_1953.jpg	B9D6FBF47F9282AED23B71CA573856E42549D2C2A4D731A430FF80A47824B612	1920	1080	0.333333333333	0	140
1954	yellow_single	old	train	train	2	D:\Yolo_LPR_RK3568_FPGA_Project\1_PC_Training\datasets\yolo_format\images\train\crpd_66_0930.jpg	finetune_quant_dataset/quant_1954.jpg	69A1A9FA2E86DD3DF2B7E8B12BE40B2C9D90475D97B04D163F6AE8A5EBF05EBF	1920	1080	0.333333333333	0	140
1955	blue	old	train	train	0	D:\Yolo_LPR_RK3568_FPGA_Project\1_PC_Training\datasets\yolo_format\images\train\ccpd_blue_ccpd_base_0173778735633-90_91-258&491_522&572-526&573_263&574_264&493_527&492-0_0_13_8_25_26_31-89-10.jpg	finetune_quant_dataset/quant_1955.jpg	9946D0CD6DD4583CC732A0094EC5AF9D78C499338536DABC8A3DEB46586CEFEE	720	1160	0.551724137931	121	0
1956	blue	old	train	train	0,0	D:\Yolo_LPR_RK3568_FPGA_Project\1_PC_Training\datasets\yolo_format\images\train\crpd_58_0719.jpg	finetune_quant_dataset/quant_1956.jpg	ECFA19223DF98CC0FD412035F2BAD6D39B86D40EB1E70448BCF4576AEB91361E	1920	1080	0.333333333333	0	140
1957	green	old	train	train	1	D:\Yolo_LPR_RK3568_FPGA_Project\1_PC_Training\datasets\yolo_format\images\train\ccpd_green_train_0310959201389-89_268-187&433_509&530-503&520_187&530_188&445_509&433-0_0_3_24_26_29_25_29-80-101.jpg	finetune_quant_dataset/quant_1957.jpg	D771A5FF6DBA378722510614E17B3E79C10B94E767ACB4761F57EE5084527F43	720	1160	0.551724137931	121	0
1958	blue	old	train	train	0	D:\Yolo_LPR_RK3568_FPGA_Project\1_PC_Training\datasets\yolo_format\images\train\ccpd_blue_ccpd_tilt_0410-14_48-185&513_457&639-457&639_232&582_185&513_410&570-0_0_16_24_12_26_26-65-180.jpg	finetune_quant_dataset/quant_1958.jpg	ED22AA95EDA70252292CB45E4D6892014DD3767A971D15C91A5F2F839999F3B6	720	1160	0.551724137931	121	0
1959	yellow_single	old	train	train	2	D:\Yolo_LPR_RK3568_FPGA_Project\1_PC_Training\datasets\yolo_format\images\train\crpd_1 (824).jpg	finetune_quant_dataset/quant_1959.jpg	7EDB2AD60A7D382C8556B7FC08A2EC7A8C1B3F62EA4DF74837D8FD6E433351C0	1628	1236	0.39312039312	0	77
1960	yellow_single	old	train	train	2	D:\Yolo_LPR_RK3568_FPGA_Project\1_PC_Training\datasets\yolo_format\images\train\crpd_57_0103.jpg	finetune_quant_dataset/quant_1960.jpg	D3534B7903ECFC32AB41384BE8C956C315B36910D50E1F22A68835081069A40F	1920	1080	0.333333333333	0	140
1961	green	old	train	train	1	D:\Yolo_LPR_RK3568_FPGA_Project\1_PC_Training\datasets\yolo_format\images\train\ccpd_green_train_018359375-90_269-238&454_473&532-473&519_238&532_239&457_468&454-0_0_3_27_30_31_25_26-86-32.jpg	finetune_quant_dataset/quant_1961.jpg	85EBD964335C64624EE2F0AD40FE5DB2E98038ED2FECB969F0F615A422221ACE	720	1160	0.551724137931	121	0
1962	green	old	train	train	1	D:\Yolo_LPR_RK3568_FPGA_Project\1_PC_Training\datasets\yolo_format\images\train\ccpd_green_train_0352907986111-89_263-168&420_514&523-514&513_179&523_168&432_513&420-0_0_3_26_26_33_27_33-76-119.jpg	finetune_quant_dataset/quant_1962.jpg	316BA72F6195C5327E44EA3A44D9367B25C6FF067337780BB5BFA35E6113A4F4	720	1160	0.551724137931	121	0
1963	green	old	train	train	1	D:\Yolo_LPR_RK3568_FPGA_Project\1_PC_Training\datasets\yolo_format\images\train\ccpd_green_train_0215993923611-89_263-260&413_529&494-529&494_269&494_260&422_521&413-0_0_3_24_33_32_28_30-105-80.jpg	finetune_quant_dataset/quant_1963.jpg	465F430113CA072FF3F5D656A7F1BDCDC63622AC7DD767E64DDA43A9816E4018	720	1160	0.551724137931	121	0
1964	green	old	train	train	1	D:\Yolo_LPR_RK3568_FPGA_Project\1_PC_Training\datasets\yolo_format\images\train\ccpd_green_train_0150227864583-89_267-270&477_483&548-481&542_270&548_272&481_483&477-0_0_3_25_30_30_32_32-76-23.jpg	finetune_quant_dataset/quant_1964.jpg	4D328BF489A14389C679ABFA0E8F1804815CCC49757E5CBF13B0B5435D0AA452	720	1160	0.551724137931	121	0
1965	other_all	special	train	澳门出入境车牌	3	D:\Yolo_LPR_RK3568_FPGA_Project\1_PC_Training\datasets\特殊车牌\image\澳门出入境车牌\粤Z8717澳.jpg	finetune_quant_dataset/quant_1965.jpg	282BCC910D80BF4D3EB8FC601C835918A3B6BF1AA9429E6C868B6AC5B4609D96	1600	1200	0.4	0	80
1966	blue	old	train	train	0,2	D:\Yolo_LPR_RK3568_FPGA_Project\1_PC_Training\datasets\yolo_format\images\train\crpd_57_0692.jpg	finetune_quant_dataset/quant_1966.jpg	E7F2D62F680F69B20E9CA828B243E2A71AF5B503124365B38794F6DDE474CB6D	1920	1080	0.333333333333	0	140
1967	yellow_single	old	train	train	2	D:\Yolo_LPR_RK3568_FPGA_Project\1_PC_Training\datasets\yolo_format\images\train\crpd_1 (927).jpg	finetune_quant_dataset/quant_1967.jpg	BC645AC139B37D5B4E0C3C25470F98B412BE4465DDABC5DAFB93E84C46AF271F	1628	1236	0.39312039312	0	77
1968	yellow_single	old	train	train	2	D:\Yolo_LPR_RK3568_FPGA_Project\1_PC_Training\datasets\yolo_format\images\train\crpd_54_0555.jpg	finetune_quant_dataset/quant_1968.jpg	614F0B49AA48479D5B6DD6B9472C1B6680DD76DC75F24301BE2880278B8B84F1	1920	1080	0.333333333333	0	140
1969	yellow_single	old	train	train	0,2	D:\Yolo_LPR_RK3568_FPGA_Project\1_PC_Training\datasets\yolo_format\images\train\crpd_45_1228.jpg	finetune_quant_dataset/quant_1969.jpg	F8423F96491414B8FA828C2A909A07B0C0D3E8D192547BCA25D37717CE88C864	1920	1080	0.333333333333	0	140
1970	green	old	train	train	1	D:\Yolo_LPR_RK3568_FPGA_Project\1_PC_Training\datasets\yolo_format\images\train\ccpd_green_train_0144921875-90_100-235&505_447&574-438&571_235&574_241&505_447&509-0_0_3_26_30_30_30_33-108-28.jpg	finetune_quant_dataset/quant_1970.jpg	BCA5006602F4366AC773F24C10190C401DB4A097BC4A97DB5247D959A1FFD412	720	1160	0.551724137931	121	0
1971	yellow_single	old	train	train	2	D:\Yolo_LPR_RK3568_FPGA_Project\1_PC_Training\datasets\yolo_format\images\train\crpd_43_0835.jpg	finetune_quant_dataset/quant_1971.jpg	9D3DB3FAC01D27A252C325D85E421AE00887136AE571A2B73C46824B209512B0	1920	1080	0.333333333333	0	140
1972	green	old	train	train	1	D:\Yolo_LPR_RK3568_FPGA_Project\1_PC_Training\datasets\yolo_format\images\train\ccpd_green_train_0160416666667-90_267-265&446_489&518-485&518_265&516_268&446_489&449-0_0_3_25_25_26_24_26-131-96.jpg	finetune_quant_dataset/quant_1972.jpg	D0C65FAA54CDE57FAC10903B458F9D7AABF3C5AC098F412B4E1B678D38A10F5A	720	1160	0.551724137931	121	0
1973	green	old	train	train	1	D:\Yolo_LPR_RK3568_FPGA_Project\1_PC_Training\datasets\yolo_format\images\train\ccpd_green_train_008177083333333333-92_268-266&500_423&552-416&552_266&552_269&500_423&506-0_0_3_25_32_30_32_30-125-81.jpg	finetune_quant_dataset/quant_1973.jpg	AC1F3D3A14D702654F017B66C8310F36AD29EBBB753FB192E04222ED18896BCD	720	1160	0.551724137931	121	0
1974	other_all	old	train	train	3	D:\Yolo_LPR_RK3568_FPGA_Project\1_PC_Training\datasets\yolo_format\images\train\crpd_62_0676.jpg	finetune_quant_dataset/quant_1974.jpg	66F03FD2D78B25EEAC99792A15EF7CFF792945A878DB5C5213F537E3A6D72C41	1920	1080	0.333333333333	0	140
1975	yellow_single	old	train	train	2	D:\Yolo_LPR_RK3568_FPGA_Project\1_PC_Training\datasets\yolo_format\images\train\crpd_1 (405).jpg	finetune_quant_dataset/quant_1975.jpg	92DE4D18174DC953C3CFFBAE8C963DBFD24EA74BCE67C64282A8816F44748113	1628	1236	0.39312039312	0	77
1976	blue	old	train	train	0,0	D:\Yolo_LPR_RK3568_FPGA_Project\1_PC_Training\datasets\yolo_format\images\train\crpd_39_1089.jpg	finetune_quant_dataset/quant_1976.jpg	FB2311E1D0AD47A48B3C9107CBA11662B0D2FAAC780330316B8DC1EC25B986DF	1920	1080	0.333333333333	0	140
1977	blue	old	train	train	0	D:\Yolo_LPR_RK3568_FPGA_Project\1_PC_Training\datasets\yolo_format\images\train\ccpd_blue_ccpd_challenge_0245-6_27-288&468_495&567-465&546_288&567_318&489_495&468-15_14_32_8_12_33_24-91-18.jpg	finetune_quant_dataset/quant_1977.jpg	D6CDF9D876A738BB53D4C78A9F4E70057DE0FF4FBF0E570A93B1427A609B2B5E	720	1160	0.551724137931	121	0
1978	blue	old	train	train	0	D:\Yolo_LPR_RK3568_FPGA_Project\1_PC_Training\datasets\yolo_format\images\train\ccpd_blue_ccpd_db_0315-19_23-244&450_428&593-428&593_250&530_244&450_422&513-0_0_0_31_0_25_33-30-4.jpg	finetune_quant_dataset/quant_1978.jpg	5AA3BB495715E92F5D1E7FFAC5F1CCDA1B8B6E5BA472C7CC1524928F29343B99	720	1160	0.551724137931	121	0
1979	other_all	old	train	train	3	D:\Yolo_LPR_RK3568_FPGA_Project\1_PC_Training\datasets\yolo_format\images\train\crpd_66_1628.jpg	finetune_quant_dataset/quant_1979.jpg	C828AC7D8C897BA120DC890870A645870FFB52AEC7F74DFD71747BE30F4DEB40	1920	1080	0.333333333333	0	140
1980	other_all	old	train	train	3	D:\Yolo_LPR_RK3568_FPGA_Project\1_PC_Training\datasets\yolo_format\images\train\crpd_62_1886.jpg	finetune_quant_dataset/quant_1980.jpg	CC4D951098306A674228D94CA2E1A9D4485A4852B7E390E7D6F9DDE9CFAFB581	1600	1200	0.4	0	80
1981	green	old	train	train	1	D:\Yolo_LPR_RK3568_FPGA_Project\1_PC_Training\datasets\yolo_format\images\train\ccpd_green_train_3019599609375-93_93-241&413_464&502-457&502_241&486_251&413_464&419-0_0_3_24_29_30_32_24-178-180.jpg	finetune_quant_dataset/quant_1981.jpg	5C32A295C3A1689EDC0523BEFB33DAE72ABD64BD737E69A8DD24DA3BD73DC1B9	720	1160	0.551724137931	121	0
1982	blue	old	train	train	0	D:\Yolo_LPR_RK3568_FPGA_Project\1_PC_Training\datasets\yolo_format\images\train\crpd_53_0913.jpg	finetune_quant_dataset/quant_1982.jpg	9A48042DF1369E8B4938A8DAD3D94C708DB87F56663A6228687D60FDFB91BFE0	1920	1080	0.333333333333	0	140
1983	other_all	old	train	train	3	D:\Yolo_LPR_RK3568_FPGA_Project\1_PC_Training\datasets\yolo_format\images\train\crpd_57_0422.jpg	finetune_quant_dataset/quant_1983.jpg	794F85229674B6B2A6C6DCB63DB2495656675E2E131B7216AB7BD8D1F568BB0A	1920	1080	0.333333333333	0	140
1984	other_all	special	test	澳门出入境车牌	3	D:\Yolo_LPR_RK3568_FPGA_Project\1_PC_Training\datasets\特殊车牌\image\澳门出入境车牌\粤ZK667澳.jpg	finetune_quant_dataset/quant_1984.jpg	588B48635BD4333C09548C5CB282A4C3EA6552056DE32B238FE18F1589E141B2	1600	1200	0.4	0	80
1985	green	old	train	train	1	D:\Yolo_LPR_RK3568_FPGA_Project\1_PC_Training\datasets\yolo_format\images\train\ccpd_green_train_03552734375-88_271-214&422_535&534-535&520_215&534_214&435_531&422-0_0_3_24_24_27_33_30-106-88.jpg	finetune_quant_dataset/quant_1985.jpg	D9F6A2C6474D2AED3C7F78202994CC954FEB04570311D7630AEE62EF61016EFA	720	1160	0.551724137931	121	0
1986	yellow_single	old	train	train	2	D:\Yolo_LPR_RK3568_FPGA_Project\1_PC_Training\datasets\yolo_format\images\train\crpd_40_0620.jpg	finetune_quant_dataset/quant_1986.jpg	8F59676A8ACC98C7A16F26FF894FABF2C03F5E61CC1A9F2DD03B287473686950	1920	1080	0.333333333333	0	140
1987	yellow_single	old	train	train	0,0,2	D:\Yolo_LPR_RK3568_FPGA_Project\1_PC_Training\datasets\yolo_format\images\train\crpd_61_0077.jpg	finetune_quant_dataset/quant_1987.jpg	9C956021695E4A824788F50DD3648D5AEEE6A564FBFA0676E16CC281093CE8EA	1920	1080	0.333333333333	0	140
1988	blue	old	train	train	0	D:\Yolo_LPR_RK3568_FPGA_Project\1_PC_Training\datasets\yolo_format\images\train\ccpd_blue_ccpd_weather_0482-0_6-216&498_549&619-535&619_216&615_230&498_549&502-0_0_3_11_30_31_31-143-58.jpg	finetune_quant_dataset/quant_1988.jpg	A15C4BE78317CFB17C189D1D4B893615417E75032626910573EE67F17D2647A0	720	1160	0.551724137931	121	0
1989	green	old	train	train	1	D:\Yolo_LPR_RK3568_FPGA_Project\1_PC_Training\datasets\yolo_format\images\train\ccpd_green_train_0330425347222-91_92-180&421_511&522-511&522_180&514_180&421_510&422-0_0_3_24_28_33_31_33-104-57.jpg	finetune_quant_dataset/quant_1989.jpg	74D81F00144C7797D426AB2C3AF8B688BEA2DA8C2DC4B2EB2CD2E726B56E5F12	720	1160	0.551724137931	121	0
1990	blue	old	train	train	0	D:\Yolo_LPR_RK3568_FPGA_Project\1_PC_Training\datasets\yolo_format\images\train\ccpd_blue_ccpd_rotate_0538-26_0-143&427_386&612-386&513_184&612_143&526_345&427-0_0_4_25_31_31_24-130-198.jpg	finetune_quant_dataset/quant_1990.jpg	7D436E0ECE1B75AA9F3D9A2D36CE65FA5CB3CDBEAB0B7BC94FF049A9745E54E5	720	1160	0.551724137931	121	0
1991	yellow_single	old	train	train	2	D:\Yolo_LPR_RK3568_FPGA_Project\1_PC_Training\datasets\yolo_format\images\train\crpd_42_0477.jpg	finetune_quant_dataset/quant_1991.jpg	9DB45909360793069DA897D60B47F07C0CDF227FB9959773DCD3EEDE0C693B34	1920	1080	0.333333333333	0	140
1992	yellow_single	old	train	train	2	D:\Yolo_LPR_RK3568_FPGA_Project\1_PC_Training\datasets\yolo_format\images\train\crpd_40_0350.jpg	finetune_quant_dataset/quant_1992.jpg	9A801253B3FC6C069DDC24AC57F4B4758621F4BE1BADBFA33A2937E7CDD45383	1920	1080	0.333333333333	0	140
1993	yellow_single	old	train	train	2	D:\Yolo_LPR_RK3568_FPGA_Project\1_PC_Training\datasets\yolo_format\images\train\crpd_61_0113.jpg	finetune_quant_dataset/quant_1993.jpg	374A3FF527DB9D0602AAF619612ACA953E8F6B85E0174AB8C31A612DDA0818A2	1600	1200	0.4	0	80
1994	blue	old	train	train	0	D:\Yolo_LPR_RK3568_FPGA_Project\1_PC_Training\datasets\yolo_format\images\train\ccpd_blue_ccpd_challenge_0283-2_6-231&486_491&577-491&577_236&566_231&486_486&497-0_0_5_23_29_32_31-81-4.jpg	finetune_quant_dataset/quant_1994.jpg	716AC68E7403B9683BE34E12EE9A4AD99AF1C071F3531987802D9A2075BF596E	720	1160	0.551724137931	121	0
1995	other_all	special	train	澳门出入境车牌	3	D:\Yolo_LPR_RK3568_FPGA_Project\1_PC_Training\datasets\特殊车牌\image\澳门出入境车牌\粤ZD110澳.jpg	finetune_quant_dataset/quant_1995.jpg	114E21692183A372D1696A53A35CA63CA06207C75F9F1E1C45AC539289158590	1600	1200	0.4	0	80
1996	other_all	old	train	train	3	D:\Yolo_LPR_RK3568_FPGA_Project\1_PC_Training\datasets\yolo_format\images\train\crpd_66_0396.jpg	finetune_quant_dataset/quant_1996.jpg	BD9EE42DB9D8C8C8266F1E697E93DC6A0E46E53C4AFFFF92506A633BB9561915	1600	1200	0.4	0	80
1997	blue	old	train	train	0	D:\Yolo_LPR_RK3568_FPGA_Project\1_PC_Training\datasets\yolo_format\images\train\ccpd_blue_ccpd_rotate_0550-27_16-270&435_488&646-488&543_292&646_270&538_466&435-0_0_7_7_33_32_30-117-49.jpg	finetune_quant_dataset/quant_1997.jpg	2E521C5194ADA69180FB61BF606405CC9D1DA32B707645DCA2040EBC167CE11C	720	1160	0.551724137931	121	0
1998	green	old	train	train	1	D:\Yolo_LPR_RK3568_FPGA_Project\1_PC_Training\datasets\yolo_format\images\train\ccpd_green_train_3014192708333333333-91_263-247&497_465&563-459&563_247&563_255&497_465&502-0_0_3_25_33_32_30_33-124-76.jpg	finetune_quant_dataset/quant_1998.jpg	039E1C77C38998FBB22A3177FC2293633AC4C00714F627E3E61034A465F166BB	720	1160	0.551724137931	121	0
1999	other_all	old	train	train	3	D:\Yolo_LPR_RK3568_FPGA_Project\1_PC_Training\datasets\yolo_format\images\train\crpd_66_1123.jpg	finetune_quant_dataset/quant_1999.jpg	2FB65EFED278B5BB7731DD7E484BB57821C689BD31CAADF0D7728DF99896CEEB	1920	1080	0.333333333333	0	140
2000	green	old	train	train	1	D:\Yolo_LPR_RK3568_FPGA_Project\1_PC_Training\datasets\yolo_format\images\train\ccpd_green_train_0354383680556-90_96-180&467_535&567-526&562_181&567_180&469_535&467-0_0_3_24_33_26_33_27-83-108.jpg	finetune_quant_dataset/quant_2000.jpg	27FFCACCDF8BDB0CC0F0A73BFE6652C6A8A1619E1EEFA17071B6A26164935C94	720	1160	0.551724137931	121	0
2001	green	old	train	train	1	D:\Yolo_LPR_RK3568_FPGA_Project\1_PC_Training\datasets\yolo_format\images\train\ccpd_green_train_0160101996528-90_269-258&437_485&508-485&506_259&508_258&439_483&437-0_0_3_24_33_29_33_32-83-20.jpg	finetune_quant_dataset/quant_2001.jpg	395380C7A68E091FF0DE593EAEC9DBB6CCA7B6FA8FEC5134DAC956AC6F2F6D96	720	1160	0.551724137931	121	0
2002	blue	old	train	train	0,2	D:\Yolo_LPR_RK3568_FPGA_Project\1_PC_Training\datasets\yolo_format\images\train\crpd_36_0530.jpg	finetune_quant_dataset/quant_2002.jpg	02A3E4E6224D3D75B7E250D06D8EB2499BBBE79EF560951367608C9709F1E133	1920	1080	0.333333333333	0	140
2003	blue	old	train	train	0	D:\Yolo_LPR_RK3568_FPGA_Project\1_PC_Training\datasets\yolo_format\images\train\crpd_47_0966.jpg	finetune_quant_dataset/quant_2003.jpg	6CF6BBCED1A09F61D3AA7DA4760C1181E2A818F0F118A473E7BAC774B1F3478D	1920	1080	0.333333333333	0	140
2004	blue	old	train	train	0,0	D:\Yolo_LPR_RK3568_FPGA_Project\1_PC_Training\datasets\yolo_format\images\train\crpd_62_1981.jpg	finetune_quant_dataset/quant_2004.jpg	65A56818702A1E1075290CB772637AF338FF288D6D1A1A1651557B56133B60A8	2592	1936	0.246913580247	0	81
2005	other_all	special	train	澳门出入境车牌	3	D:\Yolo_LPR_RK3568_FPGA_Project\1_PC_Training\datasets\特殊车牌\image\澳门出入境车牌\粤Z233A澳.jpg	finetune_quant_dataset/quant_2005.jpg	6F22D2ADDF62EF107ED9A4512C17B981A586892C9DE1C7461F609EC30D4D53E7	1600	1200	0.4	0	80
2006	green	old	train	train	1	D:\Yolo_LPR_RK3568_FPGA_Project\1_PC_Training\datasets\yolo_format\images\train\ccpd_green_train_06643880208333333-90_268-127&453_598&595-598&593_127&595_130&453_597&455-0_0_3_24_30_27_24_26-73-186.jpg	finetune_quant_dataset/quant_2006.jpg	77E3123B471F01AA87D9030EAC6786B99CA5DE56A25574245CCCDB1C66AFCA09	720	1160	0.551724137931	121	0
2007	blue	old	train	train	0	D:\Yolo_LPR_RK3568_FPGA_Project\1_PC_Training\datasets\yolo_format\images\train\crpd_44_1207.jpg	finetune_quant_dataset/quant_2007.jpg	A095F4531997005A65AFD9990FC6DF37DD44C86DD53E06475F3F55111BD1200D	1920	1080	0.333333333333	0	140
2008	other_all	old	train	train	3	D:\Yolo_LPR_RK3568_FPGA_Project\1_PC_Training\datasets\yolo_format\images\train\crpd_66_1671.jpg	finetune_quant_dataset/quant_2008.jpg	ADDEE847263E888FD12637B175C937016036A40678FC2C015FFFA13350CDC481	1920	1080	0.333333333333	0	140
2009	other_all	old	test	test	0,3	D:\Yolo_LPR_RK3568_FPGA_Project\1_PC_Training\datasets\yolo_format\images\test\crpd_41_0934.jpg	finetune_quant_dataset/quant_2009.jpg	4D3AE48923BF462DBAE212B79C4ABB036781872F061D70446F45F68EE450EB3D	1920	1080	0.333333333333	0	140
2010	green	old	train	train	1	D:\Yolo_LPR_RK3568_FPGA_Project\1_PC_Training\datasets\yolo_format\images\train\ccpd_green_train_033203125-91_90-132&426_492&519-492&519_148&506_132&426_492&434-0_0_3_25_31_31_31_31-167-284.jpg	finetune_quant_dataset/quant_2010.jpg	8AF9D24FDB74E10713A67E532A28B3FC77D9955FC30B7A05D0ED6FFFF8A6DC5F	720	1160	0.551724137931	121	0
2011	yellow_single	old	train	train	2	D:\Yolo_LPR_RK3568_FPGA_Project\1_PC_Training\datasets\yolo_format\images\train\crpd_66_0916.jpg	finetune_quant_dataset/quant_2011.jpg	B6CCCA90CF65A526684C1698BA798BE8B0A00CDD72297087B46DD072C80EBA59	1920	1080	0.333333333333	0	140
2012	other_all	special	train	教练车牌	3	D:\Yolo_LPR_RK3568_FPGA_Project\1_PC_Training\datasets\特殊车牌\image\教练车牌\粤C1107学.jpg	finetune_quant_dataset/quant_2012.jpg	F34BB12C05E88C81D89C41BC2225A673D99ECA9E1D983E1B83143C8E4491E069	1600	1200	0.4	0	80
2013	yellow_single	old	train	train	2	D:\Yolo_LPR_RK3568_FPGA_Project\1_PC_Training\datasets\yolo_format\images\train\crpd_43_0130.jpg	finetune_quant_dataset/quant_2013.jpg	574B80E0C3009B89D40482D80C3FE6BE0E84009F01002721ADD7CDE953AE47DA	1920	1080	0.333333333333	0	140
2014	green	old	train	train	1	D:\Yolo_LPR_RK3568_FPGA_Project\1_PC_Training\datasets\yolo_format\images\train\ccpd_green_train_303564670138888889-90_102-162&499_544&593-528&586_176&593_162&503_544&499-0_0_3_24_31_27_33_24-109-312.jpg	finetune_quant_dataset/quant_2014.jpg	3AF7AE7ACF71F5D2A99C4E072487B3599FA30211C444B537DA58A0E9FBCF2475	720	1160	0.551724137931	121	0
2015	other_all	special	train	澳门出入境车牌	3	D:\Yolo_LPR_RK3568_FPGA_Project\1_PC_Training\datasets\特殊车牌\image\澳门出入境车牌\粤Z545D澳.jpg	finetune_quant_dataset/quant_2015.jpg	335C04CBF243F13373D088820379127ED9221766DCB82C297DAB81AF337E27D0	1600	1200	0.4	0	80
2016	blue	old	train	train	0	D:\Yolo_LPR_RK3568_FPGA_Project\1_PC_Training\datasets\yolo_format\images\train\crpd_47_0536.jpg	finetune_quant_dataset/quant_2016.jpg	2F21F6CF08DF8EA568A85B2CDB4471D333FEB918E63204D87AE01EEDE5D25650	1600	1200	0.4	0	80
2017	blue	old	train	train	0,0,0	D:\Yolo_LPR_RK3568_FPGA_Project\1_PC_Training\datasets\yolo_format\images\train\crpd_40_0412.jpg	finetune_quant_dataset/quant_2017.jpg	426F3C701DC728A79E4662132744338E458060DB35A885A6298DA19ACE0954E6	1600	1200	0.4	0	80
2018	other_all	old	train	train	3	D:\Yolo_LPR_RK3568_FPGA_Project\1_PC_Training\datasets\yolo_format\images\train\crpd_66_1665.jpg	finetune_quant_dataset/quant_2018.jpg	9E678993ACEE63196FD9E3E9263EA588FC435E4EFB2471B6BBCEF399F81198F0	1920	1080	0.333333333333	0	140
2019	other_all	special	val	教练车牌	3	D:\Yolo_LPR_RK3568_FPGA_Project\1_PC_Training\datasets\特殊车牌\image\教练车牌\粤S1142学.jpg	finetune_quant_dataset/quant_2019.jpg	7875715A277C42988C88ED19217801F009F12BFCBC57838DD824F26B47851827	1600	1200	0.4	0	80
2020	yellow_single	old	train	train	2	D:\Yolo_LPR_RK3568_FPGA_Project\1_PC_Training\datasets\yolo_format\images\train\crpd_44_0107.jpg	finetune_quant_dataset/quant_2020.jpg	EB1DD8411A6F678043D2651FEA54948619D44523980A3571FE4E8340BF9ECA41	1920	1080	0.333333333333	0	140
2021	blue	old	train	train	0,0	D:\Yolo_LPR_RK3568_FPGA_Project\1_PC_Training\datasets\yolo_format\images\train\crpd_62_1994.jpg	finetune_quant_dataset/quant_2021.jpg	2683207D4755760ED6A3F061C4DC56CC47C5DEEE2A0791421D04C60DAA66BE28	2592	1936	0.246913580247	0	81
2022	yellow_single	old	train	train	2	D:\Yolo_LPR_RK3568_FPGA_Project\1_PC_Training\datasets\yolo_format\images\train\crpd_45_1234.jpg	finetune_quant_dataset/quant_2022.jpg	C7842507A81923860B8B55004C8B80A5619004C5FF7E7F035C16B38A088551BC	1920	1080	0.333333333333	0	140
2023	other_all	special	val	澳门出入境车牌	3	D:\Yolo_LPR_RK3568_FPGA_Project\1_PC_Training\datasets\特殊车牌\image\澳门出入境车牌\粤Z8373澳.jpg	finetune_quant_dataset/quant_2023.jpg	6D722D33F78C3CA8A471D332A6B13729372746881436BE61A74BDB0A83603086	1600	1200	0.4	0	80
2024	yellow_single	old	train	train	2	D:\Yolo_LPR_RK3568_FPGA_Project\1_PC_Training\datasets\yolo_format\images\train\crpd_1 (858).jpg	finetune_quant_dataset/quant_2024.jpg	84380F32C7A3926B544101D6FB92FAAA6D1FCE97D001271352C8FCA6501FD76C	1628	1236	0.39312039312	0	77
2025	yellow_single	old	train	train	2	D:\Yolo_LPR_RK3568_FPGA_Project\1_PC_Training\datasets\yolo_format\images\train\crpd_1 (330).jpg	finetune_quant_dataset/quant_2025.jpg	99837AE374D3E9574DC1D944EAEA1A9F660701B76A6182057FA2CC5FE55E2750	1628	1236	0.39312039312	0	77
2026	green	old	train	train	1	D:\Yolo_LPR_RK3568_FPGA_Project\1_PC_Training\datasets\yolo_format\images\train\ccpd_green_train_00835503472222-92_270-301&401_455&456-450&456_301&454_302&401_455&409-0_0_3_24_33_33_33_33-188-12.jpg	finetune_quant_dataset/quant_2026.jpg	84E71B4BDFCB9B2FAFBB911B7E6F2BE2B4C4D4169C7B003228A68581B62FEB2C	720	1160	0.551724137931	121	0
2027	other_all	old	train	train	3	D:\Yolo_LPR_RK3568_FPGA_Project\1_PC_Training\datasets\yolo_format\images\train\crpd_66_0426.jpg	finetune_quant_dataset/quant_2027.jpg	9331BE42A45A02E14B5C8EEF675F379080D8CFCD557CE6018EF5CF4B01DBC074	1920	1080	0.333333333333	0	140
2028	other_all	old	train	train	3	D:\Yolo_LPR_RK3568_FPGA_Project\1_PC_Training\datasets\yolo_format\images\train\crpd_66_0279.jpg	finetune_quant_dataset/quant_2028.jpg	1F21246E3241CCA42C6164A0D20CF9EFEAC8F1AD40B2728A7360C34232C446AA	1600	1200	0.4	0	80
2029	green	old	train	train	1	D:\Yolo_LPR_RK3568_FPGA_Project\1_PC_Training\datasets\yolo_format\images\train\ccpd_green_train_3037705078125-91_102-158&491_587&580-572&580_174&569_158&491_587&504-10_2_3_24_30_31_30_30-91-256.jpg	finetune_quant_dataset/quant_2029.jpg	1B7625DBDB87DBA0DEE53225F6B5CDAB954EB33ABEBD618EB30C42E95C52EB97	720	1160	0.551724137931	121	0
2030	green	old	train	train	1	D:\Yolo_LPR_RK3568_FPGA_Project\1_PC_Training\datasets\yolo_format\images\train\ccpd_green_train_0244791666667-90_268-226&430_508&517-508&517_226&512_228&430_506&432-0_0_3_24_31_25_28_29-151-125.jpg	finetune_quant_dataset/quant_2030.jpg	951A43FDCA8A1A84B02B5EFADE2A26D6D9FBB9C02B5E03A3420421816E26F58A	720	1160	0.551724137931	121	0
2031	other_all	old	train	train	3	D:\Yolo_LPR_RK3568_FPGA_Project\1_PC_Training\datasets\yolo_format\images\train\crpd_66_0746.jpg	finetune_quant_dataset/quant_2031.jpg	BE9BA567D9D61B7BA380BC740F85574A04E1868542EF5BA617E16981053B63F6	1600	1200	0.4	0	80
2032	blue	old	train	train	0,2	D:\Yolo_LPR_RK3568_FPGA_Project\1_PC_Training\datasets\yolo_format\images\train\crpd_62_0912.jpg	finetune_quant_dataset/quant_2032.jpg	71D8DA99E5103C35D136578E1D6DDB20B471F828DD41CB0D7CB60D5AB3157E69	1600	1200	0.4	0	80
2033	yellow_single	old	train	train	2	D:\Yolo_LPR_RK3568_FPGA_Project\1_PC_Training\datasets\yolo_format\images\train\crpd_45_0754.jpg	finetune_quant_dataset/quant_2033.jpg	5DDADF22AA51245B8B459B7FA8B4D36CECB097196E685A006ABB266005F92629	1920	1080	0.333333333333	0	140
2034	blue	old	train	train	0	D:\Yolo_LPR_RK3568_FPGA_Project\1_PC_Training\datasets\yolo_format\images\train\ccpd_blue_ccpd_blur_0307-6_22-200&431_442&537-442&537_223&512_200&431_419&456-0_0_21_33_24_25_17-98-5.jpg	finetune_quant_dataset/quant_2034.jpg	2E3D4B078FDE5B11DB9BC5B85411D6D39F9E014B4D68E3D117F4EA43E47FCC96	720	1160	0.551724137931	121	0
2035	green	old	train	train	1	D:\Yolo_LPR_RK3568_FPGA_Project\1_PC_Training\datasets\yolo_format\images\train\ccpd_green_train_306615668402777777-90_99-113&457_582&599-582&599_128&593_113&458_562&457-0_0_3_24_29_31_24_31-129-16.jpg	finetune_quant_dataset/quant_2035.jpg	0F9C9A57ED2CA0370016B528372A72780369AEB4A01812588AD4B1789926CF18	720	1160	0.551724137931	121	0
2036	yellow_single	old	train	train	0,0,2	D:\Yolo_LPR_RK3568_FPGA_Project\1_PC_Training\datasets\yolo_format\images\train\crpd_35_0588.jpg	finetune_quant_dataset/quant_2036.jpg	50B9EDBB3E9722D4A43615306C1EA7CD0AB9189A1C8DD696DBDB53586AF2FCCF	1920	1080	0.333333333333	0	140
2037	other_all	old	train	train	3	D:\Yolo_LPR_RK3568_FPGA_Project\1_PC_Training\datasets\yolo_format\images\train\crpd_66_1095.jpg	finetune_quant_dataset/quant_2037.jpg	C95DFD3CAA20F7961DBEF9BE507407621951EFB6AFB98EE78E9FE98F7DDC02D7	1920	1080	0.333333333333	0	140
2038	other_all	old	train	train	3	D:\Yolo_LPR_RK3568_FPGA_Project\1_PC_Training\datasets\yolo_format\images\train\crpd_66_1323.jpg	finetune_quant_dataset/quant_2038.jpg	6DACB3AE941E5B0325DAB35A48CF3F6122D905001F7AF539076A2DDF9D364EF8	1920	1080	0.333333333333	0	140
2039	other_all	special	train	香港出入境车牌	3	D:\Yolo_LPR_RK3568_FPGA_Project\1_PC_Training\datasets\特殊车牌\image\香港出入境车牌\粤ZB220港.jpg	finetune_quant_dataset/quant_2039.jpg	687549B8805098C119F09CE546A4BD711084845D327437CBFEAA1AB2551436DE	1600	1200	0.4	0	80
2040	yellow_single	old	train	train	2	D:\Yolo_LPR_RK3568_FPGA_Project\1_PC_Training\datasets\yolo_format\images\train\crpd_53_0966.jpg	finetune_quant_dataset/quant_2040.jpg	CBF54D6214D31C6A8B628150045F96B25F296B9F725A9244F47FB2CA9A691DDC	1920	1080	0.333333333333	0	140
2041	yellow_single	old	train	train	2	D:\Yolo_LPR_RK3568_FPGA_Project\1_PC_Training\datasets\yolo_format\images\train\crpd_45_0510.jpg	finetune_quant_dataset/quant_2041.jpg	BE88942D0D9051EE16FAFEB43350F1A421D881A2EC0E87979EFA682B0A8CD994	1600	1200	0.4	0	80
2042	blue	old	train	train	0	D:\Yolo_LPR_RK3568_FPGA_Project\1_PC_Training\datasets\yolo_format\images\train\ccpd_blue_ccpd_rotate_0658-17_6-166&382_460&569-460&481_185&569_166&470_441&382-0_0_8_33_31_30_11-144-10.jpg	finetune_quant_dataset/quant_2042.jpg	12DD4A2088DF7A294A3FE718986676F33AE5D4C4856870C8674D4B1B6CF97EDA	720	1160	0.551724137931	121	0
2043	other_all	old	train	train	3	D:\Yolo_LPR_RK3568_FPGA_Project\1_PC_Training\datasets\yolo_format\images\train\crpd_66_1477.jpg	finetune_quant_dataset/quant_2043.jpg	58C4DCA3F4D7D965A0ABF2682F79F2B118DB1290C778EDC1A4E0442D5B56BE97	1600	1200	0.4	0	80
2044	yellow_single	old	train	train	2	D:\Yolo_LPR_RK3568_FPGA_Project\1_PC_Training\datasets\yolo_format\images\train\crpd_57_0231.jpg	finetune_quant_dataset/quant_2044.jpg	319A90F5FFB8445963D0072CE7F54CCC993EF0E353860B727F487514FF270EC8	1920	1080	0.333333333333	0	140
2045	yellow_single	old	train	train	2	D:\Yolo_LPR_RK3568_FPGA_Project\1_PC_Training\datasets\yolo_format\images\train\crpd_61_0953.jpg	finetune_quant_dataset/quant_2045.jpg	7C7CF61F9CD5E6CAC50F86B30E8DE35C31F5D982C9492A7BD4B2D7C73428E9A2	1920	1080	0.333333333333	0	140
2046	yellow_single	old	train	train	2	D:\Yolo_LPR_RK3568_FPGA_Project\1_PC_Training\datasets\yolo_format\images\train\crpd_1 (486).jpg	finetune_quant_dataset/quant_2046.jpg	510F5C9C21D2BE29EEBCCD6BD764C38F206F8C21B48F313D7A8AB0DCC3B99FE3	1628	1236	0.39312039312	0	77
2047	other_all	special	train	澳门出入境车牌	3	D:\Yolo_LPR_RK3568_FPGA_Project\1_PC_Training\datasets\特殊车牌\image\澳门出入境车牌\粤ZAV44澳.jpg	finetune_quant_dataset/quant_2047.jpg	999AFD64E12D6D1975AE29A9FA725F7E900B3A7EB76CBE9166EB4615A095DD76	1600	1200	0.4	0	80
2048	other_all	old	train	train	0,0,0,3	D:\Yolo_LPR_RK3568_FPGA_Project\1_PC_Training\datasets\yolo_format\images\train\crpd_62_0778.jpg	finetune_quant_dataset/quant_2048.jpg	0EE669941D0A0B29D1CF7C192A96D0961C67440CB156DB52F47D5DDA5FD42E31	1920	1080	0.333333333333	0	140
2049	other_all	special	test	澳门出入境车牌	3	D:\Yolo_LPR_RK3568_FPGA_Project\1_PC_Training\datasets\特殊车牌\image\澳门出入境车牌\粤ZA111澳.jpg	finetune_quant_dataset/quant_2049.jpg	0C01D36D7657E3E888E9EF8DB27776A731CA9588C0B4267084A5AAA1A2035A13	1600	1200	0.4	0	80
2050	yellow_single	old	train	train	2	D:\Yolo_LPR_RK3568_FPGA_Project\1_PC_Training\datasets\yolo_format\images\train\crpd_44_0380.jpg	finetune_quant_dataset/quant_2050.jpg	7D541D0F57126A7E1E38630FC4759285BED9B12E279CB26296065420699CC564	1920	1080	0.333333333333	0	140
2051	blue	old	train	train	0	D:\Yolo_LPR_RK3568_FPGA_Project\1_PC_Training\datasets\yolo_format\images\train\ccpd_blue_ccpd_rotate_0595-26_15-265&393_491&613-491&511_289&613_265&495_467&393-0_0_21_24_23_26_24-109-126.jpg	finetune_quant_dataset/quant_2051.jpg	D614AB4B55DAED4826163ACBE7211DF27FA1222B2262353F40C550928F38F545	720	1160	0.551724137931	121	0
2052	green	old	train	train	1	D:\Yolo_LPR_RK3568_FPGA_Project\1_PC_Training\datasets\yolo_format\images\train\ccpd_green_train_0138194444444-88_264-266&473_465&543-465&537_266&543_269&484_460&473-0_0_3_25_24_24_32_26-115-59.jpg	finetune_quant_dataset/quant_2052.jpg	91FE907FCBE07969C73272FFC8D188A77330662951CA4AF49738F14C01550F1D	720	1160	0.551724137931	121	0
2053	green	old	train	train	1	D:\Yolo_LPR_RK3568_FPGA_Project\1_PC_Training\datasets\yolo_format\images\train\ccpd_green_train_018642578125-90_269-262&422_511&497-509&497_262&495_263&422_511&422-0_0_3_24_33_33_33_33-108-75.jpg	finetune_quant_dataset/quant_2053.jpg	BBAC39835C402DB55771D09350A66AAE08462CDA2DDA400FA3BB78EAC8FAD8CC	720	1160	0.551724137931	121	0
2054	other_all	special	test	香港出入境车牌	3	D:\Yolo_LPR_RK3568_FPGA_Project\1_PC_Training\datasets\特殊车牌\image\香港出入境车牌\粤ZE091港.jpg	finetune_quant_dataset/quant_2054.jpg	112A7EC037D889454CA7B875B0E3F32636362E5BCD6EE86A6C4B1B0C0E88EE9D	1600	1200	0.4	0	80
2055	yellow_single	old	train	train	2	D:\Yolo_LPR_RK3568_FPGA_Project\1_PC_Training\datasets\yolo_format\images\train\crpd_45_1473.jpg	finetune_quant_dataset/quant_2055.jpg	1B95D1D28842023DF43385DC2E527D4C37416944B97B4A35FC95D4C2CC6B65FB	1600	1200	0.4	0	80
2056	other_all	special	train	警用车牌	3	D:\Yolo_LPR_RK3568_FPGA_Project\1_PC_Training\datasets\特殊车牌\image\警用车牌\粤C0606警.jpg	finetune_quant_dataset/quant_2056.jpg	E56F60FD36781C17B48E6C599E7E4F0FA1A333B612E83E2937AE8D82BE996EDD	1600	1200	0.4	0	80
2057	green	old	train	train	1	D:\Yolo_LPR_RK3568_FPGA_Project\1_PC_Training\datasets\yolo_format\images\train\ccpd_green_train_01083984375-90_261-232&447_417&506-409&506_232&506_240&447_417&447-0_0_3_24_30_29_29_27-122-103.jpg	finetune_quant_dataset/quant_2057.jpg	7E7690A83F97A65BEAE25EDC8162C413C3555C65DBCBE9A16821F3E015E3A3B8	720	1160	0.551724137931	121	0
2058	green	old	train	train	1	D:\Yolo_LPR_RK3568_FPGA_Project\1_PC_Training\datasets\yolo_format\images\train\ccpd_green_train_0142306857639-90_268-256&432_471&499-470&499_256&495_258&432_471&435-0_0_3_26_28_32_29_32-107-84.jpg	finetune_quant_dataset/quant_2058.jpg	BF86312AF49DBAFAFA37A756945D6FC9B0936A3B78E5F988B226EFBB12EF3C3E	720	1160	0.551724137931	121	0
2059	yellow_single	old	train	train	2	D:\Yolo_LPR_RK3568_FPGA_Project\1_PC_Training\datasets\yolo_format\images\train\crpd_1 (553).jpg	finetune_quant_dataset/quant_2059.jpg	854364980EAAE43EA9E2D6353642546D9D41BE76B56117447A56B8C2E73AE1B4	1628	1236	0.39312039312	0	77
2060	yellow_single	old	train	train	2	D:\Yolo_LPR_RK3568_FPGA_Project\1_PC_Training\datasets\yolo_format\images\train\crpd_62_0563.jpg	finetune_quant_dataset/quant_2060.jpg	58F6B226E980BF117FDA1479C30E20AF4623A2B999C502DE168D1C7E89108F4F	1920	1080	0.333333333333	0	140
2061	blue	old	train	train	0,0	D:\Yolo_LPR_RK3568_FPGA_Project\1_PC_Training\datasets\yolo_format\images\train\crpd_65_0825.jpg	finetune_quant_dataset/quant_2061.jpg	F0024E5645F82FBF320F7FD03AA108D0B369EF282C6F53541C9EE8257D3B35A4	1920	1080	0.333333333333	0	140
2062	green	old	train	train	1	D:\Yolo_LPR_RK3568_FPGA_Project\1_PC_Training\datasets\yolo_format\images\train\ccpd_green_train_00981770833333-91_262-354&414_528&471-526&471_354&471_362&414_528&420-0_0_3_24_33_33_33_33-160-39.jpg	finetune_quant_dataset/quant_2062.jpg	81EEEC84EF6E025E7363E2F6623E68CF5E4D2ACEC2014F1F2CB596F4D37B9DED	720	1160	0.551724137931	121	0
2063	green	old	train	train	1	D:\Yolo_LPR_RK3568_FPGA_Project\1_PC_Training\datasets\yolo_format\images\train\ccpd_green_train_0222243923611-91_267-219&426_485&511-483&511_221&504_219&426_485&432-0_0_3_24_27_30_32_31-108-49.jpg	finetune_quant_dataset/quant_2063.jpg	DFE86A0B1E1EEA9556D75CC826C33A0FB6CFCB9AE79DA7DD1C2DB495008B035A	720	1160	0.551724137931	121	0
2064	other_all	old	train	train	3	D:\Yolo_LPR_RK3568_FPGA_Project\1_PC_Training\datasets\yolo_format\images\train\crpd_66_0428.jpg	finetune_quant_dataset/quant_2064.jpg	AE9AAC454CA38B1AB2DA2C97D95A3452EC47347E2B41E008B957B7A97AE643D5	1920	1080	0.333333333333	0	140
2065	other_all	special	test	澳门出入境车牌	3	D:\Yolo_LPR_RK3568_FPGA_Project\1_PC_Training\datasets\特殊车牌\image\澳门出入境车牌\粤Z87C9澳.jpg	finetune_quant_dataset/quant_2065.jpg	7163F401A23D18E5A10470BFF5CF600A9844B83B28EA26E261DCB2B4E0CF73E0	1600	1200	0.4	0	80
2066	other_all	special	train	警用车牌	3	D:\Yolo_LPR_RK3568_FPGA_Project\1_PC_Training\datasets\特殊车牌\image\警用车牌\粤0A132警.jpg	finetune_quant_dataset/quant_2066.jpg	6BF27B3CDB1FD43F3013BC832103EDCF20795F5712D454752901567AF057089F	1600	1200	0.4	0	80
2067	green	old	train	train	1	D:\Yolo_LPR_RK3568_FPGA_Project\1_PC_Training\datasets\yolo_format\images\train\ccpd_green_train_0187890625-91_267-212&409_446&490-443&490_212&485_216&409_446&418-0_0_3_24_33_32_30_27-126-83.jpg	finetune_quant_dataset/quant_2067.jpg	65EDF1F7C3426C16F647F417F62C9805015773A6D8B80FC20A7F78FA573F9518	720	1160	0.551724137931	121	0
2068	yellow_single	old	train	train	2	D:\Yolo_LPR_RK3568_FPGA_Project\1_PC_Training\datasets\yolo_format\images\train\crpd_60_0949.jpg	finetune_quant_dataset/quant_2068.jpg	01602818D3F9CD00E1B39C5EAA4BFF80203726685B09F2CC7B079F641E76D2F6	1920	1080	0.333333333333	0	140
2069	other_all	special	train	澳门出入境车牌	3	D:\Yolo_LPR_RK3568_FPGA_Project\1_PC_Training\datasets\特殊车牌\image\澳门出入境车牌\粤Z3786澳.jpg	finetune_quant_dataset/quant_2069.jpg	87FC55BE6F492627EEC559225CAE1017B38DBAB7FCE966B43B75A64AAB28ADA6	1600	1200	0.4	0	80
2070	blue	old	train	train	0	D:\Yolo_LPR_RK3568_FPGA_Project\1_PC_Training\datasets\yolo_format\images\train\ccpd_blue_ccpd_tilt_0511-36_33-240&417_415&661-415&536_246&661_240&542_409&417-0_0_7_31_30_33_24-59-70.jpg	finetune_quant_dataset/quant_2070.jpg	8E745ABBFC633ED4A3E04FB536A11A05E01B45611384A04FF4A4D1BFB6D275AB	720	1160	0.551724137931	121	0
2071	green	old	train	train	1	D:\Yolo_LPR_RK3568_FPGA_Project\1_PC_Training\datasets\yolo_format\images\train\ccpd_green_train_0335004340278-89_94-182&462_541&557-538&549_191&557_182&468_541&462-0_0_5_24_24_25_26_30-130-16.jpg	finetune_quant_dataset/quant_2071.jpg	4C5E629084F4A3909ED9FA88C27780144264F61BBB140B12727FBA440396F058	720	1160	0.551724137931	121	0
2072	green	old	train	train	1	D:\Yolo_LPR_RK3568_FPGA_Project\1_PC_Training\datasets\yolo_format\images\train\ccpd_green_train_3017594401041666666-91_92-259&441_494&516-494&516_264&511_259&444_493&441-0_0_3_24_32_26_27_31-137-7.jpg	finetune_quant_dataset/quant_2072.jpg	A49CF36499E73DE86AA464ED87231842D6AFF2D53BF027F7940A2EF36939E237	720	1160	0.551724137931	121	0
2073	green	old	train	train	1	D:\Yolo_LPR_RK3568_FPGA_Project\1_PC_Training\datasets\yolo_format\images\train\ccpd_green_train_0241623263889-90_269-195&472_488&555-478&555_196&552_195&472_488&478-0_0_3_26_24_26_29_30-68-16.jpg	finetune_quant_dataset/quant_2073.jpg	B16281DD6AD3F91DDF482FE3E867419E101EB421F4F2BA2CBDB973D14A82B697	720	1160	0.551724137931	121	0
2074	yellow_single	old	train	train	0,0,2	D:\Yolo_LPR_RK3568_FPGA_Project\1_PC_Training\datasets\yolo_format\images\train\crpd_57_0687.jpg	finetune_quant_dataset/quant_2074.jpg	388D3024CC9661265C99492133C247C126DD1C97EE029D5832E4FF3E6042F7C7	1920	1080	0.333333333333	0	140
2075	green	old	train	train	1	D:\Yolo_LPR_RK3568_FPGA_Project\1_PC_Training\datasets\yolo_format\images\train\ccpd_green_train_0140321180556-89_263-303&390_515&457-514&449_310&457_303&397_515&390-0_0_3_17_25_24_25_25-111-60.jpg	finetune_quant_dataset/quant_2075.jpg	238C8AFCB18E69DBB67BDB567A325FB94A074CE78269F843AF1544E5A4BE3C3C	720	1160	0.551724137931	121	0
2076	other_all	special	train	香港出入境车牌	3	D:\Yolo_LPR_RK3568_FPGA_Project\1_PC_Training\datasets\特殊车牌\image\香港出入境车牌\粤ZL240港.jpg	finetune_quant_dataset/quant_2076.jpg	40364300D63FC84DAA1913244A44AE3DC0C37582658F60BD6B5A1270BE35FB55	1600	1200	0.4	0	80
2077	other_all	old	train	train	3	D:\Yolo_LPR_RK3568_FPGA_Project\1_PC_Training\datasets\yolo_format\images\train\crpd_66_1305.jpg	finetune_quant_dataset/quant_2077.jpg	DFD20C7BB3CB8A055CD57C57D379380CF8B164FC126D723FAD81FE4740D81594	1920	1080	0.333333333333	0	140
2078	green	old	train	train	1	D:\Yolo_LPR_RK3568_FPGA_Project\1_PC_Training\datasets\yolo_format\images\train\ccpd_green_train_0286979166667-92_258-164&398_468&493-468&493_177&482_164&398_449&412-0_0_3_24_26_25_32_24-158-415.jpg	finetune_quant_dataset/quant_2078.jpg	734AB3F63F17E1BE93AE8C1559B12FFFCE32C2952FFF447ED3B76487D83BC1D7	720	1160	0.551724137931	121	0
2079	green	old	train	train	1	D:\Yolo_LPR_RK3568_FPGA_Project\1_PC_Training\datasets\yolo_format\images\train\ccpd_green_train_0222243923611-90_93-205&505_471&589-468&586_207&589_205&513_471&505-0_0_3_26_33_26_33_32-147-43.jpg	finetune_quant_dataset/quant_2079.jpg	211F821BE266001121D8755263FA4514472794305EB2E5569D27294CD940AAC0	720	1160	0.551724137931	121	0
2080	yellow_single	old	train	train	2	D:\Yolo_LPR_RK3568_FPGA_Project\1_PC_Training\datasets\yolo_format\images\train\crpd_39_0824.jpg	finetune_quant_dataset/quant_2080.jpg	37F8DB12CAF107732A0005D2030DC6C3EF17951E0B4293B3CE63C5D248930549	1920	1080	0.333333333333	0	140
2081	green	old	train	train	1	D:\Yolo_LPR_RK3568_FPGA_Project\1_PC_Training\datasets\yolo_format\images\train\ccpd_green_train_020833333333333332-89_255-223&451_479&534-479&534_242&532_223&459_464&451-0_0_3_27_29_32_32_32-92-96.jpg	finetune_quant_dataset/quant_2081.jpg	397ED9818CD6CF01678C1205FA444DE7B7D6F077B9C725563534C801B9E517C5	720	1160	0.551724137931	121	0
2082	blue	old	train	train	0,0	D:\Yolo_LPR_RK3568_FPGA_Project\1_PC_Training\datasets\yolo_format\images\train\crpd_54_0674.jpg	finetune_quant_dataset/quant_2082.jpg	FB7E4A34441CEA6438BA538A632A47517C743A3CD61B85C60E3E9AD96150C2FC	1920	1080	0.333333333333	0	140
2083	yellow_single	old	train	train	2	D:\Yolo_LPR_RK3568_FPGA_Project\1_PC_Training\datasets\yolo_format\images\train\crpd_1 (887).jpg	finetune_quant_dataset/quant_2083.jpg	09B3CDEA9B76C9D73B66DAB3AA815304DDCF4102201B8E5724452EC4DD322DD8	1628	1236	0.39312039312	0	77
2084	yellow_single	old	train	train	2	D:\Yolo_LPR_RK3568_FPGA_Project\1_PC_Training\datasets\yolo_format\images\train\crpd_55_0651.jpg	finetune_quant_dataset/quant_2084.jpg	A31F075523CCC0E5CEB4C38F0CD50E4BE2FA0E281B981AE6D526E77628F1A7CB	1920	1080	0.333333333333	0	140
2085	green	old	train	train	1	D:\Yolo_LPR_RK3568_FPGA_Project\1_PC_Training\datasets\yolo_format\images\train\ccpd_green_train_01408203125-89_91-232&504_438&573-438&567_232&573_234&504_436&504-0_0_5_24_24_25_25_30-144-24.jpg	finetune_quant_dataset/quant_2085.jpg	8709BA44D17B0328B199645B828802D986E507217480C9462F4003BEB099E8E9	720	1160	0.551724137931	121	0
2086	yellow_single	old	train	train	2	D:\Yolo_LPR_RK3568_FPGA_Project\1_PC_Training\datasets\yolo_format\images\train\crpd_66_1057.jpg	finetune_quant_dataset/quant_2086.jpg	ABDB58483E0F955B484B18109E17AC458E73EFDD1F5D997629C9546FCA4E71E5	1920	1080	0.333333333333	0	140
2087	blue	old	train	train	0,0,2	D:\Yolo_LPR_RK3568_FPGA_Project\1_PC_Training\datasets\yolo_format\images\train\crpd_61_0772.jpg	finetune_quant_dataset/quant_2087.jpg	2DE8F746E9025D8E1C297277562E2DF8967944877D903ECBE3E26F07D0AF82C0	1920	1080	0.333333333333	0	140
2088	other_all	old	train	train	3	D:\Yolo_LPR_RK3568_FPGA_Project\1_PC_Training\datasets\yolo_format\images\train\crpd_66_1693.jpg	finetune_quant_dataset/quant_2088.jpg	433255E0A2610CC82AFB2E207FF75A29D5C5499BD0A98250488E5BA9C6BBE534	1600	1200	0.4	0	80
2089	blue	old	train	train	0	D:\Yolo_LPR_RK3568_FPGA_Project\1_PC_Training\datasets\yolo_format\images\train\ccpd_blue_ccpd_fn_0968-15_54-221&406_636&601-636&601_303&508_221&406_554&499-0_0_12_1_25_25_30-94-69.jpg	finetune_quant_dataset/quant_2089.jpg	171AF90F603A21592351AC5C2248D000BF8371F2F6C8BB4C86CF4B2AB7939E82	720	1160	0.551724137931	121	0
2090	other_all	old	train	train	3	D:\Yolo_LPR_RK3568_FPGA_Project\1_PC_Training\datasets\yolo_format\images\train\crpd_66_0586.jpg	finetune_quant_dataset/quant_2090.jpg	AC01CF62A64F8BACA93054D8861B35E2100F46D21CAEC15CAFC6541AF763DB1B	1920	1080	0.333333333333	0	140
2091	other_all	old	train	train	3	D:\Yolo_LPR_RK3568_FPGA_Project\1_PC_Training\datasets\yolo_format\images\train\crpd_66_0273.jpg	finetune_quant_dataset/quant_2091.jpg	8E64206C934EF6DD092C645C607B327C3F5C91D484EF8984C8651D1314900F6D	1920	1080	0.333333333333	0	140
2092	green	old	train	train	1	D:\Yolo_LPR_RK3568_FPGA_Project\1_PC_Training\datasets\yolo_format\images\train\ccpd_green_train_30226953125-91_93-220&478_472&569-467&569_220&561_226&478_472&490-1_0_5_4_26_24_30_24-116-73.jpg	finetune_quant_dataset/quant_2092.jpg	CA0CD414735D89E07F67519B5DF00695ED1B229C3833975B05AAC08086C68E1D	720	1160	0.551724137931	121	0
2093	yellow_single	old	train	train	2	D:\Yolo_LPR_RK3568_FPGA_Project\1_PC_Training\datasets\yolo_format\images\train\crpd_44_0055.jpg	finetune_quant_dataset/quant_2093.jpg	F7CA622AF685A110A9E5709069EF92FBE8694A457500F6D1382E05E24C96768B	1920	1080	0.333333333333	0	140
2094	other_all	special	train	澳门出入境车牌	3	D:\Yolo_LPR_RK3568_FPGA_Project\1_PC_Training\datasets\特殊车牌\image\澳门出入境车牌\粤ZN222澳.jpg	finetune_quant_dataset/quant_2094.jpg	DB537139E5724CAB952E17A16EADAB03F9424D89E51ACBE7A68C7C0A25747642	1600	1200	0.4	0	80
2095	other_all	special	train	香港出入境车牌	3	D:\Yolo_LPR_RK3568_FPGA_Project\1_PC_Training\datasets\特殊车牌\image\香港出入境车牌\粤ZT660港.jpg	finetune_quant_dataset/quant_2095.jpg	A5B54D20357E015E5FCEFE540670F968E38641E87B4EE0286A9FFC3B260796D6	1600	1200	0.4	0	80
2096	green	old	train	train	1	D:\Yolo_LPR_RK3568_FPGA_Project\1_PC_Training\datasets\yolo_format\images\train\ccpd_green_train_3011831597222222223-91_92-287&508_475&572-473&572_288&567_287&508_475&514-0_0_3_27_32_32_26_24-156-99.jpg	finetune_quant_dataset/quant_2096.jpg	9B4EE09A8EFFBE201516085A0FF027F030A8C3D782978C28839DC2ECCD447B50	720	1160	0.551724137931	121	0
2097	other_all	old	train	train	3	D:\Yolo_LPR_RK3568_FPGA_Project\1_PC_Training\datasets\yolo_format\images\train\crpd_66_0644.jpg	finetune_quant_dataset/quant_2097.jpg	AE5795E3929FC594D4188DE323C2E6F272361DB1D1124E2B78A871E918244C0C	1600	1200	0.4	0	80
2098	blue	old	train	train	0	D:\Yolo_LPR_RK3568_FPGA_Project\1_PC_Training\datasets\yolo_format\images\train\crpd_55_0631.jpg	finetune_quant_dataset/quant_2098.jpg	42C3924EDDF9856737AA29D2270836BAB04588E3F489EB09FC820575B851525E	1600	1200	0.4	0	80
2099	green	old	train	train	1	D:\Yolo_LPR_RK3568_FPGA_Project\1_PC_Training\datasets\yolo_format\images\train\ccpd_green_train_302384765625-91_249-232&482_529&563-529&563_258&561_232&482_511&489-0_0_3_24_29_30_31_32-106-103.jpg	finetune_quant_dataset/quant_2099.jpg	19E053C0F4DCA4BF21190DBF4CA75BDB0AF447EBBCD30DB09DF759E5ECDD41C5	720	1160	0.551724137931	121	0
2100	green	old	train	train	1	D:\Yolo_LPR_RK3568_FPGA_Project\1_PC_Training\datasets\yolo_format\images\train\ccpd_green_train_0258875868056-90_94-230&464_532&550-528&550_235&544_230&464_532&469-0_0_3_24_27_31_32_26-101-122.jpg	finetune_quant_dataset/quant_2100.jpg	AEDA815CA7115AEE3106F925855F8AE9B09AEB68012912816FDDB5A3EDA7EC18	720	1160	0.551724137931	121	0
2101	blue	old	train	train	0,0,2	D:\Yolo_LPR_RK3568_FPGA_Project\1_PC_Training\datasets\yolo_format\images\train\crpd_65_0661.jpg	finetune_quant_dataset/quant_2101.jpg	0ED52296F43869FC038907064C4F17DF97075CD7ACF543685327A2FBC0ACC601	1920	1080	0.333333333333	0	140
2102	yellow_single	old	train	train	2	D:\Yolo_LPR_RK3568_FPGA_Project\1_PC_Training\datasets\yolo_format\images\train\crpd_57_0666.jpg	finetune_quant_dataset/quant_2102.jpg	A6FB750A6B5F73CB0B6AF48B1A161484F23308BCFA2A746666AF560A631B6453	1920	1080	0.333333333333	0	140
2103	other_all	special	train	澳门出入境车牌	3	D:\Yolo_LPR_RK3568_FPGA_Project\1_PC_Training\datasets\特殊车牌\image\澳门出入境车牌\粤ZJ335澳.jpg	finetune_quant_dataset/quant_2103.jpg	66312137CF01A805740CDA03D2BCC4C7DC25E5B723F488245770B71D2E812C3E	1600	1200	0.4	0	80
2104	green	old	train	train	1	D:\Yolo_LPR_RK3568_FPGA_Project\1_PC_Training\datasets\yolo_format\images\train\ccpd_green_train_0165635850694-91_262-232&433_447&511-447&511_239&497_232&433_436&437-0_0_3_24_28_29_30_30-96-14.jpg	finetune_quant_dataset/quant_2104.jpg	7EEA62B3B52A4F81B08F828D652DD055C341024A4B12115F87C1FD0E82BD2029	720	1160	0.551724137931	121	0
2105	green	old	train	train	1	D:\Yolo_LPR_RK3568_FPGA_Project\1_PC_Training\datasets\yolo_format\images\train\ccpd_green_train_0132790798611-90_268-261&505_472&569-466&569_261&565_262&505_472&508-0_0_3_24_33_29_32_30-91-215.jpg	finetune_quant_dataset/quant_2105.jpg	83472B6D671E49D5C2964838C3D4F0819A4452D715E0EF5AF9078D8BBFC22A33	720	1160	0.551724137931	121	0
2106	green	old	train	train	1	D:\Yolo_LPR_RK3568_FPGA_Project\1_PC_Training\datasets\yolo_format\images\train\ccpd_green_train_0177300347222-88_258-283&486_498&570-498&569_299&570_283&497_480&486-0_0_3_26_33_29_31_24-88-80.jpg	finetune_quant_dataset/quant_2106.jpg	198609007B4656C405F0A318C25E4FA9AA28ECADB1CD7CB77C0D818ED7C33D1A	720	1160	0.551724137931	121	0
2107	yellow_single	old	train	train	2	D:\Yolo_LPR_RK3568_FPGA_Project\1_PC_Training\datasets\yolo_format\images\train\crpd_51_0513.jpg	finetune_quant_dataset/quant_2107.jpg	7DCDDB961C41547119DA9B3908EAC22F3327088D4E8CBD42491CF67B40AC7322	1920	1080	0.333333333333	0	140
2108	other_all	old	train	train	3	D:\Yolo_LPR_RK3568_FPGA_Project\1_PC_Training\datasets\yolo_format\images\train\crpd_66_0475.jpg	finetune_quant_dataset/quant_2108.jpg	18274D0AD34D4A0DF789C2F30D2BA26388BF041260637A85E8A9B95B5390C6D7	1920	1080	0.333333333333	0	140
2109	yellow_single	old	train	train	2	D:\Yolo_LPR_RK3568_FPGA_Project\1_PC_Training\datasets\yolo_format\images\train\crpd_44_1025.jpg	finetune_quant_dataset/quant_2109.jpg	8EB2876A1E3E981435CF618F4FB6FD4C6132AA0FC09B848CE0BCBC1DF86C73DC	1920	1080	0.333333333333	0	140
2110	other_all	old	train	train	3	D:\Yolo_LPR_RK3568_FPGA_Project\1_PC_Training\datasets\yolo_format\images\train\crpd_66_1147.jpg	finetune_quant_dataset/quant_2110.jpg	16EC229EF127210EE0450FBFDA6D7C55CF8DA49C393845EA0F7B9C6E93AB1BC8	1600	1200	0.4	0	80
2111	blue	old	train	train	0	D:\Yolo_LPR_RK3568_FPGA_Project\1_PC_Training\datasets\yolo_format\images\train\ccpd_blue_ccpd_rotate_0364-22_18-326&481_521&637-521&558_331&637_326&560_516&481-0_0_24_32_27_14_24-90-244.jpg	finetune_quant_dataset/quant_2111.jpg	EB1800DC12CB8CFF13667BB5B17FB3D0CD34477253EBF2B1B6C5DCD465879AF8	720	1160	0.551724137931	121	0
2112	blue	old	train	train	0	D:\Yolo_LPR_RK3568_FPGA_Project\1_PC_Training\datasets\yolo_format\images\train\crpd_39_0042.jpg	finetune_quant_dataset/quant_2112.jpg	F8E33E41D0D154512EECB2C645E1C746B066679DB1E0254CC3223C3D1AC1FB9F	1600	1200	0.4	0	80
2113	yellow_single	old	train	train	0,2	D:\Yolo_LPR_RK3568_FPGA_Project\1_PC_Training\datasets\yolo_format\images\train\crpd_61_0436.jpg	finetune_quant_dataset/quant_2113.jpg	122B56C007ACCFE86AB00630C2D5892C4BE554951F1B07EFCB1255E9E16F701D	1920	1080	0.333333333333	0	140
2114	yellow_single	old	train	train	2	D:\Yolo_LPR_RK3568_FPGA_Project\1_PC_Training\datasets\yolo_format\images\train\crpd_60_0020.jpg	finetune_quant_dataset/quant_2114.jpg	890EE81B6B51C7043F7A35ED00A51F0ED024691B59B67B2A65D1C42135633FE4	1920	1080	0.333333333333	0	140
2115	blue	old	train	train	0	D:\Yolo_LPR_RK3568_FPGA_Project\1_PC_Training\datasets\yolo_format\images\train\ccpd_blue_ccpd_challenge_0334-2_1-246&496_517&599-516&599_246&587_247&496_517&508-0_0_4_16_33_24_33-36-3.jpg	finetune_quant_dataset/quant_2115.jpg	C306F0E7AA0123D4A6A939DC47D3F7C37CF167D0363FB62C610B759107703EC2	720	1160	0.551724137931	121	0
2116	yellow_single	old	train	train	2	D:\Yolo_LPR_RK3568_FPGA_Project\1_PC_Training\datasets\yolo_format\images\train\crpd_60_0163.jpg	finetune_quant_dataset/quant_2116.jpg	C764B089DE7F2534FD9EE61E1E07402E78C6625B5FF702BC7280D211F8C7DE5E	1920	1080	0.333333333333	0	140
2117	yellow_single	old	train	train	2	D:\Yolo_LPR_RK3568_FPGA_Project\1_PC_Training\datasets\yolo_format\images\train\crpd_1 (555).jpg	finetune_quant_dataset/quant_2117.jpg	3BA46BD1CDF31920E79364DDDAA2D0CFE92598D510530169590E3475DE7F4640	1628	1236	0.39312039312	0	77
2118	green	old	train	train	1	D:\Yolo_LPR_RK3568_FPGA_Project\1_PC_Training\datasets\yolo_format\images\train\ccpd_green_train_0226822916667-89_268-157&473_425&559-425&557_160&559_157&479_423&473-0_0_3_24_30_26_31_33-141-262.jpg	finetune_quant_dataset/quant_2118.jpg	1EF5A339E430E58B77AA5476265ADEE50B69957008577E5E82B02FCD77B7078C	720	1160	0.551724137931	121	0
2119	yellow_single	old	train	train	2	D:\Yolo_LPR_RK3568_FPGA_Project\1_PC_Training\datasets\yolo_format\images\train\crpd_59_0339.jpg	finetune_quant_dataset/quant_2119.jpg	666DED6671DC32E52C8E8DD98A781DACBE51FC354A1F240287086F649AFDE04C	1920	1080	0.333333333333	0	140
2120	blue	old	train	train	0,0	D:\Yolo_LPR_RK3568_FPGA_Project\1_PC_Training\datasets\yolo_format\images\train\crpd_55_0439.jpg	finetune_quant_dataset/quant_2120.jpg	10A39FC05D21F49631F649267C819C8CBD134DABE6F46E27BF4230F5414B9FAB	1920	1080	0.333333333333	0	140
2121	other_all	special	train	澳门出入境车牌	3	D:\Yolo_LPR_RK3568_FPGA_Project\1_PC_Training\datasets\特殊车牌\image\澳门出入境车牌\粤ZH335澳.jpg	finetune_quant_dataset/quant_2121.jpg	0E0D5CE05E8945F5C5802734D7AE6D1B523F4A89C131412433EB48E2FC858BCC	1600	1200	0.4	0	80
2122	blue	old	train	train	0	D:\Yolo_LPR_RK3568_FPGA_Project\1_PC_Training\datasets\yolo_format\images\train\ccpd_blue_ccpd_fn_0069-0_0-323&366_450&412-450&412_323&412_323&366_450&366-0_0_26_32_26_1_24-111-4.jpg	finetune_quant_dataset/quant_2122.jpg	2ADB6FFD08FBFB23F4AF079A8CCB81597B7E04EA4AB0B6E788A9596A3ECF992B	720	1160	0.551724137931	121	0
2123	blue	old	train	train	0	D:\Yolo_LPR_RK3568_FPGA_Project\1_PC_Training\datasets\yolo_format\images\train\crpd_58_0062.jpg	finetune_quant_dataset/quant_2123.jpg	E5BC70A3F8AF80E1961F6FE02A41E654B07923B602BF3FC987F23D9EE17B71B1	1600	1200	0.4	0	80
2124	other_all	special	train	警用车牌	3	D:\Yolo_LPR_RK3568_FPGA_Project\1_PC_Training\datasets\特殊车牌\image\警用车牌\粤C5008警.jpg	finetune_quant_dataset/quant_2124.jpg	1859A91660FCF8F582F44E8045E9297D1F088CF706A9DD892440E2BBDDBCE830	1600	1200	0.4	0	80
2125	blue	old	train	train	0,2	D:\Yolo_LPR_RK3568_FPGA_Project\1_PC_Training\datasets\yolo_format\images\train\crpd_36_1164.jpg	finetune_quant_dataset/quant_2125.jpg	963BF0C0103B8D2399C2845D39F252B7E5EB6D1274CD34B1822EC565EFAE7EED	1920	1080	0.333333333333	0	140
2126	yellow_single	old	train	train	2	D:\Yolo_LPR_RK3568_FPGA_Project\1_PC_Training\datasets\yolo_format\images\train\crpd_56_0240.jpg	finetune_quant_dataset/quant_2126.jpg	80C00DF635DE48CEFD26E0D719DD3F9FD54BDDEFE1A0EEDC7BDF9ECBC6B70A29	1920	1080	0.333333333333	0	140
2127	other_all	old	train	train	3	D:\Yolo_LPR_RK3568_FPGA_Project\1_PC_Training\datasets\yolo_format\images\train\crpd_66_1784.jpg	finetune_quant_dataset/quant_2127.jpg	754B68C1AA64EEACF59C8B3EADAF0350564BFC965300436290031A3622B50472	1920	1080	0.333333333333	0	140
2128	blue	old	train	train	0,0	D:\Yolo_LPR_RK3568_FPGA_Project\1_PC_Training\datasets\yolo_format\images\train\crpd_36_0852.jpg	finetune_quant_dataset/quant_2128.jpg	B333F43564DC22BF03010C3F0C9C58CDE24AE1BE16F34627205FBE68C014BCD7	1600	1200	0.4	0	80
2129	blue	old	train	train	0	D:\Yolo_LPR_RK3568_FPGA_Project\1_PC_Training\datasets\yolo_format\images\train\ccpd_blue_ccpd_base_0343295019157-105_66-275&549_515&695-512&703_275&629_263&541_500&615-0_0_32_26_31_12_25-62-28.jpg	finetune_quant_dataset/quant_2129.jpg	276BBECA3207769C0163BADECA8F97F741C71E9E21043CD13C95D1333282AE91	720	1160	0.551724137931	121	0
2130	yellow_single	old	train	train	2	D:\Yolo_LPR_RK3568_FPGA_Project\1_PC_Training\datasets\yolo_format\images\train\crpd_66_0838.jpg	finetune_quant_dataset/quant_2130.jpg	BAA5A0B7D290A95B5B5ABB719E2030DF0A000C69F4BAA99762D6F3B3C6FD69BD	1920	1080	0.333333333333	0	140
2131	green	old	train	train	1	D:\Yolo_LPR_RK3568_FPGA_Project\1_PC_Training\datasets\yolo_format\images\train\ccpd_green_train_3023994140625-91_97-232&455_505&543-505&543_242&534_232&455_498&459-0_0_3_24_30_25_29_25-129-131.jpg	finetune_quant_dataset/quant_2131.jpg	C0D4A70293EB4E840346AACD1E077513CF851EA4A24B576A68EFC64E29818C95	720	1160	0.551724137931	121	0
2132	green	old	train	train	1	D:\Yolo_LPR_RK3568_FPGA_Project\1_PC_Training\datasets\yolo_format\images\train\ccpd_green_train_0271549479167-91_268-208&472_499&566-493&566_208&559_212&472_499&480-1_0_5_4_26_33_27_32-142-236.jpg	finetune_quant_dataset/quant_2132.jpg	616FB757E88B0715C5AA6A96450DF9061E5F0C8138360A3FD905C3B8C2A01142	720	1160	0.551724137931	121	0
2133	green	old	train	train	1	D:\Yolo_LPR_RK3568_FPGA_Project\1_PC_Training\datasets\yolo_format\images\train\ccpd_green_train_0211935763889-90_266-231&412_488&495-488&488_236&495_231&412_484&413-0_0_3_24_32_33_27_31-150-150.jpg	finetune_quant_dataset/quant_2133.jpg	D44EF5AD5A87F97023FCEE70B76A9073AD88AD0C2D24EEABFAD24E349670057E	720	1160	0.551724137931	121	0
2134	blue	old	train	train	0,2	D:\Yolo_LPR_RK3568_FPGA_Project\1_PC_Training\datasets\yolo_format\images\train\crpd_57_0734.jpg	finetune_quant_dataset/quant_2134.jpg	EA17AFE5BA3FB77E4A5C16A5000E5AC248BA888A616C84C4762C1030493FFE0E	1920	1080	0.333333333333	0	140
2135	other_all	special	test	香港出入境车牌	3	D:\Yolo_LPR_RK3568_FPGA_Project\1_PC_Training\datasets\特殊车牌\image\香港出入境车牌\粤Z887E港.jpg	finetune_quant_dataset/quant_2135.jpg	2E9FC0BC14F6A8B4E156513F8EB52412BB00AF32E62ABB10519ADC0248FE842E	1600	1200	0.4	0	80
2136	other_all	old	train	train	3	D:\Yolo_LPR_RK3568_FPGA_Project\1_PC_Training\datasets\yolo_format\images\train\crpd_62_2040.jpg	finetune_quant_dataset/quant_2136.jpg	764C476778F1C2765F3BDF46BE5CA9D404D265AB5FB58C80B197FDDCAC744B4E	1920	1080	0.333333333333	0	140
2137	yellow_single	old	train	train	2	D:\Yolo_LPR_RK3568_FPGA_Project\1_PC_Training\datasets\yolo_format\images\train\crpd_1 (166).jpg	finetune_quant_dataset/quant_2137.jpg	85BBE16F496B77CBC02F530FD993376621BD9DCE6CF9C78D2282FE3B0FC9423B	1628	1236	0.39312039312	0	77
2138	other_all	special	train	警用车牌	3	D:\Yolo_LPR_RK3568_FPGA_Project\1_PC_Training\datasets\特殊车牌\image\警用车牌\粤C0699警.jpg	finetune_quant_dataset/quant_2138.jpg	8C9B93E71A2ABA95285257E147E3978420B30E34A587C0C4ACE908A567D43DC0	1600	1200	0.4	0	80
2139	green	old	train	train	1	D:\Yolo_LPR_RK3568_FPGA_Project\1_PC_Training\datasets\yolo_format\images\train\ccpd_green_train_0269596354167-90_269-123&412_426&502-420&502_124&496_123&412_426&415-0_0_3_24_32_31_32_24-126-107.jpg	finetune_quant_dataset/quant_2139.jpg	30DFD169E586481F37AF343047CBBA8F0CC37793E04DC79B749EAE4DA49CC965	720	1160	0.551724137931	121	0
2140	yellow_single	old	train	train	2	D:\Yolo_LPR_RK3568_FPGA_Project\1_PC_Training\datasets\yolo_format\images\train\crpd_1 (190).jpg	finetune_quant_dataset/quant_2140.jpg	DA6D25A50A1D354B8F65F3D5B5E31F7FEA0E04C0A01C0D000A58E7BE91674B70	1628	1236	0.39312039312	0	77
2141	blue	old	train	train	0,2	D:\Yolo_LPR_RK3568_FPGA_Project\1_PC_Training\datasets\yolo_format\images\train\crpd_49_0942.jpg	finetune_quant_dataset/quant_2141.jpg	F0744345C5F4C22277C828652452243ABC354A73751D712244EB8F928C06E350	1600	1200	0.4	0	80
2142	other_all	special	train	香港出入境车牌	3	D:\Yolo_LPR_RK3568_FPGA_Project\1_PC_Training\datasets\特殊车牌\image\香港出入境车牌\粤Z644T港.jpg	finetune_quant_dataset/quant_2142.jpg	5FACCB20920C51D0E5D707C1ED7B0AAA789AB1B877688E032F4D183D9920C76E	1600	1200	0.4	0	80
2143	blue	old	train	train	0	D:\Yolo_LPR_RK3568_FPGA_Project\1_PC_Training\datasets\yolo_format\images\train\ccpd_blue_ccpd_base_0249844348659-89_107-203&565_494&658-454&642_203&648_243&569_494&563-0_0_22_25_31_24_20-38-50.jpg	finetune_quant_dataset/quant_2143.jpg	2DC9C7ED5A8258D7CD76A98FA07F67B0BF0984D43A1FECBD9352B22C0B524E64	720	1160	0.551724137931	121	0
2144	yellow_single	old	train	train	2	D:\Yolo_LPR_RK3568_FPGA_Project\1_PC_Training\datasets\yolo_format\images\train\crpd_66_0333.jpg	finetune_quant_dataset/quant_2144.jpg	27539B6601C7CF05C8A86FB2AD13703A1BDFDF49B1D2E3E9B22F1A22DFD84D64	1600	1200	0.4	0	80
2145	other_all	old	train	train	0,3	D:\Yolo_LPR_RK3568_FPGA_Project\1_PC_Training\datasets\yolo_format\images\train\crpd_65_0425.jpg	finetune_quant_dataset/quant_2145.jpg	42A0652713F9B4D5FB86C358BA00E04B3801B8FB22FDFA83C6E96F3F4A3E5CFF	1600	1200	0.4	0	80
2146	yellow_single	old	train	train	2	D:\Yolo_LPR_RK3568_FPGA_Project\1_PC_Training\datasets\yolo_format\images\train\crpd_66_1642.jpg	finetune_quant_dataset/quant_2146.jpg	7A756F01668A8837576A009DC2C90C3AA5ADB8160393A76D76333E562557A36F	1920	1080	0.333333333333	0	140
2147	blue	old	train	train	0	D:\Yolo_LPR_RK3568_FPGA_Project\1_PC_Training\datasets\yolo_format\images\train\ccpd_blue_ccpd_tilt_0452-14_37-162&492_421&638-382&583_162&638_201&547_421&492-0_7_22_28_32_28_33-90-85.jpg	finetune_quant_dataset/quant_2147.jpg	4E85B525D77F2A79400010E42E4DCBB0AE3F1024946AE0D3218063F09243ED54	720	1160	0.551724137931	121	0
2148	other_all	special	test	澳门出入境车牌	3	D:\Yolo_LPR_RK3568_FPGA_Project\1_PC_Training\datasets\特殊车牌\image\澳门出入境车牌\粤Z7554澳.jpg	finetune_quant_dataset/quant_2148.jpg	514748D56696DA2C96C3679A11A02CDBCDB8CA03432AA49A4C86415450D6377A	1600	1200	0.4	0	80
2149	other_all	special	train	教练车牌	3	D:\Yolo_LPR_RK3568_FPGA_Project\1_PC_Training\datasets\特殊车牌\image\教练车牌\粤C2742学.jpg	finetune_quant_dataset/quant_2149.jpg	1890DC4547942B08545B6831FB1663A6C6E2A0AA32363E3FD86CD90D40A3F959	1600	1200	0.4	0	80
2150	blue	old	train	train	0	D:\Yolo_LPR_RK3568_FPGA_Project\1_PC_Training\datasets\yolo_format\images\train\ccpd_blue_ccpd_blur_0190-15_10-153&399_312&499-307&499_153&457_158&399_312&441-0_0_1_24_25_32_31-102-4.jpg	finetune_quant_dataset/quant_2150.jpg	832336F2583C58E53DBD537F8B18EEE1EBD8B79F2C414170265E3619B7C5058E	720	1160	0.551724137931	121	0
2151	other_all	special	train	教练车牌	3	D:\Yolo_LPR_RK3568_FPGA_Project\1_PC_Training\datasets\特殊车牌\image\教练车牌\粤C2232学.jpg	finetune_quant_dataset/quant_2151.jpg	DA0F2C48F341BC3B3CF517E7A8B62E2BE5D87654A5AFDDF445E02783CEC23051	1600	1200	0.4	0	80
2152	green	old	train	train	1	D:\Yolo_LPR_RK3568_FPGA_Project\1_PC_Training\datasets\yolo_format\images\train\ccpd_green_train_0156575520833-89_90-172&462_394&534-394&529_172&534_178&462_393&464-0_0_3_24_28_33_32_26-128-93.jpg	finetune_quant_dataset/quant_2152.jpg	F446528B493CCF19ED73C2331A12D6241D62A9606044B9CC197FC95D8D03DEA9	720	1160	0.551724137931	121	0
2153	yellow_single	old	train	train	2	D:\Yolo_LPR_RK3568_FPGA_Project\1_PC_Training\datasets\yolo_format\images\train\crpd_40_0594.jpg	finetune_quant_dataset/quant_2153.jpg	F15F3BF5E3C7F7E1CA209E9ED945727C78BDE2C64B58F7DCE436C01B1B0E6973	1920	1080	0.333333333333	0	140
2154	green	old	train	train	1	D:\Yolo_LPR_RK3568_FPGA_Project\1_PC_Training\datasets\yolo_format\images\train\ccpd_green_train_00859375-90_90-307&454_483&503-483&503_308&502_307&456_483&454-0_0_3_24_30_32_26_30-118-125.jpg	finetune_quant_dataset/quant_2154.jpg	35A9A5448BAE3B4138A228D1D172A04656E471B7326A772641DB26006261A8F1	720	1160	0.551724137931	121	0
2155	yellow_single	old	train	train	2	D:\Yolo_LPR_RK3568_FPGA_Project\1_PC_Training\datasets\yolo_format\images\train\crpd_44_0066.jpg	finetune_quant_dataset/quant_2155.jpg	99565B89ACA445FBD3F3DD98110E7552FCC468C8DA50117E4A6AB986CA845BFB	1920	1080	0.333333333333	0	140
2156	green	old	train	train	1	D:\Yolo_LPR_RK3568_FPGA_Project\1_PC_Training\datasets\yolo_format\images\train\ccpd_green_train_00978732638889-93_90-302&470_466&530-466&530_302&522_302&470_466&480-0_0_3_26_30_30_26_33-78-21.jpg	finetune_quant_dataset/quant_2156.jpg	DE9232A9326989B8F5EDB2E41E801BE365D77A36B286E128439F480F5168E8C9	720	1160	0.551724137931	121	0
2157	other_all	old	train	train	3	D:\Yolo_LPR_RK3568_FPGA_Project\1_PC_Training\datasets\yolo_format\images\train\crpd_66_1281.jpg	finetune_quant_dataset/quant_2157.jpg	86689A4846B79C6679EFFBA562CA67283A419F7C7A536FB5BE7028B2EEA150E3	1920	1080	0.333333333333	0	140
2158	yellow_single	old	train	train	2	D:\Yolo_LPR_RK3568_FPGA_Project\1_PC_Training\datasets\yolo_format\images\train\crpd_56_0590.jpg	finetune_quant_dataset/quant_2158.jpg	5F2241F234D2FD9CEBA1894A03B125F3B8D27D3934D6104E65ABC9F4D287A23C	1920	1080	0.333333333333	0	140
2159	other_all	special	test	警用车牌	3	D:\Yolo_LPR_RK3568_FPGA_Project\1_PC_Training\datasets\特殊车牌\image\警用车牌\粤C0607警.jpg	finetune_quant_dataset/quant_2159.jpg	4DD76E1DC207C501DB58C89C41E9D30D0056AF7DF8F5D953D8D7E4D05B40D381	1600	1200	0.4	0	80
2160	green	old	train	train	1	D:\Yolo_LPR_RK3568_FPGA_Project\1_PC_Training\datasets\yolo_format\images\train\ccpd_green_train_0346657986111-91_269-234&414_560&522-557&522_234&516_237&414_560&423-0_0_3_24_29_26_31_31-175-77.jpg	finetune_quant_dataset/quant_2160.jpg	3B09E4A031989EE8C0FEAED70CCBCC745CA85697B9147A60AF25C12CCF489727	720	1160	0.551724137931	121	0
2161	green	old	train	train	1	D:\Yolo_LPR_RK3568_FPGA_Project\1_PC_Training\datasets\yolo_format\images\train\ccpd_green_train_0275173611111-90_260-157&368_474&456-474&456_169&445_157&368_474&372-0_0_5_24_31_27_32_32-137-41.jpg	finetune_quant_dataset/quant_2161.jpg	E2CB5136EE97D325FEF172E25076D4925831061B1B0AEA4BC9468079258CE991	720	1160	0.551724137931	121	0
2162	yellow_single	old	train	train	2	D:\Yolo_LPR_RK3568_FPGA_Project\1_PC_Training\datasets\yolo_format\images\train\crpd_56_0439.jpg	finetune_quant_dataset/quant_2162.jpg	6339F069D95B7A4C9DE601AB968379AB9643A9839558657CFDB749C1CD6603E0	1920	1080	0.333333333333	0	140
2163	green	old	train	train	1	D:\Yolo_LPR_RK3568_FPGA_Project\1_PC_Training\datasets\yolo_format\images\train\ccpd_green_train_0492068142361-89_258-140&396_589&506-589&506_159&500_140&404_589&396-0_0_3_24_26_29_28_33-86-90.jpg	finetune_quant_dataset/quant_2163.jpg	FF51F91E1D1BB57A168B9940203C2DE84F847917D2A8FE073789E96925B53BF7	720	1160	0.551724137931	121	0
2164	other_all	special	train	香港出入境车牌	3	D:\Yolo_LPR_RK3568_FPGA_Project\1_PC_Training\datasets\特殊车牌\image\香港出入境车牌\粤Z3357港.jpg	finetune_quant_dataset/quant_2164.jpg	F7BF5B1F562D095D53DD10E7D4EBA6414EB529DED4752C45B003C1ACB2BF5B83	1600	1200	0.4	0	80
2165	yellow_single	old	train	train	2	D:\Yolo_LPR_RK3568_FPGA_Project\1_PC_Training\datasets\yolo_format\images\train\crpd_55_0915.jpg	finetune_quant_dataset/quant_2165.jpg	04804CC16C9DF0A77DB9B6C356FB867E165CE18A28012ECA6D3B666804D308C3	1920	1080	0.333333333333	0	140
2166	blue	old	train	train	0	D:\Yolo_LPR_RK3568_FPGA_Project\1_PC_Training\datasets\yolo_format\images\train\crpd_56_0866.jpg	finetune_quant_dataset/quant_2166.jpg	8580803176A6C20412246DE4E653743616513CC9C70BCBFE2B333294BA6660E9	1920	1080	0.333333333333	0	140
2167	yellow_single	old	train	train	2	D:\Yolo_LPR_RK3568_FPGA_Project\1_PC_Training\datasets\yolo_format\images\train\crpd_61_0997.jpg	finetune_quant_dataset/quant_2167.jpg	C969CED838A5713E6789FBBF61DCF1F1A6F9D07C7C2405DCE8791CAA184549CC	1920	1080	0.333333333333	0	140
2168	green	old	train	train	1	D:\Yolo_LPR_RK3568_FPGA_Project\1_PC_Training\datasets\yolo_format\images\train\ccpd_green_train_3025732421875-89_263-193&476_472&569-467&559_193&569_201&484_472&476-0_0_3_24_33_28_32_29-179-56.jpg	finetune_quant_dataset/quant_2168.jpg	EB8003BF9D27046EFE0596079B43AD4526B137B2548CA4F358E2E5703AB68C7E	720	1160	0.551724137931	121	0
2169	green	old	train	train	1	D:\Yolo_LPR_RK3568_FPGA_Project\1_PC_Training\datasets\yolo_format\images\train\ccpd_green_train_0148871527778-90_94-224&474_469&536-469&536_232&536_224&477_466&474-0_0_3_25_30_29_32_32-107-521.jpg	finetune_quant_dataset/quant_2169.jpg	E70A666088B4B1DB4397C70F536BCED5B59D5C68F49106F3EC5C26B35F16AA56	720	1160	0.551724137931	121	0
2170	blue	old	train	train	0	D:\Yolo_LPR_RK3568_FPGA_Project\1_PC_Training\datasets\yolo_format\images\train\ccpd_blue_ccpd_weather_0344-0_1-178&536_469&635-466&635_178&634_181&536_469&537-0_0_32_31_4_32_31-128-67.jpg	finetune_quant_dataset/quant_2170.jpg	D97AD3AC516CD1319FC70B6B1CE55FA89C15D9158A00AF9401ABB307C8D69555	720	1160	0.551724137931	121	0
2171	other_all	special	train	警用车牌	3	D:\Yolo_LPR_RK3568_FPGA_Project\1_PC_Training\datasets\特殊车牌\image\警用车牌\粤A3737警.jpg	finetune_quant_dataset/quant_2171.jpg	D7039131FE8EBC911132D15D7BD69026F70F4E2E8267E0CB5D36D34DE079BFD9	1600	1200	0.4	0	80
2172	green	old	train	train	1	D:\Yolo_LPR_RK3568_FPGA_Project\1_PC_Training\datasets\yolo_format\images\train\ccpd_green_train_0129014756944-90_263-253&528_458&592-453&592_253&590_259&528_458&529-0_0_3_24_28_29_30_30-156-121.jpg	finetune_quant_dataset/quant_2172.jpg	08A8587D5D732120C96DF800C420502456FE801CC8838F3FF0F784488BF17A21	720	1160	0.551724137931	121	0
2173	green	old	train	train	1	D:\Yolo_LPR_RK3568_FPGA_Project\1_PC_Training\datasets\yolo_format\images\train\ccpd_green_train_0277734375-90_249-191&461_507&550-507&550_218&544_191&466_490&461-0_0_3_24_25_30_33_33-125-632.jpg	finetune_quant_dataset/quant_2173.jpg	F4D9C0CE0A96EDBF584737DF7A9C9E44665126124A1F2AEDE10BB620F950143C	720	1160	0.551724137931	121	0
2174	blue	old	train	train	0	D:\Yolo_LPR_RK3568_FPGA_Project\1_PC_Training\datasets\yolo_format\images\train\crpd_54_1079.jpg	finetune_quant_dataset/quant_2174.jpg	CEA477B545FB62A3C386C0D53EEEADAD1A472A182337584734B87C1040081F07	1600	1200	0.4	0	80
2175	other_all	special	train	警用车牌	3	D:\Yolo_LPR_RK3568_FPGA_Project\1_PC_Training\datasets\特殊车牌\image\警用车牌\粤02458警.jpg	finetune_quant_dataset/quant_2175.jpg	6233D8BC1958E345ADC7B0A114D667998318B015186FBDF32F73414BC099459A	1600	1200	0.4	0	80
2176	blue	old	train	train	0	D:\Yolo_LPR_RK3568_FPGA_Project\1_PC_Training\datasets\yolo_format\images\train\crpd_46_0849.jpg	finetune_quant_dataset/quant_2176.jpg	5689485B822D87B985411B8932CC1F93F86B54204E30A2DB29FA35D0984C18FE	1920	1080	0.333333333333	0	140
2177	blue	old	train	train	0,0,2	D:\Yolo_LPR_RK3568_FPGA_Project\1_PC_Training\datasets\yolo_format\images\train\crpd_56_0671.jpg	finetune_quant_dataset/quant_2177.jpg	8EF6323C8FE5CCF11F2A09DF97DBD6FE76611DDAC99E099C09CCC7E1902C3AB6	1920	1080	0.333333333333	0	140
2178	other_all	old	train	train	3	D:\Yolo_LPR_RK3568_FPGA_Project\1_PC_Training\datasets\yolo_format\images\train\crpd_62_0187.jpg	finetune_quant_dataset/quant_2178.jpg	9E11D30A6B5686CB4D85A4CF618E66A248A9553C83E90BE6200297483BF48CC6	1920	1080	0.333333333333	0	140
2179	blue	old	train	train	0,0	D:\Yolo_LPR_RK3568_FPGA_Project\1_PC_Training\datasets\yolo_format\images\train\crpd_62_2494.jpg	finetune_quant_dataset/quant_2179.jpg	FEEBDD556599441CA3C203F045C3942147ABD068590C03E7A071FEE94BA1BF61	2592	1936	0.246913580247	0	81
2180	blue	old	train	train	0	D:\Yolo_LPR_RK3568_FPGA_Project\1_PC_Training\datasets\yolo_format\images\train\crpd_61_0648.jpg	finetune_quant_dataset/quant_2180.jpg	90E491B365F37B74E7ED9D182CAC7C4111E1DFDB651942F8B82361446A865EF8	1920	1080	0.333333333333	0	140
2181	green	old	train	train	1	D:\Yolo_LPR_RK3568_FPGA_Project\1_PC_Training\datasets\yolo_format\images\train\ccpd_green_train_00924153645833-91_90-253&491_420&547-420&547_253&541_253&491_419&496-0_0_3_24_33_32_24_25-169-51.jpg	finetune_quant_dataset/quant_2181.jpg	6ECC779B8D691DB9258992CDC7246152D9C5DB4F2CADF925F3C1A97D0A2A967B	720	1160	0.551724137931	121	0
2182	green	old	train	train	1	D:\Yolo_LPR_RK3568_FPGA_Project\1_PC_Training\datasets\yolo_format\images\train\ccpd_green_train_0326833767361-90_95-154&486_485&586-485&584_161&586_154&489_478&486-0_0_3_25_24_24_32_26-165-174.jpg	finetune_quant_dataset/quant_2182.jpg	983A96C23BA7D44D8E95F2EECA9DF6246865C083381DD300A8C0FB08C8639A89	720	1160	0.551724137931	121	0
2183	blue	old	train	train	0	D:\Yolo_LPR_RK3568_FPGA_Project\1_PC_Training\datasets\yolo_format\images\train\ccpd_blue_ccpd_tilt_0573-16_21-270&430_518&623-507&555_270&623_281&498_518&430-0_0_5_32_30_31_28-83-102.jpg	finetune_quant_dataset/quant_2183.jpg	22829E6406425558B34BDE29AD71DB82F86E03C2B23767D8A456E93725638A3C	720	1160	0.551724137931	121	0
2184	yellow_single	old	train	train	2	D:\Yolo_LPR_RK3568_FPGA_Project\1_PC_Training\datasets\yolo_format\images\train\crpd_57_0586.jpg	finetune_quant_dataset/quant_2184.jpg	309551014942202A66490DEE84F2238B0758D755D6B1CBD8632B15AD23949A9D	1920	1080	0.333333333333	0	140
2185	green	old	train	train	1	D:\Yolo_LPR_RK3568_FPGA_Project\1_PC_Training\datasets\yolo_format\images\train\ccpd_green_train_301984809027777778-90_103-205&424_474&499-474&499_231&499_205&424_460&428-0_0_3_25_31_26_25_31-110-156.jpg	finetune_quant_dataset/quant_2185.jpg	649F5F29D84E9DA80D40DB7F1C720A0AB239EEA9D0216D94215CE1A23471BE0D	720	1160	0.551724137931	121	0
2186	blue	old	train	train	0	D:\Yolo_LPR_RK3568_FPGA_Project\1_PC_Training\datasets\yolo_format\images\train\ccpd_blue_ccpd_rotate_0318-21_14-311&470_477&630-477&569_323&630_311&531_465&470-0_0_5_30_12_26_30-150-69.jpg	finetune_quant_dataset/quant_2186.jpg	5AB0BC35F1469C620CB8032AFA254C85D5D3AFD7C01556081BB612111FA78A9B	720	1160	0.551724137931	121	0
2187	green	old	train	train	1	D:\Yolo_LPR_RK3568_FPGA_Project\1_PC_Training\datasets\yolo_format\images\train\ccpd_green_train_0145833333333-90_264-254&497_478&563-471&563_254&561_260&497_478&501-0_0_24_32_25_31_32_3-104-54.jpg	finetune_quant_dataset/quant_2187.jpg	AF8797259FEAF8238E467B018FD4B7C280EFEF152B86EFB907AD20A64BF1BEF2	720	1160	0.551724137931	121	0
2188	yellow_single	old	train	train	2	D:\Yolo_LPR_RK3568_FPGA_Project\1_PC_Training\datasets\yolo_format\images\train\crpd_40_0360.jpg	finetune_quant_dataset/quant_2188.jpg	38100195B335D2485D41BAA1B766C94A477F3662D973EB429D385DBAC0D741FF	1920	1080	0.333333333333	0	140
2189	green	old	train	train	1	D:\Yolo_LPR_RK3568_FPGA_Project\1_PC_Training\datasets\yolo_format\images\train\ccpd_green_train_0217513020833-90_99-218&454_475&539-475&536_230&539_218&468_464&454-0_0_3_24_27_24_26_26-130-112.jpg	finetune_quant_dataset/quant_2189.jpg	988B30089A8895CCC717C227818A1989A322D581CF77BB176B9DC37C6C259DEF	720	1160	0.551724137931	121	0
2190	yellow_single	old	train	train	2	D:\Yolo_LPR_RK3568_FPGA_Project\1_PC_Training\datasets\yolo_format\images\train\crpd_1 (441).jpg	finetune_quant_dataset/quant_2190.jpg	409F525E627F2C8F457F933556218BAC89A78890E2AC229CF81A4785654313B9	1628	1236	0.39312039312	0	77
2191	yellow_single	old	train	train	2	D:\Yolo_LPR_RK3568_FPGA_Project\1_PC_Training\datasets\yolo_format\images\train\crpd_1 (256).jpg	finetune_quant_dataset/quant_2191.jpg	9C34D69859828805A288E8553AD81124DBF018CEC1AA22B724843D8A827F7CBC	1628	1236	0.39312039312	0	77
2192	yellow_single	old	train	train	2	D:\Yolo_LPR_RK3568_FPGA_Project\1_PC_Training\datasets\yolo_format\images\train\crpd_54_0791.jpg	finetune_quant_dataset/quant_2192.jpg	84F354668733C655BCF4E5D511AB21D6B68224089218D8C01492CBDBD53498DA	1920	1080	0.333333333333	0	140
2193	other_all	special	train	警用车牌	3	D:\Yolo_LPR_RK3568_FPGA_Project\1_PC_Training\datasets\特殊车牌\image\警用车牌\粤C5059警.jpg	finetune_quant_dataset/quant_2193.jpg	ADF4C19FA8C4BF00FFDADB3F05DAC3A88D8161974F6849FA6336FD88AD4D3025	1600	1200	0.4	0	80
2194	green	old	train	train	1	D:\Yolo_LPR_RK3568_FPGA_Project\1_PC_Training\datasets\yolo_format\images\train\ccpd_green_train_3013833550347222221-90_97-238&461_447&528-447&527_253&528_238&461_441&466-0_0_3_25_32_32_32_29-116-19.jpg	finetune_quant_dataset/quant_2194.jpg	7AF0BB5FC6E548EDD27F610AAA5DBF0B23312637B9522463D55DF9847C5EC817	720	1160	0.551724137931	121	0
2195	green	old	train	train	1	D:\Yolo_LPR_RK3568_FPGA_Project\1_PC_Training\datasets\yolo_format\images\train\ccpd_green_train_0199956597222-90_99-175&419_446&493-436&491_175&493_175&422_446&419-0_0_3_25_24_26_24_32-106-107.jpg	finetune_quant_dataset/quant_2195.jpg	62C0CED04BC7F06E6597BC4DD22B822B7C32DF1482B8037AC23100C3E222E79D	720	1160	0.551724137931	121	0
2196	yellow_single	old	train	train	2	D:\Yolo_LPR_RK3568_FPGA_Project\1_PC_Training\datasets\yolo_format\images\train\crpd_46_0017.jpg	finetune_quant_dataset/quant_2196.jpg	3987CA838BDDDEB0FA13BB7C3DE49B77E053A2C17685267807E16F6A8EF690F2	1600	1200	0.4	0	80
2197	other_all	old	train	train	3	D:\Yolo_LPR_RK3568_FPGA_Project\1_PC_Training\datasets\yolo_format\images\train\crpd_62_0173.jpg	finetune_quant_dataset/quant_2197.jpg	DFBD239EE594836EE0181576B2F09D11029DD43D9559EB7396FF0E85EBAFA8E0	1600	1200	0.4	0	80
2198	yellow_single	old	train	train	2	D:\Yolo_LPR_RK3568_FPGA_Project\1_PC_Training\datasets\yolo_format\images\train\crpd_61_0698.jpg	finetune_quant_dataset/quant_2198.jpg	1C4AD14CE15583CD5458BAFB4DD6F188178C5F6CAB78752CEBEC74E6D5E27C0C	1600	1200	0.4	0	80
2199	yellow_single	old	train	train	2	D:\Yolo_LPR_RK3568_FPGA_Project\1_PC_Training\datasets\yolo_format\images\train\crpd_46_0341.jpg	finetune_quant_dataset/quant_2199.jpg	8FAB1427E7D4FD4C0713D7188D43325AB35FEBFF34B3BEE45665FCFECEA1758E	1600	1200	0.4	0	80
2200	blue	old	train	train	0	D:\Yolo_LPR_RK3568_FPGA_Project\1_PC_Training\datasets\yolo_format\images\train\ccpd_blue_ccpd_blur_0181-1_16-311&492_513&567-493&563_311&567_331&496_513&492-0_0_17_24_24_31_17-82-4.jpg	finetune_quant_dataset/quant_2200.jpg	1012F9625274FBCC849EDEBCFDA2571512BE8EE4F1E640B384F79EC2133D9A6F	720	1160	0.551724137931	121	0
2201	yellow_single	old	train	train	2	D:\Yolo_LPR_RK3568_FPGA_Project\1_PC_Training\datasets\yolo_format\images\train\crpd_1 (705).jpg	finetune_quant_dataset/quant_2201.jpg	5AD4E52E2E6B13704AD92895356DFC1C584E20B1A5AA896B886EFD846765F47D	1628	1236	0.39312039312	0	77
2202	other_all	special	train	澳门出入境车牌	3	D:\Yolo_LPR_RK3568_FPGA_Project\1_PC_Training\datasets\特殊车牌\image\澳门出入境车牌\粤ZM466澳.jpg	finetune_quant_dataset/quant_2202.jpg	C56151714E67BA0C38BD142014648D323F2F8265E9C9B62ABA5C066E148C96C7	1600	1200	0.4	0	80
2203	blue	old	train	train	0,0,0	D:\Yolo_LPR_RK3568_FPGA_Project\1_PC_Training\datasets\yolo_format\images\train\crpd_61_0711.jpg	finetune_quant_dataset/quant_2203.jpg	BF44D64631638D3EC707FA8169BECE652FF3A83AD7DE095DDB44A942F5824BDC	1920	1080	0.333333333333	0	140
2204	green	old	train	train	1	D:\Yolo_LPR_RK3568_FPGA_Project\1_PC_Training\datasets\yolo_format\images\train\ccpd_green_train_3054173177083333336-90_99-131&470_602&586-587&584_138&586_131&477_602&470-0_0_3_24_26_28_27_33-70-220.jpg	finetune_quant_dataset/quant_2204.jpg	6BD5CEE857CE3A3E670F2B0B032597BCF39FA2AA38284A582869A0BD1FCDF7A7	720	1160	0.551724137931	121	0
2205	yellow_single	old	train	train	2	D:\Yolo_LPR_RK3568_FPGA_Project\1_PC_Training\datasets\yolo_format\images\train\crpd_45_0147.jpg	finetune_quant_dataset/quant_2205.jpg	8622FDB2786A0957383670519FF0F8E89AF38DD91DE05E6B4065B665F549394A	1600	1200	0.4	0	80
2206	other_all	special	train	警用车牌	3	D:\Yolo_LPR_RK3568_FPGA_Project\1_PC_Training\datasets\特殊车牌\image\警用车牌\粤01197警.jpg	finetune_quant_dataset/quant_2206.jpg	5A05F2CDC9E28ABEB4BD19E29026328BB5B1B2CC2C21549AD285561A0C6C7446	1600	1200	0.4	0	80
2207	blue	old	train	train	0,0	D:\Yolo_LPR_RK3568_FPGA_Project\1_PC_Training\datasets\yolo_format\images\train\crpd_36_1040.jpg	finetune_quant_dataset/quant_2207.jpg	5BBA103B94E9627C219E82838EDA79C779D48470BDF46A9516C1FE46B782A621	1920	1080	0.333333333333	0	140
2208	blue	old	train	train	0	D:\Yolo_LPR_RK3568_FPGA_Project\1_PC_Training\datasets\yolo_format\images\train\ccpd_blue_ccpd_blur_0104-3_10-251&502_397&562-397&562_258&554_251&502_390&510-11_4_26_32_29_31_33-112-5.jpg	finetune_quant_dataset/quant_2208.jpg	360AF9A1B2D11852BC0B0C7126FBADE08ABAD57E9ADC457E06742D4BBC658235	720	1160	0.551724137931	121	0
2209	blue	old	train	train	0	D:\Yolo_LPR_RK3568_FPGA_Project\1_PC_Training\datasets\yolo_format\images\train\ccpd_blue_ccpd_challenge_0286-3_1-227&454_464&555-462&555_227&542_229&454_464&467-0_0_25_32_31_2_32-135-14.jpg	finetune_quant_dataset/quant_2209.jpg	668D59FF417478FF5C82B4155F465F4C0BEE26824F872AB9D6023ED2EA04D8EF	720	1160	0.551724137931	121	0
2210	blue	old	train	train	0	D:\Yolo_LPR_RK3568_FPGA_Project\1_PC_Training\datasets\yolo_format\images\train\ccpd_blue_ccpd_db_0426-6_34-172&437_502&545-502&515_240&545_172&467_434&437-0_0_11_8_32_30_31-26-116.jpg	finetune_quant_dataset/quant_2210.jpg	228FD426D77ECCB41299FAB320125038DDF398748E67E45EFCE8EEE14DA2BF05	720	1160	0.551724137931	121	0
2211	green	old	train	train	1	D:\Yolo_LPR_RK3568_FPGA_Project\1_PC_Training\datasets\yolo_format\images\train\ccpd_green_train_3028778211805555554-89_96-194&473_492&571-486&562_210&571_194&477_492&473-0_0_5_25_32_32_32_30-88-109.jpg	finetune_quant_dataset/quant_2211.jpg	7B74BFFB37555175F9481630B490740833DE1BD09D44F68E6CDE839A0DB60CDA	720	1160	0.551724137931	121	0
2212	other_all	old	train	train	3	D:\Yolo_LPR_RK3568_FPGA_Project\1_PC_Training\datasets\yolo_format\images\train\crpd_66_0592.jpg	finetune_quant_dataset/quant_2212.jpg	D8BE52FBDEFFE30A2F427D8562E96CCDC261ED31F4F3EB115AA4386A6FF1BACB	1600	1200	0.4	0	80
2213	green	old	train	train	1	D:\Yolo_LPR_RK3568_FPGA_Project\1_PC_Training\datasets\yolo_format\images\train\ccpd_green_train_3023871527777777776-92_100-218&453_468&549-468&549_218&539_219&457_456&453-0_0_3_24_30_25_29_25-121-27.jpg	finetune_quant_dataset/quant_2213.jpg	E81A1FC5B3437F3287B81D56D6CB51802A492254669CADCB390BE42CFA17231A	720	1160	0.551724137931	121	0
2214	yellow_single	old	train	train	2	D:\Yolo_LPR_RK3568_FPGA_Project\1_PC_Training\datasets\yolo_format\images\train\crpd_1 (810).jpg	finetune_quant_dataset/quant_2214.jpg	4BE7E21EEEA4D3B9D2DE082816073F4DA3596FAE873DA0E990074EC55162B0A1	1628	1236	0.39312039312	0	77
2215	other_all	special	train	澳门出入境车牌	3	D:\Yolo_LPR_RK3568_FPGA_Project\1_PC_Training\datasets\特殊车牌\image\澳门出入境车牌\粤Z6248澳.jpg	finetune_quant_dataset/quant_2215.jpg	6110F591800F116F32F2BE47752A02CC31929497C4B297ADF97626744A46B40D	1600	1200	0.4	0	80
2216	yellow_single	old	train	train	2	D:\Yolo_LPR_RK3568_FPGA_Project\1_PC_Training\datasets\yolo_format\images\train\crpd_66_0942.jpg	finetune_quant_dataset/quant_2216.jpg	EFDF12D64E4C065B5B12F502B02B520971809D9676F5003A165285DBC434652C	1920	1080	0.333333333333	0	140
2217	blue	old	train	train	0	D:\Yolo_LPR_RK3568_FPGA_Project\1_PC_Training\datasets\yolo_format\images\train\ccpd_blue_ccpd_blur_0062-6_0-411&463_518&512-514&512_411&500_415&463_518&475-0_0_21_20_28_28_28-91-5.jpg	finetune_quant_dataset/quant_2217.jpg	379A33AC7B102BBFDBE4CEF4BEABF50826B4865798A31CF6D6AF18221603DEC2	720	1160	0.551724137931	121	0
2218	green	old	train	train	1	D:\Yolo_LPR_RK3568_FPGA_Project\1_PC_Training\datasets\yolo_format\images\train\ccpd_green_train_0332769097222-90_91-149&443_523&532-522&532_160&526_149&443_523&444-0_0_3_25_30_29_32_32-98-212.jpg	finetune_quant_dataset/quant_2218.jpg	CBDC85A0458BBA2B3A482ED2104DD9FA9006C1B24CE12ED0605265250361974C	720	1160	0.551724137931	121	0
2219	green	old	train	train	1	D:\Yolo_LPR_RK3568_FPGA_Project\1_PC_Training\datasets\yolo_format\images\train\ccpd_green_train_046362847222222225-89_267-167&410_559&529-547&518_173&529_167&422_559&410-0_0_3_24_26_28_24_32-77-223.jpg	finetune_quant_dataset/quant_2219.jpg	60F3A5F3359AE0306F0BE481F2047D5FB74ECFCCF323B72EF9C2453C79615899	720	1160	0.551724137931	121	0
2220	other_all	special	train	警用车牌	3	D:\Yolo_LPR_RK3568_FPGA_Project\1_PC_Training\datasets\特殊车牌\image\警用车牌\粤C0445警.jpg	finetune_quant_dataset/quant_2220.jpg	A305BBEF8B4CD6F76DA708DD0C1BF08044BEBC7283CDC4EBD1A524C00A61BE7C	1600	1200	0.4	0	80
2221	other_all	special	test	教练车牌	3	D:\Yolo_LPR_RK3568_FPGA_Project\1_PC_Training\datasets\特殊车牌\image\教练车牌\粤C1813学.jpg	finetune_quant_dataset/quant_2221.jpg	2FACBBF07298359C0EB76AA7FC366BDD30ABEA8410B317A67593DBBEC97AC9FD	1600	1200	0.4	0	80
2222	other_all	special	train	教练车牌	3	D:\Yolo_LPR_RK3568_FPGA_Project\1_PC_Training\datasets\特殊车牌\image\教练车牌\粤C5115学.jpg	finetune_quant_dataset/quant_2222.jpg	A980AE70DDD6512C0B41907BBD10924CB999E7F4F9B2812D944C08E355AA72A6	1600	1200	0.4	0	80
2223	yellow_single	old	train	train	0,2	D:\Yolo_LPR_RK3568_FPGA_Project\1_PC_Training\datasets\yolo_format\images\train\crpd_45_0300.jpg	finetune_quant_dataset/quant_2223.jpg	8B195D2C0EA327E3EA9052ECA4482AF4A8349B14778DDC0E7808135F9CA0D8EB	1920	1080	0.333333333333	0	140
2224	green	old	train	train	1	D:\Yolo_LPR_RK3568_FPGA_Project\1_PC_Training\datasets\yolo_format\images\train\ccpd_green_train_3006380208333333333-92_95-266&485_406&531-406&531_268&525_266&485_404&485-0_0_3_25_25_25_31_26-133-30.jpg	finetune_quant_dataset/quant_2224.jpg	9CC759F798561297FA2B6A784BCE200F414543E1153AA1586C679F916F7FF4E7	720	1160	0.551724137931	121	0
2225	other_all	special	test	教练车牌	3	D:\Yolo_LPR_RK3568_FPGA_Project\1_PC_Training\datasets\特殊车牌\image\教练车牌\粤S6625学.jpg	finetune_quant_dataset/quant_2225.jpg	41899E7D58061F9400509F53EEAFA4A829E4006B65E0DD74C49DD3996CDE0AD3	1600	1200	0.4	0	80
2226	yellow_single	old	train	train	2	D:\Yolo_LPR_RK3568_FPGA_Project\1_PC_Training\datasets\yolo_format\images\train\crpd_53_1087.jpg	finetune_quant_dataset/quant_2226.jpg	747F4113DDA1A450D3D985CDCE141E5F6204A4CA14A4BE68B0A200DB65EF06C9	1920	1080	0.333333333333	0	140
2227	yellow_single	old	train	train	2	D:\Yolo_LPR_RK3568_FPGA_Project\1_PC_Training\datasets\yolo_format\images\train\crpd_66_0246.jpg	finetune_quant_dataset/quant_2227.jpg	3F04DEEE2384A1718459692E7FA04B5678970E944839B63E6C639DBD6C7EC7E8	1920	1080	0.333333333333	0	140
2228	other_all	old	train	train	3	D:\Yolo_LPR_RK3568_FPGA_Project\1_PC_Training\datasets\yolo_format\images\train\crpd_45_1435.jpg	finetune_quant_dataset/quant_2228.jpg	A1F17291F02C5ADFEF97389217A46DD51DC90CF1729F38DBDE1892E387BDE585	1920	1080	0.333333333333	0	140
2229	other_all	old	train	train	3	D:\Yolo_LPR_RK3568_FPGA_Project\1_PC_Training\datasets\yolo_format\images\train\crpd_66_0389.jpg	finetune_quant_dataset/quant_2229.jpg	CE150FA3FF5389A2BAB655A7D7EB87BC62EE9B326CC7BF67A67E367E6EE4A8A2	1600	1200	0.4	0	80
2230	green	old	train	train	1	D:\Yolo_LPR_RK3568_FPGA_Project\1_PC_Training\datasets\yolo_format\images\train\ccpd_green_train_3022224392361111112-88_90-196&518_462&602-462&592_198&602_196&523_460&518-0_0_3_24_27_32_31_31-144-120.jpg	finetune_quant_dataset/quant_2230.jpg	9C1F36D98D586E93192268DAA1CBF09DB8F62DD3A210E2DC721D14CEA58458F4	720	1160	0.551724137931	121	0
2231	blue	old	train	train	0,0	D:\Yolo_LPR_RK3568_FPGA_Project\1_PC_Training\datasets\yolo_format\images\train\crpd_49_1238.jpg	finetune_quant_dataset/quant_2231.jpg	987881017835C9136FED863CBB0CAB26E09A4CA99A08782706D29A1EEC968B11	1600	1200	0.4	0	80
2232	blue	old	train	train	0	D:\Yolo_LPR_RK3568_FPGA_Project\1_PC_Training\datasets\yolo_format\images\train\ccpd_blue_ccpd_weather_0555-8_11-175&433_495&578-495&578_181&533_175&433_489&478-0_0_8_2_32_26_25-45-16.jpg	finetune_quant_dataset/quant_2232.jpg	0E305D5014F202475332297CEABAA2EC394D2465247B901F400EBAFF08BD1A74	720	1160	0.551724137931	121	0
2233	blue	old	train	train	0,2	D:\Yolo_LPR_RK3568_FPGA_Project\1_PC_Training\datasets\yolo_format\images\train\crpd_39_0513.jpg	finetune_quant_dataset/quant_2233.jpg	8BA0BC46012BDED38AB7C2BD52EB8A08D7B439037C9F06CDF9E92B1F947BF995	1920	1080	0.333333333333	0	140
2234	other_all	old	train	train	3	D:\Yolo_LPR_RK3568_FPGA_Project\1_PC_Training\datasets\yolo_format\images\train\crpd_66_1439.jpg	finetune_quant_dataset/quant_2234.jpg	96C8EC9242478ED9D46319B076A1E1554F5E34C6918901C3B89B25E9D3284357	1920	1080	0.333333333333	0	140
2235	green	old	train	train	1	D:\Yolo_LPR_RK3568_FPGA_Project\1_PC_Training\datasets\yolo_format\images\train\ccpd_green_train_30221875-90_260-209&481_493&560-481&560_209&560_219&481_493&481-0_0_3_26_26_24_24_32-109-147.jpg	finetune_quant_dataset/quant_2235.jpg	6C17871B52333FD7EF72CB7CF4E1D3AD1407C3215D1AEDB693A4A43AD63DAC43	720	1160	0.551724137931	121	0
2236	other_all	old	train	train	3	D:\Yolo_LPR_RK3568_FPGA_Project\1_PC_Training\datasets\yolo_format\images\train\crpd_66_1775.jpg	finetune_quant_dataset/quant_2236.jpg	AE54472836034C44B4DC668FB58E189FD6156216FC60411AC4DA4DE93EEB7398	1920	1080	0.333333333333	0	140
2237	yellow_single	old	train	train	2	D:\Yolo_LPR_RK3568_FPGA_Project\1_PC_Training\datasets\yolo_format\images\train\crpd_66_0926.jpg	finetune_quant_dataset/quant_2237.jpg	B49CF81A45FB19AE2389E56A05D7E0A981F2682C59EA9F879A1D60902D6F102E	1920	1080	0.333333333333	0	140
2238	green	old	train	train	1	D:\Yolo_LPR_RK3568_FPGA_Project\1_PC_Training\datasets\yolo_format\images\train\ccpd_green_train_0138335503472-91_90-272&409_481&476-481&476_272&474_272&409_480&414-0_0_3_24_26_32_29_33-155-52.jpg	finetune_quant_dataset/quant_2238.jpg	A8AEEB1D8355E7B20CB715CC414711DA934445BD7F49100C40DA345D446A3A82	720	1160	0.551724137931	121	0
2239	blue	old	train	train	0	D:\Yolo_LPR_RK3568_FPGA_Project\1_PC_Training\datasets\yolo_format\images\train\ccpd_blue_ccpd_weather_0209-7_16-299&476_489&568-489&568_311&546_299&476_477&498-0_0_7_30_13_29_31-97-51.jpg	finetune_quant_dataset/quant_2239.jpg	A00C766CFED1F6A34E97DA59E7BE4DA3113092DC4E61F7841CB62B74E0C4D80E	720	1160	0.551724137931	121	0
2240	other_all	special	train	警用车牌	3	D:\Yolo_LPR_RK3568_FPGA_Project\1_PC_Training\datasets\特殊车牌\image\警用车牌\粤C0611警.jpg	finetune_quant_dataset/quant_2240.jpg	7635672F9CE8FACC4748209044D21F041679F135BF4A5DD48E0A8405100CAD11	1600	1200	0.4	0	80
2241	other_all	old	train	train	3	D:\Yolo_LPR_RK3568_FPGA_Project\1_PC_Training\datasets\yolo_format\images\train\crpd_66_0152.jpg	finetune_quant_dataset/quant_2241.jpg	A67D5B429014F2AB6E855956BC05FE7DC892444034BAAC8DBA4CC394924298F3	1920	1080	0.333333333333	0	140
2242	other_all	old	train	train	3	D:\Yolo_LPR_RK3568_FPGA_Project\1_PC_Training\datasets\yolo_format\images\train\crpd_66_0459.jpg	finetune_quant_dataset/quant_2242.jpg	7DCC1619119C7CC14351ADCACE773708C9BEF8A5AF1C932B593381A49C2A14DD	1920	1080	0.333333333333	0	140
2243	yellow_single	old	train	train	2	D:\Yolo_LPR_RK3568_FPGA_Project\1_PC_Training\datasets\yolo_format\images\train\crpd_1 (785).jpg	finetune_quant_dataset/quant_2243.jpg	7CB303FEAA7BD6599CEAB6A147B64C279C2ED906B81130DE552A94540AF16919	1628	1236	0.39312039312	0	77
2244	blue	old	train	train	0,0	D:\Yolo_LPR_RK3568_FPGA_Project\1_PC_Training\datasets\yolo_format\images\train\crpd_49_1214.jpg	finetune_quant_dataset/quant_2244.jpg	DB30B0767EA15B4855F416F2F9655ED5CB277CCD8C99A9A9F9CE9D7C01A7798E	1600	1200	0.4	0	80
2245	blue	old	train	train	0,2	D:\Yolo_LPR_RK3568_FPGA_Project\1_PC_Training\datasets\yolo_format\images\train\crpd_62_2200.jpg	finetune_quant_dataset/quant_2245.jpg	286F71ADFA3B0B4C7D8E2FBFA42FB3C997A96BCA68EE91D69F51056A0A4EB22D	1920	1080	0.333333333333	0	140
2246	yellow_single	old	train	train	0,2	D:\Yolo_LPR_RK3568_FPGA_Project\1_PC_Training\datasets\yolo_format\images\train\crpd_1 (702).jpg	finetune_quant_dataset/quant_2246.jpg	5D67CD2AB436DBB3FF12E7DF7BA1657C4EC0C3DB87D3065213AB166C088A5813	1628	1236	0.39312039312	0	77
2247	blue	old	train	train	0	D:\Yolo_LPR_RK3568_FPGA_Project\1_PC_Training\datasets\yolo_format\images\train\ccpd_blue_ccpd_tilt_0737-15_43-125&460_469&639-469&639_177&558_125&460_417&541-16_0_2_30_32_13_33-61-202.jpg	finetune_quant_dataset/quant_2247.jpg	DE111C0E0A4CD29FFFB715162792C6D1728A0C216C9FAD88497495FE1297F680	720	1160	0.551724137931	121	0
2248	yellow_single	old	train	train	2	D:\Yolo_LPR_RK3568_FPGA_Project\1_PC_Training\datasets\yolo_format\images\train\crpd_61_0014.jpg	finetune_quant_dataset/quant_2248.jpg	31B1706AE79D933C27375B3718CDD9C14E364C18C254AD400F423F1B4D80454E	1920	1080	0.333333333333	0	140
2249	blue	old	train	train	0,0	D:\Yolo_LPR_RK3568_FPGA_Project\1_PC_Training\datasets\yolo_format\images\train\crpd_60_0242.jpg	finetune_quant_dataset/quant_2249.jpg	4A6A7C665CCA62C351B0AD7E6239E5BFF43C225D169E7726D492CD824F68B918	1600	1200	0.4	0	80
2250	other_all	special	val	香港出入境车牌	3	D:\Yolo_LPR_RK3568_FPGA_Project\1_PC_Training\datasets\特殊车牌\image\香港出入境车牌\粤ZX942港.jpg	finetune_quant_dataset/quant_2250.jpg	94682B6F863FBBF793B1653EDC96E9E14A512AB4FD63EE881496911028A91146	1600	1200	0.4	0	80
2251	green	old	train	train	1	D:\Yolo_LPR_RK3568_FPGA_Project\1_PC_Training\datasets\yolo_format\images\train\ccpd_green_train_0409461805556-89_268-178&354_534&470-534&461_178&470_179&366_534&354-0_0_3_24_31_31_32_27-128-127.jpg	finetune_quant_dataset/quant_2251.jpg	E5DD3FEF6F19FA11D4D48D12A6DAB469217AB12D5284FEF2A814B918C97772EA	720	1160	0.551724137931	121	0
2252	other_all	special	train	警用车牌	3	D:\Yolo_LPR_RK3568_FPGA_Project\1_PC_Training\datasets\特殊车牌\image\警用车牌\粤C0055警.jpg	finetune_quant_dataset/quant_2252.jpg	4645635C2DD42D5B024929529C19CB3A815003F7C78CE8C903034715A23088ED	1600	1200	0.4	0	80
2253	green	old	train	train	1	D:\Yolo_LPR_RK3568_FPGA_Project\1_PC_Training\datasets\yolo_format\images\train\ccpd_green_train_0196223958333-90_255-223&395_497&467-497&467_239&464_223&396_482&395-0_0_3_24_33_30_24_29-78-22.jpg	finetune_quant_dataset/quant_2253.jpg	E0D68E4A822BF95D6D80FF338BDD4AC66CCC60F416362AEF0E93ABE7F8550225	720	1160	0.551724137931	121	0
2254	other_all	old	train	train	3	D:\Yolo_LPR_RK3568_FPGA_Project\1_PC_Training\datasets\yolo_format\images\train\crpd_66_0745.jpg	finetune_quant_dataset/quant_2254.jpg	5F9E5924D88BAC8F67C5E73CDF6CCF7607574A9806AA199A2F5BDEE6075509BD	1600	1200	0.4	0	80
2255	blue	old	train	train	0	D:\Yolo_LPR_RK3568_FPGA_Project\1_PC_Training\datasets\yolo_format\images\train\ccpd_blue_ccpd_base_00880028735633-90_90-177&384_354&448-360&440_182&452_173&390_351&378-0_12_8_20_25_24_32-175-15.jpg	finetune_quant_dataset/quant_2255.jpg	B97CBEAFC6B04AB3F885F47FC4C99CC1F824DFEB4849DF7568B7025F18EE64D2	720	1160	0.551724137931	121	0
2256	green	old	train	train	1	D:\Yolo_LPR_RK3568_FPGA_Project\1_PC_Training\datasets\yolo_format\images\train\ccpd_green_train_301826171875-90_96-238&444_493&516-493&513_255&516_238&447_487&444-0_0_3_24_26_29_26_32-136-16.jpg	finetune_quant_dataset/quant_2256.jpg	8D78D5E8606119E78E92E2451A4C5E2960DE60570F90631B3AA9B9A7DD725BE0	720	1160	0.551724137931	121	0
2257	blue	old	train	train	0	D:\Yolo_LPR_RK3568_FPGA_Project\1_PC_Training\datasets\yolo_format\images\train\crpd_53_0627.jpg	finetune_quant_dataset/quant_2257.jpg	C2348DD85E77938F2564AD761EBEF71D3A0BC107F2E12805EABE97B0FCD377FE	1920	1080	0.333333333333	0	140
2258	yellow_single	old	train	train	2	D:\Yolo_LPR_RK3568_FPGA_Project\1_PC_Training\datasets\yolo_format\images\train\crpd_56_0205.jpg	finetune_quant_dataset/quant_2258.jpg	255DF4026DB03A91B34257440F1053D57C75340438C6D857FDE790F32045BEF0	1920	1080	0.333333333333	0	140
2259	yellow_single	old	train	train	2	D:\Yolo_LPR_RK3568_FPGA_Project\1_PC_Training\datasets\yolo_format\images\train\crpd_56_0521.jpg	finetune_quant_dataset/quant_2259.jpg	4A288DCA8580D2DC53BACFDDC2F6D82F4CDAFD562877F7E1E87633F2CCA0D766	1920	1080	0.333333333333	0	140
2260	green	old	train	train	1	D:\Yolo_LPR_RK3568_FPGA_Project\1_PC_Training\datasets\yolo_format\images\train\ccpd_green_train_3027509765625-92_105-190&464_503&552-503&552_226&537_190&464_485&466-1_0_3_32_26_33_31_32-110-221.jpg	finetune_quant_dataset/quant_2260.jpg	DBB0604B360A8DD5B02C0DF7B562E0FAB726E320EE9CE6747E3389F0B431AA8B	720	1160	0.551724137931	121	0
2261	green	old	train	train	1	D:\Yolo_LPR_RK3568_FPGA_Project\1_PC_Training\datasets\yolo_format\images\train\ccpd_green_train_3014903428819444444-90_92-266&458_471&531-471&531_266&531_267&458_469&461-0_0_3_24_27_26_29_33-147-171.jpg	finetune_quant_dataset/quant_2261.jpg	80DF0EC88FE09F6FFCD8DEFF45DA9E9E9999CC02C8DEED601335A4775F83C0CD	720	1160	0.551724137931	121	0
2262	green	old	train	train	1	D:\Yolo_LPR_RK3568_FPGA_Project\1_PC_Training\datasets\yolo_format\images\train\ccpd_green_train_304087782118055556-90_90-190&434_563&544-563&544_190&544_190&434_563&436-0_0_5_24_24_31_32_31-180-148.jpg	finetune_quant_dataset/quant_2262.jpg	A1B8AD38CD58FEBE22F33CF27CF9D964D76388CAA8F66963643C066C2F951841	720	1160	0.551724137931	121	0
2263	blue	old	train	train	0,2	D:\Yolo_LPR_RK3568_FPGA_Project\1_PC_Training\datasets\yolo_format\images\train\crpd_45_0500.jpg	finetune_quant_dataset/quant_2263.jpg	0F84563D7B6B95A52FA9ED5A57D8A66887B53057390438E2820CE41427D6D875	1920	1080	0.333333333333	0	140
2264	blue	old	train	train	0	D:\Yolo_LPR_RK3568_FPGA_Project\1_PC_Training\datasets\yolo_format\images\train\crpd_59_0443.jpg	finetune_quant_dataset/quant_2264.jpg	C3B3EC9AEAD78653F88E4265557CCBF0B0C5633AB07FB5E38876E84525C2212A	1600	1200	0.4	0	80
2265	green	old	train	train	1	D:\Yolo_LPR_RK3568_FPGA_Project\1_PC_Training\datasets\yolo_format\images\train\ccpd_green_train_025180121527777776-89_90-185&466_468&555-468&547_185&555_185&471_466&466-0_0_3_24_32_32_33_24-127-350.jpg	finetune_quant_dataset/quant_2265.jpg	68DEA499085325627BF1F8143C88F5AB1D22A2AAF99D46BF92EB5C810FC1D987	720	1160	0.551724137931	121	0
2266	blue	old	train	train	0,0	D:\Yolo_LPR_RK3568_FPGA_Project\1_PC_Training\datasets\yolo_format\images\train\crpd_62_2560.jpg	finetune_quant_dataset/quant_2266.jpg	EE49D5ED76A88B9BFEE561FAD63BE92CF330190C404C37AD23A168F8513F9D06	2592	1936	0.246913580247	0	81
2267	blue	old	train	train	0	D:\Yolo_LPR_RK3568_FPGA_Project\1_PC_Training\datasets\yolo_format\images\train\crpd_39_0689.jpg	finetune_quant_dataset/quant_2267.jpg	8EA20E1C7D4DDD66084FE13219D957D0A6108ABC487662FE20629260D01D436D	1920	1080	0.333333333333	0	140
2268	blue	old	train	train	0	D:\Yolo_LPR_RK3568_FPGA_Project\1_PC_Training\datasets\yolo_format\images\train\ccpd_blue_ccpd_challenge_0106-11_19-260&458_374&536-366&514_260&536_268&480_374&458-0_0_33_29_27_19_26-154-14.jpg	finetune_quant_dataset/quant_2268.jpg	DDBD868149169E4AF382EEEA7735033AB8521F8E011CC11E8DBD2D406693CD1C	720	1160	0.551724137931	121	0
2269	blue	old	train	train	0,2	D:\Yolo_LPR_RK3568_FPGA_Project\1_PC_Training\datasets\yolo_format\images\train\crpd_65_0025.jpg	finetune_quant_dataset/quant_2269.jpg	07D6DECA0EE834416864CDDE54408C1843A8D2425A712A35678CA2D27AA558A6	1920	1080	0.333333333333	0	140
2270	yellow_single	old	train	train	2	D:\Yolo_LPR_RK3568_FPGA_Project\1_PC_Training\datasets\yolo_format\images\train\crpd_47_0637.jpg	finetune_quant_dataset/quant_2270.jpg	806A7C1DCB8CF18AA1FF146D256A74C31FB0C3854BD44A236E30A02DD20514F7	1920	1080	0.333333333333	0	140
2271	yellow_single	old	train	train	2	D:\Yolo_LPR_RK3568_FPGA_Project\1_PC_Training\datasets\yolo_format\images\train\crpd_46_0652.jpg	finetune_quant_dataset/quant_2271.jpg	4C23E9426A449E6DCC71603B06FFF97D3B2CD7298D4D6EE5F6D0349A81E649D4	1920	1080	0.333333333333	0	140
2272	green	old	train	train	1	D:\Yolo_LPR_RK3568_FPGA_Project\1_PC_Training\datasets\yolo_format\images\train\ccpd_green_train_016357421875-90_268-242&403_467&477-464&474_242&477_244&406_467&403-0_0_3_24_33_32_30_27-122-76.jpg	finetune_quant_dataset/quant_2272.jpg	8EB228BA9097CB7F81DE4D065418EE0D81B401729B67358C87B9902B9EC6F8E8	720	1160	0.551724137931	121	0
2273	yellow_single	old	train	train	2	D:\Yolo_LPR_RK3568_FPGA_Project\1_PC_Training\datasets\yolo_format\images\train\crpd_66_1070.jpg	finetune_quant_dataset/quant_2273.jpg	9B8F667FE13DC54B064F4EA1B6BD67CCA66EAF2A556B317603F35DE1734CA192	1920	1080	0.333333333333	0	140
2274	other_all	special	train	香港出入境车牌	3	D:\Yolo_LPR_RK3568_FPGA_Project\1_PC_Training\datasets\特殊车牌\image\香港出入境车牌\粤ZLL86港.jpg	finetune_quant_dataset/quant_2274.jpg	A3B4DAA4047F9BF81463CA7C2C411857F6AB63E785BD7BBBD9F0EC229EC8F096	1600	1200	0.4	0	80
2275	other_all	old	train	train	3	D:\Yolo_LPR_RK3568_FPGA_Project\1_PC_Training\datasets\yolo_format\images\train\crpd_66_0792.jpg	finetune_quant_dataset/quant_2275.jpg	959C0D33AB5E28465F39CDA354938FF7D4313D26BE09290A515253DE0D0B2635	1600	1200	0.4	0	80
2276	other_all	old	train	train	3	D:\Yolo_LPR_RK3568_FPGA_Project\1_PC_Training\datasets\yolo_format\images\train\crpd_66_1024.jpg	finetune_quant_dataset/quant_2276.jpg	C82A9B2C0CB546B4C9F982FC1E4DFBA18F6486E8BC81CBA12A9C7FFF05F803B6	1920	1080	0.333333333333	0	140
2277	green	old	train	train	1	D:\Yolo_LPR_RK3568_FPGA_Project\1_PC_Training\datasets\yolo_format\images\train\ccpd_green_train_302554470486111111-90_91-197&433_495&519-494&519_202&519_197&433_495&438-0_0_3_25_25_25_24_29-108-224.jpg	finetune_quant_dataset/quant_2277.jpg	7D35ACE91BC9A03801B3D884C98C4E05392DD7083DD6C808062CA9777F8BC18F	720	1160	0.551724137931	121	0
2278	other_all	old	train	train	3	D:\Yolo_LPR_RK3568_FPGA_Project\1_PC_Training\datasets\yolo_format\images\train\crpd_66_1044.jpg	finetune_quant_dataset/quant_2278.jpg	6395155240D209F5293F079D9196A5046F27F6570D454F726B74D61A80A61584	1920	1080	0.333333333333	0	140
2279	other_all	special	train	教练车牌	3	D:\Yolo_LPR_RK3568_FPGA_Project\1_PC_Training\datasets\特殊车牌\image\教练车牌\粤C1132学.jpg	finetune_quant_dataset/quant_2279.jpg	E1E5F2F6C5DA59B45E3B667B8F549180692BBA76BAAD1832275B4319450A905E	1600	1200	0.4	0	80
2280	other_all	special	train	教练车牌	3	D:\Yolo_LPR_RK3568_FPGA_Project\1_PC_Training\datasets\特殊车牌\image\教练车牌\粤C2723学.jpg	finetune_quant_dataset/quant_2280.jpg	07CEB7DD68338C8DB352E671CC9E3F8E188E2AAF6910E0BD6A2620C180C96ECA	1600	1200	0.4	0	80
2281	green	old	train	train	1	D:\Yolo_LPR_RK3568_FPGA_Project\1_PC_Training\datasets\yolo_format\images\train\ccpd_green_train_0143294270833-90_90-214&441_427&508-427&506_214&508_214&441_427&443-0_0_3_24_29_24_30_28-104-29.jpg	finetune_quant_dataset/quant_2281.jpg	899B6C5BED41A7C26EF00EE3DDFAA3C4BE0A881F2068973E8C73B27FB281E316	720	1160	0.551724137931	121	0
2282	yellow_single	old	train	train	2	D:\Yolo_LPR_RK3568_FPGA_Project\1_PC_Training\datasets\yolo_format\images\train\crpd_57_0973.jpg	finetune_quant_dataset/quant_2282.jpg	15AA02670F918EFC1C941B5803AE6BF600441ECAF33306DEE9B83E795E61E8A7	1600	1200	0.4	0	80
2283	green	old	train	train	1	D:\Yolo_LPR_RK3568_FPGA_Project\1_PC_Training\datasets\yolo_format\images\train\ccpd_green_train_0164333767361-90_262-270&457_503&528-503&528_278&526_270&459_495&457-0_0_3_24_30_32_29_29-109-53.jpg	finetune_quant_dataset/quant_2283.jpg	90A97AAE8BDD4AF16DD843DDEA2D01BEC729715FB7189E4AB5E0B6F50CF01CEB	720	1160	0.551724137931	121	0
2284	other_all	special	train	教练车牌	3	D:\Yolo_LPR_RK3568_FPGA_Project\1_PC_Training\datasets\特殊车牌\image\教练车牌\粤C1607学.jpg	finetune_quant_dataset/quant_2284.jpg	EA7112DC881AA3B2FCCC4E0617226EDC3F9980A81EFE27BB3986DCB2C7AA995D	1600	1200	0.4	0	80
2285	blue	old	train	train	0,0	D:\Yolo_LPR_RK3568_FPGA_Project\1_PC_Training\datasets\yolo_format\images\train\crpd_40_0678.jpg	finetune_quant_dataset/quant_2285.jpg	0BF73F6AC652C14F48627DD288DCA9B68D7F05699C146136EF1F8AFE12E3FC4E	1920	1080	0.333333333333	0	140
2286	other_all	old	train	train	3	D:\Yolo_LPR_RK3568_FPGA_Project\1_PC_Training\datasets\yolo_format\images\train\crpd_66_1027.jpg	finetune_quant_dataset/quant_2286.jpg	7833B9E92EB686318458134DE62E243E5B210379721C63FBAB6D31212B61E779	1920	1080	0.333333333333	0	140
2287	other_all	special	train	澳门出入境车牌	3	D:\Yolo_LPR_RK3568_FPGA_Project\1_PC_Training\datasets\特殊车牌\image\澳门出入境车牌\粤Z6A99澳.jpg	finetune_quant_dataset/quant_2287.jpg	D2535B88A0FD2F8B40AF9A34B18E95B1CC1BB48B76C5CEAAD0B9A22E493C5F4B	1600	1200	0.4	0	80
2288	green	old	train	train	1	D:\Yolo_LPR_RK3568_FPGA_Project\1_PC_Training\datasets\yolo_format\images\train\ccpd_green_train_0179014756944-90_260-205&422_431&502-422&489_205&502_217&424_431&422-0_0_3_24_33_29_29_30-102-44.jpg	finetune_quant_dataset/quant_2288.jpg	30F7F2905595A8638FDFC1E4F64B91197E30F8C80F222E76C8821D74D21EFBA1	720	1160	0.551724137931	121	0
2289	yellow_single	old	train	train	2	D:\Yolo_LPR_RK3568_FPGA_Project\1_PC_Training\datasets\yolo_format\images\train\crpd_46_0145.jpg	finetune_quant_dataset/quant_2289.jpg	C86AB591CE6388F4DE377FBD4B88C0954A61C4F84199AE7F1204F54614E6BC69	1600	1200	0.4	0	80
2290	green	old	train	train	1	D:\Yolo_LPR_RK3568_FPGA_Project\1_PC_Training\datasets\yolo_format\images\train\ccpd_green_train_303167534722222222-90_95-156&495_512&585-512&585_180&581_156&499_506&495-0_0_3_24_28_33_33_24-102-184.jpg	finetune_quant_dataset/quant_2290.jpg	A49CCC79C17A7464C9F9EBCCACA6D4CDD720B3CC3F39CE15D7BBBDB7B8FEF937	720	1160	0.551724137931	121	0
2291	blue	old	train	train	0,2	D:\Yolo_LPR_RK3568_FPGA_Project\1_PC_Training\datasets\yolo_format\images\train\crpd_65_0965.jpg	finetune_quant_dataset/quant_2291.jpg	F4285BAAC6C33C5041E049CAF52FBFF35CAF7FE17E83B88FD833013CA5B5E058	1920	1080	0.333333333333	0	140
2292	yellow_single	old	train	train	2	D:\Yolo_LPR_RK3568_FPGA_Project\1_PC_Training\datasets\yolo_format\images\train\crpd_56_0806.jpg	finetune_quant_dataset/quant_2292.jpg	651BB54D71D1D652E0E8FEA1A79DAC5C441FD3B2AE70E0369215CF2D605E07C1	1920	1080	0.333333333333	0	140
2293	yellow_single	old	train	train	0,2	D:\Yolo_LPR_RK3568_FPGA_Project\1_PC_Training\datasets\yolo_format\images\train\crpd_54_0539.jpg	finetune_quant_dataset/quant_2293.jpg	2EA786B5F48393CDB4F05698ED71292E6F2F6981D29A1A6AF629BF053561AEB3	1920	1080	0.333333333333	0	140
2294	green	old	train	train	1	D:\Yolo_LPR_RK3568_FPGA_Project\1_PC_Training\datasets\yolo_format\images\train\ccpd_green_train_0145247395833-89_90-247&422_441&497-441&488_247&497_247&427_438&422-0_0_3_24_30_30_30_24-159-41.jpg	finetune_quant_dataset/quant_2294.jpg	4E4B367861EB2837F0AAB5FDDFDA007E0FA1FC838BFE7A5A4DEDD0457AA847C5	720	1160	0.551724137931	121	0
2295	blue	old	train	train	0	D:\Yolo_LPR_RK3568_FPGA_Project\1_PC_Training\datasets\yolo_format\images\train\ccpd_blue_ccpd_blur_0060-0_1-332&492_452&534-452&534_333&533_332&492_451&493-0_0_11_7_30_30_33-28-5.jpg	finetune_quant_dataset/quant_2295.jpg	DBD7EB79BF448AA9DC2EABFE6A5B76CF43EC3757736036EAB8350BB8F01DABFA	720	1160	0.551724137931	121	0
2296	other_all	old	train	train	3	D:\Yolo_LPR_RK3568_FPGA_Project\1_PC_Training\datasets\yolo_format\images\train\crpd_61_0285.jpg	finetune_quant_dataset/quant_2296.jpg	8DE9FE90C28C64CD535DD7650F9068C663CF1AA944499530BBDDB5F1F0335864	1920	1080	0.333333333333	0	140
2297	yellow_single	old	train	train	2	D:\Yolo_LPR_RK3568_FPGA_Project\1_PC_Training\datasets\yolo_format\images\train\crpd_42_1935.jpg	finetune_quant_dataset/quant_2297.jpg	10F8B5A76A93F188FE8C66A1240BEA131D0D84CBEE93C2BEB2415A6675496DE8	1920	1080	0.333333333333	0	140
2298	yellow_single	old	train	train	2	D:\Yolo_LPR_RK3568_FPGA_Project\1_PC_Training\datasets\yolo_format\images\train\crpd_66_1410.jpg	finetune_quant_dataset/quant_2298.jpg	3E5F4C8260ADBE981B95DDF7B3DC8E56BECE2CE4EFCCA1563B204B55F8AD85ED	1600	1200	0.4	0	80
2299	green	old	train	train	1	D:\Yolo_LPR_RK3568_FPGA_Project\1_PC_Training\datasets\yolo_format\images\train\ccpd_green_train_0160221354167-93_272-294&402_508&478-504&478_294&466_295&402_508&416-0_0_3_24_26_29_26_26-163-75.jpg	finetune_quant_dataset/quant_2299.jpg	EB7271CE48486C993C7BF58F38B27B4807DAC31B1CCECD58580CFDFD77F1108A	720	1160	0.551724137931	121	0
2300	other_all	old	train	train	3	D:\Yolo_LPR_RK3568_FPGA_Project\1_PC_Training\datasets\yolo_format\images\train\crpd_66_1455.jpg	finetune_quant_dataset/quant_2300.jpg	3B76FF4329726478987E356DBAF0B5C417DC45DFDB296E32944B616C0F81E240	1920	1080	0.333333333333	0	140
2301	blue	old	train	train	0	D:\Yolo_LPR_RK3568_FPGA_Project\1_PC_Training\datasets\yolo_format\images\train\ccpd_blue_ccpd_tilt_0730-32_14-253&410_501&656-464&656_253&522_290&410_501&544-0_0_22_27_23_28_27-38-58.jpg	finetune_quant_dataset/quant_2301.jpg	BA8F2BD490D52C35395C001566C739D33E0F37DAC32388059B773E76287D8B18	720	1160	0.551724137931	121	0
2302	other_all	old	train	train	3	D:\Yolo_LPR_RK3568_FPGA_Project\1_PC_Training\datasets\yolo_format\images\train\crpd_66_1499.jpg	finetune_quant_dataset/quant_2302.jpg	234E5BF9D6430C05AAC7E83E9F19B13FD8680462C1BDD175492DAB624AA277D2	1920	1080	0.333333333333	0	140
2303	blue	old	train	train	0	D:\Yolo_LPR_RK3568_FPGA_Project\1_PC_Training\datasets\yolo_format\images\train\ccpd_blue_ccpd_rotate_0657-17_17-247&309_533&501-532&501_247&410_248&309_533&400-0_0_33_15_31_24_27-103-170.jpg	finetune_quant_dataset/quant_2303.jpg	88A4954161F78CF42A6CFA7DEF4BDAEC5451E64A39FC18EC7F5B61A82D97C6E9	720	1160	0.551724137931	121	0
2304	yellow_single	old	train	train	2	D:\Yolo_LPR_RK3568_FPGA_Project\1_PC_Training\datasets\yolo_format\images\train\crpd_66_0280.jpg	finetune_quant_dataset/quant_2304.jpg	EFC20ECA18F3F3C7C0FA5DD244BAD1ED596E8D158D6D9910469F5347D8DAD64D	1600	1200	0.4	0	80
2305	blue	old	train	train	0,0,0	D:\Yolo_LPR_RK3568_FPGA_Project\1_PC_Training\datasets\yolo_format\images\train\crpd_49_1217.jpg	finetune_quant_dataset/quant_2305.jpg	00A6A77F530019DC608CFC01AD28BE50E516E5E384BD44447579850E10C38865	1600	1200	0.4	0	80
2306	other_all	special	train	教练车牌	3	D:\Yolo_LPR_RK3568_FPGA_Project\1_PC_Training\datasets\特殊车牌\image\教练车牌\粤C1147学.jpg	finetune_quant_dataset/quant_2306.jpg	7F9115934ED682DE27B262F5B4B92D2DF9A1628BC6EEE2A7285730E52F5C2CC9	1600	1200	0.4	0	80
2307	green	old	train	train	1	D:\Yolo_LPR_RK3568_FPGA_Project\1_PC_Training\datasets\yolo_format\images\train\ccpd_green_train_0107552083333-88_263-301&377_478&438-478&432_308&438_301&385_470&377-0_0_5_24_24_25_24_32-131-55.jpg	finetune_quant_dataset/quant_2307.jpg	6B1C87CE05DD39D5FD07BEB67DED9A167356205CCC361E4CEC16746279599609	720	1160	0.551724137931	121	0
2308	other_all	old	train	train	3	D:\Yolo_LPR_RK3568_FPGA_Project\1_PC_Training\datasets\yolo_format\images\train\crpd_66_1659.jpg	finetune_quant_dataset/quant_2308.jpg	CF7D8B28207BD7EED3C44F946A8C73DBDD072E14A0495AB12A14EE8A05563159	1920	1080	0.333333333333	0	140
2309	other_all	old	train	train	0,3	D:\Yolo_LPR_RK3568_FPGA_Project\1_PC_Training\datasets\yolo_format\images\train\crpd_65_0376.jpg	finetune_quant_dataset/quant_2309.jpg	4B3F93665213520D04E2E023341462BF0405A7120A97BA655FB2742763A1AD91	1920	1080	0.333333333333	0	140
2310	green	old	train	train	1	D:\Yolo_LPR_RK3568_FPGA_Project\1_PC_Training\datasets\yolo_format\images\train\ccpd_green_train_0276486545139-90_268-219&377_526&468-521&468_221&465_219&377_526&380-0_0_3_25_32_31_33_33-139-144.jpg	finetune_quant_dataset/quant_2310.jpg	455CD802A44ADAC457CAE5697E1C1AE43744773E875EF7D63E604477EA962751	720	1160	0.551724137931	121	0
2311	yellow_single	old	train	train	2	D:\Yolo_LPR_RK3568_FPGA_Project\1_PC_Training\datasets\yolo_format\images\train\crpd_1 (647).jpg	finetune_quant_dataset/quant_2311.jpg	5AFB402773AEDC19F71B433B0A0AE3AFF3BD76E9015ECCEB570BCAEEF9E378DE	1628	1236	0.39312039312	0	77
2312	blue	old	train	train	0	D:\Yolo_LPR_RK3568_FPGA_Project\1_PC_Training\datasets\yolo_format\images\train\ccpd_blue_ccpd_weather_0296-9_6-234&470_446&587-446&552_238&587_234&505_442&470-0_0_1_24_33_31_27-63-18.jpg	finetune_quant_dataset/quant_2312.jpg	5753B4EB6D0EF9BA55A3B6BFC50AA0FF81BF907E0D685AABC3C0ED9C9A8DE1E1	720	1160	0.551724137931	121	0
2313	yellow_single	old	train	train	2	D:\Yolo_LPR_RK3568_FPGA_Project\1_PC_Training\datasets\yolo_format\images\train\crpd_46_0120.jpg	finetune_quant_dataset/quant_2313.jpg	93F254394356864629BF716C07565888CBB4A4DD660F7B064E25152A6E0F9E3A	1920	1080	0.333333333333	0	140
2314	yellow_single	old	train	train	2	D:\Yolo_LPR_RK3568_FPGA_Project\1_PC_Training\datasets\yolo_format\images\train\crpd_1 (226).jpg	finetune_quant_dataset/quant_2314.jpg	1AEF42E93B0369E2C48E272D6D079CCE722BE8EF2C19696A00C6716D55774873	1628	1236	0.39312039312	0	77
2315	other_all	special	train	教练车牌	3	D:\Yolo_LPR_RK3568_FPGA_Project\1_PC_Training\datasets\特殊车牌\image\教练车牌\粤C2259学.jpg	finetune_quant_dataset/quant_2315.jpg	1A84F130641E89C8A55704CC20497C2150B89829D009FAE9EF1389C12A4F774E	1600	1200	0.4	0	80
2316	blue	old	train	train	0	D:\Yolo_LPR_RK3568_FPGA_Project\1_PC_Training\datasets\yolo_format\images\train\ccpd_blue_ccpd_rotate_0262-27_0-244&562_409&695-375&695_244&626_278&562_409&631-0_0_9_31_21_30_31-150-188.jpg	finetune_quant_dataset/quant_2316.jpg	F16EEB014D7CA7EAA2CC622B8886AF801DFC8D2E5EC3B73D77870179D0BC2A9B	720	1160	0.551724137931	121	0
2317	green	old	train	train	1	D:\Yolo_LPR_RK3568_FPGA_Project\1_PC_Training\datasets\yolo_format\images\train\ccpd_green_train_0256499565972-90_265-172&459_479&543-472&543_178&541_172&459_479&461-0_0_3_24_29_28_32_28-107-29.jpg	finetune_quant_dataset/quant_2317.jpg	DE3200FEE9B604A62E257FF98A1F8C11ABCC6043534143C5FB1E2FEB35BA8F81	720	1160	0.551724137931	121	0
2318	other_all	old	train	train	3	D:\Yolo_LPR_RK3568_FPGA_Project\1_PC_Training\datasets\yolo_format\images\train\crpd_66_1105.jpg	finetune_quant_dataset/quant_2318.jpg	2F3C2DEED19A3FEC045A53B7FAF2495E514F6218E6059A4D63CB2AF286460D52	1600	1200	0.4	0	80
2319	other_all	old	train	train	3	D:\Yolo_LPR_RK3568_FPGA_Project\1_PC_Training\datasets\yolo_format\images\train\crpd_66_0521.jpg	finetune_quant_dataset/quant_2319.jpg	037BEB4A4A260F69AED3CDEFEA19E327935B67A042721070930169B5448B9D69	1920	1080	0.333333333333	0	140
2320	blue	old	train	train	0,0	D:\Yolo_LPR_RK3568_FPGA_Project\1_PC_Training\datasets\yolo_format\images\train\crpd_36_0848.jpg	finetune_quant_dataset/quant_2320.jpg	40884620D8D8AC7CC84777A7C147B18C83A60C18D0420BF42F52FCB0A652C876	1600	1200	0.4	0	80
2321	green	old	train	train	1	D:\Yolo_LPR_RK3568_FPGA_Project\1_PC_Training\datasets\yolo_format\images\train\ccpd_green_train_00966796875-92_90-263&461_428&520-428&520_263&514_263&461_427&468-0_0_3_24_31_25_31_31-116-94.jpg	finetune_quant_dataset/quant_2321.jpg	5B330F71A53CCA1510359083256B0E98F26FC79CB146C862B7EE18CDFCC9CE92	720	1160	0.551724137931	121	0
2322	other_all	special	train	香港出入境车牌	3	D:\Yolo_LPR_RK3568_FPGA_Project\1_PC_Training\datasets\特殊车牌\image\香港出入境车牌\粤Z4338港.jpg	finetune_quant_dataset/quant_2322.jpg	2C8F7A1080A8E12A76E536D09CF97A194C829E1614FEE90398B1DC7B2E0C5FB2	1600	1200	0.4	0	80
2323	blue	old	train	train	0	D:\Yolo_LPR_RK3568_FPGA_Project\1_PC_Training\datasets\yolo_format\images\train\ccpd_blue_ccpd_rotate_0265-26_16-358&434_505&585-505&519_373&585_358&500_490&434-0_0_24_26_18_27_29-78-28.jpg	finetune_quant_dataset/quant_2323.jpg	114519AB490E4A57663E2B7A16E107BFA3781947EB7199DED0892339FE073277	720	1160	0.551724137931	121	0
2324	blue	old	train	train	0,0	D:\Yolo_LPR_RK3568_FPGA_Project\1_PC_Training\datasets\yolo_format\images\train\crpd_59_0328.jpg	finetune_quant_dataset/quant_2324.jpg	4F7098872E795A5E22F76CB1610FF23D7C4F78C2651F160406E6C3EDD00903B8	1920	1080	0.333333333333	0	140
2325	other_all	special	train	澳门出入境车牌	3	D:\Yolo_LPR_RK3568_FPGA_Project\1_PC_Training\datasets\特殊车牌\image\澳门出入境车牌\粤Z9008澳.jpg	finetune_quant_dataset/quant_2325.jpg	A1F7F296360DC761880608FEFE778EE0DE0FB3E666BC20AF7386335F09BF66DE	1600	1200	0.4	0	80
2326	other_all	old	train	train	0,3	D:\Yolo_LPR_RK3568_FPGA_Project\1_PC_Training\datasets\yolo_format\images\train\crpd_62_2086.jpg	finetune_quant_dataset/quant_2326.jpg	A1651799C9F58C124D30801A4E3D916D634A4A8D83715224C1CA6252902712AA	2592	1936	0.246913580247	0	81
2327	blue	old	train	train	0	D:\Yolo_LPR_RK3568_FPGA_Project\1_PC_Training\datasets\yolo_format\images\train\ccpd_blue_ccpd_blur_0251-3_10-239&447_483&533-483&533_248&519_239&447_474&461-0_0_6_30_19_33_33-104-6.jpg	finetune_quant_dataset/quant_2327.jpg	3869E0B3D6E34D3534C871EB404CB5DADDC2E3DCB2C74C607A7ECED809AD53B0	720	1160	0.551724137931	121	0
2328	other_all	old	train	train	3	D:\Yolo_LPR_RK3568_FPGA_Project\1_PC_Training\datasets\yolo_format\images\train\crpd_66_1254.jpg	finetune_quant_dataset/quant_2328.jpg	3D55F23F9E75DE4A402605D375A2F30EEE5BFCC608333E6323CC0F87CAB26C39	1920	1080	0.333333333333	0	140
2329	blue	old	train	train	0	D:\Yolo_LPR_RK3568_FPGA_Project\1_PC_Training\datasets\yolo_format\images\train\crpd_39_0802.jpg	finetune_quant_dataset/quant_2329.jpg	4B955FBBFC127EADDF88081FB4DDD67353882076FBA4F92C11C88F63282D034C	1920	1080	0.333333333333	0	140
2330	green	old	train	train	1	D:\Yolo_LPR_RK3568_FPGA_Project\1_PC_Training\datasets\yolo_format\images\train\ccpd_green_train_0270703125-90_264-224&425_532&514-531&505_232&514_224&428_532&425-0_0_3_24_33_29_29_30-154-411.jpg	finetune_quant_dataset/quant_2330.jpg	FE084DEDEF6449E8A8CFEDA8F4A5ECBEB2FDE4193FC32787EB41F9002D69E7AD	720	1160	0.551724137931	121	0
2331	blue	old	train	train	0	D:\Yolo_LPR_RK3568_FPGA_Project\1_PC_Training\datasets\yolo_format\images\train\ccpd_blue_ccpd_fn_0038-0_1-299&506_399&538-398&538_299&538_300&506_399&506-19_0_30_11_4_29_30-98-16.jpg	finetune_quant_dataset/quant_2331.jpg	058420CD0D156116F514C5DD5E962D053D2B86FCB942346B43805C59EAEBA8F6	720	1160	0.551724137931	121	0
2332	other_all	special	val	警用车牌	3	D:\Yolo_LPR_RK3568_FPGA_Project\1_PC_Training\datasets\特殊车牌\image\警用车牌\粤AZ002警.jpg	finetune_quant_dataset/quant_2332.jpg	95F9F254917CF185AB219F3328BF0AA9A289EC09213358BAD08D8F3A4A605855	1600	1200	0.4	0	80
2333	blue	old	train	train	0	D:\Yolo_LPR_RK3568_FPGA_Project\1_PC_Training\datasets\yolo_format\images\train\ccpd_blue_ccpd_challenge_0150-1_1-240&442_428&509-428&509_240&504_240&442_428&447-0_0_27_25_29_14_25-89-7.jpg	finetune_quant_dataset/quant_2333.jpg	076E6A59F97F3218EF09E607A10E68D363A57513B00B06656FA6B89915145982	720	1160	0.551724137931	121	0
2334	blue	old	train	train	0	D:\Yolo_LPR_RK3568_FPGA_Project\1_PC_Training\datasets\yolo_format\images\train\crpd_61_0124.jpg	finetune_quant_dataset/quant_2334.jpg	C48CD1CAF2FD2467DE3B262189FCB130F10454FC2B526797EAD4E1566A0343A9	1920	1080	0.333333333333	0	140
2335	other_all	old	train	train	3	D:\Yolo_LPR_RK3568_FPGA_Project\1_PC_Training\datasets\yolo_format\images\train\crpd_66_0348.jpg	finetune_quant_dataset/quant_2335.jpg	9F6621CCDBB6EA8A15E85FA4384A9BB672C61FCCD072478AC5CF5017966F1067	1920	1080	0.333333333333	0	140
2336	blue	old	train	train	0	D:\Yolo_LPR_RK3568_FPGA_Project\1_PC_Training\datasets\yolo_format\images\train\crpd_59_0160.jpg	finetune_quant_dataset/quant_2336.jpg	4125578692BED050189486891E37287B2E95D77287B991899457B972BD0CCDE9	1920	1080	0.333333333333	0	140
2337	yellow_single	old	train	train	2	D:\Yolo_LPR_RK3568_FPGA_Project\1_PC_Training\datasets\yolo_format\images\train\crpd_54_0495.jpg	finetune_quant_dataset/quant_2337.jpg	A6BB6C470502C2C1D960237E04FAEA4006269EC1C97C3C575E42C9546D38C366	1920	1080	0.333333333333	0	140
2338	other_all	old	train	train	3	D:\Yolo_LPR_RK3568_FPGA_Project\1_PC_Training\datasets\yolo_format\images\train\crpd_66_1141.jpg	finetune_quant_dataset/quant_2338.jpg	D969C28A6BFBD7A31AB2BB3F60F9977E22CD899B04EBD245C13F7C23FD7E39CF	1600	1200	0.4	0	80
2339	yellow_single	old	train	train	2	D:\Yolo_LPR_RK3568_FPGA_Project\1_PC_Training\datasets\yolo_format\images\train\crpd_39_0658.jpg	finetune_quant_dataset/quant_2339.jpg	A1E2843BB8C9A9CE38A41E7B0827242B029978F0593A1192509935B308D064AD	1920	1080	0.333333333333	0	140
2340	green	old	train	train	1	D:\Yolo_LPR_RK3568_FPGA_Project\1_PC_Training\datasets\yolo_format\images\train\ccpd_green_train_057373046875-91_91-140&423_563&560-561&560_140&548_145&423_563&437-0_0_3_25_30_24_24_32-69-316.jpg	finetune_quant_dataset/quant_2340.jpg	87B963E655ADB4ADEA62BA6D343090A5A29807C834CB8E83D0FC4C54432CF757	720	1160	0.551724137931	121	0
2341	green	old	train	train	1	D:\Yolo_LPR_RK3568_FPGA_Project\1_PC_Training\datasets\yolo_format\images\train\ccpd_green_train_0199934895833-90_90-259&439_508&520-508&520_259&512_259&441_507&439-0_0_3_24_29_24_28_24-102-40.jpg	finetune_quant_dataset/quant_2341.jpg	43DABA574B163B1273E76A07BE70B60E66944A4862ABE5652FA3814D86B9DE4D	720	1160	0.551724137931	121	0
2342	yellow_single	old	train	train	2	D:\Yolo_LPR_RK3568_FPGA_Project\1_PC_Training\datasets\yolo_format\images\train\crpd_55_0672.jpg	finetune_quant_dataset/quant_2342.jpg	479E294F4F3311AC0757383281BEE5A6CD2163B791CFCA611D6227F27E488CB2	1920	1080	0.333333333333	0	140
2343	green	old	train	train	1	D:\Yolo_LPR_RK3568_FPGA_Project\1_PC_Training\datasets\yolo_format\images\train\ccpd_green_train_0134548611111-89_264-136&478_336&546-336&541_142&546_136&483_330&478-0_0_3_24_31_24_33_24-109-139.jpg	finetune_quant_dataset/quant_2343.jpg	E4059AFDDF7EF22A9FA402041F9A083B7F4AF1D6C26394C70E261D5FA041ECEA	720	1160	0.551724137931	121	0
2344	yellow_single	old	train	train	2	D:\Yolo_LPR_RK3568_FPGA_Project\1_PC_Training\datasets\yolo_format\images\train\crpd_45_0779.jpg	finetune_quant_dataset/quant_2344.jpg	49BCB285E44144C5C6367A7A07710552541B823B6AEADE760620ED1846CB560D	1920	1080	0.333333333333	0	140
2345	other_all	old	train	train	3	D:\Yolo_LPR_RK3568_FPGA_Project\1_PC_Training\datasets\yolo_format\images\train\crpd_66_0894.jpg	finetune_quant_dataset/quant_2345.jpg	4896B0C34D53FA20A13C6CA0929632EF86837E85E860A6008E62855E7E10FAEE	1920	1080	0.333333333333	0	140
2346	blue	old	train	train	0	D:\Yolo_LPR_RK3568_FPGA_Project\1_PC_Training\datasets\yolo_format\images\train\crpd_42_2227.jpg	finetune_quant_dataset/quant_2346.jpg	F67015CB0D6518C20BFB4DF2BA97E0223B9F90B189B0F83F50A26E35B1B884F4	1920	1080	0.333333333333	0	140
2347	yellow_single	old	train	train	2	D:\Yolo_LPR_RK3568_FPGA_Project\1_PC_Training\datasets\yolo_format\images\train\crpd_36_0526.jpg	finetune_quant_dataset/quant_2347.jpg	FBACEFE683EE2CC45426E724519C851EAB0B037DAC812D8A3EC8B7B4B07C000E	1920	1080	0.333333333333	0	140
2348	blue	old	train	train	0	D:\Yolo_LPR_RK3568_FPGA_Project\1_PC_Training\datasets\yolo_format\images\train\ccpd_blue_ccpd_db_0321-5_11-185&461_436&568-436&568_195&546_185&461_426&483-0_0_22_24_21_27_31-25-3.jpg	finetune_quant_dataset/quant_2348.jpg	CB2EF390D379DDD7CFF114CFA17BFA0B832413361BEE1CBA4B1F976D2A9348CD	720	1160	0.551724137931	121	0
2349	other_all	special	test	警用车牌	3	D:\Yolo_LPR_RK3568_FPGA_Project\1_PC_Training\datasets\特殊车牌\image\警用车牌\粤C5005警.jpg	finetune_quant_dataset/quant_2349.jpg	D09E97F1BF767ED45307DDCF607443928909E3C843628CFA526A41181154DEAB	1600	1200	0.4	0	80
2350	other_all	old	train	train	3	D:\Yolo_LPR_RK3568_FPGA_Project\1_PC_Training\datasets\yolo_format\images\train\crpd_66_0159.jpg	finetune_quant_dataset/quant_2350.jpg	BAB3EA494D3923774C3D7E5D177DF387EEC8F09542A2337570051313E633FAD9	1920	1080	0.333333333333	0	140
2351	green	old	train	train	1	D:\Yolo_LPR_RK3568_FPGA_Project\1_PC_Training\datasets\yolo_format\images\train\ccpd_green_train_0158268229167-89_261-187&479_408&551-408&551_197&548_187&483_399&479-0_0_3_24_27_25_29_30-155-14.jpg	finetune_quant_dataset/quant_2351.jpg	D8821E932D9AAF9A5D92C467028B070E49D2F27FF338C31F7C84D7318AF55ECE	720	1160	0.551724137931	121	0
2352	yellow_single	old	train	train	2	D:\Yolo_LPR_RK3568_FPGA_Project\1_PC_Training\datasets\yolo_format\images\train\crpd_53_0263.jpg	finetune_quant_dataset/quant_2352.jpg	18FA7A31E67F7C44887E4689CBBD39B687C4672E6ED11AFF7AA833685BC0ABB4	1920	1080	0.333333333333	0	140
2353	green	old	train	train	1	D:\Yolo_LPR_RK3568_FPGA_Project\1_PC_Training\datasets\yolo_format\images\train\ccpd_green_train_3012919921875-90_95-310&482_499&551-495&551_310&550_315&482_499&490-0_0_5_24_24_25_33_32-119-89.jpg	finetune_quant_dataset/quant_2353.jpg	D94798F01DC11B1DC4D1AC19282D3B8C4396C87586C030F7AFDCBC3FE9374CF3	720	1160	0.551724137931	121	0
2354	other_all	special	val	香港出入境车牌	3	D:\Yolo_LPR_RK3568_FPGA_Project\1_PC_Training\datasets\特殊车牌\image\香港出入境车牌\粤Z4A44港.jpg	finetune_quant_dataset/quant_2354.jpg	0658B88C11BE3787F8FDB99EC423B60C90D8381CCA1FAA1A550FCFA2C7FE8910	1600	1200	0.4	0	80
2355	other_all	special	train	警用车牌	3	D:\Yolo_LPR_RK3568_FPGA_Project\1_PC_Training\datasets\特殊车牌\image\警用车牌\粤C0308警.jpg	finetune_quant_dataset/quant_2355.jpg	95A2A7AB09D2454532FC28AE81CB613C80CAA7C73AFD1B726216CD25BC8C3AE7	1600	1200	0.4	0	80
2356	green	old	train	train	1	D:\Yolo_LPR_RK3568_FPGA_Project\1_PC_Training\datasets\yolo_format\images\train\ccpd_green_train_308883680555555555-90_94-30&414_718&544-710&544_56&539_30&418_718&414-0_0_3_24_27_32_31_31-111-267.jpg	finetune_quant_dataset/quant_2356.jpg	AF4D535610A247A3FD664484AD005864C74EF33E0BE1A3F2CA983083E14B59F5	720	1160	0.551724137931	121	0
2357	blue	old	train	train	0	D:\Yolo_LPR_RK3568_FPGA_Project\1_PC_Training\datasets\yolo_format\images\train\crpd_49_1370.jpg	finetune_quant_dataset/quant_2357.jpg	BFCBA0517620E3BC7BF7E2B0160AB2B18467D4B667FBB27F4F43C095C72A734E	1600	1200	0.4	0	80
2358	other_all	old	train	train	3	D:\Yolo_LPR_RK3568_FPGA_Project\1_PC_Training\datasets\yolo_format\images\train\crpd_44_1315.jpg	finetune_quant_dataset/quant_2358.jpg	E2C9CE109FF8257B8F8E27B26CEFE2460AB802A647A3ED59B6DBCF6B104A1ADB	1920	1080	0.333333333333	0	140
2359	green	old	train	train	1	D:\Yolo_LPR_RK3568_FPGA_Project\1_PC_Training\datasets\yolo_format\images\train\ccpd_green_train_0310818142361-90_93-202&459_539&552-536&552_205&551_202&462_539&459-0_0_3_24_25_24_30_29-93-116.jpg	finetune_quant_dataset/quant_2359.jpg	CBF1A875B77079C431B800EBB2B947E7AF19C9E629A3DD1A3A9466E4DEDC5169	720	1160	0.551724137931	121	0
2360	other_all	special	test	香港出入境车牌	3	D:\Yolo_LPR_RK3568_FPGA_Project\1_PC_Training\datasets\特殊车牌\image\香港出入境车牌\粤Z9L71港.jpg	finetune_quant_dataset/quant_2360.jpg	FBFC895EBCF0A583328BB9A5C1B75BA69101B622FEE04016C9211190210DC4E0	1600	1200	0.4	0	80
2361	green	old	train	train	1	D:\Yolo_LPR_RK3568_FPGA_Project\1_PC_Training\datasets\yolo_format\images\train\ccpd_green_train_00889756944444-88_266-238&432_402&486-402&480_242&486_238&439_396&432-0_0_3_24_26_25_24_26-142-28.jpg	finetune_quant_dataset/quant_2361.jpg	2F8DF211B18B134B9BF932B64D23F1DADBD6934C828D7D2F34782A7D5D66F7AB	720	1160	0.551724137931	121	0
2362	yellow_single	old	train	train	2	D:\Yolo_LPR_RK3568_FPGA_Project\1_PC_Training\datasets\yolo_format\images\train\crpd_57_0156.jpg	finetune_quant_dataset/quant_2362.jpg	24D561C6D2855AC85D9AC316A4652CDEFB28A2C70238FBFFAF5BC760CEB4F17D	1920	1080	0.333333333333	0	140
2363	other_all	old	train	train	3	D:\Yolo_LPR_RK3568_FPGA_Project\1_PC_Training\datasets\yolo_format\images\train\crpd_66_1429.jpg	finetune_quant_dataset/quant_2363.jpg	74948D4AD2F621E2B4697A14CFAD9DBD8C0BA794AAC14E666C4C1D64990C7133	1600	1200	0.4	0	80
2364	green	old	train	train	1	D:\Yolo_LPR_RK3568_FPGA_Project\1_PC_Training\datasets\yolo_format\images\train\ccpd_green_train_0367317708333-90_266-178&406_542&507-539&501_184&507_178&410_542&406-0_0_3_24_32_30_25_31-113-236.jpg	finetune_quant_dataset/quant_2364.jpg	2C488AAE03D35903D662A32A99F3FFE86C64F4F8D1F8CA25861350BF2AEE6EE6	720	1160	0.551724137931	121	0
2365	blue	old	train	train	0,0,0	D:\Yolo_LPR_RK3568_FPGA_Project\1_PC_Training\datasets\yolo_format\images\train\crpd_56_0963.jpg	finetune_quant_dataset/quant_2365.jpg	C155ABD3D2BEC714481025397D214B023ACDB148F47293FD478CF9FC756CAC1A	1920	1080	0.333333333333	0	140
2366	other_all	old	train	train	3	D:\Yolo_LPR_RK3568_FPGA_Project\1_PC_Training\datasets\yolo_format\images\train\crpd_66_0587.jpg	finetune_quant_dataset/quant_2366.jpg	DE3E19E9FC06BA1038D07FC011BD089BB410CDEE27746F7E101B0ADF22C9C8A5	1920	1080	0.333333333333	0	140
2367	blue	old	train	train	0	D:\Yolo_LPR_RK3568_FPGA_Project\1_PC_Training\datasets\yolo_format\images\train\crpd_49_1387.jpg	finetune_quant_dataset/quant_2367.jpg	9CB7520E803DA63EC332BAC16DC7754A3C164FF35A2C2619E73F6E3EDE690AD7	1600	1200	0.4	0	80
2368	blue	old	train	train	0	D:\Yolo_LPR_RK3568_FPGA_Project\1_PC_Training\datasets\yolo_format\images\train\crpd_39_0010.jpg	finetune_quant_dataset/quant_2368.jpg	9C0EEB8AFA8D07DAACE94CBAF65B02D88B03C7017CB8C1FECBF0B1B1616E16CE	1600	1200	0.4	0	80
2369	blue	old	train	train	0	D:\Yolo_LPR_RK3568_FPGA_Project\1_PC_Training\datasets\yolo_format\images\train\ccpd_blue_ccpd_blur_0232-1_7-205&466_428&553-428&547_218&553_205&472_415&466-0_0_22_18_24_31_32-52-4.jpg	finetune_quant_dataset/quant_2369.jpg	D6BE983B5430DDD0DCD37F2B705CCBB7A0D3855DAA96554886A2A655386B5E2F	720	1160	0.551724137931	121	0
2370	blue	old	train	train	0	D:\Yolo_LPR_RK3568_FPGA_Project\1_PC_Training\datasets\yolo_format\images\train\ccpd_blue_ccpd_db_0241-1_21-232&437_469&522-469&522_259&515_232&437_442&444-0_0_28_25_24_24_33-23-1.jpg	finetune_quant_dataset/quant_2370.jpg	6BBD444FC987D36109C956537E83C76334E51AB7D3B3117AA50C52239F46F3E7	720	1160	0.551724137931	121	0
2371	yellow_single	old	train	train	2	D:\Yolo_LPR_RK3568_FPGA_Project\1_PC_Training\datasets\yolo_format\images\train\crpd_66_1727.jpg	finetune_quant_dataset/quant_2371.jpg	AEC370F3A7E39601B3782749E611F200B3F7E08D234E51C740A93114237F8290	1920	1080	0.333333333333	0	140
2372	other_all	old	train	train	3	D:\Yolo_LPR_RK3568_FPGA_Project\1_PC_Training\datasets\yolo_format\images\train\crpd_66_1743.jpg	finetune_quant_dataset/quant_2372.jpg	CC657FFEA2404DEC8928C1B5192A3A14E5C40597BE53A7B3D61A834F940E48D1	1920	1080	0.333333333333	0	140
2373	green	old	train	train	1	D:\Yolo_LPR_RK3568_FPGA_Project\1_PC_Training\datasets\yolo_format\images\train\ccpd_green_train_0277604166667-91_105-240&486_552&576-552&576_259&570_240&489_532&486-0_0_3_24_30_28_31_31-90-137.jpg	finetune_quant_dataset/quant_2373.jpg	C0D705CA056D136D7C7F9E557795C73F73A5CDCF5D66B078F753DA009CE653B2	720	1160	0.551724137931	121	0
2374	yellow_single	old	train	train	2	D:\Yolo_LPR_RK3568_FPGA_Project\1_PC_Training\datasets\yolo_format\images\train\crpd_1 (742).jpg	finetune_quant_dataset/quant_2374.jpg	7086EC03A5F5F4020286BB8B5C4534EABB1C2A24ADD1FD89949276FCA022164D	1628	1236	0.39312039312	0	77
2375	yellow_single	old	train	train	2	D:\Yolo_LPR_RK3568_FPGA_Project\1_PC_Training\datasets\yolo_format\images\train\crpd_45_1309.jpg	finetune_quant_dataset/quant_2375.jpg	8D8D5719ACBD7E58E3011D20DF788DBEFCC789F0CE80C25DB070DACD83BFE434	1920	1080	0.333333333333	0	140
2376	blue	old	train	train	0	D:\Yolo_LPR_RK3568_FPGA_Project\1_PC_Training\datasets\yolo_format\images\train\ccpd_blue_ccpd_fn_0081-24_25-375&453_451&543-450&509_375&543_376&487_451&453-0_0_26_25_30_9_29-65-10.jpg	finetune_quant_dataset/quant_2376.jpg	9504803DEE0B8E06A5039601160EFB420F7301E12A948ECEF024ECA1B7D13685	720	1160	0.551724137931	121	0
2377	other_all	special	train	教练车牌	3	D:\Yolo_LPR_RK3568_FPGA_Project\1_PC_Training\datasets\特殊车牌\image\教练车牌\粤C1442学.jpg	finetune_quant_dataset/quant_2377.jpg	F8ADA15A9FF9E2097F39CA7C774548BEC785DFE5790F1AB8374DF727944F357B	1600	1200	0.4	0	80
2378	other_all	special	val	澳门出入境车牌	3	D:\Yolo_LPR_RK3568_FPGA_Project\1_PC_Training\datasets\特殊车牌\image\澳门出入境车牌\粤Z2964澳.jpg	finetune_quant_dataset/quant_2378.jpg	B1B28C074A66F48C0CB157C1E5566B4A0BC3EED6DBD2099C2E59107A141693ED	1600	1200	0.4	0	80
2379	other_all	special	test	香港出入境车牌	3	D:\Yolo_LPR_RK3568_FPGA_Project\1_PC_Training\datasets\特殊车牌\image\香港出入境车牌\粤Z3351港.jpg	finetune_quant_dataset/quant_2379.jpg	637659922EA2A32AB2E24E88F9BE6BD96FBC6274C232C41E4323D3A18D4EC162	1600	1200	0.4	0	80
2380	other_all	old	train	train	3	D:\Yolo_LPR_RK3568_FPGA_Project\1_PC_Training\datasets\yolo_format\images\train\crpd_66_1078.jpg	finetune_quant_dataset/quant_2380.jpg	B35382657B4FC670440B356F8D6EC38AB3ADA9D0DA0870B42CA745AF908CC6C8	1920	1080	0.333333333333	0	140
2381	blue	old	train	train	0	D:\Yolo_LPR_RK3568_FPGA_Project\1_PC_Training\datasets\yolo_format\images\train\crpd_59_0732.jpg	finetune_quant_dataset/quant_2381.jpg	D5B23216BE24FB516359DCB26790D92B6A911BABD074B4B3ED500506CB9F174E	1600	1200	0.4	0	80
2382	green	old	train	train	1	D:\Yolo_LPR_RK3568_FPGA_Project\1_PC_Training\datasets\yolo_format\images\train\ccpd_green_train_3025625-88_90-210&485_498&575-498&561_214&575_210&486_496&485-0_0_3_24_31_24_27_27-55-56.jpg	finetune_quant_dataset/quant_2382.jpg	D36FD3E07C4FAB8F51922C040B1738600DD54889A7E69A2FE2F974C33BF65F20	720	1160	0.551724137931	121	0
2383	yellow_single	old	train	train	2	D:\Yolo_LPR_RK3568_FPGA_Project\1_PC_Training\datasets\yolo_format\images\train\crpd_42_1738.jpg	finetune_quant_dataset/quant_2383.jpg	977DEE5288028DF237325F8DF1A5793CBC911CAA32764EF99D11F663C5765820	1920	1080	0.333333333333	0	140
2384	yellow_single	old	train	train	2	D:\Yolo_LPR_RK3568_FPGA_Project\1_PC_Training\datasets\yolo_format\images\train\crpd_59_0750.jpg	finetune_quant_dataset/quant_2384.jpg	005784CDA354916FB28F37AAED74E82559E8FD6B97D34422F47B5A5EFD6F19E9	1920	1080	0.333333333333	0	140
2385	blue	old	train	train	0	D:\Yolo_LPR_RK3568_FPGA_Project\1_PC_Training\datasets\yolo_format\images\train\ccpd_blue_ccpd_challenge_0274-15_1-436&473_637&587-617&587_436&537_456&473_637&523-0_0_27_15_29_25_30-97-96.jpg	finetune_quant_dataset/quant_2385.jpg	0F98D8BB2B8F8E4319AA5650EC0E46E236947DEAF146C253F61C611A0DBC98A8	720	1160	0.551724137931	121	0
2386	green	old	train	train	1	D:\Yolo_LPR_RK3568_FPGA_Project\1_PC_Training\datasets\yolo_format\images\train\ccpd_green_train_0302083333333-90_109-179&477_499&572-499&566_201&572_179&490_472&477-0_0_3_25_32_33_33_29-72-45.jpg	finetune_quant_dataset/quant_2386.jpg	8EF6CC0679CC197991BA4C7F08B1292CAFF84E820484BC301DC02395826AFB45	720	1160	0.551724137931	121	0
2387	other_all	old	train	train	3	D:\Yolo_LPR_RK3568_FPGA_Project\1_PC_Training\datasets\yolo_format\images\train\crpd_66_1234.jpg	finetune_quant_dataset/quant_2387.jpg	78F104817887729FA9ED59439F2B15B037EF50D9B84716452D20CAACDC28CCBA	1600	1200	0.4	0	80
2388	yellow_single	old	train	train	2	D:\Yolo_LPR_RK3568_FPGA_Project\1_PC_Training\datasets\yolo_format\images\train\crpd_57_0553.jpg	finetune_quant_dataset/quant_2388.jpg	1A4F98C8CE7224FCE5845124B877DFCA1CEB6C5C831302120AB35EB019213CD3	1920	1080	0.333333333333	0	140
2389	yellow_single	old	train	train	0,2	D:\Yolo_LPR_RK3568_FPGA_Project\1_PC_Training\datasets\yolo_format\images\train\crpd_45_1100.jpg	finetune_quant_dataset/quant_2389.jpg	59AA6296BD99C63F05154C33E7ECFC70A8DC3A3715300FD9BA7FCE23D51DFFDA	1920	1080	0.333333333333	0	140
2390	yellow_single	old	train	train	2	D:\Yolo_LPR_RK3568_FPGA_Project\1_PC_Training\datasets\yolo_format\images\train\crpd_56_0649.jpg	finetune_quant_dataset/quant_2390.jpg	C598E902AF0871654E763C0A84F9994E386E0BF6AB88CABE7F88575433BC7C6B	1920	1080	0.333333333333	0	140
2391	green	old	train	train	1	D:\Yolo_LPR_RK3568_FPGA_Project\1_PC_Training\datasets\yolo_format\images\train\ccpd_green_train_0256640625-90_269-125&523_417&611-417&611_125&606_126&524_415&523-0_0_5_25_33_33_33_33-191-17.jpg	finetune_quant_dataset/quant_2391.jpg	D57A553B0532B1992BCC11222BC28C4F5A95F2B575AE1019A05574625180DD0C	720	1160	0.551724137931	121	0
2392	blue	old	train	train	0	D:\Yolo_LPR_RK3568_FPGA_Project\1_PC_Training\datasets\yolo_format\images\train\ccpd_blue_ccpd_tilt_0104-18_27-255&448_355&535-355&535_264&505_255&448_346&478-0_0_22_24_32_29_5-105-31.jpg	finetune_quant_dataset/quant_2392.jpg	1A3FEE65713DC8217C1EF8A3BA2C41D223DC6D4B72E1BA335E23B6AEF634D416	720	1160	0.551724137931	121	0
2393	other_all	special	train	香港出入境车牌	3	D:\Yolo_LPR_RK3568_FPGA_Project\1_PC_Training\datasets\特殊车牌\image\香港出入境车牌\粤Z5331港.jpg	finetune_quant_dataset/quant_2393.jpg	5B419089849C9C66C5AC4368B0B8AB87159833F2D06D36C8C20E3D1C0F42F58A	1600	1200	0.4	0	80
2394	blue	old	train	train	0,0	D:\Yolo_LPR_RK3568_FPGA_Project\1_PC_Training\datasets\yolo_format\images\train\crpd_62_2136.jpg	finetune_quant_dataset/quant_2394.jpg	552FC449F03B772B16F2526D5A7DB7D9CED786636430F843E4A97481C22D5B06	2592	1936	0.246913580247	0	81
2395	green	old	train	train	1	D:\Yolo_LPR_RK3568_FPGA_Project\1_PC_Training\datasets\yolo_format\images\train\ccpd_green_train_015048828125-92_270-238&372_445&445-443&445_238&443_240&372_445&381-0_0_3_24_30_29_30_31-109-21.jpg	finetune_quant_dataset/quant_2395.jpg	FAD41A9F26DCCD84E6142A4C3255D524D288C2DE0CFF1592B255EF753B62F340	720	1160	0.551724137931	121	0
2396	green	old	train	train	1	D:\Yolo_LPR_RK3568_FPGA_Project\1_PC_Training\datasets\yolo_format\images\train\ccpd_green_train_0204264322917-92_265-226&484_477&566-476&566_229&553_226&484_477&494-0_0_3_24_31_31_26_24-89-71.jpg	finetune_quant_dataset/quant_2396.jpg	55BA054C80575ACEC74D7A1C7024C10EF09AAFDB242337408CE551BB2D0D9696	720	1160	0.551724137931	121	0
2397	blue	old	train	train	0	D:\Yolo_LPR_RK3568_FPGA_Project\1_PC_Training\datasets\yolo_format\images\train\ccpd_blue_ccpd_tilt_0423-19_22-339&461_539&638-533&569_339&638_345&530_539&461-0_0_27_30_16_24_24-111-37.jpg	finetune_quant_dataset/quant_2397.jpg	A41977F73F60A4898C41B13A09EDE6ECB89F90D86150665CDFFAD4A9008E5ABE	720	1160	0.551724137931	121	0
2398	other_all	old	train	train	3	D:\Yolo_LPR_RK3568_FPGA_Project\1_PC_Training\datasets\yolo_format\images\train\crpd_66_1730.jpg	finetune_quant_dataset/quant_2398.jpg	22427D0332FDD0357D9F29BAF64E3E84432EBA746B9C99D577B72C530318D680	1920	1080	0.333333333333	0	140
2399	other_all	special	train	教练车牌	3	D:\Yolo_LPR_RK3568_FPGA_Project\1_PC_Training\datasets\特殊车牌\image\教练车牌\粤C2253学.jpg	finetune_quant_dataset/quant_2399.jpg	CC055D004FECC3200F36668BBE4BBD60929F8C4921A2C6DB4B13D6974DCFB960	1600	1200	0.4	0	80
2400	blue	old	train	train	0,2	D:\Yolo_LPR_RK3568_FPGA_Project\1_PC_Training\datasets\yolo_format\images\train\crpd_53_0043.jpg	finetune_quant_dataset/quant_2400.jpg	D7270CE17441E369F428AF6A957871F466C66E2739746E6BF1C4935E002DBBD0	1600	1200	0.4	0	80
2401	green	old	train	train	1	D:\Yolo_LPR_RK3568_FPGA_Project\1_PC_Training\datasets\yolo_format\images\train\ccpd_green_train_03748046875-90_269-214&414_556&525-555&519_215&525_214&418_556&414-0_0_3_26_33_25_26_33-123-65.jpg	finetune_quant_dataset/quant_2401.jpg	0453C414131DA126D10D3C4D225B123D3903D665CF36573E6BEC0EF81B431634	720	1160	0.551724137931	121	0
2402	green	old	train	train	1	D:\Yolo_LPR_RK3568_FPGA_Project\1_PC_Training\datasets\yolo_format\images\train\ccpd_green_train_03947265625-90_92-169&469_556&572-554&572_175&572_169&469_556&472-0_0_3_24_33_32_24_31-89-199.jpg	finetune_quant_dataset/quant_2402.jpg	D22AA24D8D81A45FBDF05CE3E45DE14D99E6B225A5AD17E9C5512CCF5867443B	720	1160	0.551724137931	121	0
2403	green	old	train	train	1	D:\Yolo_LPR_RK3568_FPGA_Project\1_PC_Training\datasets\yolo_format\images\train\ccpd_green_train_01703125-90_266-238&451_456&530-453&519_238&530_242&455_456&451-0_0_3_24_30_26_33_28-93-119.jpg	finetune_quant_dataset/quant_2403.jpg	2210FD28CC20F3E11FAE27DF3CBFC000E5B502DB12AB6E63F0CB889917AAFBA4	720	1160	0.551724137931	121	0
2404	blue	old	train	train	0,0	D:\Yolo_LPR_RK3568_FPGA_Project\1_PC_Training\datasets\yolo_format\images\train\crpd_44_1077.jpg	finetune_quant_dataset/quant_2404.jpg	44435324DD78450B46C5AB73D6733F20754B799CB1BCF8B58724603A12A2954D	1920	1080	0.333333333333	0	140
2405	other_all	special	val	教练车牌	3	D:\Yolo_LPR_RK3568_FPGA_Project\1_PC_Training\datasets\特殊车牌\image\教练车牌\粤S6077学.jpg	finetune_quant_dataset/quant_2405.jpg	FFFB34F51E61A2CA49B9CBDE8529D379333C67FEEFA679C0453C16245A39D463	1600	1200	0.4	0	80
2406	other_all	old	train	train	3	D:\Yolo_LPR_RK3568_FPGA_Project\1_PC_Training\datasets\yolo_format\images\train\crpd_66_1282.jpg	finetune_quant_dataset/quant_2406.jpg	5FF2D44371753A0DBFD189062A926F8E3B8332070F0FD485E2C73968BDAC369E	1920	1080	0.333333333333	0	140
2407	blue	old	train	train	0,0	D:\Yolo_LPR_RK3568_FPGA_Project\1_PC_Training\datasets\yolo_format\images\train\crpd_49_0849.jpg	finetune_quant_dataset/quant_2407.jpg	6AE5B6F570B9AF37EC8EBF4F50DEF2A6A65C4AD29A88C00341EEFE691908A2A2	1600	1200	0.4	0	80
2408	blue	old	train	train	0	D:\Yolo_LPR_RK3568_FPGA_Project\1_PC_Training\datasets\yolo_format\images\train\crpd_62_1694.jpg	finetune_quant_dataset/quant_2408.jpg	B3B91F5CCD9184593C41B5CE491AF57D0F8FA83ADC758EC61339CD18713C7A57	2592	1936	0.246913580247	0	81
2409	yellow_single	old	train	train	2	D:\Yolo_LPR_RK3568_FPGA_Project\1_PC_Training\datasets\yolo_format\images\train\crpd_1 (242).jpg	finetune_quant_dataset/quant_2409.jpg	16379A618C60FCED43AB0C288C8ACE631F863A2E44CA01DC378D1606554EB572	1628	1236	0.39312039312	0	77
2410	green	old	train	train	1	D:\Yolo_LPR_RK3568_FPGA_Project\1_PC_Training\datasets\yolo_format\images\train\ccpd_green_train_0395833333333-89_103-158&479_538&584-521&572_158&584_161&484_538&479-0_0_3_17_25_25_26_24-105-200.jpg	finetune_quant_dataset/quant_2410.jpg	925BF0ED0161F305C362D5FD52A615D1A16C001B9789F21DC7EF99D17C5ED0ED	720	1160	0.551724137931	121	0
2411	yellow_single	old	train	train	2	D:\Yolo_LPR_RK3568_FPGA_Project\1_PC_Training\datasets\yolo_format\images\train\crpd_54_0562.jpg	finetune_quant_dataset/quant_2411.jpg	B178ABD25531CCD901F50D1BD37666589F3D4FEEE51890C49A4821E9769C2A78	1600	1200	0.4	0	80
2412	other_all	old	train	train	3	D:\Yolo_LPR_RK3568_FPGA_Project\1_PC_Training\datasets\yolo_format\images\train\crpd_66_1547.jpg	finetune_quant_dataset/quant_2412.jpg	50DF38AA46682B7044C4FB522AFA0125FA3A2DA7C23EB7F8008382BE0DBBDA86	1920	1080	0.333333333333	0	140
2413	other_all	old	train	train	3	D:\Yolo_LPR_RK3568_FPGA_Project\1_PC_Training\datasets\yolo_format\images\train\crpd_66_0212.jpg	finetune_quant_dataset/quant_2413.jpg	756D9111F2211680F7931178B72F4B79B7D22CC3FDBFF53B73FBE5FE7FBEA3AF	1920	1080	0.333333333333	0	140
2414	blue	old	train	train	0	D:\Yolo_LPR_RK3568_FPGA_Project\1_PC_Training\datasets\yolo_format\images\train\crpd_46_1130.jpg	finetune_quant_dataset/quant_2414.jpg	6EB68DB6967E51F825DDC82B86CFE57189845045EA1D96EA1645E94E8EC2663E	1920	1080	0.333333333333	0	140
2415	other_all	special	train	香港出入境车牌	3	D:\Yolo_LPR_RK3568_FPGA_Project\1_PC_Training\datasets\特殊车牌\image\香港出入境车牌\粤ZH474港.jpg	finetune_quant_dataset/quant_2415.jpg	D6960EF61DEF5F2A36CD9919843A567F656B6EB3990CED0C7F9F0766AF3D4E8D	1600	1200	0.4	0	80
2416	yellow_single	old	train	train	2	D:\Yolo_LPR_RK3568_FPGA_Project\1_PC_Training\datasets\yolo_format\images\train\crpd_1 (83).jpg	finetune_quant_dataset/quant_2416.jpg	772AC69138C4FD00B78FC5C25816897D8ADFEA8A7C0B504A9B127D547EDA4B5D	1628	1236	0.39312039312	0	77
2417	blue	old	train	train	0	D:\Yolo_LPR_RK3568_FPGA_Project\1_PC_Training\datasets\yolo_format\images\train\ccpd_blue_ccpd_base_00641522988505-90_91-321&544_483&596-484&589_326&587_327&540_485&542-0_0_27_29_10_25_29-72-16.jpg	finetune_quant_dataset/quant_2417.jpg	17E19C7AC8722D88A585E34B49B03F5E991EE6568037295BBF656491E6B89306	720	1160	0.551724137931	121	0
2418	blue	old	train	train	0,2	D:\Yolo_LPR_RK3568_FPGA_Project\1_PC_Training\datasets\yolo_format\images\train\crpd_62_0759.jpg	finetune_quant_dataset/quant_2418.jpg	D42943AAC077A88925D939CB155DB1AA03562D4915259AE3B4B37777C81C2C28	1920	1080	0.333333333333	0	140
2419	other_all	old	train	train	3	D:\Yolo_LPR_RK3568_FPGA_Project\1_PC_Training\datasets\yolo_format\images\train\crpd_66_1437.jpg	finetune_quant_dataset/quant_2419.jpg	EAC62C72326340446578E00FD1AFBDEF68D7E528C9131C8D0C1597081D067EDF	1920	1080	0.333333333333	0	140
2420	green	old	train	train	1	D:\Yolo_LPR_RK3568_FPGA_Project\1_PC_Training\datasets\yolo_format\images\train\ccpd_green_train_019140625-90_262-232&428_484&505-484&505_240&499_232&428_475&432-0_0_3_17_24_33_27_26-139-99.jpg	finetune_quant_dataset/quant_2420.jpg	E8D5E638FE958D7D9D20CA4E39B52935BE4F3176B052C1895853D81641731218	720	1160	0.551724137931	121	0
2421	blue	old	train	train	0	D:\Yolo_LPR_RK3568_FPGA_Project\1_PC_Training\datasets\yolo_format\images\train\crpd_62_0454.jpg	finetune_quant_dataset/quant_2421.jpg	0A5709F0C4A65D28C4AB1FAD54F06A623F1FD3DFAAAF5359116B1D42952372AF	1920	1080	0.333333333333	0	140
2422	other_all	special	test	教练车牌	3	D:\Yolo_LPR_RK3568_FPGA_Project\1_PC_Training\datasets\特殊车牌\image\教练车牌\粤S3139学.jpg	finetune_quant_dataset/quant_2422.jpg	425DF56AF7A2388B2490F53A52B389AFFD25CBA9D62F325538EDB3C37C8174F0	1600	1200	0.4	0	80
2423	yellow_single	old	train	train	2	D:\Yolo_LPR_RK3568_FPGA_Project\1_PC_Training\datasets\yolo_format\images\train\crpd_1 (505).jpg	finetune_quant_dataset/quant_2423.jpg	BF29F852B7D53AD4AE314E085A4322C44B1984D8FBE1D3EC4AF4B1D5796321A7	1628	1236	0.39312039312	0	77
2424	yellow_single	old	train	train	2	D:\Yolo_LPR_RK3568_FPGA_Project\1_PC_Training\datasets\yolo_format\images\train\crpd_56_0470.jpg	finetune_quant_dataset/quant_2424.jpg	8150AA1F24AFEA0673651C71B9F8F8E663D54BBEE23F0C29EFE468676112927B	1920	1080	0.333333333333	0	140
2425	green	old	train	train	1	D:\Yolo_LPR_RK3568_FPGA_Project\1_PC_Training\datasets\yolo_format\images\train\ccpd_green_train_0128038194444-90_267-237&470_437&535-435&535_237&534_239&471_437&470-0_0_3_24_26_29_27_31-144-155.jpg	finetune_quant_dataset/quant_2425.jpg	EAE483350E5C56261E32FD543439FDD9BDFDB7AE77E05F002FD3E3C8EAFA9B99	720	1160	0.551724137931	121	0
2426	yellow_single	old	train	train	2	D:\Yolo_LPR_RK3568_FPGA_Project\1_PC_Training\datasets\yolo_format\images\train\crpd_45_1283.jpg	finetune_quant_dataset/quant_2426.jpg	C99D2E1D31A1BF89B5A45555B05CC22EAFF344A5B336BD4B308F30250D0DAE4D	1920	1080	0.333333333333	0	140
2427	other_all	old	train	train	3	D:\Yolo_LPR_RK3568_FPGA_Project\1_PC_Training\datasets\yolo_format\images\train\crpd_66_0794.jpg	finetune_quant_dataset/quant_2427.jpg	BB827AB53573814E4C38F5254D1A9CD50D71852DC41224EE142DA0B2E003A215	1920	1080	0.333333333333	0	140
2428	other_all	old	train	train	3	D:\Yolo_LPR_RK3568_FPGA_Project\1_PC_Training\datasets\yolo_format\images\train\crpd_66_0761.jpg	finetune_quant_dataset/quant_2428.jpg	12B1268A4D3641498E405026313CA4D91A0F643DC5BFB40A30CE6FA54B79E80D	1920	1080	0.333333333333	0	140
2429	other_all	old	train	train	3	D:\Yolo_LPR_RK3568_FPGA_Project\1_PC_Training\datasets\yolo_format\images\train\crpd_66_0633.jpg	finetune_quant_dataset/quant_2429.jpg	7A33642FCA022A313D63100CF8EE557FBF7ADB6E6CCF0A1EB0E6A34DC5B62B01	1920	1080	0.333333333333	0	140
2430	yellow_single	old	train	train	2	D:\Yolo_LPR_RK3568_FPGA_Project\1_PC_Training\datasets\yolo_format\images\train\crpd_1 (589).jpg	finetune_quant_dataset/quant_2430.jpg	641DF749FF85A2D9AA796A9132FB9326515EA721C1AA2ECBC8ACF5CF1008CBDD	1628	1236	0.39312039312	0	77
2431	other_all	special	test	香港出入境车牌	3	D:\Yolo_LPR_RK3568_FPGA_Project\1_PC_Training\datasets\特殊车牌\image\香港出入境车牌\粤ZD101港.jpg	finetune_quant_dataset/quant_2431.jpg	CE7133736C78840133EC6539A99244F8A9AA974FF4CD0ACD5EFB3984226334E6	1600	1200	0.4	0	80
2432	green	old	train	train	1	D:\Yolo_LPR_RK3568_FPGA_Project\1_PC_Training\datasets\yolo_format\images\train\ccpd_green_train_0200303819444-90_268-200&403_460&481-460&481_202&472_200&403_448&403-0_0_3_25_26_27_28_30-110-19.jpg	finetune_quant_dataset/quant_2432.jpg	9E37FEF840EE600A6F079972E301EA222D6DE0747E8167E2CB12153AEDD93FF9	720	1160	0.551724137931	121	0
2433	other_all	old	train	train	3	D:\Yolo_LPR_RK3568_FPGA_Project\1_PC_Training\datasets\yolo_format\images\train\crpd_66_0590.jpg	finetune_quant_dataset/quant_2433.jpg	BF5CFC1767E4307D8A3F52533A948FF4B776882FE651EAD78F850C8AA30BFC69	1600	1200	0.4	0	80
2434	blue	old	train	train	0,0,0	D:\Yolo_LPR_RK3568_FPGA_Project\1_PC_Training\datasets\yolo_format\images\train\crpd_65_0013.jpg	finetune_quant_dataset/quant_2434.jpg	48FAC73C5AFC043278E81EF05C053878A2C5ACE3B8E17EBD5F5B7E6CD5B83B87	1920	1080	0.333333333333	0	140
2435	blue	old	train	train	0	D:\Yolo_LPR_RK3568_FPGA_Project\1_PC_Training\datasets\yolo_format\images\train\ccpd_blue_ccpd_weather_0613-18_31-302&307_582&490-559&404_302&490_325&393_582&307-0_15_1_30_29_29_30-68-90.jpg	finetune_quant_dataset/quant_2435.jpg	508545916E09EA8E09F76FD7C9BAA6482FAAF591E91D6A8FB2E60FF8803BF300	720	1160	0.551724137931	121	0
2436	yellow_single	old	train	train	2	D:\Yolo_LPR_RK3568_FPGA_Project\1_PC_Training\datasets\yolo_format\images\train\crpd_1 (502).jpg	finetune_quant_dataset/quant_2436.jpg	FF0CE8709969E6257E8B1312E44612BD073CBDE1C5527F68FB38277D72E8DAB6	1628	1236	0.39312039312	0	77
2437	green	old	train	train	1	D:\Yolo_LPR_RK3568_FPGA_Project\1_PC_Training\datasets\yolo_format\images\train\ccpd_green_train_0165277777778-91_269-187&434_411&508-411&508_187&499_189&434_410&438-0_0_3_24_33_30_26_30-118-67.jpg	finetune_quant_dataset/quant_2437.jpg	5C9E72339514FDFE10E11E8960242954539086C732E42629020BBCC587E08710	720	1160	0.551724137931	121	0
2438	other_all	special	train	澳门出入境车牌	3	D:\Yolo_LPR_RK3568_FPGA_Project\1_PC_Training\datasets\特殊车牌\image\澳门出入境车牌\粤Z5959澳.jpg	finetune_quant_dataset/quant_2438.jpg	56CC4F50A70D2A5627AD28F4F99D239CA8C5D29C4581FF33E44271FD4B753508	1600	1200	0.4	0	80
2439	green	old	train	train	1	D:\Yolo_LPR_RK3568_FPGA_Project\1_PC_Training\datasets\yolo_format\images\train\ccpd_green_train_0372884114583-89_260-183&404_578&500-578&491_197&500_183&416_568&404-0_0_3_24_29_25_27_30-85-157.jpg	finetune_quant_dataset/quant_2439.jpg	017E6D10B41CED18635186DCEFF8110F951E53D4A30AB16745BCE21CE77EE57C	720	1160	0.551724137931	121	0
2440	green	old	train	train	1	D:\Yolo_LPR_RK3568_FPGA_Project\1_PC_Training\datasets\yolo_format\images\train\ccpd_green_train_0163628472222-90_256-248&436_480&507-480&507_263&506_248&437_470&436-0_0_3_26_26_32_26_25-74-21.jpg	finetune_quant_dataset/quant_2440.jpg	B6E1FA705F910ABDDB3D72ACA1E7553CA654096F0F5C24C2EC53B99E996B6BFF	720	1160	0.551724137931	121	0
2441	blue	old	train	train	0,2	D:\Yolo_LPR_RK3568_FPGA_Project\1_PC_Training\datasets\yolo_format\images\train\crpd_40_0031.jpg	finetune_quant_dataset/quant_2441.jpg	321B32A87E80A9E23351434AE67ED4B90A9897877DE829230536274B6D7A35DE	1920	1080	0.333333333333	0	140
2442	other_all	special	train	澳门出入境车牌	3	D:\Yolo_LPR_RK3568_FPGA_Project\1_PC_Training\datasets\特殊车牌\image\澳门出入境车牌\粤ZA515澳.jpg	finetune_quant_dataset/quant_2442.jpg	89BCBC3FEFDDA968B72B0C6F10DD0A4B06D5D80585A5A8B400F9CCC1BB1D1143	1600	1200	0.4	0	80
2443	blue	old	train	train	0	D:\Yolo_LPR_RK3568_FPGA_Project\1_PC_Training\datasets\yolo_format\images\train\ccpd_blue_ccpd_db_0452-5_22-228&468_538&590-538&590_257&562_228&468_509&496-0_0_17_25_12_26_26-41-7.jpg	finetune_quant_dataset/quant_2443.jpg	2FBFCAD55BDD94DC6EE6A05D66D0ED2940507C8D6B22350AD91F7DE027A1CFDA	720	1160	0.551724137931	121	0
2444	other_all	old	train	train	3	D:\Yolo_LPR_RK3568_FPGA_Project\1_PC_Training\datasets\yolo_format\images\train\crpd_66_1279.jpg	finetune_quant_dataset/quant_2444.jpg	7BCC5942443364C38ACCECEE329A483E8ED8545B4A16618A94A95DCBC0EDEA95	1920	1080	0.333333333333	0	140
2445	blue	old	train	train	0,2	D:\Yolo_LPR_RK3568_FPGA_Project\1_PC_Training\datasets\yolo_format\images\train\crpd_61_0680.jpg	finetune_quant_dataset/quant_2445.jpg	CAC053865F64C53BD34EB515920B7AA14DFD90DB90ACDA2BB4677A02C27A84EF	1600	1200	0.4	0	80
2446	yellow_single	old	train	train	2	D:\Yolo_LPR_RK3568_FPGA_Project\1_PC_Training\datasets\yolo_format\images\train\crpd_43_0797.jpg	finetune_quant_dataset/quant_2446.jpg	353B1F45154E57244C0CEA970AC92A2BF9D91AAF47D951D3CFC2AFC7F03B6BCE	1920	1080	0.333333333333	0	140
2447	blue	old	train	train	0,2	D:\Yolo_LPR_RK3568_FPGA_Project\1_PC_Training\datasets\yolo_format\images\train\crpd_49_1338.jpg	finetune_quant_dataset/quant_2447.jpg	7B98EA11194D7CAEC13BA0E85E0AFAFD8E3CFA3F42A576C6A6FB77EC71ED8E37	1600	1200	0.4	0	80
2448	green	old	train	train	1	D:\Yolo_LPR_RK3568_FPGA_Project\1_PC_Training\datasets\yolo_format\images\train\ccpd_green_train_0250303819444-90_90-168&369_460&456-460&454_168&456_168&370_458&369-0_0_3_26_26_30_29_31-87-64.jpg	finetune_quant_dataset/quant_2448.jpg	3CE210EA739728234901E94DE5EB639B514A24BDE59EEF983704B10E226B9533	720	1160	0.551724137931	121	0
2449	yellow_single	old	train	train	2,2	D:\Yolo_LPR_RK3568_FPGA_Project\1_PC_Training\datasets\yolo_format\images\train\crpd_61_0336.jpg	finetune_quant_dataset/quant_2449.jpg	D46B511DCE92532794853ABFF33C34DA0796D1516F3CA7615A04F69189179190	1600	1200	0.4	0	80
2450	yellow_single	old	train	train	2	D:\Yolo_LPR_RK3568_FPGA_Project\1_PC_Training\datasets\yolo_format\images\train\crpd_46_1272.jpg	finetune_quant_dataset/quant_2450.jpg	7B602FA682C4042B27CB89140E458C48C80C582011EE66FA7C42F9D59F53A655	1920	1080	0.333333333333	0	140
2451	blue	old	train	train	0	D:\Yolo_LPR_RK3568_FPGA_Project\1_PC_Training\datasets\yolo_format\images\train\ccpd_blue_ccpd_rotate_0190-20_4-374&398_517&509-498&509_374&462_393&398_517&445-10_0_23_27_19_27_32-15-79.jpg	finetune_quant_dataset/quant_2451.jpg	3DF61E1538DC07FEFEF7D5792B86053349F5A29E2A8BACE39B87C6CBD303ECC7	720	1160	0.551724137931	121	0
2452	other_all	old	train	train	3	D:\Yolo_LPR_RK3568_FPGA_Project\1_PC_Training\datasets\yolo_format\images\train\crpd_66_1700.jpg	finetune_quant_dataset/quant_2452.jpg	B36F4EE32E92B6A0E96548D640DB143C64E0112E8B43D6D57022938848F6E065	1920	1080	0.333333333333	0	140
2453	blue	old	train	train	0,0	D:\Yolo_LPR_RK3568_FPGA_Project\1_PC_Training\datasets\yolo_format\images\train\crpd_65_0701.jpg	finetune_quant_dataset/quant_2453.jpg	ADDACE2A5DAB2D2BF2587809E66337E301D439D3BC22651D4BC751D20EFAC1BC	1920	1080	0.333333333333	0	140
2454	other_all	old	train	train	3	D:\Yolo_LPR_RK3568_FPGA_Project\1_PC_Training\datasets\yolo_format\images\train\crpd_66_1717.jpg	finetune_quant_dataset/quant_2454.jpg	C354E6EE68400D0724E58231C9CCF1239F2E8699393F8D0B2133390E7D389495	1920	1080	0.333333333333	0	140
2455	blue	old	train	train	0,2	D:\Yolo_LPR_RK3568_FPGA_Project\1_PC_Training\datasets\yolo_format\images\train\crpd_45_0217.jpg	finetune_quant_dataset/quant_2455.jpg	1B747949482410851D4C933F681BB8F23AEA625BCB476AC0ABA3D186E4780483	1920	1080	0.333333333333	0	140
2456	blue	old	train	train	0	D:\Yolo_LPR_RK3568_FPGA_Project\1_PC_Training\datasets\yolo_format\images\train\ccpd_blue_ccpd_tilt_0313-14_39-219&456_430&580-392&536_219&580_257&500_430&456-0_0_15_31_24_31_13-71-225.jpg	finetune_quant_dataset/quant_2456.jpg	9EC06D3995D73DB19726BD91769CF95245CD4657AD657980EA1318E76D7EA557	720	1160	0.551724137931	121	0
2457	green	old	train	train	1	D:\Yolo_LPR_RK3568_FPGA_Project\1_PC_Training\datasets\yolo_format\images\train\ccpd_green_train_0210286458333-90_269-227&486_482&570-482&570_227&564_228&486_482&490-0_0_3_25_33_32_32_33-138-51.jpg	finetune_quant_dataset/quant_2457.jpg	F5230AB9B57A494C01B74842BEFBD85DACCDA3348126D781F8DFCAC21D54237E	720	1160	0.551724137931	121	0
2458	yellow_single	old	train	train	2	D:\Yolo_LPR_RK3568_FPGA_Project\1_PC_Training\datasets\yolo_format\images\train\crpd_1 (490).jpg	finetune_quant_dataset/quant_2458.jpg	F1D8FF6F43016FCF9B9A442ADEAFACC638FB923957BDEA8B81FB3DFD74B66513	1628	1236	0.39312039312	0	77
2459	yellow_single	old	train	train	2	D:\Yolo_LPR_RK3568_FPGA_Project\1_PC_Training\datasets\yolo_format\images\train\crpd_43_0829.jpg	finetune_quant_dataset/quant_2459.jpg	4E24984FF999259C7F93B8CBE06DE542BF5143BC4E03EB7B230DB0289F315C49	1920	1080	0.333333333333	0	140
2460	other_all	old	train	train	3	D:\Yolo_LPR_RK3568_FPGA_Project\1_PC_Training\datasets\yolo_format\images\train\crpd_57_0018.jpg	finetune_quant_dataset/quant_2460.jpg	C840E02B8760128ECDC4DFC179AC9CAB914F505B902C3BB5EBC677D41C62DA98	1600	1200	0.4	0	80
2461	yellow_single	old	train	train	2	D:\Yolo_LPR_RK3568_FPGA_Project\1_PC_Training\datasets\yolo_format\images\train\crpd_53_0681.jpg	finetune_quant_dataset/quant_2461.jpg	E70D63ADC303C12D487D4093A84B425E8C111193B48DC60E54BE3752EBCC8DBC	1920	1080	0.333333333333	0	140
2462	green	old	train	train	1	D:\Yolo_LPR_RK3568_FPGA_Project\1_PC_Training\datasets\yolo_format\images\train\ccpd_green_train_3015570746527777778-89_252-183&500_388&576-372&563_183&576_202&504_388&500-0_0_3_17_25_24_33_24-101-29.jpg	finetune_quant_dataset/quant_2462.jpg	DF3256EA091250307FEE9117B3732A1EE0E3F22C236F12B9CB5FE7422F2AFEC9	720	1160	0.551724137931	121	0
2463	yellow_single	old	train	train	2	D:\Yolo_LPR_RK3568_FPGA_Project\1_PC_Training\datasets\yolo_format\images\train\crpd_56_0197.jpg	finetune_quant_dataset/quant_2463.jpg	DDE3A767828C92B10040091BE9DA3865C5C4CC61D4F89509B63E26AADAF7B1FA	1920	1080	0.333333333333	0	140
2464	other_all	special	train	澳门出入境车牌	3	D:\Yolo_LPR_RK3568_FPGA_Project\1_PC_Training\datasets\特殊车牌\image\澳门出入境车牌\粤Z8978澳.jpg	finetune_quant_dataset/quant_2464.jpg	3D330A3DA4D08091C766628A32F05B48D9FA13B67FCBDD2F6C77D3A6E160AD2F	1600	1200	0.4	0	80
2465	blue	old	train	train	0,0	D:\Yolo_LPR_RK3568_FPGA_Project\1_PC_Training\datasets\yolo_format\images\train\crpd_36_0755.jpg	finetune_quant_dataset/quant_2465.jpg	14791C5032D6D650D9491B01DD59B0D6EDE2DA156E970A14A183A21D4D869D12	1920	1080	0.333333333333	0	140
2466	yellow_single	old	train	train	2	D:\Yolo_LPR_RK3568_FPGA_Project\1_PC_Training\datasets\yolo_format\images\train\crpd_46_0647.jpg	finetune_quant_dataset/quant_2466.jpg	C5F504DDAED851C1330125DC42D53294EBEDD876C3EEF17ABD58978D522607B1	1920	1080	0.333333333333	0	140
2467	blue	old	train	train	0	D:\Yolo_LPR_RK3568_FPGA_Project\1_PC_Training\datasets\yolo_format\images\train\crpd_47_0986.jpg	finetune_quant_dataset/quant_2467.jpg	6ABDC887B2A40143F95CAC10F743E5F162FAD41659C8C8FC9D0D60431A6CAB1A	1920	1080	0.333333333333	0	140
2468	other_all	special	test	教练车牌	3	D:\Yolo_LPR_RK3568_FPGA_Project\1_PC_Training\datasets\特殊车牌\image\教练车牌\粤C2145学.jpg	finetune_quant_dataset/quant_2468.jpg	0C748E4DB03648C28ACEE21B1C0ACB9C3BB46E8054D8E1FEB1611F12DA8D8909	1600	1200	0.4	0	80
2469	other_all	special	train	警用车牌	3	D:\Yolo_LPR_RK3568_FPGA_Project\1_PC_Training\datasets\特殊车牌\image\警用车牌\粤AA133警.jpg	finetune_quant_dataset/quant_2469.jpg	D914B3F45614837CA52A6349B6ACA76926BB23686D3AF53F8AD6BB225DC92A51	1600	1200	0.4	0	80
2470	other_all	special	train	澳门出入境车牌	3	D:\Yolo_LPR_RK3568_FPGA_Project\1_PC_Training\datasets\特殊车牌\image\澳门出入境车牌\粤Z5118澳.jpg	finetune_quant_dataset/quant_2470.jpg	B58F558D8F4B14F1DBE36F98B017E48C3CFED65127F3A0301628EE405DC5C031	1600	1200	0.4	0	80
2471	green	old	train	train	1	D:\Yolo_LPR_RK3568_FPGA_Project\1_PC_Training\datasets\yolo_format\images\train\ccpd_green_train_3015921223958333335-92_95-238&480_457&553-457&553_245&544_238&480_454&480-0_0_3_24_33_26_32_30-113-93.jpg	finetune_quant_dataset/quant_2471.jpg	B9762A3EC426C87FBC5EDA909B3ECAEF983D8479A84EC1C97D9A9BA5ED5F7610	720	1160	0.551724137931	121	0
2472	blue	old	train	train	0,0	D:\Yolo_LPR_RK3568_FPGA_Project\1_PC_Training\datasets\yolo_format\images\train\crpd_62_1857.jpg	finetune_quant_dataset/quant_2472.jpg	DA9F49766756AC699693C0F803C9863C0C2D37D52A574EBCAA3ED683FFFBA8D9	2592	1936	0.246913580247	0	81
2473	yellow_single	old	train	train	2	D:\Yolo_LPR_RK3568_FPGA_Project\1_PC_Training\datasets\yolo_format\images\train\crpd_45_0274.jpg	finetune_quant_dataset/quant_2473.jpg	3F3F32E3813A793223E58FC20FBA6A2C0BAC213D98858716F88CDD229E8FEE3C	1920	1080	0.333333333333	0	140
2474	green	old	train	train	1	D:\Yolo_LPR_RK3568_FPGA_Project\1_PC_Training\datasets\yolo_format\images\train\ccpd_green_train_0376215277778-90_263-144&438_538&535-537&535_154&532_144&438_538&443-0_0_3_24_29_25_30_27-118-11.jpg	finetune_quant_dataset/quant_2474.jpg	8932F76E15442534AC22DAEC28BF3072CD0D019973505858BC7FF079B87F0866	720	1160	0.551724137931	121	0
2475	other_all	special	train	教练车牌	3	D:\Yolo_LPR_RK3568_FPGA_Project\1_PC_Training\datasets\特殊车牌\image\教练车牌\粤C1615学.jpg	finetune_quant_dataset/quant_2475.jpg	D3DE4FC1DBAF59886F3D170F8BB7A7874DA93A9E44AE1B7B3917C0D72A4C4ADC	1600	1200	0.4	0	80
2476	blue	old	train	train	0,2	D:\Yolo_LPR_RK3568_FPGA_Project\1_PC_Training\datasets\yolo_format\images\train\crpd_65_0923.jpg	finetune_quant_dataset/quant_2476.jpg	385B803D1D238AA8A089155DBB7F72CF6217ED5085DF0BFB59C03B327EEFB1FE	1920	1080	0.333333333333	0	140
2477	yellow_single	old	train	train	2	D:\Yolo_LPR_RK3568_FPGA_Project\1_PC_Training\datasets\yolo_format\images\train\crpd_45_1558.jpg	finetune_quant_dataset/quant_2477.jpg	47E88CBFBA327AF065157E397E714FB5C193108C040A52B9126C170A31569893	1920	1080	0.333333333333	0	140
2478	blue	old	train	train	0,2	D:\Yolo_LPR_RK3568_FPGA_Project\1_PC_Training\datasets\yolo_format\images\train\crpd_44_1628.jpg	finetune_quant_dataset/quant_2478.jpg	1AD24CF46B2202DB41F236379816CA752C8DC0AE558DF1C0D76F4FE6B56DE4CF	1920	1080	0.333333333333	0	140
2479	yellow_single	old	train	train	2	D:\Yolo_LPR_RK3568_FPGA_Project\1_PC_Training\datasets\yolo_format\images\train\crpd_39_0893.jpg	finetune_quant_dataset/quant_2479.jpg	38E6F1EFAAC5E5F99786C8CA617F6BA57D2D08878C25F3F8F7908C8CFCF798D4	1920	1080	0.333333333333	0	140
2480	green	old	train	train	1	D:\Yolo_LPR_RK3568_FPGA_Project\1_PC_Training\datasets\yolo_format\images\train\ccpd_green_train_3010409071180555556-89_269-199&503_380&561-380&561_200&557_199&508_380&503-0_0_3_25_26_27_33_32-88-46.jpg	finetune_quant_dataset/quant_2480.jpg	D15B1B93BD8CA9EEAB9C7B423A4FDED43E8A8FD896981E93F6A189953FBF0E6B	720	1160	0.551724137931	121	0
2481	other_all	special	train	澳门出入境车牌	3	D:\Yolo_LPR_RK3568_FPGA_Project\1_PC_Training\datasets\特殊车牌\image\澳门出入境车牌\粤ZBB55澳.jpg	finetune_quant_dataset/quant_2481.jpg	871E919FDB7F15ED58512736A3C46BBA910211A884E5DAD3143094CFD9729267	1600	1200	0.4	0	80
2482	green	old	train	train	1	D:\Yolo_LPR_RK3568_FPGA_Project\1_PC_Training\datasets\yolo_format\images\train\ccpd_green_train_0457443576389-91_96-166&458_560&575-550&575_166&563_166&458_560&472-0_0_3_26_29_25_30_32-145-582.jpg	finetune_quant_dataset/quant_2482.jpg	75667E72A7AE8A2F7C03FED6AF339F985BB809BF4DB193CD89816AD48C05F957	720	1160	0.551724137931	121	0
2483	blue	old	train	train	0,2	D:\Yolo_LPR_RK3568_FPGA_Project\1_PC_Training\datasets\yolo_format\images\train\crpd_1 (949).jpg	finetune_quant_dataset/quant_2483.jpg	D2AD1E625F34C5939EDDD1B4025F6B6995985C628B3360B6D307B600FB9540FB	1628	1236	0.39312039312	0	77
2484	blue	old	train	train	0,2	D:\Yolo_LPR_RK3568_FPGA_Project\1_PC_Training\datasets\yolo_format\images\train\crpd_40_0818.jpg	finetune_quant_dataset/quant_2484.jpg	BC36AE77E5010C526AF9B3A1B9A2349357A17DF12E6ED37C08A164E7F408C8F6	1920	1080	0.333333333333	0	140
2485	green	old	train	train	1	D:\Yolo_LPR_RK3568_FPGA_Project\1_PC_Training\datasets\yolo_format\images\train\ccpd_green_train_014697265625-91_267-228&445_443&514-436&514_230&511_228&445_443&453-0_0_3_24_25_32_32_24-151-65.jpg	finetune_quant_dataset/quant_2485.jpg	150E4576D8812201E82D79B4F69544B5D57B353ABD2B9275984286ADC96E9465	720	1160	0.551724137931	121	0
2486	green	old	train	train	1	D:\Yolo_LPR_RK3568_FPGA_Project\1_PC_Training\datasets\yolo_format\images\train\ccpd_green_train_018229166666666668-89_266-228&490_468&566-468&566_233&561_228&496_463&490-0_0_3_24_27_24_30_32-131-87.jpg	finetune_quant_dataset/quant_2486.jpg	EC22D79C7855DC132085644AE6CA45085C4C766177DA5B318BC1541A571C2A35	720	1160	0.551724137931	121	0
2487	yellow_single	old	train	train	2	D:\Yolo_LPR_RK3568_FPGA_Project\1_PC_Training\datasets\yolo_format\images\train\crpd_53_0551.jpg	finetune_quant_dataset/quant_2487.jpg	C6E7A90AA0047344EC4230013CF03696D4971BA28B4D2A86F6F697F7DAC229E3	1920	1080	0.333333333333	0	140
2488	yellow_single	old	train	train	2	D:\Yolo_LPR_RK3568_FPGA_Project\1_PC_Training\datasets\yolo_format\images\train\crpd_40_0576.jpg	finetune_quant_dataset/quant_2488.jpg	AC7B36DC16466D3BD551EB9D76AB20641B0663D1057DED6E022DA9C8640E8965	1600	1200	0.4	0	80
2489	green	old	train	train	1	D:\Yolo_LPR_RK3568_FPGA_Project\1_PC_Training\datasets\yolo_format\images\train\ccpd_green_train_303791666666666667-91_90-171&468_535&573-535&573_178&564_171&468_535&470-0_0_3_25_24_26_24_32-202-336.jpg	finetune_quant_dataset/quant_2489.jpg	38894723641CAA7D1BF55C1DE98ABEF4B25882534C58F7DE3B6551F7994042A2	720	1160	0.551724137931	121	0
2490	green	old	train	train	1	D:\Yolo_LPR_RK3568_FPGA_Project\1_PC_Training\datasets\yolo_format\images\train\ccpd_green_train_0149348958333-91_268-191&455_413&523-408&523_191&516_193&455_413&460-0_0_3_24_29_27_30_32-112-59.jpg	finetune_quant_dataset/quant_2490.jpg	BF1C373958B5D3153B8C3C15AAB4DBD4F18759EEDE86DB02002A221EF65D40B8	720	1160	0.551724137931	121	0
2491	yellow_single	old	train	train	2	D:\Yolo_LPR_RK3568_FPGA_Project\1_PC_Training\datasets\yolo_format\images\train\crpd_53_0654.jpg	finetune_quant_dataset/quant_2491.jpg	487E1AC617CF9A1CE977F76BD180B2C1E79639C00954971C2DD83C90B2016288	1920	1080	0.333333333333	0	140
2492	blue	old	train	train	0	D:\Yolo_LPR_RK3568_FPGA_Project\1_PC_Training\datasets\yolo_format\images\train\ccpd_blue_ccpd_fn_0777-17_37-292&408_625&603-589&507_292&603_328&504_625&408-0_0_16_31_17_31_33-77-212.jpg	finetune_quant_dataset/quant_2492.jpg	D5DF5FFFFE1853C858FF591C84AEACA8701229A626206257E55624F5795C563D	720	1160	0.551724137931	121	0
2493	other_all	old	train	train	3	D:\Yolo_LPR_RK3568_FPGA_Project\1_PC_Training\datasets\yolo_format\images\train\crpd_62_0172.jpg	finetune_quant_dataset/quant_2493.jpg	4D233CB89CA884EB5A0A2D6F2ED700DE8095A9D035FEE3610CC1EFEE013A94C3	1600	1200	0.4	0	80
2494	other_all	old	train	train	3	D:\Yolo_LPR_RK3568_FPGA_Project\1_PC_Training\datasets\yolo_format\images\train\crpd_66_1663.jpg	finetune_quant_dataset/quant_2494.jpg	60F18B2A99C4143EDF4AA9A185C0EBB916591474EFDD4E7B8D3BFB65F25B6F24	1920	1080	0.333333333333	0	140
2495	yellow_single	old	train	train	2	D:\Yolo_LPR_RK3568_FPGA_Project\1_PC_Training\datasets\yolo_format\images\train\crpd_44_0323.jpg	finetune_quant_dataset/quant_2495.jpg	97713FE6871D90FDAEC69BD30771A9E5F7CEF03992E6396C80258AA8E057DA05	1920	1080	0.333333333333	0	140
2496	green	old	train	train	1	D:\Yolo_LPR_RK3568_FPGA_Project\1_PC_Training\datasets\yolo_format\images\train\ccpd_green_train_0254340277778-92_99-208&454_501&541-501&541_225&528_208&454_493&458-0_0_3_26_29_33_29_29-117-41.jpg	finetune_quant_dataset/quant_2496.jpg	E6E9ABF7696D1E5C3DC013FD75CC3ED7A40365B2102204CDFE87761BB9278AE3	720	1160	0.551724137931	121	0
2497	yellow_single	old	train	train	2	D:\Yolo_LPR_RK3568_FPGA_Project\1_PC_Training\datasets\yolo_format\images\train\crpd_42_0535.jpg	finetune_quant_dataset/quant_2497.jpg	7643D20B4BFFC7C692D718DBE96A075EA322689E9FA386CFE8B5DFD48BA75EAB	1920	1080	0.333333333333	0	140
2498	other_all	special	train	教练车牌	3	D:\Yolo_LPR_RK3568_FPGA_Project\1_PC_Training\datasets\特殊车牌\image\教练车牌\粤S2429学.jpg	finetune_quant_dataset/quant_2498.jpg	418BE0AE17E2B4BA928D2E65849833E487DC0C0E568394AA415B5C7675AD6A56	1600	1200	0.4	0	80
2499	other_all	old	train	train	3	D:\Yolo_LPR_RK3568_FPGA_Project\1_PC_Training\datasets\yolo_format\images\train\crpd_66_1648.jpg	finetune_quant_dataset/quant_2499.jpg	7E3D5CAD67FC986F4E1CFFA73D04003E782E44CD208D9BB866B37E8F2D3DB7F9	1920	1080	0.333333333333	0	140
2500	green	old	train	train	1	D:\Yolo_LPR_RK3568_FPGA_Project\1_PC_Training\datasets\yolo_format\images\train\ccpd_green_train_3026875-92_106-274&402_562&496-562&496_302&482_274&402_545&418-0_0_3_24_25_30_29_27-76-58.jpg	finetune_quant_dataset/quant_2500.jpg	27F7BDFF2410B05E1B8F80359D0652B6FAAE7475C7E2E520B701FFAD5DEDB6CF	720	1160	0.551724137931	121	0
2501	blue	old	train	train	0	D:\Yolo_LPR_RK3568_FPGA_Project\1_PC_Training\datasets\yolo_format\images\train\ccpd_blue_ccpd_fn_0067-4_3-413&312_526&362-525&362_413&353_414&312_526&321-0_0_2_18_26_33_24-128-40.jpg	finetune_quant_dataset/quant_2501.jpg	C6ADC9B05413B8CEE1ACAC112727A98017C5466322E98D5372C397F86B3C12E4	720	1160	0.551724137931	121	0
2502	green	old	train	train	1	D:\Yolo_LPR_RK3568_FPGA_Project\1_PC_Training\datasets\yolo_format\images\train\ccpd_green_train_0103244357639-89_96-264&438_437&499-437&494_264&499_265&447_431&438-0_0_3_24_28_33_31_33-85-17.jpg	finetune_quant_dataset/quant_2502.jpg	EA696D3FD22B5201339E97DAC2AE40CB0A48518F50DCF983E022614B2D6A4B0C	720	1160	0.551724137931	121	0
2503	blue	old	train	train	0	D:\Yolo_LPR_RK3568_FPGA_Project\1_PC_Training\datasets\yolo_format\images\train\crpd_44_0844.jpg	finetune_quant_dataset/quant_2503.jpg	CE58DFB7454208CAE4D8249B600C1F33144817A7BD2AFC189BB094198E90B09E	1920	1080	0.333333333333	0	140
2504	green	old	train	train	1	D:\Yolo_LPR_RK3568_FPGA_Project\1_PC_Training\datasets\yolo_format\images\train\ccpd_green_train_030963541666666667-91_263-198&471_526&566-526&566_205&557_198&471_525&482-0_0_3_24_33_33_32_29-100-168.jpg	finetune_quant_dataset/quant_2504.jpg	9F10225B2FC7B9C32A65C77BC53457CE9C1A393DFC2A879DBD1FC786FC77CC8E	720	1160	0.551724137931	121	0
2505	yellow_single	old	train	train	2	D:\Yolo_LPR_RK3568_FPGA_Project\1_PC_Training\datasets\yolo_format\images\train\crpd_46_1264.jpg	finetune_quant_dataset/quant_2505.jpg	8C6106C132B62CF97B0181DEE9C4540029CAAC7D9B8281E0AB9C7B9961F6456D	1920	1080	0.333333333333	0	140
2506	green	old	train	train	1	D:\Yolo_LPR_RK3568_FPGA_Project\1_PC_Training\datasets\yolo_format\images\train\ccpd_green_train_0210286458333-89_96-229&449_484&532-484&525_235&532_229&462_476&449-0_0_3_17_25_24_25_25-203-11.jpg	finetune_quant_dataset/quant_2506.jpg	3944EC2951FECED013F67EBF56295FEBF8238DB3AA4D9D70E4A97FD9F402D122	720	1160	0.551724137931	121	0
2507	green	old	train	train	1	D:\Yolo_LPR_RK3568_FPGA_Project\1_PC_Training\datasets\yolo_format\images\train\ccpd_green_train_0362380642361-90_260-162&464_529&563-526&563_176&560_162&464_529&465-0_0_3_25_26_33_26_33-107-62.jpg	finetune_quant_dataset/quant_2507.jpg	545C02970055EB07D7E59DBCB412255878E76B04A54D9B6C1D8BE4004D72FD81	720	1160	0.551724137931	121	0
2508	yellow_single	old	train	train	2	D:\Yolo_LPR_RK3568_FPGA_Project\1_PC_Training\datasets\yolo_format\images\train\crpd_44_1214.jpg	finetune_quant_dataset/quant_2508.jpg	3784F69418F8AE6ABE3C290AEC989A5FFCE8499A9B9691299058D229AC439514	1920	1080	0.333333333333	0	140
2509	yellow_single	old	train	train	2	D:\Yolo_LPR_RK3568_FPGA_Project\1_PC_Training\datasets\yolo_format\images\train\crpd_62_0063.jpg	finetune_quant_dataset/quant_2509.jpg	92529F83727AFE11EA344889F5B852C1349B53A87533299FB339F59A29792087	1600	1200	0.4	0	80
2510	blue	old	train	train	0	D:\Yolo_LPR_RK3568_FPGA_Project\1_PC_Training\datasets\yolo_format\images\train\ccpd_blue_ccpd_challenge_0196-0_1-237&529_465&601-463&601_237&601_239&529_465&529-0_0_26_15_27_30_29-70-3.jpg	finetune_quant_dataset/quant_2510.jpg	E856C35EF0E61D5FBF14ECCBF0DAB66614536499D649037708C8A96ADEBAECC6	720	1160	0.551724137931	121	0
2511	other_all	old	train	train	3	D:\Yolo_LPR_RK3568_FPGA_Project\1_PC_Training\datasets\yolo_format\images\train\crpd_54_0764.jpg	finetune_quant_dataset/quant_2511.jpg	17EC358100EAA2FA5709A2C0BA53F8F5C1431A418C1C4233CF9B633EF89ADDEB	1600	1200	0.4	0	80
2512	other_all	special	test	教练车牌	3	D:\Yolo_LPR_RK3568_FPGA_Project\1_PC_Training\datasets\特殊车牌\image\教练车牌\粤C2602学.jpg	finetune_quant_dataset/quant_2512.jpg	FC5D4BE36CCBC7B237DAE71F5D0CF029EE9EE9F0641B885111DE4B82DACA7A36	1600	1200	0.4	0	80
2513	other_all	old	train	train	3	D:\Yolo_LPR_RK3568_FPGA_Project\1_PC_Training\datasets\yolo_format\images\train\crpd_66_0431.jpg	finetune_quant_dataset/quant_2513.jpg	082E76EE3823AF5DC4B6EB72766077C259B270B2386C35CC81E65788D759DE6B	1920	1080	0.333333333333	0	140
2514	green	old	train	train	1	D:\Yolo_LPR_RK3568_FPGA_Project\1_PC_Training\datasets\yolo_format\images\train\ccpd_green_train_0167936197917-90_90-229&397_460&470-454&469_229&470_229&397_460&401-0_0_3_24_26_29_28_33-128-66.jpg	finetune_quant_dataset/quant_2514.jpg	9C5FD72832FE5C3DAC488F8AB35234C79D45A80A3450273F1943E1174A0D2126	720	1160	0.551724137931	121	0
2515	other_all	old	train	train	3	D:\Yolo_LPR_RK3568_FPGA_Project\1_PC_Training\datasets\yolo_format\images\train\crpd_66_0815.jpg	finetune_quant_dataset/quant_2515.jpg	3B649100AC532990E562584D2A21F65682F1E48E947C6E8E4A53BB51E35B6E6B	1920	1080	0.333333333333	0	140
2516	other_all	old	train	train	3	D:\Yolo_LPR_RK3568_FPGA_Project\1_PC_Training\datasets\yolo_format\images\train\crpd_66_0525.jpg	finetune_quant_dataset/quant_2516.jpg	9A0EEAC3F56D104C4F7308616ACB492E13D77F5075DD7BE8AE53AD6D646C1028	1600	1200	0.4	0	80
2517	blue	old	train	train	0	D:\Yolo_LPR_RK3568_FPGA_Project\1_PC_Training\datasets\yolo_format\images\train\ccpd_blue_ccpd_db_0747-9_14-128&446_511&609-511&609_135&543_128&446_504&512-0_0_33_26_24_32_29-13-1.jpg	finetune_quant_dataset/quant_2517.jpg	5A786B2B0654375092D3C72DF2A5C344AD43B07950ACE4B465BD59C6AAF2023A	720	1160	0.551724137931	121	0
2518	blue	old	train	train	0	D:\Yolo_LPR_RK3568_FPGA_Project\1_PC_Training\datasets\yolo_format\images\train\ccpd_blue_ccpd_blur_0143-0_2-308&503_458&583-458&581_313&583_308&505_453&503-0_0_31_8_29_29_31-61-2.jpg	finetune_quant_dataset/quant_2518.jpg	E4118E5707B89074F2E38C7688C417123652EE8BEEA512DF7A1CA98FED73B423	720	1160	0.551724137931	121	0
2519	blue	old	train	train	0	D:\Yolo_LPR_RK3568_FPGA_Project\1_PC_Training\datasets\yolo_format\images\train\ccpd_blue_ccpd_fn_0771-8_48-102&461_583&595-583&595_165&536_102&461_520&520-0_0_0_14_24_26_30-122-373.jpg	finetune_quant_dataset/quant_2519.jpg	D5DCDF596BB06DCBD9B4DE8E8B8A2B9975383D20E203260BFF63A7E9CD75FED6	720	1160	0.551724137931	121	0
2520	other_all	old	train	train	3	D:\Yolo_LPR_RK3568_FPGA_Project\1_PC_Training\datasets\yolo_format\images\train\crpd_66_0295.jpg	finetune_quant_dataset/quant_2520.jpg	4E5189F73EAE0AD03723CCF0194DE60C48E45F9B8ECD31A1D24C60DD5234DC08	1920	1080	0.333333333333	0	140
2521	other_all	old	train	train	3	D:\Yolo_LPR_RK3568_FPGA_Project\1_PC_Training\datasets\yolo_format\images\train\crpd_66_0707.jpg	finetune_quant_dataset/quant_2521.jpg	72917D09C4D49B1722FEE1527300EB2CB15B754602B034AD93E0E27F775B51AB	1920	1080	0.333333333333	0	140
2522	green	old	train	train	1	D:\Yolo_LPR_RK3568_FPGA_Project\1_PC_Training\datasets\yolo_format\images\train\ccpd_green_train_302309027777777778-89_90-248&468_528&551-528&544_248&551_258&474_527&468-0_0_3_24_30_31_29_29-175-208.jpg	finetune_quant_dataset/quant_2522.jpg	482EAB106B3215582027EF0645B3BFF44CE9476813F2354D008B2AE16AA0757E	720	1160	0.551724137931	121	0
2523	yellow_single	old	train	train	2	D:\Yolo_LPR_RK3568_FPGA_Project\1_PC_Training\datasets\yolo_format\images\train\crpd_46_0625.jpg	finetune_quant_dataset/quant_2523.jpg	44DB3B43613E3824F48BC7EEDF7B109DE4E0B85B3CE592C883081F7CC79EC986	1920	1080	0.333333333333	0	140
2524	blue	old	train	train	0,0	D:\Yolo_LPR_RK3568_FPGA_Project\1_PC_Training\datasets\yolo_format\images\train\crpd_54_0639.jpg	finetune_quant_dataset/quant_2524.jpg	2D493259418166806EA4D13D799FDD0DC09CAA9AA7D2506FBD8ECC76490BED77	1920	1080	0.333333333333	0	140
2525	yellow_single	old	train	train	2	D:\Yolo_LPR_RK3568_FPGA_Project\1_PC_Training\datasets\yolo_format\images\train\crpd_66_0107.jpg	finetune_quant_dataset/quant_2525.jpg	8CA35DDA2EC883E6B43058A989AAA97E324B9BF3909A2ED0EA80A25251BF7127	1920	1080	0.333333333333	0	140
2526	yellow_single	old	train	train	2	D:\Yolo_LPR_RK3568_FPGA_Project\1_PC_Training\datasets\yolo_format\images\train\crpd_1 (290).jpg	finetune_quant_dataset/quant_2526.jpg	0E5A0FD793E5DBB150EF7D339F8C23D305B25E1445EB295030244A2C141E2C8B	1628	1236	0.39312039312	0	77
2527	other_all	old	train	train	3	D:\Yolo_LPR_RK3568_FPGA_Project\1_PC_Training\datasets\yolo_format\images\train\crpd_62_1952.jpg	finetune_quant_dataset/quant_2527.jpg	4B851E90FEA1B08EEEB626366F7B2FE45CBB2F53459016B8F28EEE9EC930A51A	1600	1200	0.4	0	80
2528	other_all	old	train	train	3	D:\Yolo_LPR_RK3568_FPGA_Project\1_PC_Training\datasets\yolo_format\images\train\crpd_66_0634.jpg	finetune_quant_dataset/quant_2528.jpg	A45E9C8FD569EC1B7B3ADA3A0333F874E2149C6DA6868BB83C6A34CF2F28454E	1920	1080	0.333333333333	0	140
2529	green	old	train	train	1	D:\Yolo_LPR_RK3568_FPGA_Project\1_PC_Training\datasets\yolo_format\images\train\ccpd_green_train_0174913194444-90_100-217&458_465&529-465&529_231&526_217&460_454&458-0_0_3_17_25_28_29_32-108-99.jpg	finetune_quant_dataset/quant_2529.jpg	BBD5AFDF3EA1A989D113A1E3CE29D99C8D5B2CFE52951DC1CFC311B40FB2771C	720	1160	0.551724137931	121	0
2530	blue	old	train	train	0	D:\Yolo_LPR_RK3568_FPGA_Project\1_PC_Training\datasets\yolo_format\images\train\ccpd_blue_ccpd_rotate_0205-19_13-228&479_370&600-370&553_235&600_228&526_363&479-0_0_9_25_21_29_30-137-16.jpg	finetune_quant_dataset/quant_2530.jpg	26272AF45CC2228C1F44083050371D50F89931E5ED52AEAFF1A11807A27B9C78	720	1160	0.551724137931	121	0
2531	other_all	special	train	警用车牌	3	D:\Yolo_LPR_RK3568_FPGA_Project\1_PC_Training\datasets\特殊车牌\image\警用车牌\粤C0707警.jpg	finetune_quant_dataset/quant_2531.jpg	296B73941F08ABC507F8E91BFB9BA4CD88F0A4774AE1F470F125E83A6EA451AD	1600	1200	0.4	0	80
2532	blue	old	train	train	0	D:\Yolo_LPR_RK3568_FPGA_Project\1_PC_Training\datasets\yolo_format\images\train\ccpd_blue_ccpd_rotate_0503-29_5-370&272_589&464-548&464_370&365_411&272_589&371-0_0_22_25_1_32_31-183-62.jpg	finetune_quant_dataset/quant_2532.jpg	B09D947A25AAA867493EDFF4D23C85EFEFA30210380286EAC5BDB9394332E4EF	720	1160	0.551724137931	121	0
2533	other_all	special	train	香港出入境车牌	3	D:\Yolo_LPR_RK3568_FPGA_Project\1_PC_Training\datasets\特殊车牌\image\香港出入境车牌\粤Z272M港.jpg	finetune_quant_dataset/quant_2533.jpg	31A7C3CDE876D7610D2D959679E344FABB9013A5F72BF8EA981A9E5DC4F12B0E	1600	1200	0.4	0	80
2534	other_all	old	train	train	3	D:\Yolo_LPR_RK3568_FPGA_Project\1_PC_Training\datasets\yolo_format\images\train\crpd_66_1004.jpg	finetune_quant_dataset/quant_2534.jpg	96C5B589FCD63B8C3FDA33F5D0BE9096CE7B4BE6DF735264F6A54DC4B3E31E9E	1920	1080	0.333333333333	0	140
2535	yellow_single	old	train	train	2	D:\Yolo_LPR_RK3568_FPGA_Project\1_PC_Training\datasets\yolo_format\images\train\crpd_57_0150.jpg	finetune_quant_dataset/quant_2535.jpg	9F9114886ABBEAC3A812FB1D6D0F90086EA1EB4876F00C1D997ECF659C6038A3	1920	1080	0.333333333333	0	140
2536	green	old	train	train	1	D:\Yolo_LPR_RK3568_FPGA_Project\1_PC_Training\datasets\yolo_format\images\train\ccpd_green_train_021484375-90_265-192&413_467&492-464&492_197&488_192&413_467&416-0_0_3_24_33_33_33_25-85-144.jpg	finetune_quant_dataset/quant_2536.jpg	0572E6322B29D5C3861FFCD79B0D8F4DE28CAC5F0E95317467042D5C9AA43911	720	1160	0.551724137931	121	0
2537	other_all	old	train	train	3	D:\Yolo_LPR_RK3568_FPGA_Project\1_PC_Training\datasets\yolo_format\images\train\crpd_66_1724.jpg	finetune_quant_dataset/quant_2537.jpg	727624CAF70C96D2BB257C33DF93C89A16F9A70E3920BDEE7E45AAE89172E3C9	1920	1080	0.333333333333	0	140
2538	blue	old	train	train	0	D:\Yolo_LPR_RK3568_FPGA_Project\1_PC_Training\datasets\yolo_format\images\train\ccpd_blue_ccpd_blur_0220-5_8-237&478_429&574-429&574_241&557_237&478_425&495-0_0_23_27_25_32_17-33-6.jpg	finetune_quant_dataset/quant_2538.jpg	AE935B0793C9513B8481252FEBDF2EEB28150276A2240149579CE01821473324	720	1160	0.551724137931	121	0
2539	other_all	special	train	香港出入境车牌	3	D:\Yolo_LPR_RK3568_FPGA_Project\1_PC_Training\datasets\特殊车牌\image\香港出入境车牌\粤Z2292港.jpg	finetune_quant_dataset/quant_2539.jpg	7F0C3611222DF4EB6A6243698CB521BEE6DE8044772DDDD0E88585A433C5F642	1600	1200	0.4	0	80
2540	other_all	special	train	警用车牌	3	D:\Yolo_LPR_RK3568_FPGA_Project\1_PC_Training\datasets\特殊车牌\image\警用车牌\粤C3303警.jpg	finetune_quant_dataset/quant_2540.jpg	C187D6178807CBC8D278E7537513C38141A6CE99D10358ACCFA42A2702445E33	1600	1200	0.4	0	80
2541	other_all	old	train	train	3	D:\Yolo_LPR_RK3568_FPGA_Project\1_PC_Training\datasets\yolo_format\images\train\crpd_66_0772.jpg	finetune_quant_dataset/quant_2541.jpg	36849C2172E80AA88B5E69466FC06B532BB7ED1F6A39388190964D2CE6E5B3D7	1920	1080	0.333333333333	0	140
2542	other_all	special	train	香港出入境车牌	3	D:\Yolo_LPR_RK3568_FPGA_Project\1_PC_Training\datasets\特殊车牌\image\香港出入境车牌\粤ZFF66港.jpg	finetune_quant_dataset/quant_2542.jpg	2626CB2EC28E5262EB893251083BB969F7F4119113BDFC5C2C832C81028529A5	1600	1200	0.4	0	80
2543	other_all	special	val	警用车牌	3	D:\Yolo_LPR_RK3568_FPGA_Project\1_PC_Training\datasets\特殊车牌\image\警用车牌\粤AA393警.jpg	finetune_quant_dataset/quant_2543.jpg	C052CABC5B0A8BA25F24A667FD262984963CE9A66A537C2E025A76A8C11D8209	1600	1200	0.4	0	80
2544	other_all	old	train	train	3	D:\Yolo_LPR_RK3568_FPGA_Project\1_PC_Training\datasets\yolo_format\images\train\crpd_66_1261.jpg	finetune_quant_dataset/quant_2544.jpg	5080704638AE483509ECE82AB9B202F44A23BAF160C96C8FB5C2F0366B48E6E1	1920	1080	0.333333333333	0	140
2545	yellow_single	old	train	train	2	D:\Yolo_LPR_RK3568_FPGA_Project\1_PC_Training\datasets\yolo_format\images\train\crpd_1 (400).jpg	finetune_quant_dataset/quant_2545.jpg	45E955C7E3C8BB45977BE54538FC233224382488E0926A64354125645997F7CD	1628	1236	0.39312039312	0	77
2546	other_all	old	train	train	3	D:\Yolo_LPR_RK3568_FPGA_Project\1_PC_Training\datasets\yolo_format\images\train\crpd_66_0659.jpg	finetune_quant_dataset/quant_2546.jpg	377A0E6B5345C2F64748EA70E8CD23FBD9D8F075914FD945C7BDB0387848E0DF	1920	1080	0.333333333333	0	140
2547	yellow_single	old	train	train	0,2	D:\Yolo_LPR_RK3568_FPGA_Project\1_PC_Training\datasets\yolo_format\images\train\crpd_57_0591.jpg	finetune_quant_dataset/quant_2547.jpg	643B874C5F60EDAF2CF577C17C8874C79D869968B2DDDB98EFCF86B22A0D6559	1920	1080	0.333333333333	0	140
2548	green	old	train	train	1	D:\Yolo_LPR_RK3568_FPGA_Project\1_PC_Training\datasets\yolo_format\images\train\ccpd_green_train_0304296875-90_93-165&470_534&553-531&553_185&549_165&471_534&470-0_0_3_24_32_32_29_33-67-282.jpg	finetune_quant_dataset/quant_2548.jpg	F5D45B1C6E7E26180DA375F6FC7C6E1A457054496A3845338FACF604C3727382	720	1160	0.551724137931	121	0
2549	other_all	special	train	澳门出入境车牌	3	D:\Yolo_LPR_RK3568_FPGA_Project\1_PC_Training\datasets\特殊车牌\image\澳门出入境车牌\粤Z5933澳.jpg	finetune_quant_dataset/quant_2549.jpg	B0755CF7F1495B3E272D074773698F688476B7162CB38AFA0220BB9A8EC86893	1600	1200	0.4	0	80
2550	yellow_single	old	train	train	2	D:\Yolo_LPR_RK3568_FPGA_Project\1_PC_Training\datasets\yolo_format\images\train\crpd_59_1065.jpg	finetune_quant_dataset/quant_2550.jpg	D7B665699010C0AC51C122122B5E19F281AC210BF2A8D589F0073DCDB985583D	1920	1080	0.333333333333	0	140
2551	other_all	old	train	train	3	D:\Yolo_LPR_RK3568_FPGA_Project\1_PC_Training\datasets\yolo_format\images\train\crpd_66_1540.jpg	finetune_quant_dataset/quant_2551.jpg	EE70B25C850142B2EE68DDB694A371F5901BC7FA4A951F86A4CD0D4B9388E210	1920	1080	0.333333333333	0	140
2552	green	old	train	train	1	D:\Yolo_LPR_RK3568_FPGA_Project\1_PC_Training\datasets\yolo_format\images\train\ccpd_green_train_021875-91_270-229&534_481&621-478&621_229&612_230&534_481&542-0_0_3_17_24_33_26_33-181-223.jpg	finetune_quant_dataset/quant_2552.jpg	B30AFEDB2320E340DDD8494C1A41EAEACC69E1177CB72FE83A7B24B736BC89D7	720	1160	0.551724137931	121	0
2553	green	old	train	train	1	D:\Yolo_LPR_RK3568_FPGA_Project\1_PC_Training\datasets\yolo_format\images\train\ccpd_green_train_3017220052083333333-91_91-267&432_497&507-495&507_272&501_267&432_497&443-0_0_3_25_33_32_32_33-153-187.jpg	finetune_quant_dataset/quant_2553.jpg	C8030321509DF2BF49F7073FA8FFD46C4FE048A099E57614F8CC0B9E5488DCB3	720	1160	0.551724137931	121	0
2554	other_all	old	train	train	3	D:\Yolo_LPR_RK3568_FPGA_Project\1_PC_Training\datasets\yolo_format\images\train\crpd_66_0898.jpg	finetune_quant_dataset/quant_2554.jpg	B0D8108B97B5EEF48A884F82A6F1DF44E00562E9805E0AFDD13C512EDAD6B65F	1600	1200	0.4	0	80
2555	blue	old	train	train	0	D:\Yolo_LPR_RK3568_FPGA_Project\1_PC_Training\datasets\yolo_format\images\train\crpd_56_0990.jpg	finetune_quant_dataset/quant_2555.jpg	8BD75E65676EF8993AC7B9A0ED786AF24EFDDD5B72B036CBBB11A1A8C7C7CE0E	1920	1080	0.333333333333	0	140
2556	other_all	special	val	香港出入境车牌	3	D:\Yolo_LPR_RK3568_FPGA_Project\1_PC_Training\datasets\特殊车牌\image\香港出入境车牌\粤ZL700港.jpg	finetune_quant_dataset/quant_2556.jpg	0C9559B0B2CD5C5B2C88AB205CA382C02123D52F78BA6397865E3E476C8CA1A7	1600	1200	0.4	0	80
2557	blue	old	train	train	0	D:\Yolo_LPR_RK3568_FPGA_Project\1_PC_Training\datasets\yolo_format\images\train\ccpd_blue_ccpd_rotate_0910-31_19-196&389_459&678-459&534_227&678_196&533_428&389-0_0_29_28_11_29_29-85-16.jpg	finetune_quant_dataset/quant_2557.jpg	5394AE8ACCBF6F868BE94B621310250FE2FF73A08CD02A575779D3AE5D9E24CB	720	1160	0.551724137931	121	0
2558	green	old	train	train	1	D:\Yolo_LPR_RK3568_FPGA_Project\1_PC_Training\datasets\yolo_format\images\train\ccpd_green_train_0205891927083-90_268-256&432_509&514-508&512_258&514_256&432_509&433-0_0_3_24_29_32_25_33-128-13.jpg	finetune_quant_dataset/quant_2558.jpg	519480DBB1D31575FE57157D54631CAEEB8E6B2F97676A2B20E76AE65D3A0655	720	1160	0.551724137931	121	0
2559	green	old	train	train	1	D:\Yolo_LPR_RK3568_FPGA_Project\1_PC_Training\datasets\yolo_format\images\train\ccpd_green_train_0166796875-89_267-242&423_486&492-483&492_245&492_242&430_486&423-0_0_3_26_26_27_30_29-179-318.jpg	finetune_quant_dataset/quant_2559.jpg	5DA64A072C62FAB4A17052DDB394769674A06637E67B5052189379A025C72600	720	1160	0.551724137931	121	0
2560	other_all	old	train	train	3	D:\Yolo_LPR_RK3568_FPGA_Project\1_PC_Training\datasets\yolo_format\images\train\crpd_66_1733.jpg	finetune_quant_dataset/quant_2560.jpg	78E59052D163F9F885C4E907169CA41B2B7134EB73046BB36331651F791225F9	1920	1080	0.333333333333	0	140
